entry,nac_fraction_holo,nac_holo_idxs,n_confident_holo,prmsd_mean,prmsd_std,nac_fraction_apo,nac_apo_idxs,n_confident_apo
A0A010YLP6,0.46153846153846156,3;4;8;11;13;16;17;18;22;25;26;27;29;31;33;35;36;37;40;44;45;47;49;52,52,2.25620197057724,1.0535405789118115,0.48,1;3;6;7;9;12;15;18;19;20;21;22;23;24;25;26;29;30;34;35;37;40;43;45;47;49;50;54;56;58;59;60;61;62;66;67;69;70;71;72;73;74;82;83;88;95;96;97,100
A0A024JSK2,0.74,1;2;3;5;6;7;8;9;10;11;12;14;15;16;18;19;20;21;22;23;24;25;26;28;29;30;31;32;33;34;36;37;40;41;42;46;47,50,2.233409445285797,1.01429236803436,0.59,1;2;3;5;6;7;8;9;10;12;13;14;15;20;21;22;24;26;27;28;33;36;37;38;39;41;43;44;45;47;49;50;51;52;53;54;55;56;57;59;60;61;62;63;64;70;71;75;76;80;81;84;86;87;88;93;94;96;99,100
A0A024JWI0,0.3888888888888889,5;10;11;14;15;16;18;19;22;26;28;30;32;36,36,2.798436963558197,1.1041701620459523,0.85,2;3;4;5;7;8;9;11;12;13;14;15;16;17;18;19;20;21;22;23;24;25;26;27;28;29;30;31;32;33;36;37;38;39;40;41;42;43;44;45;46;48;49;50;51;53;54;55;57;58;59;62;63;65;66;67;69;70;71;72;74;75;76;77;78;79;80;82;83;84;85;86;88;89;90;91;92;93;94;95;96;97;98;99;100,100
A0A024JZE3,0.0,,35,2.8489062643051146,1.121463184836537,0.0,,100
A0A024JZE8,0.3170731707317073,4;5;10;11;17;21;22;24;28;30;33;35;41,41,2.59968470454216,1.0515448659823103,0.26,2;8;18;20;22;27;30;31;32;34;35;37;47;51;52;53;54;57;58;62;66;72;78;90;91;95,100
A0A045K2P5,0.5,4;5;6;7;8;11;14;17;18;19;21;22;26;27;31;34;35;36;37;38;39;40;41;43;44;46;48;50;51;57;61;63,64,2.072323243021965,1.0262695656308676,0.53,1;2;3;4;5;6;7;8;10;11;15;16;22;23;26;28;32;34;35;36;37;40;41;43;45;46;47;48;50;51;53;54;55;56;58;59;63;68;71;72;73;75;76;80;81;83;86;88;90;95;96;97;99,100
A0A051U3G5,0.0625,1;21;40,48,2.4559409373998644,1.1932653743093526,0.03,5;82;87,100
A0A051UFG9,0.5531914893617021,2;4;5;6;7;11;12;13;16;17;18;19;21;22;23;24;27;30;32;33;36;37;38;41;42;47,47,2.5571976590156553,1.2027633012550956,0.73,2;3;4;5;6;7;8;9;10;11;12;13;14;15;16;17;18;19;20;21;22;23;24;25;26;27;28;29;30;31;32;33;34;35;36;38;39;43;44;46;47;49;51;52;53;54;55;56;57;59;60;62;64;66;67;68;71;74;76;78;81;82;83;85;86;87;89;90;91;92;94;96;97,100
A0A064CG00,0.4,2;7;10;11;13;15;21;22;23;25;29;30;35;37;39;40,40,2.7152256643772126,1.354116789052561,0.3,2;5;13;15;21;23;28;31;35;36;40;42;44;50;52;60;63;67;68;69;73;76;78;80;83;88;89;95;97;99,100
A0A0B1ZH49,0.2037037037037037,6;11;17;19;24;28;33;39;40;47;50,54,2.480649505853653,1.3451113471936231,0.23,2;4;5;16;31;33;34;36;43;44;49;52;53;59;60;67;69;77;80;89;95;97;98,100
A0A0B1ZIQ0,0.024390243902439025,11,41,2.669946519136429,1.2138051490020965,0.0,,100
A0A0B8NM02,0.2833333333333333,5;6;8;12;16;19;20;23;26;31;42;43;46;47;50;53;55,60,2.0543184983730316,1.2845257543228181,0.37,1;2;11;12;14;16;17;18;19;20;21;25;26;27;29;30;33;34;35;40;51;54;57;59;60;67;72;73;75;78;79;85;87;88;93;94;96,100
A0A0D1L7Y1,0.4666666666666667,5;8;10;12;14;15;16;18;21;23;26;28;29;30;31;32;33;36;39;42;44,45,2.6393272995948793,1.2810394871480415,0.4,2;3;4;6;7;11;13;16;20;22;24;38;39;40;42;48;50;52;54;55;59;62;66;69;70;73;75;78;80;82;83;85;86;88;93;95;96;97;99;100,100
A0A0D1LMF4,0.3023255813953488,3;4;5;6;8;9;10;11;12;13;20;27;42,43,2.6105329030752182,1.268709678753533,0.07,23;28;43;48;53;96;100,100
A0A0D2EWW5,0.10526315789473684,2;5,19,3.301329755783081,0.9810788440444236,0.09,10;38;60;64;68;75;91;93;100,100
A0A0E4CLA0,0.82,1;3;5;7;8;9;10;11;12;13;14;15;16;17;18;19;20;22;23;24;25;26;27;28;29;32;33;34;35;36;37;38;39;40;41;42;43;44;46;48;50,50,2.437891377210617,1.0863233179641296,0.99,1;2;3;4;5;6;7;8;9;10;11;12;13;14;15;16;17;18;19;20;21;22;23;24;25;26;27;28;29;30;31;32;33;34;35;36;37;38;39;40;41;42;43;44;45;46;47;48;49;50;51;52;53;54;55;56;58;59;60;61;62;63;64;65;66;67;68;69;70;71;72;73;74;75;76;77;78;79;80;81;82;83;84;85;86;87;88;89;90;91;92;93;94;95;96;97;98;99;100,100
A0A0E4GX90,0.13043478260869565,4;14;23,23,2.872291648387909,0.937557975963439,0.24,13;17;23;25;27;38;42;45;46;51;53;54;57;60;62;68;70;71;76;83;84;87;89;95,100
A0A0F4ES51,0.43478260869565216,1;3;4;5;6;8;12;13;16;17;20;22;26;28;30;34;37;38;42;43,46,2.5463195765018463,1.3551263383029448,0.45,4;6;8;9;11;13;14;17;20;24;25;26;28;31;33;35;42;44;47;48;49;50;53;54;55;57;60;63;66;68;70;71;73;74;77;78;81;84;85;87;91;92;93;95;100,100
A0A0F5MSZ2,0.5576923076923077,1;3;5;7;10;11;13;14;15;16;17;18;19;22;23;24;25;26;27;28;30;32;33;35;36;37;39;40;43,52,2.406729834675789,1.1479945511828553,0.89,1;3;4;5;6;7;8;9;10;11;12;13;14;16;17;18;19;20;21;22;23;24;25;26;27;28;29;30;31;32;33;36;37;38;39;41;42;43;44;45;46;47;48;49;50;51;52;53;54;55;56;57;58;59;60;61;63;64;65;66;67;69;70;71;73;74;76;77;78;79;80;81;82;83;84;87;88;89;90;91;92;93;94;95;96;97;98;99;100,100
A0A0F5NA60,0.17857142857142858,2;3;4;8;13;24;25;37;44;55,56,2.183746891617775,1.2740509809107856,0.02,36;48,100
A0A0H2ZUI5,0.06,1;4;32,50,2.6334254908561707,1.3070365601540825,0.04,64;73;84;93,100
A0A0H3MCY6,0.35714285714285715,2;4;5;6;13;15;17;19;20;22;23;28;33;39;40,42,2.6295018285512923,1.3037971013225105,0.29,1;4;5;6;7;11;12;16;17;18;21;26;36;39;43;45;47;50;52;53;55;57;61;71;74;82;85;89;95,100
A0A0H3MU55,0.32142857142857145,1;2;5;6;9;11;14;15;17;19;20;21;24;26;31;35;42;43,56,2.324177488088608,1.4128448677207088,0.16,4;7;12;23;28;36;40;42;46;48;55;68;70;88;91;98,100
A0A0H5BB76,0.5116279069767442,3;8;10;11;12;13;15;17;18;19;23;25;26;27;29;31;34;35;36;38;39;43,43,2.44193690598011,1.2997604290492668,0.9,2;3;4;5;6;7;8;9;10;11;12;13;14;15;16;17;18;20;21;22;23;25;26;27;28;29;30;31;33;34;35;36;37;38;39;40;42;43;44;45;46;48;49;50;51;52;53;54;55;56;57;59;60;61;62;63;64;65;66;67;69;70;71;73;74;75;76;77;78;79;80;81;82;83;84;85;87;88;89;90;91;92;93;94;95;96;97;98;99;100,100
A0A0H5NNV9,0.2,6;9;25;29;32;39;44;47;49;51;55,55,2.3053614395856856,1.261434079604207,0.28,1;2;3;5;6;8;9;13;14;17;23;29;38;40;41;43;45;48;52;54;59;61;65;75;79;80;88;91,100
A0A0H5RL48,0.2826086956521739,1;4;6;10;11;13;22;27;33;38;40;41;43,46,2.424234483242035,1.274366583807841,0.54,3;9;10;12;16;18;19;20;21;22;24;27;28;29;30;31;33;34;37;38;39;41;43;44;46;51;52;54;55;56;57;59;62;64;66;67;69;71;72;74;76;77;82;83;85;87;89;90;92;93;95;97;98;99,100
A0A0H5RMP7,0.0,,47,2.584864339828491,1.3057660151927275,0.0,,100
A0A0I9Z3I8,0.5689655172413793,1;3;4;6;7;8;9;11;12;13;14;18;19;21;24;27;29;30;31;32;33;34;36;37;38;39;43;45;46;49;50;52;53,58,2.1424305605888367,1.1803482038102726,0.82,1;2;5;6;7;8;9;11;12;15;16;17;18;19;21;22;23;24;25;26;27;28;29;30;33;34;35;36;37;38;39;41;44;45;46;47;48;50;51;52;54;55;56;57;58;60;61;63;64;65;66;67;68;69;71;72;73;74;76;77;78;79;80;81;82;83;84;85;86;87;88;89;90;91;92;93;94;95;96;97;99;100,100
A0A0J6VW20,0.4,1;9;11;13;16;17;22;25;26;27;30;33;34;35;36;42;45;46;48;49,50,2.3840234196186065,1.1190664947320945,0.96,1;2;3;4;5;6;7;8;9;10;11;12;13;14;15;16;17;18;19;20;21;22;23;24;25;26;27;28;29;30;31;32;33;34;35;36;37;38;39;40;41;42;43;44;45;46;47;48;49;50;51;52;53;54;55;56;57;58;59;60;61;62;63;65;66;67;68;69;70;71;72;73;74;75;76;77;78;79;81;82;83;84;85;86;87;88;89;90;91;92;94;95;96;97;98;100,100
A0A0J6VZP7,0.09523809523809523,2;14;21;33;50;61,63,1.9655549561977386,1.2188360059262455,0.03,37;86;95,100
A0A0J6WR15,0.10256410256410256,3;13;21;24,39,2.6284678399562837,1.0357300121269999,0.12,11;16;20;28;34;44;48;50;64;73;88;92,100
A0A0J6Z0M9,0.20634920634920634,24;29;38;41;48;49;50;51;54;55;57;60;62,63,1.9179620963335038,1.0090794590242946,0.44,1;2;5;6;7;8;9;11;12;15;16;17;19;23;26;28;33;34;41;48;49;53;54;55;57;60;62;64;65;69;70;74;75;76;82;83;85;87;88;91;92;93;98;100,100
A0A0J8TWL2,0.4489795918367347,3;9;12;15;16;19;20;21;22;23;26;27;28;29;31;34;35;37;40;41;42;48,49,2.476060252189636,1.3301855831180127,0.39,1;3;4;5;6;7;8;14;16;17;20;21;23;27;30;37;43;44;49;50;51;53;54;57;58;62;63;66;68;70;71;72;81;82;86;88;89;95;96,100
A0A0J8TXD9,0.8,1;2;3;5;6;7;8;9;10;11;12;13;14;15;16;17;18;19;20;21;23;24;25;26;27;28;29;30;31;33;34;38;40;43;44;45,45,2.597475716471672,1.2641621560387202,0.94,1;2;3;4;5;6;7;8;9;10;11;12;13;14;15;16;17;18;19;20;21;22;23;24;25;26;27;28;30;31;32;33;34;35;36;37;38;39;40;41;42;43;44;45;46;47;48;49;50;51;52;54;55;56;57;58;59;60;61;62;63;64;65;66;67;69;70;71;72;75;76;77;78;79;80;82;83;84;85;86;87;88;89;90;91;92;93;94;95;96;97;98;99;100,100
A0A0K0X557,0.42,1;2;4;5;8;12;13;14;18;20;22;27;29;32;33;34;37;38;39;41;44,50,2.4259485590457914,1.1067000170209789,0.76,1;3;4;6;7;8;9;10;11;14;15;16;17;18;19;22;23;24;25;26;27;29;30;31;32;33;34;35;36;37;39;40;42;43;44;45;47;48;49;50;51;54;55;56;57;60;61;63;64;66;67;68;70;71;72;73;74;75;77;78;79;80;81;82;84;86;88;89;90;91;92;93;94;95;96;99,100
A0A0K0XB28,0.1111111111111111,1;15;27;33,36,2.8058729100227358,1.090589453232955,0.18,7;17;18;35;37;41;49;53;55;56;58;62;63;65;78;82;83;92,100
A0A0K0XCM7,0.30612244897959184,1;8;11;13;15;18;19;21;24;26;40;43;45;47;48,49,2.59589274764061,1.1947935907863776,0.26,2;9;10;21;22;28;29;31;37;39;40;43;50;59;60;64;66;69;74;78;82;91;94;95;97;98,100
A0A0L0JLL3,0.5283018867924528,1;3;4;6;10;14;15;16;18;20;22;23;25;27;28;29;30;31;32;33;34;35;36;41;44;45;49;50,53,2.393168061375618,1.262282269317222,0.34,5;6;10;14;16;18;20;27;29;30;32;37;38;39;42;43;44;45;48;49;56;57;58;63;69;71;77;86;87;89;91;93;97;99,100
A0A0L0JTI1,0.6981132075471698,1;3;4;7;11;12;13;14;18;19;21;22;24;25;26;27;28;29;30;32;35;36;37;38;39;41;42;43;44;45;46;48;49;50;51;52;53,53,2.3770242643356325,1.3004153655615702,1.0,1;2;3;4;5;6;7;8;9;10;11;12;13;14;15;16;17;18;19;20;21;22;23;24;25;26;27;28;29;30;31;32;33;34;35;36;37;38;39;40;41;42;43;44;45;46;47;48;49;50;51;52;53;54;55;56;57;58;59;60;61;62;63;64;65;66;67;68;69;70;71;72;73;74;75;76;77;78;79;80;81;82;83;84;85;86;87;88;89;90;91;92;93;94;95;96;97;98;99;100,100
A0A0M2JYX2,0.3170731707317073,9;10;14;15;19;21;23;24;25;26;30;32;41,41,2.5622541844844817,1.232253678019869,0.18,6;9;18;27;29;32;34;39;48;51;54;61;67;74;78;80;89;95,100
A0A0M2WG04,0.4909090909090909,2;5;6;9;10;11;13;14;15;16;17;19;20;21;24;25;27;29;30;31;32;35;38;39;44;47;49,55,2.22384033203125,1.1732971769892657,0.29,6;7;8;9;10;11;14;16;26;28;29;31;32;45;46;47;52;57;60;63;65;70;71;73;76;77;78;83;93,100
A0A0N9XFV2,0.6190476190476191,2;3;4;8;9;10;12;13;14;16;17;20;21;22;23;24;25;28;30;31;32;33;37;39;40;42,42,2.6613123297691343,1.1326864566679278,0.6,1;2;6;7;10;11;12;13;16;18;19;20;22;24;25;26;27;28;30;32;33;36;37;41;42;43;49;50;51;52;54;56;60;61;63;65;66;67;68;71;72;73;74;77;78;81;82;83;84;86;88;90;91;93;94;96;97;98;99;100,100
A0A0N9YG13,0.38235294117647056,1;3;5;8;13;15;18;26;27;29;31;32;33,34,2.7875907576084136,1.0454290155804096,0.57,1;2;3;5;6;7;8;9;10;11;13;14;16;17;19;20;22;23;24;30;32;35;38;39;41;42;43;44;48;50;51;52;53;56;57;58;59;62;63;64;66;67;73;77;78;79;82;83;84;86;87;88;90;94;96;99;100,100
A0A0Q2M080,0.3793103448275862,4;5;6;11;15;18;21;23;24;25;27;29;37;42;45;47;48;50;51;52;56;57,58,2.279870927929878,1.2305093090850738,0.78,1;2;3;4;5;6;7;8;9;10;11;12;13;14;15;16;17;18;19;21;22;23;25;26;27;29;32;33;34;35;36;38;39;40;41;42;43;45;46;47;48;49;50;51;52;54;55;57;58;60;61;62;64;66;67;68;70;71;72;75;77;79;81;82;85;86;87;88;89;90;91;92;93;96;97;98;99;100,100
A0A0Q2RTZ0,0.23529411764705882,3;13;14;18;21;24;29;32,34,2.788857125043869,1.069663010034367,0.63,1;2;3;4;5;6;7;8;9;11;12;13;14;15;16;17;18;20;21;23;24;27;29;31;33;34;35;36;38;39;42;44;46;48;53;55;59;61;62;63;65;66;68;69;70;71;73;74;77;78;82;83;84;85;86;87;88;90;92;94;95;98;100,100
A0A0U0WCI8,0.3333333333333333,3;8;9;15;17;21;22;23;24;26;28;33;34;35;42;48,48,2.4122344720363618,1.1604707797630571,0.51,6;9;10;11;13;14;15;17;28;29;31;32;34;37;38;39;40;41;42;46;47;49;51;52;54;55;56;57;58;60;62;64;67;71;72;73;75;76;77;80;84;86;87;89;90;92;94;95;97;98;100,100
A0A0U0ZG49,0.21311475409836064,2;7;9;17;19;20;31;36;41;42;52;56;61,61,2.1694307321310045,1.2782898873601762,0.82,2;3;4;5;6;7;8;9;10;11;13;14;15;16;17;18;19;20;21;22;23;24;25;26;27;28;29;30;31;33;34;35;36;37;38;39;42;43;44;45;46;47;48;49;50;51;52;53;54;56;58;59;60;61;62;63;65;67;70;72;74;75;76;77;78;80;81;82;83;84;85;86;87;88;89;90;92;93;94;95;96;99,100
A0A0U0ZGC0,0.5,1;3;4;9;10;12;13;15;18;19;21;23;25;26;27;28;30;31;36;37;39;40;41;47;48,50,2.40339879989624,1.2590375560586335,0.77,1;7;8;10;11;14;15;16;17;19;20;21;22;23;24;25;26;27;28;29;30;31;32;33;34;35;36;39;41;42;43;44;45;46;47;49;50;52;53;54;55;56;59;60;61;62;63;64;65;67;68;69;72;73;74;75;76;77;78;79;80;81;82;83;84;85;86;87;88;91;92;93;95;96;98;99;100,100
A0A0U0ZLV7,0.4782608695652174,4;8;9;13;14;19;20;23;25;28;32;33;34;37;38;40;42;43;44;46;47;48;50;51;53;54;55;56;61;63;65;66;68,69,1.8229441314935684,1.2952778542044805,0.95,1;2;3;4;5;6;7;8;9;10;11;12;13;14;15;16;17;18;19;20;21;22;23;24;25;26;27;29;30;31;32;33;34;35;36;37;38;39;40;41;42;43;44;45;46;47;48;49;50;51;52;53;54;55;56;57;59;60;62;63;64;65;66;67;68;69;71;72;73;74;75;76;77;78;79;80;81;82;83;84;85;86;87;88;89;90;91;92;94;95;96;97;98;99;100,100
A0A0U0ZPX5,0.23404255319148937,4;5;21;26;28;29;39;42;43;46;47,47,2.3836902958154678,1.2314350012087736,0.78,1;2;3;4;5;6;7;8;10;11;12;13;14;15;16;18;19;20;21;22;24;25;26;28;29;30;34;35;36;38;41;42;43;44;45;46;48;49;51;52;53;55;56;57;58;59;60;61;62;63;64;65;67;68;69;72;73;75;78;79;81;82;83;84;85;86;87;88;89;90;91;92;93;94;96;97;99;100,100
A0A0U1D4T9,0.22580645161290322,3;6;11;13;14;22;29,31,2.5374611401557923,0.80803806943093,0.32,1;4;7;9;12;15;27;30;31;35;45;49;50;51;52;54;57;60;63;67;70;72;75;77;79;81;82;87;90;92;97;98,100
A0A0U1DUP4,0.10810810810810811,3;17;25;26,37,2.8019053149223327,1.2557159573498338,0.18,3;10;18;19;23;26;30;41;51;57;61;64;66;78;79;92;99;100,100
A0A0U1E1C0,0.36,3;4;7;8;10;13;14;17;24,25,2.9789918947219847,1.01269665519462,0.31,16;21;24;25;27;29;33;35;36;38;39;43;46;48;55;56;62;63;65;71;73;75;87;89;90;91;92;96;97;99;100,100
A0A0U1Z2H3,0.44680851063829785,1;2;4;6;7;8;9;10;11;15;17;18;21;22;23;24;33;35;39;41;46,47,2.571890218257904,1.2112588052788469,0.43,1;4;5;6;7;8;9;10;11;15;31;34;37;38;39;41;43;44;45;52;55;58;59;61;62;66;68;69;70;71;72;76;77;78;80;86;89;90;91;92;94;97;98,100
A0A100W5H8,0.34,6;11;15;16;19;21;26;30;31;32;37;40;41;42;44;46;50,50,2.3831672102212904,1.2407209773461487,0.68,2;3;4;5;7;8;9;10;12;14;16;17;20;21;22;23;24;25;26;28;29;30;31;33;34;36;38;39;40;43;44;46;47;48;49;51;52;54;56;57;59;60;61;62;63;64;66;67;70;71;72;74;75;76;77;79;80;83;84;87;90;91;92;93;94;96;97;100,100
A0A100W5I0,0.6,2;3;4;5;6;7;10;11;13;14;17;18;19;20;21;24;25;28;29;30;31;33;34;37;38;44;47;48;49;50,50,2.5215141373872756,1.387378772836042,0.81,1;2;3;4;5;6;7;8;9;10;11;12;13;14;16;19;20;21;22;23;24;25;26;28;29;30;31;32;33;34;35;36;37;38;39;40;41;42;43;44;45;46;47;48;49;50;51;52;53;55;58;59;60;62;63;64;65;67;68;69;72;74;75;76;78;79;80;82;83;84;85;89;90;91;92;93;94;95;97;98;100,100
A0A100WJQ5,0.5319148936170213,2;4;5;7;8;9;11;12;15;16;17;18;20;21;23;24;26;28;29;33;36;39;40;42;44,47,2.539670230150223,1.3331384828228805,0.69,1;2;5;6;7;8;9;11;12;13;16;17;21;22;23;26;27;29;30;31;34;35;36;37;38;40;42;44;46;47;49;52;53;55;56;57;58;62;65;67;68;69;71;72;73;74;75;76;77;78;79;80;81;82;83;84;85;86;87;88;89;90;93;94;95;97;98;99;100,100
A0A100WL29,0.2909090909090909,1;4;9;10;11;14;19;26;30;34;36;38;39;45;47;52,55,2.194195320010185,1.2633761003023818,0.39,1;2;3;4;5;7;9;10;11;18;19;24;26;27;33;34;35;37;39;46;51;54;56;58;60;61;64;69;71;77;78;80;83;87;90;91;93;94;99,100
A0A117I9B3,0.5555555555555556,2;5;7;8;9;10;12;14;15;16;20;21;24;25;26;27;28;30;33;34;36;37;39;43;45;46;47;48;51;53,54,2.3985782086849214,1.052516147363602,0.83,1;2;3;4;5;6;8;9;10;11;12;13;14;15;16;17;18;19;20;21;22;23;24;25;26;27;30;32;33;34;35;38;41;42;43;44;45;46;48;50;51;52;53;54;55;56;57;58;59;60;61;62;63;64;65;68;69;70;71;72;73;74;76;78;79;80;81;82;83;84;85;86;87;88;89;90;91;92;93;94;97;98;100,100
A0A117I9Z0,0.46774193548387094,5;8;9;11;13;14;16;17;19;20;22;23;28;30;33;34;37;38;40;42;43;45;46;50;51;53;54;60;62,62,2.2080398213863375,0.9246787014249878,0.41,1;2;5;6;7;10;11;13;14;18;19;20;22;23;24;28;35;37;42;43;45;49;51;53;56;58;59;63;68;69;70;76;79;85;88;90;92;94;95;99;100,100
A0A117IEQ2,0.4166666666666667,2;4;5;7;8;9;11;13;16;21;23;25;28;29;30;31;41;42;45;48,48,2.4615444922447205,1.0227386388220165,0.27,6;9;15;16;25;30;33;40;41;43;48;49;57;60;61;64;66;68;69;72;82;84;85;87;88;95;97,100
A0A124DZH3,0.125,1;2;7;15;16;18;19;22,64,2.1007570636272432,1.0928908847699321,0.84,1;3;4;5;6;7;8;9;10;11;12;13;14;15;17;18;19;20;22;23;24;25;26;27;28;29;30;31;33;34;35;36;37;38;39;41;42;43;44;45;46;47;48;50;51;52;53;54;55;57;58;59;60;61;63;65;66;67;68;70;71;72;74;75;76;77;78;79;80;82;84;85;86;87;90;91;92;93;94;95;96;97;98;100,100
A0A132PRD2,0.5909090909090909,3;4;6;9;10;12;13;15;16;17;24;25;26;27;28;29;30;31;33;35;36;37;40;41;42;43,44,2.647275092601776,1.2209720396889518,0.79,1;2;4;5;6;7;9;10;11;13;14;15;16;18;20;21;23;24;25;26;27;28;29;30;31;33;34;35;36;37;38;39;40;41;43;44;45;46;47;48;49;50;51;52;53;54;56;57;58;59;60;61;62;63;64;65;66;67;68;69;70;71;74;75;77;78;79;80;81;82;84;85;89;90;91;92;95;97;98,100
A0A132PS78,0.5,1;2;5;6;8,10,3.194694800376892,0.8743483958484009,0.09,2;23;44;69;77;79;85;86;90,100
A0A143QSN8,0.24615384615384617,1;7;10;11;13;22;24;25;27;33;35;39;47;53;55;57,65,2.036081731915474,1.1509913540093053,0.23,1;12;30;39;41;53;62;65;66;70;71;73;74;75;76;78;80;82;83;87;91;98;100,100
A0A163Z098,0.4444444444444444,2;3;6;8;9;10;11;12;13;14;19;20;21;24;25;26;27;28;29;36,45,2.4856808239221575,1.1775583528911848,0.38,4;7;8;12;15;17;18;19;21;22;26;27;31;34;42;47;48;49;50;52;57;60;61;62;63;64;72;73;80;81;83;86;87;94;95;97;98;99,100
A0A164L8S1,0.15714285714285714,3;11;16;17;26;32;35;39;44;57;67,70,1.927638538479805,1.1144337548160892,0.16,9;10;11;23;32;35;40;42;63;71;78;83;88;90;96;98,100
A0A164L8T1,0.0,,57,2.3240135216712954,1.3992091657675607,0.0,,100
A0A172UHW8,0.2727272727272727,3;6;11;12;17;19;24;25;27;30;32;36,44,2.785478208065033,1.4595228073708688,0.06,6;43;46;54;78;86,100
A0A178CV43,0.38461538461538464,1;2;5;8;11,13,3.3889973759651184,0.9720843250086397,0.31,1;4;16;18;19;21;22;24;38;39;40;41;45;48;49;53;54;56;57;59;65;68;70;71;77;88;89;96;98;99;100,100
A0A178LTI6,0.14,4;10;11;13;18;26;37,50,2.544856160879135,1.318968946135701,0.01,50,100
A0A179V396,0.18181818181818182,2;14;16;17;18;23;25;36,44,2.5525861424207688,1.2581249323455268,0.35,1;7;8;10;13;15;16;18;21;24;25;26;28;32;37;39;40;41;51;53;61;64;65;70;71;73;78;79;84;85;88;91;94;95;97,100
A0A179V451,0.6153846153846154,1;2;3;4;7;9;10;11;12;13;14;15;16;17;18;22;27;28;30;31;32;34;36;37;38;39;40;44;45;46;49;52,52,2.2764556896686554,1.1112959200043986,0.89,1;2;3;4;5;6;7;8;9;10;11;12;14;15;16;17;18;19;20;21;22;23;24;25;28;29;30;31;32;33;34;35;36;37;38;40;41;42;43;45;46;47;48;49;50;51;52;53;54;56;57;58;59;60;61;62;63;64;65;66;67;68;69;70;71;72;73;75;76;77;78;79;80;82;83;84;85;86;87;89;90;91;92;94;95;97;98;99;100,100
A0A179VA95,0.6274509803921569,1;2;3;4;5;8;9;10;11;13;15;19;20;22;24;26;27;28;30;32;33;34;36;37;38;40;41;45;47;48;50;51,51,2.39849618434906,1.0253920347307357,0.74,1;2;3;4;5;6;7;9;10;12;13;14;15;16;17;18;19;20;21;22;23;24;25;26;27;28;29;30;31;33;34;35;38;40;42;43;45;47;48;49;50;51;54;55;56;57;59;60;61;62;63;64;65;67;68;69;71;74;75;82;83;85;87;88;89;90;92;93;94;95;97;98;99;100,100
A0A179VCR2,0.11428571428571428,21;26;38;39;41;56;63;67,70,1.7812366336584091,1.261433586609681,0.99,1;2;3;4;5;6;7;8;9;10;11;12;13;14;15;16;17;18;19;20;21;22;23;24;25;26;27;28;29;30;31;32;33;34;35;36;37;38;39;40;41;42;43;44;45;46;47;48;49;50;51;52;53;54;55;56;57;58;59;60;61;62;63;64;65;66;67;68;69;71;72;73;74;75;76;77;78;79;80;81;82;83;84;85;86;87;88;89;90;91;92;93;94;95;96;97;98;99;100,100
A0A1A0MX32,0.32075471698113206,2;4;5;7;12;15;17;19;22;25;32;33;38;39;41;44;46,53,2.3172134280204775,1.1103738781027865,0.46,1;2;3;6;8;11;12;16;17;19;20;22;23;24;28;29;31;32;36;39;40;41;43;46;49;50;51;54;55;56;58;59;62;64;65;67;69;71;74;79;80;81;83;87;89;91,100
A0A1A0MY20,0.2692307692307692,11;15;21;26;28;31;33;34;36;39;42;44;47;48,52,2.3890265214443205,1.2417799308745463,0.85,1;2;3;4;5;6;7;8;9;10;11;12;14;16;17;18;19;20;21;22;23;24;25;27;28;29;30;31;32;33;34;35;36;37;38;39;40;42;44;45;46;48;49;50;51;52;53;54;55;56;57;58;59;60;61;62;63;64;65;66;68;69;70;71;73;74;75;78;79;80;81;83;84;85;86;87;89;90;91;93;94;95;96;98;99,100
A0A1A0RF23,0.75,3;4;5;7;8;9;10;11;12;13;15;17;18;19;20;21;22;23;24;25;26;27;28;29;30;31;32;33;35;37;38;40;42;43;46;48,48,2.5537238949537278,1.3529267915752652,0.88,1;3;4;5;6;7;9;10;11;12;13;14;16;17;18;19;22;23;24;25;26;27;28;29;30;32;33;34;35;36;37;38;39;40;41;43;44;45;46;48;49;50;51;52;53;54;55;56;57;58;59;60;61;62;63;64;65;67;68;69;70;72;73;74;75;76;77;78;79;80;81;83;84;85;86;87;88;89;90;91;92;93;94;95;96;97;98;100,100
A0A1A0RF29,0.5,1;2;3;5;9;10;11;12;16;17;19;20;22;23;25;26;27;30;31;33;38;43;46;47;48,50,2.476217333674431,1.2350078937490256,0.96,1;2;3;4;5;6;7;8;9;10;11;12;13;14;15;16;17;18;19;20;21;22;23;24;25;26;27;28;29;31;32;33;34;35;36;37;38;39;40;41;42;43;44;45;46;47;48;49;50;51;52;53;54;55;57;58;59;60;61;62;63;64;65;66;67;68;69;70;71;72;73;74;75;76;77;78;79;80;82;83;84;85;86;87;89;90;91;92;93;94;95;96;97;98;99;100,100
A0A1A0V6S5,0.5084745762711864,1;2;4;6;10;11;13;14;15;16;17;19;24;25;26;27;28;31;35;36;38;39;40;41;44;45;47;53;54;59,59,2.219666539430618,1.242688671503616,0.61,2;3;4;6;7;8;9;10;11;13;16;17;19;23;24;25;26;30;35;36;37;38;41;42;45;46;47;49;52;54;55;56;57;58;59;60;61;63;64;65;66;67;70;71;72;73;74;75;76;77;79;80;81;83;84;86;87;89;94;96;97,100
A0A1A0VBY7,0.3488372093023256,6;7;14;17;19;23;25;26;30;31;33;34;36;37;38,43,2.552749333381653,0.9820648175965291,0.29,2;6;9;12;16;17;19;21;23;27;31;33;34;35;40;46;47;49;50;54;56;58;67;71;80;81;88;93;99,100
A0A1A0VEQ6,0.26229508196721313,2;5;6;9;12;14;19;20;22;23;26;31;36;39;43;55,61,2.0804956060647966,1.2306496182067752,0.35,4;6;17;19;20;21;22;25;28;31;34;35;37;38;43;44;47;50;53;56;58;62;63;64;65;67;72;74;82;83;85;87;94;97;98,100
A0A1A0VZR1,0.30357142857142855,1;2;3;10;12;15;17;18;22;28;29;37;39;41;42;49;54,56,2.133603380918503,1.1079869471151262,0.54,3;4;6;7;10;12;13;16;18;21;22;23;25;26;28;29;30;32;34;37;39;41;43;46;48;49;51;52;54;57;58;61;63;64;66;67;68;69;71;73;74;76;78;79;80;85;86;87;90;91;94;95;98;100,100
A0A1A1WCA4,0.3111111111111111,2;10;11;13;14;16;20;23;26;27;30;33;40;45,45,2.4668247932195664,1.159464949841127,0.18,10;12;18;20;25;39;48;57;58;63;64;68;71;77;88;92;94;97,100
A0A1A1WCB1,0.6296296296296297,1;2;5;7;8;9;13;14;15;16;17;19;20;21;22;23;24;25;26;27;28;29;30;31;32;33;34;36;37;40;41;46;48;49,54,2.4097625720500946,1.2139273471384264,0.72,1;3;4;5;6;7;8;9;10;11;12;13;15;16;18;19;20;23;24;25;26;27;28;29;30;33;34;35;36;38;39;45;46;48;49;50;51;52;53;54;57;58;59;60;61;64;66;67;69;70;71;72;73;74;75;76;78;80;82;83;84;85;86;87;88;90;92;93;96;98;99;100,100
A0A1A2DP38,0.04081632653061224,12;49,49,2.515157074928284,1.3223191055293448,0.01,53,100
A0A1A2EVY2,0.5714285714285714,1;2;3;4;5;7;8;11;14;15;16;18;19;23;24;27;28;29;31;33;34;35;37;40,42,2.6580746006965636,1.2236827785536857,0.64,1;2;3;4;5;7;9;11;13;14;15;16;17;19;20;21;23;24;27;28;30;32;34;37;38;39;40;41;42;43;46;48;49;52;53;55;56;58;59;61;63;65;66;67;69;70;72;73;74;75;77;78;79;80;83;86;87;89;91;92;94;95;99;100,100
A0A1A2NZX0,0.4666666666666667,1;2;4;5;6;7;9;10;11;13;14;15;17;20;24;28;30;35;37;38;39,45,2.68819547355175,1.5226638588734591,0.4,1;2;4;9;10;11;13;17;18;22;24;28;29;31;32;33;37;38;39;42;43;44;49;50;52;53;54;57;60;64;66;69;70;73;75;78;80;82;85;95,100
A0A1A2P0A6,0.5217391304347826,1;2;6;8;9;10;11;12;17;19;20;23;27;28;33;34;35;36;38;40;43;44;45;46,46,2.547183092832565,1.0679836937707565,0.56,1;2;5;7;8;9;13;16;18;19;20;22;24;25;27;28;30;31;32;34;37;38;39;40;41;42;44;45;47;48;49;51;52;53;54;56;57;61;62;63;64;67;69;72;79;80;81;87;88;89;90;91;93;96;97;98,100
A0A1A2SD60,0.23076923076923078,5;9;11;18;20;25;26;29;37;38;40;51;53;54;65,65,1.9893523842096328,1.3317860331597413,0.4,1;2;3;4;5;7;8;9;12;14;15;16;17;21;24;25;26;29;30;31;34;36;42;43;44;51;60;61;62;64;75;77;81;86;87;88;91;93;95;99,100
A0A1A2SGC1,0.48,1;4;5;6;7;8;9;15;17;20;24;25,25,3.0165655601024626,1.2085884888308263,0.65,1;2;4;5;7;8;11;14;15;17;20;22;23;25;26;27;29;31;32;34;35;36;37;40;41;42;43;44;45;46;48;51;52;55;57;58;59;60;61;62;63;64;68;69;70;71;72;73;74;75;76;77;81;83;84;86;87;88;89;90;91;92;94;97;99,100
A0A1A2SKN5,0.07692307692307693,1;4;22;37;59,65,2.0286206257343293,1.1926088181864554,0.09,34;36;41;43;46;59;79;85;98,100
A0A1A2SQA4,0.0,,28,2.8344004273414614,1.096769388298509,0.0,,100
A0A1A2STK0,0.3508771929824561,2;3;5;8;9;12;16;18;19;20;23;28;29;30;33;34;39;42;49;54,57,2.33202986061573,1.357898245707177,0.37,3;6;10;15;17;20;23;25;27;28;29;30;34;36;38;39;41;42;46;47;49;50;52;55;65;67;68;73;76;77;81;86;90;91;92;93;99,100
A0A1A2UBP1,0.22641509433962265,2;5;8;10;15;21;25;26;29;32;41;46,53,2.428028198480606,1.2592880179518824,0.38,3;4;5;6;12;16;18;19;23;25;33;36;38;39;42;46;51;52;56;57;59;61;63;66;67;73;74;76;80;81;85;86;90;91;92;94;98;99,100
A0A1A2VM45,0.3617021276595745,1;2;10;19;20;24;25;27;30;33;35;38;39;40;41;42;47,47,2.381530600786209,1.088995377580752,0.57,2;3;4;5;9;10;12;13;16;19;22;23;25;27;28;29;31;34;36;39;40;41;42;43;44;45;46;48;49;52;53;54;55;58;59;60;61;62;63;65;69;70;71;72;73;76;78;80;84;85;88;89;92;94;97;98;99,100
A0A1A2YRQ4,0.2909090909090909,2;3;8;13;15;16;18;24;26;29;34;39;43;48;52;55,55,2.2836713862419127,1.150643506857187,0.11,2;12;14;19;31;41;44;59;63;71;72,100
A0A1A2YVQ7,0.5964912280701754,2;3;4;5;7;8;9;11;12;13;14;15;16;18;19;20;21;25;27;28;29;30;32;33;34;35;36;37;38;39;41;44;50;56,57,2.2021695601940157,1.2381354674125644,0.36,6;8;11;14;16;17;19;21;22;25;26;31;34;36;40;44;46;49;53;58;60;62;63;65;70;75;77;78;79;80;83;86;91;96;99;100,100
A0A1A2YYV5,0.24489795918367346,6;7;14;16;24;29;31;35;36;39;40;43,49,2.352784749865532,1.1644296118689395,0.4,1;4;10;11;13;14;17;18;19;21;22;25;26;27;28;29;33;34;35;36;37;38;39;40;41;42;45;47;49;51;59;60;64;66;73;77;78;83;86;95,100
A0A1A2Z2J8,0.08823529411764706,6;9;11,34,2.7466093003749847,1.0530848189458875,0.05,42;50;59;77;88,100
A0A1A2Z8H6,0.19607843137254902,4;7;15;20;22;23;24;31;34;36,51,2.3522613698244097,1.2804058466274644,0.42,1;2;3;4;6;7;8;10;12;15;16;18;19;21;27;29;35;38;39;40;41;44;46;48;51;52;53;54;62;63;68;69;71;73;78;81;90;91;93;95;99;100,100
A0A1A2ZG36,0.5531914893617021,3;4;6;7;9;10;12;14;16;19;22;23;24;25;26;27;31;34;35;36;38;39;40;42;43;47,47,2.504632983207703,1.2409514166140108,0.54,8;11;17;18;19;20;21;23;24;26;27;29;30;32;33;34;37;38;39;41;43;45;46;48;49;52;53;54;55;57;58;59;62;63;64;70;71;72;73;74;75;76;77;79;80;81;83;87;88;92;93;97;98;99,100
A0A1A3BEU1,0.4666666666666667,1;4;5;6;7;8;11;13;15;16;19;23;24;25;34;35;37;38;40;42;46;47;50;52;53;54;59;60,60,2.0501231610774995,1.0550203364142545,0.62,1;2;3;4;5;6;7;8;10;11;12;13;14;15;16;17;18;20;21;22;24;25;27;28;29;31;32;33;34;36;37;40;45;47;48;49;51;54;57;59;61;62;64;67;72;73;74;75;76;77;78;80;82;85;87;89;90;91;93;94;96;98,100
A0A1A3C4T0,0.48148148148148145,1;2;6;8;9;10;11;13;15;18;20;23;24;25;27;28;30;32;33;34;36;38;42;44;47;54,54,2.466386641263962,1.2659308540650538,0.5,4;6;7;8;11;13;17;20;22;25;26;29;30;31;32;35;36;37;38;41;42;44;47;53;54;58;61;65;66;68;72;74;76;78;79;81;82;83;84;85;88;89;91;93;94;95;96;97;98;99,100
A0A1A3GZZ6,0.375,4;5;6;7;9;12;15;16;17;19;20;24;30;35;40,40,2.720850632786751,1.4079383141555988,0.24,2;3;4;18;20;21;24;26;37;38;47;49;61;63;67;70;77;83;86;88;94;96;99;100,100
A0A1A3H185,0.15,7;8;11;13;23;28,40,2.6511411309242248,1.1895047115817374,0.01,2,100
A0A1A3KI76,0.5405405405405406,2;3;4;7;9;11;12;13;15;16;19;20;22;25;26;27;28;30;34;35,37,2.781092320680618,1.1454606123813929,0.9,1;3;4;5;6;7;8;9;10;11;12;13;14;15;16;17;18;20;21;22;23;24;25;26;27;28;29;30;31;33;34;35;36;37;38;39;40;42;44;45;46;47;48;49;50;51;52;53;54;55;57;58;59;60;61;62;63;64;65;66;67;68;69;70;71;72;73;74;75;77;78;79;81;82;83;84;85;86;87;88;89;90;91;92;94;95;96;97;99;100,100
A0A1A3KJV4,0.5238095238095238,3;5;6;7;9;11;12;13;19;20;21;22;24;25;26;27;30;33;34;35;36;37;41;42;43;45;48;49;50;52;57;58;63,63,2.063859356045723,1.1753571353923908,0.29,1;6;7;8;10;12;23;26;29;31;33;38;42;44;45;46;49;55;59;70;74;76;81;87;88;89;92;97;98,100
A0A1A3KPW7,0.21428571428571427,2;4;14;16;22;37;42;45;46;47;48;50,56,2.090423619747162,1.0902815625942468,0.07,6;16;24;26;50;92;99,100
A0A1A3N5H1,0.3793103448275862,1;2;4;6;7;8;12;14;15;18;21;27;30;32;33;34;40;42;45;48;52;56,58,2.1325147092342376,1.0620946340937436,0.14,1;5;6;7;11;14;25;30;54;58;64;65;74;84,100
A0A1A3N7A1,0.3611111111111111,4;6;11;16;17;19;22;25;28;31;32;34;35,36,2.749796602725983,1.1256074208663964,0.41,1;2;3;6;10;12;13;15;18;21;22;23;24;25;28;30;32;33;34;35;38;39;41;46;54;56;61;62;63;64;66;67;68;76;87;92;94;95;96;97;98,100
A0A1A3NWI0,0.5686274509803921,2;4;5;6;7;8;9;10;11;12;13;15;17;18;20;23;26;29;32;33;34;35;37;38;42;43;45;49;51,51,2.580091318488121,1.3573958116510363,0.5,5;6;7;8;11;12;15;18;19;20;21;23;25;27;28;30;33;34;35;36;37;39;40;42;45;47;52;55;56;57;59;60;61;63;64;66;69;70;71;73;74;75;80;81;82;85;86;90;95;99,100
A0A1A3P195,0.36363636363636365,3;7;9;14;17;19;22;24;26;27;31;33,33,2.841499104499817,1.1044985447397404,0.28,1;2;3;5;6;7;12;14;20;22;23;25;31;35;36;43;53;55;56;62;66;67;68;80;81;84;93;95,100
A0A1A3P7V6,0.09523809523809523,6;8;11;21,42,2.617692292928696,1.249793252277059,0.44,1;4;9;12;15;16;17;19;20;27;29;30;31;32;33;36;38;39;44;46;49;50;52;55;57;63;65;68;69;72;73;75;77;79;81;82;83;85;87;88;89;93;99;100,100
A0A1A3TXF6,0.125,2;18;21;43;46;47,48,2.421562405228615,1.3713453751418327,0.18,4;5;11;14;17;19;30;31;40;42;46;49;69;70;75;88;92;99,100
A0A1A3U111,0.6181818181818182,2;3;6;8;9;10;11;12;15;17;19;22;23;24;29;32;34;35;36;37;38;39;40;41;44;45;46;47;48;49;51;52;53;54,55,2.195219746828079,1.117442287268201,0.68,2;3;5;7;9;10;11;12;13;14;18;19;20;21;22;23;24;26;28;29;31;33;34;36;37;38;39;40;41;42;43;46;47;49;50;52;53;54;56;57;59;60;62;63;64;66;67;68;72;73;74;76;77;80;81;82;84;86;87;88;89;92;93;96;97;98;99;100,100
A0A1A3U7T4,0.3389830508474576,1;5;7;8;12;17;18;20;28;29;35;36;37;38;39;40;42;52;55;58,59,2.21565403342247,1.1162749380099266,0.5,1;5;6;7;11;14;15;16;17;20;22;23;24;25;26;27;32;36;37;40;41;44;45;47;48;50;53;54;55;56;58;59;62;63;64;65;68;70;71;72;74;77;80;83;85;91;93;96;98;100,100
A0A1A6BMZ1,0.27692307692307694,7;8;14;15;20;24;27;32;33;38;39;40;41;45;47;57;59;61,65,1.9322428286075592,1.204610435124571,0.34,1;7;9;10;15;19;20;21;22;38;41;45;46;48;50;59;60;61;62;65;69;71;75;76;78;79;81;82;84;87;90;91;92;97,100
A0A1B4Y4X4,0.16363636363636364,3;5;10;17;19;26;28;47;49,55,2.1574810045957564,1.2521194073249517,0.07,13;14;18;61;70;74;78,100
A0A1B8SKL4,0.15,1;2;11;14;21;24;27;30;40,60,2.1908907705545424,1.402887336473216,0.18,6;14;22;31;36;43;46;48;62;71;72;75;76;82;84;89;90;97,100
A0A1B9CJD7,0.631578947368421,4;5;6;7;8;9;12;15;16;20;21;22;23;24;25;26;27;28;30;33;34;38;39;40;41;42;44;45;47;48;49;51;53;54;55;57,57,2.15976415514946,1.0721723560267677,0.53,1;2;4;5;6;7;9;15;16;17;18;19;20;21;22;23;24;26;27;28;33;34;36;37;38;39;40;41;42;44;45;46;47;51;52;53;56;57;59;60;61;64;68;73;74;76;78;79;84;89;93;95;97,100
A0A1B9CX42,0.4375,1;2;4;8;12;13;16;17;18;19;22;23;25;26;28;29;30;31;44;46;48,48,2.4097757893800735,1.1386320364861953,0.76,1;2;3;4;5;6;7;10;11;12;13;14;15;16;17;18;19;21;22;23;24;25;26;27;28;29;30;31;32;33;36;37;40;42;43;44;45;46;47;49;50;51;52;53;54;55;56;57;58;59;60;61;62;63;64;65;67;70;75;76;78;80;83;84;85;88;89;90;92;93;95;96;97;98;99;100,100
A0A1D7VWY6,0.10714285714285714,19;24;29;37;38;53,56,2.265149584412575,1.1956137165128837,0.29,1;3;6;8;9;14;17;25;33;34;35;38;42;47;53;55;56;58;60;73;75;76;80;81;82;83;92;93;98,100
A0A1D8GAR9,0.5254237288135594,3;4;8;11;14;21;22;25;29;30;31;32;33;36;37;38;39;40;41;42;43;44;45;46;47;48;50;51;52;57;59,59,2.13409336745739,1.154132102902505,0.98,1;2;3;4;5;6;7;8;9;10;11;12;14;15;16;17;18;19;20;21;22;23;24;25;26;27;28;29;30;31;32;33;34;35;36;37;38;39;40;41;42;43;44;45;46;47;48;49;50;51;52;53;54;55;56;57;58;59;60;61;62;63;64;65;66;67;68;69;70;71;72;73;74;75;76;77;78;79;80;81;82;83;84;85;86;87;88;89;90;91;92;93;94;96;97;98;99;100,100
A0A1E3RBW0,0.2127659574468085,3;10;11;12;16;22;27;33;36;42,47,2.5144724053144456,1.2748369419702468,0.28,1;2;5;8;9;17;19;29;30;32;35;45;46;48;50;51;55;63;64;65;76;77;78;86;87;94;96;97,100
A0A1E3S0K4,0.2962962962962963,4;6;8;13;16;20;21;26,27,2.969688388109207,1.129068466619486,0.62,1;2;5;7;8;9;11;14;15;16;17;18;20;21;24;25;26;28;29;31;32;34;36;37;38;41;43;46;47;48;54;56;57;58;60;61;63;64;65;69;70;71;72;75;78;79;80;81;82;84;85;86;87;89;91;92;93;95;96;97;98;100,100
A0A1E3S739,0.018518518518518517,5,54,2.3717817413806914,1.2786765905079294,0.0,,100
A0A1E3SKI4,0.34615384615384615,5;8;10;11;15;19;20;21;24;28;36;38;41;45;47;48;49;50,52,2.222089821696281,1.1218250690676923,0.59,1;2;3;4;7;8;11;12;14;16;17;19;20;21;22;25;27;29;32;35;37;38;41;42;45;46;47;48;49;50;54;55;56;57;58;62;65;68;69;70;73;74;75;77;78;80;81;82;84;86;88;89;90;92;93;94;96;98;99,100
A0A1E3SLH6,0.5714285714285714,3;5;6;7;10;12;13;14;15;17;18;21;22;23;24;26;27;28;29;30;31;33;34;40,42,2.4641357135772703,1.1179827173186103,0.72,1;2;3;4;5;6;7;8;9;10;11;12;13;14;15;16;17;18;19;20;21;23;24;25;26;27;29;30;32;33;34;36;37;38;39;40;45;46;47;49;50;52;53;55;56;57;58;59;61;63;64;65;66;67;68;69;70;71;73;78;79;81;85;88;90;91;92;94;96;97;98;99,100
A0A1E3SN70,0.28846153846153844,2;6;8;10;11;14;19;21;24;29;30;34;39;47;49,52,2.242532325387001,1.170564559033534,0.15,10;12;18;26;27;28;38;39;45;52;57;72;74;90;93,100
A0A1E3SV84,0.26229508196721313,3;9;10;11;16;20;27;32;38;41;46;47;48;53;55;61,61,2.1036584860086442,1.074409459208146,0.32,3;6;12;14;15;19;22;23;25;26;32;34;35;41;46;47;49;52;54;58;59;62;63;67;74;77;79;84;86;88;97;100,100
A0A1E5P3C7,0.5319148936170213,1;3;4;6;8;11;12;13;15;16;18;19;20;22;24;25;26;31;32;33;36;37;39;41;47,47,2.4771323400735854,1.1909283129975445,0.44,1;2;5;6;7;8;9;11;15;21;22;23;28;30;31;32;34;35;36;37;46;47;48;49;51;52;54;58;60;64;67;68;69;72;75;76;78;79;85;88;91;92;96;99,100
A0A1E7JQU2,0.20754716981132076,8;9;10;15;20;22;32;41;43;49;51,53,2.188657383918762,1.1823895743302275,0.2,5;8;10;14;17;18;20;28;33;38;39;40;42;43;46;51;57;66;69;76,100
A0A1E7L3V6,0.65,1;2;5;6;7;8;9;12;14;15;17;18;20;22;24;25;27;30;31;33;35;36;37;38;39;40,40,2.6427836334705352,1.2526658372289479,0.91,1;2;3;4;5;6;7;8;9;10;11;12;14;15;16;17;18;20;21;22;23;24;25;26;27;28;29;30;32;33;34;35;36;38;39;40;41;42;43;44;45;46;47;48;49;50;51;53;54;55;56;57;58;59;60;62;63;64;65;66;67;68;69;70;71;72;73;74;75;76;77;79;80;82;83;84;85;86;87;88;89;90;91;92;93;94;95;96;97;98;99,100
A0A1E8Q6I1,0.02127659574468085,17,47,2.5304807025194167,1.3189255432046332,0.05,17;52;63;85;86,100
A0A1E8QAA5,0.359375,4;6;7;9;10;11;14;16;17;18;19;23;25;26;27;34;44;46;50;54;55;58;61,64,1.8656335747241974,1.1567117051060263,0.73,1;2;3;4;5;6;8;9;10;11;12;13;16;17;18;19;21;23;24;25;26;27;31;33;35;36;38;40;41;42;44;45;46;47;49;50;51;52;53;54;56;57;58;60;61;62;63;65;67;68;69;72;74;76;77;78;81;82;83;84;85;86;87;88;89;92;93;95;96;97;98;99;100,100
A0A1G4V447,0.3620689655172414,4;7;9;11;12;13;16;17;18;19;20;22;27;28;34;35;41;42;46;56;57,58,2.26919664144516,1.027335967205516,0.58,1;3;4;6;7;8;9;10;11;13;15;16;17;18;21;23;25;29;30;31;33;34;35;36;37;38;39;41;42;43;44;45;49;51;54;55;56;58;59;60;63;67;68;72;75;76;77;80;81;84;89;91;92;93;95;96;98;100,100
A0A1G4WIS5,0.6666666666666666,1;2;6;7;8;9;10;11;13;14;15;16;17;20;21;22;24;26;30;32;33;34;35;36;37;39;40;41;43;44,45,2.6886795204877854,1.320032854663362,0.97,1;2;3;4;5;6;7;8;9;10;11;12;13;14;15;16;17;18;19;20;21;22;23;25;26;27;28;29;30;31;32;33;34;35;36;37;38;39;40;41;42;43;44;45;46;47;49;50;52;53;54;55;56;57;58;59;60;61;62;63;64;65;66;67;68;69;70;71;72;73;74;75;76;77;78;79;80;81;82;83;84;85;86;87;88;89;90;91;92;93;94;95;96;97;98;99;100,100
A0A1G6K7R0,0.9166666666666666,1;2;3;5;6;7;8;9;10;11;13;14;15;16;17;18;19;20;21;22;23;24;25;26;27;28;30;31;32;33;34;35;36;37;38;39;40;41;42;43;44;45;46;48,48,2.436767667531967,1.3756208751148244,0.95,1;2;3;4;5;6;7;8;9;10;11;12;13;14;15;16;17;18;19;20;21;22;23;24;25;26;27;28;29;30;31;32;33;34;35;36;37;38;39;40;41;42;43;44;45;46;47;48;49;51;52;53;54;55;56;57;58;59;60;61;62;63;64;65;66;67;68;70;71;72;73;74;75;76;77;79;80;81;82;83;84;85;87;89;90;91;92;93;94;95;96;97;98;99;100,100
A0A1G6PJB6,0.6842105263157895,1;6;7;8;9;10;11;13;14;15;17;19;20;21;22;23;24;25;26;27;28;29;30;33;36;37;38;39;41;42;45;46;47;48;49;51;53;54;56,57,2.143137531876564,1.1595143974486595,0.73,1;2;3;4;5;6;7;8;11;12;13;14;17;18;19;20;21;22;23;24;25;26;27;28;33;34;37;40;41;42;43;44;45;46;49;50;51;52;53;54;55;57;58;59;60;61;62;63;65;66;68;70;71;72;73;75;77;78;79;82;83;85;86;87;88;89;90;92;93;94;95;96;98,100
A0A1G7L4S3,0.015873015873015872,43,63,2.0903594785928727,1.261703057624011,0.0,,100
A0A1H6L3W8,0.0,,34,2.8970968639850616,1.1214875867230447,0.0,,100
A0A1H7CJ42,0.14814814814814814,11;13;20;31;32;34;37;53,54,2.2215566062927246,1.1054035428289,0.0,,100
A0A1H8UHI3,0.30357142857142855,1;3;7;12;15;21;23;24;28;31;32;34;38;47;50;51;55,56,2.126846070289612,1.1713838407367818,0.41,1;2;3;5;7;8;9;16;19;21;31;33;34;36;39;40;41;42;47;54;56;59;60;62;65;66;68;70;73;77;79;84;85;89;90;92;93;94;96;98;100,100
A0A1I0U7E5,0.3333333333333333,3;4;5;6;16;19;21;23;25;34;36;40;41;42,42,2.785509090423584,1.1483968578712225,0.48,1;2;4;5;6;7;8;9;10;11;13;16;18;19;20;21;22;23;25;27;28;29;30;31;34;35;38;39;41;43;46;47;48;53;55;58;60;61;63;64;67;69;70;74;82;86;88;98,100
A0A1I5LZY6,0.3611111111111111,3;4;5;10;15;16;18;19;20;21;22;23;24;27;28;29;31;34;35;36;37;45;47;50;65;66,72,1.6381748181581497,1.0747483328096807,0.11,2;3;7;14;24;44;53;55;76;91;97,100
A0A1I6TMF1,0.3829787234042553,2;7;9;11;17;19;22;25;27;29;31;37;38;39;40;42;43;45,47,2.5201105427742005,1.167926590768482,0.45,1;2;5;6;9;12;13;15;17;18;19;20;21;22;23;24;25;26;31;34;36;42;44;45;46;48;49;53;54;60;61;62;71;73;74;75;77;78;80;81;83;87;92;93;95,100
A0A1J0VT15,0.7288135593220338,1;2;3;4;5;6;7;9;10;11;14;15;16;17;18;19;20;21;22;25;27;28;29;30;31;34;35;36;37;38;39;40;41;42;43;44;46;52;54;55;57;58;59,59,2.2891607123613356,1.2032770339764862,0.63,1;2;8;9;10;11;12;15;18;19;20;21;22;23;24;25;26;27;29;31;34;35;36;37;38;39;40;43;45;46;47;48;49;50;51;52;53;54;56;57;59;60;61;63;66;67;68;72;73;74;75;76;82;83;84;85;88;89;90;91;95;97;98,100
A0A1Q4H4E6,0.1590909090909091,5;8;16;18;25;29;39,44,2.555607481598854,1.328003054840162,0.3,4;13;15;20;23;25;26;27;30;31;35;38;44;52;53;54;56;63;64;65;69;77;79;80;81;88;90;93;94;96,100
A0A1Q4HNQ9,0.3333333333333333,1;5;6;8;9;13;17;24;26,27,2.8813306307792663,1.077603826552897,0.24,3;5;11;12;13;27;28;32;33;35;44;48;52;66;69;71;72;79;85;91;94;96;98;100,100
A0A1Q4HPF1,0.54,1;2;3;4;5;6;8;9;10;11;12;13;14;15;17;18;19;21;23;25;26;29;34;36;39;44;50,50,2.4641681474447252,1.3081174032716816,0.72,1;3;4;5;6;7;8;9;10;11;12;13;14;15;17;18;19;21;22;24;25;29;30;31;32;33;34;37;39;41;43;44;45;48;50;52;53;54;57;58;59;61;62;63;64;65;66;67;68;69;70;72;73;74;75;77;78;80;81;82;83;84;85;87;89;90;91;94;95;96;99;100,100
A0A1Q9W8K3,0.05,8;35,40,2.7134927821159365,1.261736058749585,0.19,3;4;10;15;17;29;30;33;40;44;52;60;77;78;80;85;89;98;100,100
A0A1R3Y1N0,0.37777777777777777,1;10;13;15;19;20;21;24;27;30;31;35;36;39;40;42;43,45,2.5981153428554533,1.1879020617854137,0.76,1;2;4;5;6;7;8;9;10;11;13;14;15;16;17;19;20;21;22;23;24;25;27;28;29;31;33;34;35;36;37;38;39;40;41;42;44;45;46;47;49;51;52;53;54;55;56;57;58;59;61;62;64;65;68;69;70;71;73;74;75;76;79;80;81;85;87;89;90;91;92;93;94;97;98;100,100
A0A1S1KKY6,0.59375,1;2;3;5;6;7;8;10;11;12;14;17;18;20;21;22;23;28;29,32,2.993419334888458,1.23439406791273,0.62,1;2;3;4;5;7;8;9;10;11;12;13;14;15;16;17;22;23;24;28;29;30;31;33;36;37;38;40;42;43;44;46;47;48;49;50;55;56;59;61;62;64;65;67;68;69;71;72;73;75;76;79;81;82;84;87;89;92;93;95;98;99,100
A0A1S1KYS6,0.525,1;3;5;7;9;10;11;12;13;15;16;17;19;22;24;25;30;32;36;38;40,40,2.636932247877121,1.095235514949173,0.45,1;4;8;9;11;13;15;17;18;20;21;23;26;27;30;32;35;36;39;42;44;48;54;56;57;58;61;62;63;64;65;69;70;71;77;82;85;86;90;93;95;96;97;98;99,100
A0A1S1L5R7,0.42424242424242425,5;8;12;13;16;18;19;21;22;26;28;29;31;33,33,2.6912388944625856,1.0324918944313621,0.44,1;2;3;4;5;7;11;18;21;24;25;26;27;29;31;32;35;40;42;43;45;47;52;57;60;62;65;71;72;73;75;76;77;79;81;82;86;87;88;89;90;93;94;96,100
A0A1S1L7L3,0.43333333333333335,2;4;8;12;13;18;23;27;28;30;32;33;34;36;41;42;45;46;47;48;51;52;53;57;58;60,60,2.0389621287584303,1.1472358743127185,0.92,1;2;3;4;5;6;7;8;9;10;11;12;13;14;15;16;17;18;19;20;21;22;23;24;26;27;28;29;30;31;32;33;34;35;36;37;39;40;41;42;44;45;46;47;48;49;50;51;52;53;54;55;56;57;58;59;60;61;62;63;65;66;67;68;69;71;73;74;75;76;77;78;79;80;81;82;84;85;86;87;88;89;90;91;92;93;94;95;96;97;98;100,100
A0A1S1LBB7,0.3508771929824561,7;9;10;14;21;22;23;26;35;37;38;40;41;44;46;47;48;49;50;51,57,2.1013603788614272,1.316880934427249,0.91,1;2;4;5;6;7;9;10;11;12;13;14;15;16;17;18;19;20;21;22;23;24;25;26;27;28;29;30;31;32;33;34;35;36;37;38;39;40;41;42;44;45;46;48;49;50;51;52;53;54;55;56;57;58;59;60;61;62;63;64;65;66;67;68;69;71;72;73;74;75;76;78;79;80;81;82;83;84;85;86;88;90;91;93;94;95;96;97;98;99;100,100
A0A1S1LF81,0.4067796610169492,3;9;10;12;14;16;17;20;21;23;24;25;26;27;30;31;35;37;39;40;46;50;56;59,59,2.208615756034851,1.152943146029449,0.51,1;2;3;4;5;6;8;9;12;16;18;19;21;23;24;25;26;28;33;34;36;38;41;44;47;48;49;50;52;55;58;60;62;64;67;69;75;76;77;81;82;83;86;88;90;91;93;94;97;99;100,100
A0A1S1LFP5,0.4090909090909091,7;8;12;13;16;17;20;24;25;28;30;33;34;36;38;39;41;42,44,2.596700494289398,1.0634645515831647,0.93,1;2;3;4;5;6;7;8;9;11;12;13;14;15;16;17;18;19;20;21;23;24;25;27;28;29;30;31;32;33;34;35;36;38;39;40;41;42;43;44;45;46;47;48;49;50;51;52;53;54;55;56;57;58;59;60;61;62;63;64;65;66;68;69;70;71;72;73;74;75;77;78;79;80;81;82;83;84;85;86;88;89;90;91;92;93;94;95;96;97;98;99;100,100
A0A1S1LPM2,0.40425531914893614,1;2;3;4;7;9;13;14;16;19;23;25;26;28;30;31;32;33;37,47,2.44028551697731,1.2433465184193937,0.37,8;11;14;22;23;27;30;31;32;35;39;41;42;44;46;48;50;51;53;54;56;57;58;62;63;65;66;69;71;80;84;85;86;93;98;99;100,100
A0A1S1LSR7,0.5671641791044776,4;6;7;9;11;12;13;14;15;16;17;18;19;21;23;25;26;28;29;30;31;32;36;37;38;42;44;45;47;48;49;56;57;58;60;61;62;63,67,1.9015669268369675,1.2058524756345157,0.92,1;2;3;4;6;7;8;9;10;11;12;13;14;15;16;17;18;19;20;21;22;23;24;25;26;27;29;30;31;32;33;34;35;36;37;38;39;40;42;43;44;45;46;47;48;49;51;52;53;54;56;57;58;59;60;61;62;64;65;67;68;69;70;71;72;73;74;75;76;77;78;79;80;81;82;83;84;85;86;87;88;89;90;91;92;93;94;96;97;98;99;100,100
A0A1S1LZ61,0.09090909090909091,8;15;19;20;36,55,2.321686930656433,1.0590831633084743,0.56,1;2;4;5;7;8;10;12;13;14;15;16;17;18;20;21;22;23;25;26;28;29;31;34;35;37;38;39;41;42;43;44;47;55;56;57;59;60;61;62;65;66;67;68;74;76;77;78;82;85;87;90;92;94;97;100,100
A0A1S1M3C1,0.4146341463414634,1;2;4;6;11;12;15;17;18;20;21;25;27;29;33;35;39,41,2.609738523364067,1.1664920491103727,0.08,27;51;57;67;77;86;88;92,100
A0A1S1M770,0.59375,2;3;4;6;7;11;13;14;16;17;19;21;22;23;24;26;27;28;30;32;33;34;35;36;38;39;41;44;45;46;47;50;52;54;57;58;60;64,64,1.9878934854269028,1.2962075209040655,0.99,1;2;3;4;5;6;7;8;9;10;11;12;13;14;15;16;17;18;19;20;21;22;23;24;25;26;27;28;29;30;31;32;33;34;35;36;37;38;39;40;41;42;43;44;45;46;47;48;49;50;51;52;54;55;56;57;58;59;60;61;62;63;64;65;66;67;68;69;70;71;72;73;74;75;76;77;78;79;80;81;82;83;84;85;86;87;88;89;90;91;92;93;94;95;96;97;98;99;100,100
A0A1S1M9C0,0.23529411764705882,4;5;6;9;12;18;28;30;31;44;47;51,51,2.2818465507030488,1.1540719886853232,0.43,3;4;6;7;8;10;12;13;14;16;19;21;26;32;33;34;35;36;37;38;43;49;53;56;59;61;62;63;66;67;70;73;75;76;77;80;83;84;86;89;92;95;96,100
A0A1S1MVI3,0.29411764705882354,1;2;4;5;8;9;10;16;20;25;30;32;39;44;48,51,2.4614904034137726,1.1296363265872733,0.24,1;4;6;11;12;15;17;19;22;31;34;40;42;44;59;64;71;77;78;79;81;89;90;92,100
A0A1S1NIB3,0.5660377358490566,2;3;4;5;6;7;9;11;12;13;15;16;17;19;20;21;22;23;25;28;30;31;36;38;39;40;41;43;45;52,53,2.288343722820282,1.0356153817779779,0.39,7;13;15;17;18;19;20;22;23;24;29;30;31;32;33;40;45;52;54;56;57;58;61;62;63;65;66;68;75;80;86;87;89;90;91;92;94;95;100,100
A0A1T3NLC9,0.17647058823529413,7;11;12;17;19;26;35;42;44,51,2.3151655209064486,1.2505392924792835,0.08,18;21;24;63;65;81;96;99,100
A0A1T3NUL4,0.4098360655737705,1;3;5;10;11;13;15;17;18;20;21;29;30;31;35;40;41;43;44;50;51;53;55;56;59,61,2.1827012199163436,1.0428707242107014,0.97,1;2;3;4;5;6;7;8;9;10;11;12;13;14;15;16;17;18;19;20;21;22;23;24;25;26;27;28;29;30;31;32;33;34;35;36;37;38;39;40;41;42;43;44;45;46;47;48;49;50;51;52;53;54;55;56;57;58;59;60;61;62;63;64;65;67;68;69;70;71;72;73;74;75;76;77;78;79;80;81;82;83;84;86;87;88;89;90;91;92;93;94;96;97;98;99;100,100
A0A1T5FEL0,0.06451612903225806,3;11;12;50,62,2.0816508984565734,1.120338473421268,0.09,18;21;35;48;58;61;77;80;100,100
A0A1T5FV39,0.08,24;41;48;49,50,2.336240444779396,1.153112085306523,0.31,1;6;7;8;9;15;20;23;25;30;45;48;50;53;55;58;59;60;63;65;70;71;75;78;79;87;88;93;94;96;97,100
A0A1T5XJ36,0.23880597014925373,3;10;19;22;28;29;31;35;36;39;43;44;45;57;62;65,67,1.964862601161003,1.356893906487896,0.33,1;3;5;11;19;20;21;27;29;32;34;36;42;44;49;50;53;55;58;62;65;71;76;78;80;82;84;88;90;93;96;97;100,100
A0A1T7HTT5,0.43137254901960786,1;6;11;14;17;18;20;21;25;26;28;29;30;31;32;33;37;39;40;42;45;47,51,2.3679507678747176,1.2736907561527995,0.91,1;2;3;4;5;6;7;8;9;10;11;12;13;14;15;16;17;18;19;20;21;23;24;25;26;27;29;30;31;32;33;34;35;36;37;41;42;43;44;45;46;47;48;49;50;51;54;55;56;57;58;59;60;62;63;64;65;66;67;68;69;70;71;72;73;74;75;76;77;78;79;80;81;82;83;84;86;87;88;89;90;91;92;93;94;95;96;97;98;99;100,100
A0A1U3MWT7,0.1956521739130435,2;12;20;21;22;23;43;45;46,46,2.494789865612984,1.1308594766649425,0.95,1;2;3;4;5;6;7;8;9;10;11;12;13;14;15;16;18;19;20;21;22;23;24;25;26;27;28;29;30;31;32;33;34;35;36;37;38;39;40;41;42;43;44;45;47;48;49;50;51;52;53;54;55;56;57;58;59;60;61;62;63;64;65;66;67;68;69;70;71;72;73;74;75;76;77;78;79;80;81;82;83;85;86;87;89;90;91;92;93;94;95;96;97;98;99,100
A0A1V2I487,0.631578947368421,2;3;4;5;9;11;12;13;15;16;17;18,19,3.0750492811203003,1.0078677686319377,0.42,4;7;11;12;13;14;20;21;24;26;27;29;32;35;37;38;39;44;47;49;51;52;55;56;59;61;67;71;73;75;77;78;81;86;87;89;91;94;95;96;97;99,100
A0A1V3WG34,0.2641509433962264,4;8;10;12;13;18;22;31;36;40;41;44;45;48,53,2.3358915770053863,1.2179798602015344,0.75,1;2;3;6;7;8;9;10;11;12;13;14;16;17;19;21;22;23;24;25;26;27;30;31;32;33;35;36;37;38;39;41;43;44;45;47;48;49;50;51;53;56;57;58;59;61;62;63;64;66;67;68;70;71;72;73;74;75;77;78;79;81;82;83;84;87;88;89;92;93;94;96;97;98;100,100
A0A1W9YPH5,0.13114754098360656,3;13;38;39;44;45;49;55,61,2.242147087454796,1.2312581957405673,0.86,1;2;4;5;6;7;8;9;10;12;13;14;15;16;17;18;19;20;21;22;23;24;25;26;27;30;31;32;33;34;35;36;37;39;40;41;42;43;44;45;46;47;48;49;50;51;52;53;54;55;56;57;60;61;62;64;65;66;68;69;70;71;72;73;74;75;76;77;78;79;80;81;83;84;85;88;89;90;93;94;95;96;97;98;99;100,100
A0A1W9Z9K2,0.20588235294117646,8;11;13;16;18;26;33,34,2.7776874220371246,1.1498727236110504,0.3,1;2;3;5;10;11;12;13;15;21;28;32;35;45;46;48;52;53;56;58;59;61;62;68;70;75;77;78;85;99,100
A0A1W9Z9K6,0.21052631578947367,2;7;11;14;19;26;29;31;37;43;44;52,57,2.295841215252876,1.2307709661056019,0.3,1;4;8;10;11;12;14;15;23;29;31;38;39;44;49;52;57;61;68;71;80;84;85;87;90;91;96;98;99;100,100
A0A1W9ZC84,0.18181818181818182,4;9;11;12;26;40;44;50;52;54,55,2.2388987535238267,1.2226347646125306,0.35,7;8;9;11;13;17;23;26;27;34;35;36;38;39;41;45;47;50;53;58;60;61;64;66;67;69;72;73;78;85;87;90;92;94;95,100
A0A1W9ZN90,0.46153846153846156,2;3;5;6;7;8;9;10;11;13;14;16;17;18;20;21;26;31;36;37;39;42;48;49,52,2.1519556212425233,1.1309725400331108,0.93,1;2;3;4;5;6;7;8;9;10;11;12;13;14;15;16;17;18;19;20;21;22;23;24;25;26;27;28;29;31;32;33;34;35;36;37;38;40;41;42;43;44;45;46;47;48;49;50;52;53;54;56;57;58;59;60;61;62;63;64;65;66;67;68;69;71;72;73;74;75;77;78;79;80;81;82;83;84;85;87;88;89;90;91;92;93;94;95;96;97;98;99;100,100
A0A1W9ZSJ9,0.275,4;5;11;14;19;22;24;27;28;39;40,40,2.684174106121063,1.1605611382064973,0.35,1;4;7;8;12;13;17;19;24;28;32;33;35;37;38;41;43;50;57;59;64;66;68;71;73;81;85;87;88;91;92;93;94;97;98,100
A0A1W9ZU79,0.5306122448979592,1;3;4;6;8;9;10;11;14;16;23;24;25;26;27;28;30;34;36;37;39;42;44;46;47;49,49,2.260552154183388,1.0759747774666608,0.92,1;2;3;4;5;6;7;8;9;11;12;13;14;15;16;17;19;20;21;22;23;24;26;27;28;29;30;31;32;33;34;35;36;37;38;39;40;41;42;43;44;45;46;48;50;51;52;53;54;55;56;57;58;59;61;62;63;65;66;67;68;69;71;72;73;74;75;76;77;78;79;80;81;82;83;84;85;86;87;88;89;90;91;92;93;94;95;96;97;98;99;100,100
A0A1X0A2U5,0.28888888888888886,1;3;4;8;10;11;15;18;20;26;35;36;40,45,2.4362180495262145,1.0738298915857603,0.07,1;6;17;40;48;57;83,100
A0A1X0AYB7,0.5454545454545454,3;5;6;7;10;11;14;15;18;19;20;22,22,2.894829250574112,0.9778900943036729,0.75,2;3;4;5;6;9;10;11;12;13;14;15;16;17;18;19;20;21;23;25;27;29;30;31;33;34;35;36;37;38;39;40;42;43;44;45;46;48;49;51;54;55;56;57;59;61;62;63;64;65;67;69;71;72;73;74;75;76;77;78;80;82;84;85;86;87;88;90;92;93;94;95;96;98;99,100
A0A1X0AZ01,0.40816326530612246,5;9;10;11;13;18;22;23;26;28;30;34;35;36;39;42;43;44;46;49,49,2.6409790778160094,1.364530491081938,0.66,1;2;3;4;5;6;7;8;10;11;12;13;14;15;16;17;19;20;21;23;26;28;30;31;32;33;34;35;36;37;39;40;41;42;43;44;45;47;48;51;56;58;59;61;62;63;68;69;70;71;72;73;74;75;77;81;86;87;88;91;94;96;97;98;99;100,100
A0A1X0BWL6,0.08163265306122448,6;21;27;40,49,2.413973544239998,1.2296081859409456,0.0,,100
A0A1X0D333,0.08928571428571429,3;11;14;26;30,56,2.2545540434122087,1.3775008716893438,0.13,21;36;48;53;57;68;71;73;74;77;78;87;89,100
A0A1X0DSG2,0.6428571428571429,1;2;3;5;6;7;8;9;10;11;12;14;15;16;17;20;22;27;30;31;32;33;34;35;36;37;40,42,2.50736377120018,1.1133290699671914,0.55,1;3;4;6;9;10;12;13;15;16;17;18;20;21;22;23;27;30;31;33;35;36;39;40;41;43;47;48;50;53;55;58;59;61;63;64;65;67;72;74;75;76;77;79;80;83;84;85;88;89;92;94;95;99;100,100
A0A1X0DT32,0.12903225806451613,5;9;11;30,31,2.8983531260490416,1.1402608839901007,0.15,7;19;32;47;51;53;56;66;67;68;78;85;88;92;99,100
A0A1X0ED97,0.3018867924528302,1;4;5;6;11;12;13;16;21;24;26;29;32;37;38;39,53,2.3419914853572847,1.3297720027062727,0.43,6;9;10;17;18;21;22;24;25;27;32;35;36;38;40;41;42;47;48;50;52;54;59;62;66;67;68;69;71;73;74;75;76;77;78;79;80;81;87;88;92;95;100,100
A0A1X0FY05,0.17073170731707318,3;13;15;16;27;28;30,41,2.5318896734714507,1.152145095607353,0.01,88,100
A0A1X0FZ49,0.5294117647058824,3;4;6;7;8;10;11;12;13;15;18;19;20;22;23;24;26;29;35;36;38;41;44;45;46;47;50,51,2.186869651675224,1.2140452856802997,0.71,1;2;3;4;5;6;8;10;11;14;15;16;17;18;19;20;21;23;24;25;26;27;29;30;32;34;38;39;40;42;44;46;47;48;50;51;52;54;58;59;60;61;62;63;65;66;68;70;71;72;73;74;75;76;78;79;80;81;83;84;85;86;87;88;89;92;93;94;96;97;99,100
A0A1X0I595,0.3888888888888889,3;11;13;15;18;19;30;33;37;38;39;40;41;43;44;45;46;47;48;49;54,54,2.2458787828683855,1.1554773080961687,0.99,1;2;3;4;5;6;7;8;9;10;11;12;13;14;15;16;17;18;19;20;21;22;23;24;25;26;27;28;29;30;31;32;33;34;35;36;37;38;39;40;41;42;43;44;45;46;47;48;50;51;52;53;54;55;56;57;58;59;60;61;62;63;64;65;66;67;68;69;70;71;72;73;74;75;76;77;78;79;80;81;82;83;84;85;86;87;88;89;90;91;92;93;94;95;96;97;98;99;100,100
A0A1X0I7R5,0.5588235294117647,2;3;5;6;7;8;10;11;13;14;15;19;21;22;26;27;28;30;33,34,2.806497883796692,1.081275515559075,0.52,1;3;4;6;7;8;9;10;11;12;13;14;16;17;19;20;22;24;25;26;28;29;30;32;35;36;39;46;47;48;52;55;56;57;61;63;64;70;72;73;78;79;81;82;83;84;85;87;90;91;92;94,100
A0A1X0INU7,0.4153846153846154,4;7;8;14;17;19;21;22;27;28;29;30;31;33;36;37;41;42;43;45;47;49;51;59;60;61;63,65,1.9220872527360917,1.3528880544082136,0.57,3;5;7;9;10;12;15;17;18;20;21;23;24;25;26;27;28;30;31;32;35;37;38;39;40;42;43;44;45;48;49;50;53;57;61;62;63;65;68;69;71;72;74;77;78;79;82;83;85;88;90;91;94;95;96;97;98,100
A0A1X0J5R4,0.15873015873015872,3;9;11;12;18;19;27;45;46;53,63,2.1256499874591825,1.3358696970117987,0.03,47;75;80,100
A0A1X0J866,0.42592592592592593,1;5;6;9;10;11;13;15;16;17;18;20;22;24;25;26;28;29;32;33;36;47;49,54,2.4021538215875626,1.2371994856447361,0.83,1;2;3;4;5;6;7;8;9;10;11;12;13;14;15;16;17;18;19;20;21;22;23;26;27;28;29;30;32;34;35;36;37;39;40;41;42;43;44;46;48;49;50;51;52;53;54;55;56;57;58;59;61;62;63;64;66;67;68;69;70;71;72;73;74;75;76;77;78;79;80;81;82;86;88;92;93;95;96;97;98;99;100,100
A0A1X0K0U7,0.03389830508474576,24;53,59,2.11230360686779,1.2396356965266204,0.12,11;25;26;30;35;45;60;69;71;73;74;97,100
A0A1X0KKW9,0.26666666666666666,2;7;9;10;11;12;13;14;15;23;28;32,45,2.4488823705911638,1.261674436274256,0.6,1;4;5;8;11;12;13;14;16;17;18;19;21;23;24;25;26;27;28;30;32;33;34;36;37;38;41;42;44;48;51;54;55;56;60;61;63;65;66;67;68;70;74;75;78;79;80;81;85;86;87;88;89;93;94;95;96;97;98;99,100
A0A1X0XWA4,0.3269230769230769,1;2;5;6;7;11;16;17;19;20;23;27;29;30;31;48;50,52,2.367398836016655,1.3511629960580125,0.37,1;2;4;6;8;10;14;17;18;19;21;24;33;35;36;40;44;47;51;52;56;57;58;59;61;62;64;66;73;75;78;81;87;90;93;96;97,100
A0A1X0XYW4,0.8,1;2;4;5;6;7;9;10;11;12;13;14;15;16;17;18;19;20;21;22;23;24;25;27;29;30;31;32;33;34;35;36;37;39;40;42;44;45;48;49;50;51;52;54;55;57;59;60,60,2.074978051185608,1.0789651706503898,0.5,4;5;6;7;14;15;16;22;23;24;25;26;27;30;32;33;34;37;39;41;43;45;47;50;51;52;56;57;59;60;61;62;64;66;67;69;72;76;77;79;82;83;87;90;92;94;95;96;99;100,100
A0A1X0Y567,0.68,1;2;3;4;5;6;7;8;10;11;12;15;17;18;19;20;21;22;24;25;26;27;29;31;32;33;34;37;39;40;41;42;47;49,50,2.458880766630173,1.105632473181865,0.98,1;2;3;4;5;6;7;8;9;10;11;12;13;14;15;16;17;18;19;20;21;22;23;24;25;26;27;28;29;30;31;32;33;34;35;36;37;38;39;40;41;42;43;44;45;46;47;48;49;50;51;52;53;54;55;56;57;58;59;60;61;62;63;64;65;66;67;68;69;70;71;72;73;74;75;76;77;78;79;80;81;82;83;84;85;86;87;88;89;91;92;93;94;95;96;98;99;100,100
A0A1X0YC10,0.3548387096774194,1;3;5;6;7;8;13;16;21;28;31,31,2.8057521653175352,1.0741629149656158,0.24,13;19;25;31;34;40;41;43;46;48;50;53;55;57;58;72;73;75;78;84;86;90;98;99,100
A0A1X1RGM6,0.359375,5;7;9;10;11;12;14;20;23;28;30;31;33;35;36;43;46;50;51;55;57;59;62,64,2.283360804319382,1.138538633024585,0.57,1;2;3;4;5;6;7;8;9;10;11;12;13;14;15;17;18;21;23;24;25;30;33;34;37;39;41;43;45;46;47;48;50;51;56;58;60;63;64;66;67;68;72;73;74;80;81;82;83;85;88;91;92;95;96;99;100,100
A0A1X1RMT2,0.36666666666666664,2;3;4;8;11;14;15;18;23;24;26;27;31;32;35;37;41;43;44;46;48;53,60,2.2453755462169647,1.1076544532204722,0.08,6;11;20;26;42;58;71;80,100
A0A1X1RT79,0.13333333333333333,14;18;19;20;27;31;32;49,60,2.174805741906166,1.3631383982490142,0.0,,100
A0A1X1SSG1,0.14893617021276595,1;2;5;7;12;31;40,47,2.504674835205078,1.1349650434877476,0.08,8;22;44;46;54;64;84;91,100
A0A1X1SXX1,0.19298245614035087,6;15;16;19;23;29;34;36;40;44;47,57,2.1538055503368376,1.359195027921849,0.39,1;2;8;9;13;15;16;20;22;24;25;26;27;29;31;32;34;36;37;49;50;53;55;57;60;64;65;68;70;73;77;83;88;90;91;93;97;98;99,100
A0A1X1TAZ5,0.0,,36,2.7063606667518614,1.1969612545759971,0.0,,100
A0A1X1TV41,0.43636363636363634,1;2;4;5;7;9;10;15;17;22;27;30;33;34;36;37;38;40;41;42;50;52;53;55,55,2.4485228461027146,1.162285613522692,0.61,2;3;4;5;8;9;14;16;18;19;20;22;23;25;26;28;32;33;34;37;39;40;42;43;44;45;46;47;48;50;53;54;55;56;57;58;62;63;64;67;68;70;72;74;76;78;79;81;82;84;85;87;88;89;90;93;94;96;98;99;100,100
A0A1X1TX55,0.0,,21,3.1319578289985657,1.1216834051564777,0.0,,100
A0A1X1TXE9,0.25,3;6;7;9;12;14;15;18;24;29;31;32;36;54,56,2.170753270983696,1.1806893722267147,0.26,8;9;11;16;24;28;34;36;38;40;53;55;56;57;62;70;71;72;79;80;82;84;88;90;93;98,100
A0A1X1U567,0.45,1;2;3;4;6;7;8;9;10;12;15;20;22;23;24;25;31;36,40,2.5775675165653227,1.2679016206630516,0.32,1;2;3;6;8;9;13;14;18;19;23;28;30;31;32;33;35;39;42;46;55;56;57;58;59;73;81;84;87;89;93;100,100
A0A1X1U6G3,0.6666666666666666,1;2;3;4;5;7;8;10;11;12;13;15;18;19;20;21;22;25;26;27;28;29;31;33;34;35;36;38;40;42;47;48,48,2.4205640244483946,1.0138645329106153,0.98,1;2;3;4;5;6;7;8;9;10;11;12;13;14;15;16;17;18;19;20;21;22;23;24;25;26;27;28;29;30;31;32;33;34;35;36;37;38;39;40;41;42;43;44;45;46;47;48;49;50;51;52;53;54;55;56;57;58;59;60;61;62;63;64;65;66;67;68;69;70;71;73;74;75;76;77;78;80;81;82;83;84;85;86;87;88;89;90;91;92;93;94;95;96;97;98;99;100,100
A0A1X1V443,0.15384615384615385,1;2;11;12;21;23;26;48,52,2.37809450507164,1.315878351241806,0.31,2;7;9;14;17;18;19;20;21;23;25;27;32;33;42;44;47;48;50;57;61;66;71;74;77;83;90;94;95;97;100,100
A0A1X1VXW9,0.16923076923076924,6;8;12;17;21;22;27;35;38;44;56,65,2.0547645550966265,1.3413713109993601,0.3,1;10;12;15;23;30;34;36;41;42;44;50;52;54;56;60;65;69;70;71;72;73;75;81;89;90;91;92;98;99,100
A0A1X1WD57,0.029411764705882353,3,34,2.737540658712387,1.0593159298024266,0.18,11;25;29;41;52;59;65;71;73;76;78;79;84;85;87;90;95;96,100
A0A1X1XH13,0.32608695652173914,1;5;7;8;10;13;18;21;23;29;33;35;41;42;43,46,2.5702994573116302,1.1694751982880416,0.26,10;15;18;20;21;34;38;39;44;45;49;60;63;65;66;72;76;77;78;79;83;88;90;92;93;99,100
A0A1X1XQZ1,0.16216216216216217,7;13;20;30;32;33,37,2.749310644865036,1.130474054812878,0.61,2;4;5;8;10;11;12;13;14;15;16;18;19;20;21;23;24;25;26;27;28;30;31;32;33;36;37;38;39;41;42;44;45;48;49;51;52;53;57;58;59;63;64;65;66;69;71;73;74;76;77;79;82;83;85;88;89;92;94;95;96,100
A0A1X1Y0D8,0.19607843137254902,2;3;4;9;10;15;17;20;29;43,51,2.3697574120759963,1.2287350511847588,0.16,10;14;19;22;24;60;66;68;73;74;78;86;88;90;93;94,100
A0A1X1YHA8,0.11475409836065574,4;12;23;26;42;48;61,61,2.1615743368864058,1.248453022138893,0.57,1;2;3;4;6;7;9;11;12;14;17;18;20;23;24;25;29;33;36;38;39;40;41;42;43;45;47;49;50;53;54;55;56;60;62;65;66;68;71;72;73;74;75;77;79;81;82;83;84;86;88;89;91;93;94;95;98,100
A0A1X1YTK3,0.10638297872340426,9;14;31;43;46,47,2.4384710454940794,1.195373835135233,0.79,1;2;3;4;5;6;7;8;9;10;11;12;13;14;15;16;17;18;20;21;22;24;25;26;28;29;30;32;33;35;36;38;39;40;42;43;45;46;47;48;50;51;53;54;55;56;57;58;59;60;61;62;63;64;66;67;68;69;70;71;73;74;78;80;81;82;84;85;86;87;88;89;90;91;95;96;97;98;100,100
A0A1X1Z1D7,0.49019607843137253,1;2;3;4;5;11;13;14;15;18;19;20;21;24;32;33;35;36;37;39;40;44;46;49;51,51,2.37676789522171,1.1988506640543615,0.59,1;2;6;7;8;9;10;13;14;15;17;18;19;20;22;23;24;27;31;32;33;34;35;37;38;39;41;42;43;44;45;46;47;48;50;51;53;55;59;62;64;68;71;72;75;76;78;81;83;84;87;89;92;93;96;97;98;99;100,100
A0A1X1ZAJ3,0.5517241379310345,3;4;6;8;9;11;13;14;15;16;17;18;20;23;24;25;27;30;32;33;34;36;38;39;44;46;48;49;51;52;55;56,58,2.2006218218803406,1.2441748872356655,0.7,1;2;3;4;5;6;8;9;10;11;12;13;14;15;17;18;19;20;21;22;23;25;26;30;32;34;35;36;37;39;40;41;42;44;45;46;47;49;50;51;53;56;58;59;60;61;66;68;69;71;72;73;76;79;81;83;85;86;87;88;89;90;91;92;93;94;95;96;97;100,100
A0A1X1ZUN6,0.046511627906976744,36;43,43,2.651585749387741,1.1951996645183398,0.18,14;15;22;25;32;33;42;43;46;54;62;69;71;74;79;92;93;99,100
A0A1X2AMC4,0.175,4;13;17;28;29;32;35,40,2.78980992436409,1.2803213311088888,0.21,12;15;20;21;24;25;26;30;31;42;48;52;59;63;64;79;86;90;96;98;100,100
A0A1X2DGR4,0.2978723404255319,1;2;7;8;11;12;13;19;21;23;29;32;40;41,47,2.3901163792610167,1.0820761341545035,0.41,4;5;6;7;8;9;15;16;18;23;24;27;29;30;32;35;36;38;40;41;42;44;45;47;51;54;55;56;64;65;67;68;74;76;77;79;89;90;95;96;100,100
A0A1X2DIF1,0.1896551724137931,28;31;32;36;37;40;45;51;54;57;58,58,2.228008262515068,1.1246861093674374,0.63,1;3;5;6;7;8;9;10;11;12;13;14;15;16;17;18;19;20;22;24;25;26;28;29;30;31;32;33;36;38;40;42;43;44;50;55;56;57;60;61;63;65;66;67;68;69;70;75;76;77;79;80;82;85;87;88;90;91;93;94;96;97;98,100
A0A1X2DPB1,0.5849056603773585,3;4;5;7;8;10;11;12;13;14;15;16;20;21;22;24;26;28;29;31;33;36;37;38;39;41;45;46;49;50;53,53,2.363898078203201,1.0094302533816504,0.89,1;2;3;4;5;6;7;9;10;11;12;13;14;16;17;18;19;20;21;22;23;24;25;26;28;29;30;31;32;33;34;35;36;37;38;39;40;41;42;43;44;46;47;48;50;51;52;53;54;55;58;59;60;61;62;63;64;65;66;67;68;69;70;71;72;73;74;75;76;77;78;79;80;81;82;83;85;86;87;88;89;90;91;92;94;96;97;98;99,100
A0A1X2EPB4,0.6538461538461539,3;4;8;9;10;11;12;14;15;17;18;19;20;21;22;25;26;28;31;32;33;34;35;36;39;40;41;43;45;48;49;50;51;52,52,2.3767260789871214,1.257427079005153,0.34,3;4;7;8;12;13;14;20;22;32;33;36;40;41;42;43;46;47;48;55;58;69;70;73;80;82;89;90;92;93;94;96;97;100,100
A0A1X2F2L6,0.3220338983050847,1;4;9;15;16;18;19;20;21;29;30;32;37;38;46;49;53;54;55,59,2.305247817635536,1.1741130589341757,0.39,1;2;3;4;10;11;13;17;18;19;20;21;22;23;31;32;35;37;41;45;48;51;53;59;61;62;63;64;70;71;78;80;84;86;89;90;95;99;100,100
A0A1X2FK51,0.6290322580645161,2;3;4;5;7;8;9;11;12;13;14;15;16;19;20;21;25;28;29;30;31;33;36;37;38;39;41;42;43;44;45;47;48;49;50;52;54;58;60,62,2.23453327357769,1.276350802955667,0.72,1;3;4;6;7;8;9;10;11;13;14;16;17;18;19;21;22;23;24;25;26;27;29;30;31;33;36;37;38;39;40;42;43;44;45;47;49;51;53;54;55;58;59;60;61;63;64;65;66;67;68;69;70;71;73;75;76;77;78;80;82;83;84;85;86;87;90;94;96;97;98;100,100
A0A1X2FLH9,0.22857142857142856,4;14;15;18;19;24;30;33,35,2.848742439746857,1.357612907839788,0.02,48;99,100
A0A1X2KZQ2,0.5,2;3;4;5;6;8;10;11;14;21;22;23;25;26;27;28;29;30;31;37;38;39;40;42;44;49;53,54,2.282940502166748,1.08495115628049,0.77,1;3;4;5;6;7;8;9;10;11;12;13;15;16;17;18;20;21;23;24;25;26;27;28;29;30;31;32;33;35;36;37;38;39;40;42;45;48;49;51;52;54;55;56;57;59;61;63;64;65;67;68;71;72;73;74;75;76;77;78;79;80;81;82;83;84;85;86;87;89;92;93;94;95;96;98;99,100
A0A1X2L0G7,0.42857142857142855,1;3;6;7;8;12;13;16;17;23;24;25;27;32;35;37;41;42;45;47;49,49,2.4395804530382157,1.2741148486193001,0.41,5;7;8;9;10;14;15;16;17;18;21;24;26;33;34;36;37;39;42;46;47;55;56;58;59;62;66;69;70;72;74;77;81;87;88;91;92;93;95;96;100,100
A0A1X2LPX9,0.41379310344827586,1;2;5;6;8;9;10;12;15;21;22;23;27;30;34;36;39;44;45;49;51;52;54;56,58,2.228792734146118,1.0882430668252967,0.45,1;2;4;7;8;10;12;17;20;22;24;26;28;29;32;33;34;36;38;40;43;44;49;53;55;57;58;60;61;66;67;70;80;81;82;83;84;85;89;90;92;93;94;95;98,100
A0A1Y0C436,0.2777777777777778,1;4;8;10;15;18;20;25;27;32;36;39;46;47;53,54,2.0933976757526396,1.1245874566404201,0.6,1;2;5;9;10;12;14;15;16;17;19;21;23;24;26;28;30;31;32;33;35;37;38;39;40;41;42;43;45;47;48;50;52;53;55;56;58;61;63;64;65;68;70;73;77;78;79;80;83;84;85;89;90;92;93;94;95;96;98;100,100
A0A1Y0C5T9,0.2,2;9;12;14;16;19;27,35,2.7952455604076385,1.215982865811892,0.07,21;25;39;51;53;58;85,100
A0A1Y0CFN4,0.5344827586206896,1;2;4;5;7;8;9;10;11;12;13;17;18;21;22;23;26;27;28;31;34;35;36;37;39;41;44;45;47;48;50,58,2.4438625174760817,1.3257134014027858,0.77,1;2;3;4;5;6;7;9;10;11;12;13;14;15;16;17;19;20;21;22;23;24;25;26;27;28;29;30;32;33;36;37;38;39;41;42;43;44;45;46;48;49;50;52;53;54;57;58;59;60;61;62;63;65;66;68;69;70;72;74;76;78;79;81;82;83;84;85;86;88;89;90;91;93;95;97;99,100
A0A1Y2NRV5,0.5918367346938775,1;2;5;7;8;9;10;11;12;16;17;18;19;20;21;22;23;29;30;31;32;34;36;38;40;41;44;45;47,49,2.481816137433052,1.2334601227937994,0.78,1;2;4;5;6;7;9;10;11;12;13;14;15;16;17;18;19;20;21;23;24;25;26;27;28;29;32;33;34;35;36;37;38;39;40;41;42;43;44;45;46;47;48;49;50;52;55;57;58;59;60;61;62;63;66;67;68;70;71;72;73;74;75;76;77;80;81;83;84;85;86;88;92;93;94;95;96;98,100
A0A1Y5PCF7,0.05357142857142857,4;9;37,56,2.2082624447345736,1.14713951090795,0.08,28;39;64;73;77;80;87;92,100
A0A1Y5Y6P3,0.11764705882352941,1;3;7;15;18;49,51,2.435144031047821,1.2873586085532223,0.03,42;46;67,100
A0A1Z4EBS9,0.40816326530612246,4;7;8;12;14;17;18;19;22;25;28;31;32;35;38;39;40;43;45;49,49,2.4397511756420136,1.0422561667815087,0.79,1;2;3;6;7;8;9;11;12;13;14;15;16;17;18;19;20;21;22;23;25;26;28;30;31;32;35;36;37;38;40;41;42;44;45;46;47;49;50;51;52;53;54;55;56;57;58;60;61;62;63;64;65;66;67;68;70;71;73;74;76;77;78;79;80;81;82;83;85;86;87;89;90;91;92;93;94;96;97,100
A0A1Z4EGK3,0.5416666666666666,1;3;5;6;7;8;9;10;11;12;13;15;18;19;21;25;26;27;30;32;33;34;41;44;45;48,48,2.435249514579773,1.352012918866437,0.53,4;5;6;7;8;9;10;11;12;13;15;16;17;19;20;22;24;27;29;30;31;32;34;35;40;42;44;46;47;50;51;52;53;54;55;56;57;59;60;63;64;68;72;74;78;81;82;83;86;91;93;95;97,100
A0A1Z4EZ40,0.3225806451612903,6;7;8;18;23;24;31;32;34;35;36;37;39;42;43;49;50;51;53;54,62,2.1371133279800416,1.130062850520559,0.96,1;2;3;4;5;6;7;8;9;10;11;12;14;15;16;17;18;19;20;21;22;23;24;25;26;27;29;30;31;32;33;34;35;36;37;38;39;40;41;42;43;44;45;46;47;48;49;50;51;52;53;54;55;56;58;59;60;61;62;63;64;65;66;67;68;69;70;71;72;73;74;75;76;77;78;79;80;81;82;83;84;85;86;87;88;89;90;91;92;93;94;96;97;98;99;100,100
A0A1Z4EZ73,0.21153846153846154,10;11;12;14;16;19;30;38;44;50;51,52,2.2809778517484665,1.1214528203256093,0.3,8;26;28;29;30;34;37;38;40;44;45;46;48;52;56;58;61;63;65;66;68;70;71;73;75;78;83;91;92;95,100
A0A1Z4F080,0.75,1;4;5;6;7;8;9;12;14;15;16;17;19;20;21;22;24;25;26;27;28;29;30;32;33;34;37;38;39;40;41;42;43;44;45;48,48,2.349551832675934,1.1824517333012208,0.98,1;2;3;4;5;6;7;8;9;10;11;12;13;15;16;17;18;19;20;21;22;23;24;25;26;27;28;29;30;31;32;33;34;35;36;37;38;39;40;41;42;43;44;45;46;47;48;49;50;51;52;53;54;55;56;57;58;59;60;61;62;63;64;65;66;67;68;69;70;71;72;73;74;75;76;77;78;79;80;81;82;83;84;86;87;88;89;90;91;92;93;94;95;96;97;98;99;100,100
A0A1Z4F4H3,0.4166666666666667,1;7;8;11;12;14;15;18;19;20;21;22;24;28;32;33;38;41;45;46;48;51;54;56;58,60,2.0843142503499985,1.381483585206336,0.38,1;9;10;20;21;22;25;28;30;32;34;36;37;39;47;48;49;50;51;52;63;64;66;69;71;72;75;76;77;79;82;85;91;92;93;94;99;100,100
A0A231H7W5,0.03125,7;24,64,2.0828272861242296,1.192800296923671,0.06,11;17;36;49;63;74,100
A0A255DTC1,0.7115384615384616,2;3;5;6;7;8;9;11;12;13;14;15;17;18;19;20;21;22;25;26;27;28;29;30;31;32;33;34;36;37;38;39;43;46;47;49;50,52,2.509723381996155,1.224086205232582,1.0,1;2;3;4;5;6;7;8;9;10;11;12;13;14;15;16;17;18;19;20;21;22;23;24;25;26;27;28;29;30;31;32;33;34;35;36;37;38;39;40;41;42;43;44;45;46;47;48;49;50;51;52;53;54;55;56;57;58;59;60;61;62;63;64;65;66;67;68;69;70;71;72;73;74;75;76;77;78;79;80;81;82;83;84;85;86;87;88;89;90;91;92;93;94;95;96;97;98;99;100,100
A0A285LZS8,0.15517241379310345,7;19;23;29;35;38;45;50;53,58,2.2435731649398805,1.2379170874290422,0.11,1;8;10;23;24;27;38;58;80;83;91,100
A0A286MPQ6,0.37777777777777777,2;3;4;7;8;10;11;12;16;18;19;24;27;28;29;32;45,45,2.60441104888916,1.2210397496644048,0.67,1;2;5;6;8;9;10;11;12;13;14;15;16;17;18;19;21;22;25;26;28;29;30;31;32;33;34;37;38;41;42;43;45;47;50;51;52;53;54;55;56;57;58;59;62;63;65;66;67;69;70;73;74;77;78;80;82;84;88;89;91;92;93;94;95;96;99,100
A0A291RHD9,0.30357142857142855,2;7;18;21;24;25;26;27;32;33;36;39;43;50;51;52;56,56,2.316372005343437,1.2842707704610214,0.33,1;3;6;7;8;9;11;19;23;24;25;27;30;33;35;38;42;43;47;49;60;61;63;73;74;75;78;81;89;91;94;95;99,100
A0A291RHE0,0.125,9;10;14;24;27;37;56;57,64,2.007972456216812,1.193275314006618,0.82,1;2;3;4;5;6;8;9;10;11;12;13;14;15;16;17;18;19;20;22;23;24;25;26;27;28;29;30;31;32;33;34;35;36;38;39;40;42;43;44;46;47;48;49;51;52;53;54;55;56;58;59;60;62;64;65;67;68;69;70;71;72;76;77;78;79;80;81;82;83;84;85;87;90;91;92;93;94;95;97;98;99,100
A0A291RWF7,0.28125,2;4;6;10;18;20;22;24;25,32,2.9690234541893004,1.1098594133938278,0.35,1;4;6;7;13;17;19;25;27;30;39;44;48;50;52;53;54;55;61;64;65;69;74;80;81;83;89;90;91;92;94;96;97;99;100,100
A0A2A2ZGB2,0.52,1;4;7;8;9;11;12;14;16;17;18;22;24;25;28;29;30;31;32;38;39;40;41;44;46;47,50,2.3993632054328917,1.2158080571729462,0.62,1;2;5;8;10;11;12;13;14;15;16;17;19;20;21;23;24;26;28;29;31;33;35;39;41;44;45;47;48;49;51;52;53;55;57;58;59;60;61;62;63;64;65;66;68;69;71;72;73;75;79;81;83;85;86;88;90;93;94;95;97;100,100
A0A2A3LDA8,0.0425531914893617,12;22,47,2.454232919216156,1.1535303780940194,0.03,7;21;52,100
A0A2A7NAH8,0.1875,1;7;12;14;15;27,32,2.859379236102104,1.1881409452615252,0.19,13;21;23;28;31;33;41;49;64;72;75;79;80;81;86;90;91;96;99,100
A0A2A7NH78,0.6274509803921569,1;2;3;4;6;7;8;10;11;13;14;15;19;21;22;23;25;26;28;29;32;33;34;36;37;38;39;40;44;45;46;49,51,2.3004606664180756,0.9020860885884749,0.99,1;2;3;4;5;6;7;8;9;10;11;12;13;14;15;16;17;18;19;20;21;22;23;24;25;26;27;28;29;30;31;32;33;34;35;36;37;38;39;40;42;43;44;45;46;47;48;49;50;51;52;53;54;55;56;57;58;59;60;61;62;63;64;65;66;67;68;69;70;71;72;73;74;75;76;77;78;79;80;81;82;83;84;85;86;87;88;89;90;91;92;93;94;95;96;97;98;99;100,100
A0A2A9FBQ2,0.6779661016949152,3;4;5;6;7;9;10;11;15;16;18;20;21;22;24;26;27;29;32;34;35;36;37;38;41;42;43;44;45;46;47;48;49;51;52;53;56;57;58;59,59,2.24312547147274,1.0669600546443265,0.94,1;2;3;4;5;6;7;8;9;10;11;12;13;14;15;16;17;18;19;20;21;22;23;24;25;26;27;28;29;30;31;32;33;34;35;36;37;38;39;40;41;42;43;44;45;46;47;48;49;50;51;52;53;54;55;56;57;58;59;60;61;62;64;65;66;67;68;69;70;71;72;73;74;75;76;78;79;82;83;84;85;87;88;89;90;91;92;93;94;95;96;97;99;100,100
A0A2G5PCS5,0.15384615384615385,6;13,13,3.249821388721466,0.8965021761593254,0.36,5;7;9;10;13;17;19;21;25;31;32;35;36;37;40;43;47;51;55;65;67;70;73;75;77;78;82;83;84;85;86;88;91;93;97;100,100
A0A2G5PN19,0.17307692307692307,7;12;16;24;29;31;34;35;52,52,2.609993648529053,1.2196256324491135,0.1,5;11;46;53;56;57;60;62;71;76,100
A0A2G8B7A9,0.2962962962962963,3;4;8;9;11;12;17;19;21;30;37;40;41;42;50;52,54,2.234257132411003,1.1553223433850839,0.83,1;2;3;4;5;6;7;8;9;10;12;13;14;15;16;17;19;20;23;25;26;27;28;29;30;33;34;35;36;37;38;39;40;41;42;44;45;46;47;48;49;50;51;52;53;54;55;56;57;58;59;60;61;62;63;64;65;66;68;71;72;73;74;75;77;78;79;80;81;82;83;84;88;89;90;92;93;94;95;97;98;99;100,100
A0A2I2L057,0.1,12;15;18;19;32;34,60,2.2090199476480485,1.1323347615687824,0.09,10;35;52;68;69;70;92;94;97,100
A0A2K4Y436,0.5689655172413793,2;3;4;5;7;9;10;11;12;13;15;16;18;21;22;25;26;27;30;31;33;35;36;39;41;44;46;47;49;51;53;56;57,58,2.2461872828006744,1.0466253267149122,0.95,1;2;3;4;5;6;7;8;9;10;11;12;13;14;15;16;17;18;19;20;21;22;23;24;25;26;27;28;29;30;31;32;33;36;37;38;39;40;41;42;43;44;45;46;47;48;50;51;52;53;54;55;56;57;58;59;60;61;62;63;64;65;66;67;68;69;70;71;72;73;74;75;76;77;78;79;80;81;82;83;84;85;86;87;88;90;91;92;94;95;96;97;98;99;100,100
A0A2K4Y9B3,0.24444444444444444,2;3;7;10;15;16;24;38;41;42;45,45,2.5256042367219926,1.2127225344200088,0.38,1;2;4;6;8;9;10;11;16;19;20;21;22;28;29;35;38;41;43;44;46;47;49;50;54;56;58;65;68;69;71;75;78;81;83;84;92;93,100
A0A2K4YB08,0.29310344827586204,3;4;6;7;9;16;19;23;27;28;31;35;36;41;46;52;58,58,2.1388420432806017,1.1960412883260951,0.02,21;94,100
A0A2K4YB80,0.75,1;2;4;5;7;9;10;11;12;13;14;15;16;19;20;21;22;23;24;25;26;30;31;32;33;34;36;38;39;40,40,2.6712896597385405,1.1734194105803517,0.9,1;2;3;4;6;7;8;9;10;11;12;13;14;16;17;18;19;20;21;22;23;24;25;26;27;28;29;30;31;32;33;34;35;37;38;39;40;41;42;43;45;46;47;48;49;50;51;52;53;54;55;56;57;59;60;62;63;64;65;66;67;68;70;71;72;74;75;77;78;79;80;82;83;84;85;86;87;88;89;90;91;92;93;94;95;96;97;98;99;100,100
A0A2N3VL42,0.38596491228070173,4;11;12;13;15;16;17;18;22;25;27;29;30;32;36;39;42;44;45;50;53;57,57,2.2357270878553392,1.338067069726054,0.95,1;2;3;4;5;6;7;8;9;10;11;12;13;14;15;16;17;18;19;20;21;22;23;24;25;26;27;28;29;30;31;32;33;34;35;36;37;38;39;40;41;42;43;44;45;46;47;49;50;51;52;53;54;55;56;58;59;60;61;62;63;64;65;66;67;68;69;70;71;72;73;74;76;77;78;79;80;81;82;83;84;85;87;88;89;90;91;92;93;94;95;96;98;99;100,100
A0A2N8P9Q2,0.625,1;8;10;11;12;14;15;16;17;18;21;22;26;27;28;30;32;33;34;35;36;37;38;40;41;42;43;44;46;48,48,2.568017730116844,1.2610197157041443,0.98,1;2;3;4;5;6;7;8;9;10;11;12;13;14;15;16;17;18;19;20;21;22;23;24;25;26;27;28;29;30;31;32;33;34;36;37;38;39;40;41;42;43;44;45;46;47;48;49;50;51;52;53;54;55;56;57;58;59;61;62;63;64;65;66;67;68;69;70;71;72;73;74;75;76;77;78;79;80;81;82;83;84;85;86;87;88;89;90;91;92;93;94;95;96;97;98;99;100,100
A0A2S6AAE1,0.017857142857142856,45,56,2.4579484301805494,1.3023576023293424,0.02,43;89,100
A0A2S8BGN3,0.3870967741935484,2;10;11;13;15;17;18;19;23;26;28;31,31,2.8437490272521972,1.0040603648823605,0.86,1;2;3;4;5;6;7;8;9;10;11;12;13;15;16;17;18;19;21;22;25;27;28;29;32;33;34;35;36;37;38;39;40;41;42;43;44;45;46;47;48;49;51;52;54;55;56;58;59;60;61;62;63;64;65;66;67;68;69;70;71;72;73;74;77;78;79;80;81;82;83;84;85;86;87;89;91;92;93;94;95;96;97;98;99;100,100
A0A2T2Z8U3,0.5692307692307692,2;4;5;6;7;8;10;11;12;13;14;16;18;20;22;23;24;25;26;28;29;30;33;37;38;39;40;42;43;44;47;50;51;56;59;63;65,65,2.062530766129494,1.2766810756034168,0.56,2;3;6;7;8;12;15;18;23;24;25;27;28;32;34;35;37;39;40;42;45;46;47;48;49;50;51;55;56;57;58;60;62;63;66;69;71;72;73;75;76;77;78;79;80;81;82;87;89;90;91;92;96;97;98;99,100
A0A2U3N8I6,0.3103448275862069,1;2;6;9;11;13;15;16;21;23;24;26;28;36;39;43;45;55,58,2.1807770252227785,1.3243513985944186,0.07,5;11;51;59;71;83;90,100
A0A2U3NPT1,0.7142857142857143,1;3;4;5;6;8;9;10;11;13;15;16;17;19;20;21;22;23;24;25;26;28;29;31;32;33;34;35;36;37;38;41;42;43;44;45;46;47;48;49;50;57;58;59;63,63,2.098456522226334,1.013347119070183,0.69,1;2;3;4;5;6;7;8;9;11;12;13;14;15;16;17;18;20;21;22;24;25;26;27;29;31;33;34;35;36;37;38;39;40;43;47;49;50;51;53;54;57;58;59;60;61;62;64;65;68;70;71;72;74;75;76;78;79;83;84;85;86;87;89;90;91;93;99;100,100
A0A2U3P0N3,0.32727272727272727,2;3;6;7;9;11;12;18;19;21;30;31;32;35;41;44;48;54,55,2.2363729947805404,1.2683849660175663,0.09,13;22;30;50;64;65;69;73;93,100
A0A2U3P697,0.28846153846153844,1;3;4;6;9;11;14;15;18;24;31;33;47;49;50,52,2.2814418727159502,1.1603952638384554,0.55,1;4;5;6;10;11;13;14;15;16;17;18;19;21;23;24;27;28;30;34;36;38;39;40;42;44;45;47;48;49;51;52;55;56;57;58;60;61;63;65;66;69;70;72;75;76;77;78;83;86;87;90;91;95;100,100
A0A2U3PHP0,0.15384615384615385,5;18;21;24;29;32,39,2.776154247522354,1.1457511297763903,0.34,3;4;8;10;11;19;25;30;37;38;40;42;54;57;58;62;64;65;66;69;71;73;74;75;76;80;83;84;90;92;93;95;96;97,100
A0A2U9PQ99,0.65,1;2;5;7;8;11;12;13;15;17;18;19;20,20,3.0558653247356413,1.0042262321567443,0.72,1;2;3;4;5;7;8;9;10;14;15;16;18;21;24;27;28;29;30;32;33;36;37;38;39;40;41;42;43;44;45;46;48;49;50;51;52;56;57;58;59;60;61;62;63;64;65;68;69;70;71;73;74;75;76;78;79;80;82;83;85;86;87;88;89;91;92;96;97;98;99;100,100
A0A2U9PXP1,0.25396825396825395,4;15;18;21;23;29;35;38;43;48;53;54;55;59;60;63,63,2.083229217529297,1.05474843401701,0.79,1;2;3;4;5;6;7;8;9;10;11;12;13;14;15;16;17;18;19;20;21;22;23;24;26;27;28;29;30;31;32;33;34;35;36;37;38;39;41;42;43;44;45;50;51;53;54;55;56;57;59;60;62;64;66;67;68;69;70;73;75;76;77;78;79;80;83;84;85;87;88;89;92;94;95;96;97;99;100,100
A0A317N4Q8,0.3559322033898305,4;5;6;8;16;17;20;23;27;34;35;36;40;42;45;46;50;52;53;54;57,59,2.1945554131269454,1.3208245900288662,0.7,1;2;3;4;5;6;7;8;9;10;11;13;15;16;17;19;20;22;23;25;26;28;29;30;31;33;34;36;38;39;41;42;43;44;45;46;47;49;50;52;55;56;57;58;60;62;64;66;67;68;69;71;73;74;75;76;78;79;80;81;82;83;84;86;87;88;89;90;91;95,100
A0A318HI90,0.20512820512820512,3;6;7;10;12;20;26;33,39,2.6941841155290605,1.2674507035804954,0.02,61;70,100
A0A318JQK2,0.3829787234042553,3;4;8;9;12;16;17;19;23;24;27;28;29;30;32;33;38;42,47,2.663329325914383,1.2674192557735577,0.67,2;3;4;5;6;7;8;9;10;12;13;14;15;16;18;19;20;22;23;24;25;28;29;30;31;32;33;34;35;38;39;42;44;46;48;49;51;52;53;55;56;62;64;65;67;69;71;72;73;74;76;77;78;79;82;83;85;87;90;91;92;94;95;96;97;98;99,100
A0A318JYA7,0.2222222222222222,6;10;13;20;24;25,27,2.8635299503803253,1.0758378039987626,0.21,8;10;12;13;27;45;48;49;52;55;61;64;67;69;71;82;88;92;93;96;100,100
A0A318K9K9,0.39655172413793105,2;4;5;6;7;8;9;10;11;13;20;21;23;26;29;30;33;35;39;42;49;50;54,58,2.1457754558324815,1.1871976292099569,0.25,2;3;13;14;19;20;24;26;28;30;34;35;37;41;45;48;49;53;55;56;60;76;92;93;99,100
A0A329K2Y4,0.3225806451612903,2;3;4;9;10;13;23;25;28;29;30;35;36;37;42;49;53;54;56;60,62,2.0669484084844587,1.2525125623573907,0.95,1;2;3;4;5;6;7;8;9;10;11;12;13;14;15;16;17;18;19;20;21;22;23;24;25;26;28;29;30;31;32;33;34;35;36;37;38;39;41;42;43;44;45;46;47;48;49;50;51;52;53;54;55;56;57;58;59;60;61;62;63;64;65;66;67;68;69;70;71;72;73;74;75;76;78;79;80;81;82;83;84;85;86;87;89;90;91;92;94;95;96;97;98;99;100,100
A0A329KGE0,0.2391304347826087,7;11;12;24;32;33;35;36;39;45;46,46,2.6013025856018066,1.197124790467447,0.83,1;2;3;4;5;6;7;8;9;10;11;12;13;14;15;16;17;18;19;20;21;23;24;25;26;27;28;29;30;31;32;33;34;35;36;37;38;39;40;41;42;43;44;45;47;48;50;51;52;53;54;55;56;58;59;60;61;62;63;64;65;67;69;71;74;75;77;78;79;80;82;83;84;85;87;88;90;91;93;95;98;99;100,100
A0A329KUN3,0.4411764705882353,1;2;3;4;5;6;7;8;19;23;28;30;31;32;33,34,2.797208689451218,1.1238417497296558,0.44,1;3;7;8;9;10;13;14;19;20;21;23;24;27;28;29;30;31;32;33;34;35;36;37;42;47;48;50;51;56;57;59;65;67;69;73;76;78;79;83;84;90;95;97,100
A0A329LAU5,0.5510204081632653,1;3;4;5;6;7;8;9;10;12;13;17;18;21;23;24;28;32;35;36;37;38;39;42;44;47;49,49,2.4388566708564756,1.2621385563279275,0.23,4;6;8;11;14;15;23;24;25;36;39;42;46;49;54;60;61;65;76;78;79;93;96,100
A0A329M492,0.2807017543859649,1;11;12;16;24;25;27;31;33;34;38;40;43;45;48;56,57,1.9925591725111007,0.8970688605340631,0.89,1;2;3;4;5;6;7;8;9;10;11;12;13;14;15;16;17;18;20;21;22;23;24;25;26;27;28;29;30;31;32;33;34;35;36;37;38;39;41;42;43;44;45;46;47;48;49;50;51;52;53;55;56;57;58;59;60;61;62;63;66;67;68;69;70;71;72;73;74;75;78;80;81;82;83;85;86;87;88;89;90;91;94;95;96;97;98;99;100,100
A0A345I2A9,0.17647058823529413,3;10;14;19;23;27;38;39;43,51,2.4045615303516388,1.375579694025284,0.41,2;3;4;6;7;10;13;15;21;22;23;25;26;27;30;31;34;37;38;43;46;49;50;53;54;56;58;59;66;67;68;71;73;76;78;80;83;85;90;92;93,100
A0A370HAX8,0.14285714285714285,23;29;36;44;45;47;48,49,2.5261783355474474,1.280156283132599,0.39,1;8;12;15;17;18;23;27;30;31;34;35;44;45;46;47;50;51;54;57;61;63;64;65;67;68;69;72;74;75;79;80;82;88;90;91;92;96;100,100
A0A370I000,0.2391304347826087,2;4;16;21;23;26;27;29;35;36;38,46,2.522127987742424,1.1508651088320385,0.11,1;7;23;29;32;36;41;62;67;71;87,100
A0A370I008,0.42857142857142855,2;3;7;9;10;12;14;16;17;19;20;21;22;24;25;26;32;35;40;41;44;46;47;51,56,2.1925405555963517,1.111698863449344,0.4,2;5;8;9;11;12;14;17;19;20;26;28;29;32;34;35;38;39;40;44;47;50;52;53;55;56;60;62;67;72;73;75;76;77;84;86;90;93;96;98,100
A0A373A3G8,0.4915254237288136,1;4;5;6;10;16;18;21;25;26;28;30;31;32;33;34;35;36;37;39;40;41;42;43;45;49;53;55;56,59,1.9726431810855865,1.0803449992896534,0.66,1;2;3;4;5;7;8;9;10;11;12;13;15;16;17;18;19;20;23;26;27;29;31;32;33;34;35;36;37;38;39;40;42;44;45;47;48;49;52;53;56;57;58;59;61;62;63;64;65;69;70;71;72;77;81;83;84;86;87;91;92;93;95;97;98;100,100
A0A375YKM9,0.24324324324324326,1;3;7;15;19;31;33;34;35,37,2.6708331942558288,0.9857528541479246,0.23,1;2;3;6;16;25;29;37;38;40;41;47;55;65;72;73;80;88;91;95;98;99;100,100
A0A375Z3F8,0.39622641509433965,3;4;5;10;11;12;13;18;19;21;23;27;31;32;33;38;40;42;44;46;49,53,2.3325855880975723,1.3300530531372086,0.33,3;4;7;10;11;13;14;17;20;22;28;40;46;49;54;57;59;60;61;62;64;66;67;73;81;85;86;88;89;91;92;97;100,100
A0A378T271,0.4375,1;2;3;6;7;11;13,16,3.165992592573166,1.0165971045976803,0.12,18;27;56;57;59;62;70;71;74;77;84;98,100
A0A378T283,0.5272727272727272,1;4;5;7;8;9;10;11;12;13;14;17;18;19;20;21;25;30;32;34;35;38;40;42;44;46;49;50;52,55,2.2414462089538576,1.2087665619160077,0.31,1;5;7;9;16;21;26;28;29;30;34;35;48;50;54;55;56;61;63;67;68;72;74;77;82;85;87;88;89;90;91,100
A0A378TAR8,0.18181818181818182,4;12;19;21;25;33;34;36,44,2.6029032480716707,1.3790448125929018,0.74,1;2;3;4;5;6;7;9;11;12;14;15;16;17;19;20;21;22;23;25;26;27;28;29;30;31;33;35;36;37;39;40;41;42;45;46;48;49;50;51;54;55;56;58;59;60;61;62;64;65;67;68;69;70;73;74;75;76;78;80;81;84;87;88;89;90;91;93;94;95;96;97;99;100,100
A0A378UBH7,0.8222222222222222,2;3;4;5;6;7;8;9;10;11;12;13;14;15;16;17;18;19;21;22;23;24;25;26;27;28;29;30;31;32;33;35;36;37;38;42;44,45,2.5417825639247895,1.193502926349908,0.8,1;2;3;5;6;7;8;9;10;11;12;13;14;15;16;17;18;19;20;21;22;24;26;27;28;29;30;31;32;33;34;35;36;37;38;39;40;41;42;43;44;45;46;47;50;51;52;53;55;56;58;59;60;62;63;64;65;66;67;68;69;70;72;73;74;75;77;78;80;81;82;83;84;85;86;87;89;91;95;96,100
A0A378WN66,0.4090909090909091,9;12;13;16;18;22;24;25;27;28;30;31;32;33;35;39;40;44;46;47;51;53;54;56;60;65;66,66,2.027313452363014,1.100748369592323,0.37,2;4;9;11;13;14;17;18;20;27;28;32;37;45;48;49;52;53;56;57;58;59;66;69;74;76;80;81;86;87;89;90;92;93;97;99;100,100
A0A378YSF8,0.4406779661016949,1;5;11;12;17;22;26;28;29;30;31;35;36;37;38;39;40;42;43;44;45;46;47;52;53;55,59,2.198865998983383,1.3354535850377018,0.35,4;8;12;18;19;21;23;24;25;26;27;28;30;32;37;40;45;50;51;52;54;55;56;62;63;64;68;69;78;79;80;81;91;95;96,100
A0A386ZPG1,0.09615384615384616,34;37;47;50;51,52,2.377765285372734,1.4346329356145564,0.94,1;2;3;4;5;6;7;8;9;10;11;12;13;14;15;16;17;18;19;20;21;22;23;24;25;26;27;28;29;30;31;32;33;34;35;36;37;38;39;40;41;42;43;44;45;46;47;48;49;50;51;52;53;54;55;56;57;58;59;61;62;63;64;65;66;67;68;69;70;71;72;73;74;75;76;78;79;81;82;83;84;85;86;87;88;89;90;91;92;93;94;96;97;98,100
A0A3A4K4S5,0.21212121212121213,8;10;11;17;23;24;28;31;35;38;41;49;52;60,66,1.9440572625398636,1.1966288220949428,0.48,1;2;3;7;8;9;14;15;18;20;21;22;23;28;29;32;33;34;36;37;39;41;43;44;46;47;48;50;51;52;53;55;63;66;68;69;70;74;78;82;83;86;90;92;93;94;95;99,100
A0A3E1HFK0,0.6595744680851063,1;2;3;4;5;6;8;9;10;12;13;14;16;17;18;20;21;23;25;26;29;30;31;34;36;39;40;41;43;44;45,47,2.5734657502174376,1.242183728963441,0.8,1;2;3;5;6;7;8;9;10;11;13;14;15;16;19;21;22;24;25;26;27;28;30;31;32;33;34;35;36;37;38;39;40;41;43;44;45;46;47;48;49;50;52;53;54;55;56;57;60;61;62;64;65;68;69;70;71;72;73;74;75;76;77;78;80;81;82;83;85;86;87;88;89;90;92;94;95;96;97;99,100
A0A3M2L4P9,0.17647058823529413,5;12;27;31;33;35;36;41;51,51,2.3249243038892744,1.1857905411501681,0.19,4;8;14;15;16;19;22;29;37;55;56;59;62;67;72;83;85;92;99,100
A0A3M2LDY9,0.2857142857142857,2;3;10;13;14;17;18;20;25;32;35;37;38;41;49;50,56,2.334356194138527,1.1133774860761698,0.5,2;3;5;6;7;8;10;12;17;20;24;25;27;28;29;33;36;37;39;40;41;44;49;50;52;56;60;62;63;65;67;71;73;74;76;77;78;79;80;83;84;85;86;88;91;92;95;96;98;99,100
A0A3Q9KMK0,0.05263157894736842,5;23;45,57,2.2156045055389404,1.2466663136312615,0.03,16;46;81,100
A0A3S3ZSH2,0.1,4;19;28;32;45,50,2.484760785102844,1.2405841655981513,0.03,13;50;69,100
A0A3S4RS92,0.14814814814814814,3;7;11;17;22;25;26;39,54,2.1904653841257096,1.129221336053296,0.11,26;35;37;44;53;56;58;62;71;84;97,100
A0A401VU81,0.5833333333333334,2;5;6;7;8;14;15;17;19;20;21;22;23;25;26;28;29;30;31;34;36,36,2.8384991312026977,1.1186000586749192,1.0,1;2;3;4;5;6;7;8;9;10;11;12;13;14;15;16;17;18;19;20;21;22;23;24;25;26;27;28;29;30;31;32;33;34;35;36;37;38;39;40;41;42;43;44;45;46;47;48;49;50;51;52;53;54;55;56;57;58;59;60;61;62;63;64;65;66;67;68;69;70;71;72;73;74;75;76;77;78;79;80;81;82;83;84;85;86;87;88;89;90;91;92;93;94;95;96;97;98;99;100,100
A0A401YDY7,0.07246376811594203,15;22;26;42;60,69,1.957863100171089,1.2385276142202293,0.0,,100
A0A401YST3,0.26229508196721313,4;16;21;26;30;33;35;36;38;42;47;48;51;52;53;57,61,2.089513442516327,1.1358891249653158,0.49,2;5;8;9;10;11;14;16;18;19;21;22;25;28;29;30;31;32;34;35;37;38;40;41;44;45;46;50;51;54;59;62;66;69;70;71;72;73;76;77;78;82;87;89;94;95;96;99;100,100
A0A421AW77,0.5454545454545454,2;3;4;5;6;9;10;11;14;16;17;18;20;25;26;27;28;33,33,2.587903996706009,0.923863585387306,0.67,1;2;3;4;5;6;8;9;13;14;15;16;18;19;21;24;25;26;27;28;30;32;33;35;36;38;39;40;41;42;43;44;45;46;47;49;50;51;52;53;56;57;58;60;61;66;68;69;70;71;72;73;74;76;79;80;81;83;85;86;90;91;92;93;94;95;98,100
A0A426SF14,0.34782608695652173,3;4;6;7;8;9;11;12;13;14;18;20;27;29;32;37,46,2.437962292432785,1.2836760317643527,0.26,1;2;3;4;7;8;9;11;14;15;18;21;23;26;27;32;37;39;42;44;50;62;74;83;88;97,100
A0A438ATK5,0.6346153846153846,1;2;3;5;6;7;8;9;10;11;12;13;14;17;19;20;22;28;30;31;33;34;35;36;37;38;39;41;43;44;47;48;52,52,2.223842061758041,0.8853510374189119,0.77,1;2;3;4;5;6;7;8;9;10;11;12;13;15;16;17;19;20;22;23;25;26;27;29;30;31;32;34;36;37;38;39;40;42;43;44;45;46;47;48;49;50;52;55;57;59;60;61;62;63;65;66;67;68;69;71;72;73;74;75;76;78;79;81;82;85;88;89;90;92;94;95;96;97;98;99;100,100
A0A438AUV2,0.18,1;2;6;7;15;19;25;27;28,50,2.467610820531845,1.1683338394619411,0.09,39;44;46;50;66;76;85;87;96,100
A0A447GD36,0.0,,49,2.5215371096134187,1.1965449353800832,0.0,,100
A0A449GAD2,0.1206896551724138,1;4;6;15;16;24;30,58,2.251404093503952,1.2565377030592926,0.02,7;69,100
A0A498PZU2,0.6851851851851852,1;2;3;5;6;8;9;11;13;15;16;17;18;20;21;22;24;25;26;27;29;30;32;34;36;37;38;39;42;43;45;46;47;50;51;52;54,54,2.2850070559978484,1.225060639806423,0.93,1;2;3;4;5;6;7;8;9;10;11;12;13;14;15;16;17;18;19;20;21;22;23;24;25;26;27;28;29;30;31;32;33;35;36;37;38;39;40;42;43;44;45;46;47;50;51;53;54;55;56;57;58;59;60;61;62;63;64;65;66;67;68;69;70;71;72;73;74;75;76;77;78;79;80;81;82;83;84;85;86;87;88;89;90;92;93;94;95;97;98;99;100,100
A0A498PZZ1,0.021739130434782608,38,46,2.5010873329639436,1.316314242273015,0.0,,100
A0A498QQD7,0.7636363636363637,3;4;5;6;7;8;9;10;11;12;13;14;15;16;17;18;19;20;21;22;23;24;25;26;27;29;31;32;34;36;37;38;39;40;42;44;45;46;51;52;53;54,55,2.3613693398237228,1.388540257214322,0.71,1;2;3;4;6;7;9;10;11;12;13;14;15;18;19;21;23;25;26;27;28;29;30;31;32;34;35;36;37;38;41;42;43;44;45;47;49;50;51;52;54;55;57;58;59;60;62;63;64;65;67;69;70;71;72;73;74;75;76;78;83;85;88;89;90;91;92;93;94;95;99,100
A0A4Q7KNW3,0.4057971014492754,2;3;8;9;11;16;20;21;22;24;25;32;33;34;35;36;40;41;45;51;52;56;57;58;61;62;63;67,69,1.8300629597902298,1.0870440297542054,1.0,1;2;3;4;5;6;7;8;9;10;11;12;13;14;15;16;17;18;19;20;21;22;23;24;25;26;27;28;29;30;31;32;33;34;35;36;37;38;39;40;41;42;43;44;45;46;47;48;49;50;51;52;53;54;55;56;57;58;59;60;61;62;63;64;65;66;67;68;69;70;71;72;73;74;75;76;77;78;79;80;81;82;83;84;85;86;87;88;89;90;91;92;93;94;95;96;97;98;99;100,100
A0A4Q9HZT3,0.25,4;5;11;17;20;23;25;28;35;38;42;45;48;50,56,2.1998978734016417,1.2117170435786926,0.38,3;5;6;8;11;12;13;14;16;17;19;20;21;28;31;34;39;40;41;43;45;46;51;53;55;56;57;58;59;61;68;69;72;81;86;90;92;94,100
A0A4R1FSR2,0.32786885245901637,1;5;6;7;22;23;25;28;30;32;33;39;41;48;50;51;52;53;57;58,61,2.1616821986436845,1.2712618453986666,0.43,1;2;5;8;9;13;15;16;17;18;21;23;25;26;27;31;32;35;37;38;40;41;42;45;47;53;54;55;56;59;62;63;64;73;75;78;83;85;87;89;91;98;100,100
A0A4R1FWD7,0.014285714285714285,44,70,1.8969726061820984,1.1155588467804818,0.13,1;7;13;20;33;43;60;63;64;65;68;97;98,100
A0A4R5PD40,0.582089552238806,1;6;10;11;13;15;17;18;19;20;22;23;26;27;28;29;31;33;34;36;37;38;39;40;42;43;45;46;47;50;51;54;56;57;58;59;61;63;67,67,1.8795423090457917,1.2569278174941658,0.67,1;2;3;9;10;11;12;13;14;16;17;18;19;20;23;24;25;26;29;34;35;36;38;39;40;41;42;44;46;47;49;50;51;53;54;55;56;57;59;60;62;63;66;67;68;69;70;71;73;74;77;78;80;81;84;85;86;87;88;89;92;93;94;96;97;99;100,100
A0A4R5PF75,0.3559322033898305,5;6;8;12;14;15;17;19;22;23;24;26;29;32;42;43;47;49;50;56;59,59,2.122284868955612,1.1222840237761267,0.94,1;2;3;4;5;6;7;8;10;11;12;13;14;15;16;17;18;19;20;21;22;23;24;25;26;27;28;29;30;31;32;33;34;35;36;37;38;39;40;42;43;44;46;47;48;49;50;51;52;54;55;56;57;58;59;60;61;62;63;64;65;66;67;68;69;70;71;72;73;74;75;76;77;78;80;81;82;83;84;85;86;87;88;89;90;91;92;93;95;96;97;98;99;100,100
A0A4R5WK74,0.2,10;18;21;23;24;27;28;33,40,2.752249339222908,1.255041828733956,0.9,1;2;3;4;5;6;8;9;10;11;12;13;14;15;16;17;18;19;20;21;22;23;25;26;27;28;29;30;31;32;33;34;36;37;38;39;40;41;44;45;46;47;48;49;50;51;52;53;54;55;58;59;60;61;62;63;64;65;66;67;68;69;70;71;73;74;75;76;77;78;80;81;82;83;84;86;87;88;89;90;91;92;93;94;95;96;97;98;99;100,100
A0A4R5WKD4,0.30612244897959184,3;10;16;18;19;22;28;29;32;33;36;37;39;40;43,49,2.595014281868935,1.5322673663637802,0.31,3;7;10;18;20;21;22;23;25;27;31;33;41;46;57;63;66;69;72;73;75;78;80;82;84;86;90;91;98;99;100,100
A0A4R5X5Y0,0.09615384615384616,10;14;22;32;35,52,2.4970923125743867,1.2019846588390157,0.09,5;15;28;31;36;41;47;48;66,100
A0A4R6P566,0.543859649122807,2;5;6;7;8;9;10;12;13;15;16;17;19;21;22;25;29;30;31;33;34;35;42;43;45;46;47;48;49;50;56,57,2.187561078071594,1.2712037554673365,0.75,1;2;3;4;5;6;7;8;9;10;11;12;16;17;18;19;20;21;23;24;26;28;29;30;31;33;35;36;37;38;40;41;43;44;45;46;47;48;49;50;51;52;53;56;57;58;59;64;65;66;67;68;70;71;72;73;74;75;76;77;78;79;80;81;86;87;88;90;93;94;95;96;97;99;100,100
A0A4R7IZC0,0.3709677419354839,6;9;13;15;16;20;21;22;24;25;27;29;31;33;37;38;44;45;46;47;49;51;58,62,2.038630151152611,1.2856961839304593,0.39,2;3;5;6;10;11;12;14;15;19;20;23;25;28;32;33;35;36;37;41;45;46;51;53;54;56;57;59;60;62;63;66;71;74;77;81;87;89;91,100
A0A4R8R2S8,0.19117647058823528,5;14;20;22;25;26;27;30;33;37;47;59;64,68,1.7765066617727279,1.206477430243597,0.15,12;17;19;29;38;40;52;55;60;65;80;86;87;93;98,100
A0A4R8S1E2,0.37037037037037035,3;6;8;13;15;18;19;20;24;28;29;31;34;41;42;47;50;51;53;54,54,2.2771457159519195,1.3320978113791582,0.98,1;2;3;4;5;6;7;8;9;10;11;12;13;14;15;16;17;18;19;20;21;22;23;24;25;26;27;28;29;30;31;32;33;34;35;36;37;38;39;40;41;42;43;44;45;46;47;48;49;50;51;52;53;54;55;56;57;58;59;60;61;62;63;64;65;66;67;68;69;70;71;72;73;74;77;78;79;80;81;82;83;84;85;86;87;88;89;90;91;92;93;94;95;96;97;98;99;100,100
A0A4R8S1L2,0.5185185185185185,3;5;6;9;15;16;17;18;19;21;22;24;26;28;29;30;31;33;34;37;38;39;41;42;44;46;47;52,54,2.2316591042280196,1.0925682428431926,1.0,1;2;3;4;5;6;7;8;9;10;11;12;13;14;15;16;17;18;19;20;21;22;23;24;25;26;27;28;29;30;31;32;33;34;35;36;37;38;39;40;41;42;43;44;45;46;47;48;49;50;51;52;53;54;55;56;57;58;59;60;61;62;63;64;65;66;67;68;69;70;71;72;73;74;75;76;77;78;79;80;81;82;83;84;85;86;87;88;89;90;91;92;93;94;95;96;97;98;99;100,100
A0A4R8S6S5,0.10810810810810811,1;13;14;16,37,2.737788817882538,1.0786999669720743,0.13,11;13;19;38;61;67;68;70;71;74;82;95;96,100
A0A4R8S7U6,0.37142857142857144,1;3;4;5;9;12;13;14;18;19;24;33;34,35,2.951924500465393,1.2603105035201492,0.18,3;16;21;22;28;35;37;42;52;56;59;68;72;75;86;87;88;90,100
A0A4R8S8U4,0.35185185185185186,4;9;10;11;12;15;16;18;29;30;33;34;35;39;40;42;44;45;54,54,2.209566171169281,1.1017360875135787,0.52,1;3;4;5;6;7;8;9;11;12;13;14;17;18;19;20;25;26;27;28;31;32;34;35;43;45;46;47;50;53;54;55;56;60;61;63;64;65;68;69;71;73;74;76;77;81;84;86;88;91;95;96,100
A0A4R8SET2,0.45454545454545453,3;4;6;7;10;12;13;21;22;26;28;30;31;32;33;34;36;38;42;44,44,2.540468209385872,1.0696970002195223,0.86,1;2;3;4;5;6;7;8;9;10;11;12;13;14;15;16;17;18;19;20;21;22;23;24;25;26;27;28;29;30;31;32;33;34;35;36;37;39;40;41;43;44;45;46;47;48;51;52;53;54;55;56;57;58;59;61;62;63;64;65;66;67;68;69;70;72;73;74;75;76;77;78;79;80;81;82;83;84;87;90;91;92;93;95;98;99,100
A0A4R8SIE9,0.3888888888888889,4;6;11;14;15;17;19;22;23;26;27;28;29;37;39;40;41;45;46;53;54,54,2.1811672127246857,1.389896269081393,0.3,3;4;8;10;11;16;17;20;23;24;27;34;38;44;45;49;52;53;54;55;57;63;64;68;75;80;82;95;97;99,100
A0A4R8T0X1,0.27586206896551724,2;4;5;11;19;24;26;27;28;34;35;36;50;52;53;54,58,2.1340939795970915,1.2172073789853968,0.65,1;3;4;5;6;7;9;10;11;12;14;16;17;19;20;21;22;23;24;25;26;27;28;29;30;31;32;33;35;37;38;39;41;42;43;45;48;49;51;52;53;55;57;60;61;62;63;64;66;69;70;71;73;74;75;77;79;80;81;85;87;88;92;95;97,100
A0A4U8W070,0.8076923076923077,1;3;4;5;7;8;9;10;12;13;15;16;17;18;19;20;21;22;23;24;25;26;28;29;30;31;35;36;37;38;39;40;42;43;44;45;46;48;49;50;51;52,52,2.281494174003601,1.1252430777592968,0.92,1;3;4;5;6;7;8;9;10;11;12;13;14;15;16;17;18;19;20;21;22;23;24;25;26;27;28;29;30;31;32;33;34;35;36;37;38;39;40;41;42;43;44;45;46;47;49;50;51;52;53;54;55;56;57;60;61;62;63;66;67;68;69;70;71;72;73;74;75;76;77;78;79;80;81;82;83;84;85;86;87;88;89;91;92;93;94;95;96;97;98;100,100
A0A4V3HUY3,0.6271186440677966,2;3;5;6;7;12;14;17;19;21;23;24;25;26;27;28;29;30;33;35;36;37;38;39;40;43;44;45;46;47;48;51;52;55;56;58;59,59,2.197457059621811,0.9465851412889893,1.0,1;2;3;4;5;6;7;8;9;10;11;12;13;14;15;16;17;18;19;20;21;22;23;24;25;26;27;28;29;30;31;32;33;34;35;36;37;38;39;40;41;42;43;44;45;46;47;48;49;50;51;52;53;54;55;56;57;58;59;60;61;62;63;64;65;66;67;68;69;70;71;72;73;74;75;76;77;78;79;80;81;82;83;84;85;86;87;88;89;90;91;92;93;94;95;96;97;98;99;100,100
A0A4V3I141,0.7090909090909091,1;2;3;4;5;6;7;8;9;10;11;12;13;14;15;16;17;18;19;20;22;24;28;30;33;34;35;36;38;40;42;45;46;47;48;50;51;53;55,55,2.1373721092939375,1.3800814576173681,0.96,1;2;3;4;5;6;7;8;9;10;11;12;13;14;15;16;17;18;19;20;21;22;23;24;25;26;27;28;29;30;31;32;33;34;35;36;37;38;39;40;41;42;43;44;45;46;47;48;49;50;51;52;53;54;55;56;57;58;59;60;61;62;63;64;65;66;67;69;70;71;72;74;75;76;77;78;79;80;82;83;84;85;86;87;88;89;90;91;92;93;94;95;96;97;99;100,100
A0A4Z0HM23,0.39622641509433965,4;6;10;16;17;18;19;23;24;26;27;32;33;36;39;47;48;49;51;52;53,53,2.39633403301239,1.202528415976004,0.75,2;4;6;7;9;10;11;12;13;14;15;16;17;19;20;21;22;23;26;29;30;31;32;33;34;35;36;37;38;39;41;42;43;44;45;46;47;48;49;52;55;56;57;58;59;60;61;63;64;66;67;68;69;70;72;73;74;75;76;77;79;80;82;83;84;87;88;89;90;91;92;93;96;99;100,100
A0A4Z0HRY8,0.4666666666666667,1;3;5;6;8;9;10;11;12;13;16;17;20;21;22;26;29;31;35;36;39;40;45;48;50;52;53;56,60,2.2026251447200775,1.1897211396035043,0.31,4;8;10;11;15;16;18;21;26;29;31;37;38;39;43;54;56;59;69;70;72;74;76;80;83;84;86;87;94;95;99,100
A0A4Z0HSE6,0.16666666666666666,3;14;21;22;23,30,3.081833003759384,1.1709945313024324,0.13,24;25;28;32;54;66;68;77;84;87;89;91;93,100
A0A4Z0LXD8,0.6153846153846154,1;3;5;7;9;10;12;13;14;15;16;17;21;22;23;24;27;28;29;31;32;33;35;36;37;40;41;42;44;45;50;51,52,2.4796881699562072,1.2755725711995354,0.84,1;2;3;4;5;6;7;8;9;10;12;13;14;15;16;17;18;19;20;21;22;23;24;25;26;27;28;29;30;31;32;33;34;35;36;37;38;39;40;41;42;44;47;49;50;51;53;54;55;57;58;59;60;61;64;65;66;67;68;69;70;72;73;74;78;79;80;81;83;84;85;86;87;88;89;90;91;92;93;96;97;98;99;100,100
A0A502EC16,0.030303030303030304,7,33,2.9696542274951936,1.2465904792763478,0.11,1;3;7;10;20;27;28;46;49;53;98,100
A0A511M4D4,0.4067796610169492,10;13;14;15;21;22;23;24;26;31;32;34;36;37;38;42;44;49;50;51;52;53;55;57,59,2.200061715841293,1.330248760829515,0.89,1;2;3;4;5;6;7;8;9;10;11;12;13;14;15;16;17;18;19;20;21;22;23;24;25;26;27;28;30;31;33;34;35;36;37;38;39;41;42;43;44;45;46;47;48;49;50;51;52;53;54;55;56;57;58;59;60;63;64;65;66;67;68;69;70;71;72;73;75;76;77;79;80;81;82;83;84;85;87;88;90;91;92;93;95;96;97;98;99,100
A0A516NPD0,0.5,1;2;3;7;10;11;14;19;20;21;22;23;24;25;27;30;31;34;36;37;38;39;40;45;46;47;50;52;58;60,60,2.1623643213510513,1.1576313166311654,0.88,1;2;3;4;5;6;7;8;9;10;11;12;13;14;15;16;17;18;19;20;21;22;23;25;26;27;28;29;31;32;33;34;35;36;38;39;40;41;43;44;45;46;47;48;50;51;52;53;54;55;56;57;58;59;60;61;62;64;65;66;67;68;70;71;72;73;75;76;77;78;79;80;81;82;84;86;87;88;89;90;92;93;94;95;97;98;99;100,100
A0A542DCL6,0.5098039215686274,1;2;4;9;12;13;15;16;17;20;22;25;26;27;29;30;31;35;40;42;45;46;48;49;50;51,51,2.260619271397591,1.3272319200040577,0.98,1;2;3;4;5;6;7;8;9;10;11;12;13;14;15;16;17;18;19;20;21;22;23;24;25;26;27;28;29;30;31;32;33;34;35;36;37;38;39;40;41;42;43;44;45;46;47;48;49;50;51;52;53;54;55;56;57;58;59;60;61;62;63;64;65;66;67;68;69;70;71;72;73;74;75;76;77;78;79;80;81;82;83;85;86;87;89;90;91;92;93;94;95;96;97;98;99;100,100
A0A542XQI9,0.21568627450980393,4;7;8;12;15;21;36;38;43;46;48,51,2.278574678897858,1.1142176011112463,0.07,18;26;50;61;79;84;97,100
A0A543EXG0,0.1016949152542373,3;21;27;32;38;56,59,2.148949537277222,1.2877339277089344,0.53,1;4;5;6;8;10;11;13;14;15;17;18;21;22;23;24;25;26;28;29;30;32;36;39;40;43;44;45;47;51;54;55;57;58;60;62;63;64;65;67;76;81;82;84;86;87;88;89;92;97;98;99;100,100
A0A544W0X3,0.1875,4;9;16;18;23;25,32,2.896513043642044,1.1056450095989931,0.1,12;22;23;32;60;68;76;89;96;99,100
A0A544W3Y3,0.2647058823529412,2;7;9;10;21;23;28;30;33,34,2.850657920241356,1.282987515519832,0.07,14;20;33;37;75;92;93,100
A0A544W498,0.46938775510204084,3;5;7;11;13;15;18;19;20;21;22;23;27;28;31;34;35;38;42;44;46;48;49,49,2.3888787710666657,0.9831748917164431,0.97,1;2;3;4;5;6;7;8;9;10;11;12;13;14;15;16;17;18;19;20;21;22;23;24;25;26;27;28;29;30;31;32;33;34;35;36;37;38;39;40;41;42;43;44;45;46;47;48;49;50;51;52;53;54;55;56;57;58;59;60;61;62;63;64;65;66;67;68;69;70;71;72;73;75;76;77;78;79;80;81;82;83;84;85;86;87;88;89;90;91;93;94;95;96;97;99;100,100
A0A557XZJ5,0.3508771929824561,1;2;3;4;9;10;11;13;14;15;17;21;22;32;33;38;48;54;55;57,57,2.2412656891345977,1.2589171357368012,0.39,1;2;6;7;9;10;11;15;20;26;28;33;36;38;41;43;44;45;47;49;50;52;53;55;56;57;59;61;67;71;76;81;83;88;89;91;93;95;96,100
A0A561TWL9,0.028985507246376812,13;49,69,1.9214715242385865,1.0569545510778455,0.0,,100
A0A5B1BH70,0.23529411764705882,2;4;5;15;18;27;29;30;31;34;36;47,51,2.4229834479093553,1.4103373400990686,0.66,1;2;4;6;7;8;9;10;11;12;13;14;16;18;19;21;22;24;25;26;27;28;29;30;33;34;37;38;40;42;44;47;48;49;50;51;52;54;56;57;58;59;61;62;66;68;69;71;73;74;75;76;78;79;80;81;88;89;90;91;92;95;96;97;98;100,100
A0A5C7XWH5,0.4745762711864407,1;2;3;4;7;12;13;16;17;18;19;20;21;23;24;25;30;31;33;34;38;40;41;42;43;44;50;52,59,2.171518959403038,1.261130069129594,0.43,2;5;7;9;11;12;13;14;15;16;17;24;26;27;28;31;32;35;36;38;39;41;43;45;46;51;54;55;58;59;60;64;65;66;69;70;74;79;81;82;83;86;89,100
A0A5C7YBR3,0.5609756097560976,3;4;5;7;8;11;13;15;16;17;18;20;21;23;24;25;27;28;29;30;31;37;40,41,2.656672637462616,1.2663878680622704,0.59,1;2;3;4;5;6;7;8;9;10;12;13;15;16;17;18;20;22;25;26;27;31;33;34;36;37;40;41;42;43;46;47;48;49;50;54;55;56;58;59;60;61;63;65;69;71;72;74;75;76;81;82;86;87;90;93;94;96;99,100
A0A5J4LNN8,0.3333333333333333,1;3;6;11;12;13;16;18;19;21;23;36;38;41;42;45;50;51;57;58;60;65,66,1.953224431872368,1.0635788256762666,0.35,3;6;7;17;18;19;20;22;23;24;25;28;31;32;33;35;49;51;53;57;66;67;68;71;73;76;81;82;85;88;91;93;98;99;100,100
A0A5J5JW77,0.44642857142857145,4;5;12;20;21;23;26;27;29;35;36;37;38;39;40;41;43;45;47;48;49;50;51;53;55,56,2.135242384672165,0.9374058977483652,0.79,1;2;3;4;6;7;8;10;12;13;15;16;17;18;19;20;21;22;23;25;26;27;29;30;31;32;37;38;39;41;42;43;44;45;47;48;50;52;53;54;55;56;57;58;59;60;61;63;64;65;66;67;68;69;70;71;72;73;74;75;76;78;79;80;81;86;87;88;89;90;92;93;94;95;96;97;98;99;100,100
A0A5N0E0J5,0.21428571428571427,6;10;14,14,2.888129872083664,0.8814684781217905,0.11,19;36;40;42;44;66;73;87;94;97;98,100
A0A5N0EJT8,0.07575757575757576,21;43;55;58;64,66,2.04610282599926,1.3553433938394568,0.75,1;2;3;4;6;7;8;9;10;11;13;14;15;16;18;19;20;21;22;23;24;25;27;28;29;31;32;33;35;36;37;38;39;40;41;44;45;46;47;49;53;54;55;57;58;59;60;61;62;63;64;67;68;69;72;73;75;76;77;79;80;81;82;83;84;86;87;88;89;92;93;94;95;96;100,100
A0A5N0UWA7,0.6885245901639344,2;3;4;5;6;7;8;9;10;11;12;14;15;16;19;21;23;24;25;26;31;32;33;34;35;37;39;40;41;42;43;44;46;49;51;52;55;56;57;59;60;61,61,2.2301779848337175,1.3404391902246657,0.83,1;2;3;4;5;8;9;10;11;12;13;14;15;16;17;18;19;21;23;24;25;26;27;28;29;30;32;33;34;35;36;37;38;39;40;41;42;43;44;45;46;47;49;50;51;52;53;54;55;56;57;58;60;61;62;63;69;70;71;72;73;74;75;76;77;78;80;82;83;84;85;87;88;89;90;91;92;93;94;95;96;97;98,100
A0A5N5VEC4,0.02,20,50,2.556844224333763,1.310081494993709,0.01,65,100
A0A5Q5BJ80,0.14545454545454545,1;21;23;29;31;33;39;50,55,2.2815121161937713,1.451397380126076,0.25,3;15;23;25;26;29;30;33;37;40;43;44;46;55;56;60;67;70;79;80;84;89;91;94;96,100
A0A5Q5CFF7,0.5142857142857142,4;5;7;8;9;11;12;14;15;18;21;22;23;27;28;31;34;35,35,2.9107088589668275,1.1812288720839268,0.61,1;4;5;6;8;9;10;12;14;16;17;18;19;20;21;22;23;28;29;30;32;33;34;38;40;43;45;47;48;49;51;52;53;54;55;58;59;62;64;65;66;67;69;70;71;72;73;75;78;79;80;81;85;86;87;88;89;93;95;97;100,100
A0A5R8NPV3,0.5178571428571429,3;4;9;10;11;14;15;17;19;20;21;22;23;24;25;27;28;29;32;34;35;36;39;44;46;47;48;52;54,56,2.1768086302280425,1.0693993739007206,0.53,3;4;6;7;8;10;12;15;16;17;18;19;20;24;25;30;34;35;36;37;38;39;40;41;44;46;47;48;50;53;55;56;58;59;60;62;64;66;70;71;75;77;79;80;81;84;85;88;89;90;91;94;95,100
A0A5R8PAY8,0.15492957746478872,6;11;15;28;36;44;45;52;55;61;66,71,1.916422700881958,1.0884120548344998,0.6,1;2;3;4;5;6;7;8;9;10;11;12;14;16;17;18;19;22;23;24;25;26;27;30;31;32;33;34;38;40;42;47;48;49;54;56;57;58;59;61;65;66;67;71;72;73;74;75;77;78;84;86;88;90;91;92;93;95;97;100,100
A0A5S9NMT1,0.043478260869565216,6;10,46,2.6313942855596544,1.3064190004565022,0.06,13;25;37;42;68;100,100
A0A640SD75,0.0,,56,2.2857848769426345,1.2262863581778565,0.0,,100
A0A640UJM0,0.19672131147540983,3;5;11;14;17;23;25;28;43;48;49;59,61,2.0030443298816683,1.2307012258350178,0.07,9;24;41;66;69;78;93,100
A0A653EJG9,0.4339622641509434,3;8;9;10;11;14;15;16;18;19;20;21;22;24;29;32;36;42;43;45;47;49;51,53,2.3344356060028075,1.385439692302905,0.49,1;2;4;7;10;11;12;13;14;15;16;17;18;20;21;22;23;25;27;28;30;31;34;36;38;39;43;50;51;54;55;56;58;60;62;63;66;68;74;78;85;86;88;89;90;94;95;99;100,100
A0A653FAQ0,0.7142857142857143,2;3;4;5;7;8;10;11;12;14;15;16;17;18;20;22;23;25;27;28,28,2.828275114297867,0.9599629346507305,0.75,1;2;5;7;8;10;11;13;14;15;16;17;19;20;22;24;25;27;28;30;31;32;33;34;38;39;40;41;42;43;44;45;47;48;50;53;54;56;57;59;60;61;62;63;65;66;67;68;69;70;71;72;73;74;75;76;77;78;80;82;83;84;85;86;89;90;91;92;93;94;95;96;98;99;100,100
A0A653FCI4,0.16279069767441862,8;13;19;22;23;34;38,43,2.620845444202423,1.2106565578484458,0.46,1;6;8;12;14;16;17;18;19;20;21;22;24;26;33;36;38;39;41;45;47;51;53;54;57;62;63;64;65;66;68;69;70;71;72;74;78;79;81;83;85;89;91;94;97;99,100
A0A6A0AQ11,0.2641509433962264,7;11;13;22;27;29;30;31;33;35;36;40;43;52,53,2.2913904929161073,1.0131820840255954,0.67,1;2;7;8;12;13;14;15;19;25;26;27;29;31;32;33;34;35;37;39;40;41;42;43;45;46;47;48;50;52;53;54;55;57;58;59;60;61;62;63;64;65;67;69;70;71;74;75;76;77;78;79;80;81;82;83;85;88;89;90;91;92;95;96;97;99;100,100
A0A6G3SLA6,0.15,3;18;23;24;35;39;44;47;54,60,2.2603868371248246,1.1945356943856766,0.48,2;3;4;5;7;8;9;10;12;13;18;19;20;26;28;29;31;32;33;35;40;46;49;51;52;53;54;57;59;62;66;67;72;73;74;75;77;85;86;87;88;89;90;91;92;93;99;100,100
A0A6G4AHJ1,0.4727272727272727,2;3;9;10;13;15;16;17;18;21;25;27;28;30;31;36;37;38;40;43;45;47;48;50;52;54,55,2.3145564091205597,1.1831269933914887,0.61,1;3;4;5;6;7;9;10;13;14;17;18;19;20;21;23;24;25;26;27;28;29;31;33;37;38;39;40;41;43;45;46;48;49;50;52;54;56;58;61;63;66;71;72;73;74;75;78;79;80;81;82;84;87;89;90;91;92;93;94;98,100
A0A6G9XS88,0.03333333333333333,2,30,2.9376556861400602,1.0772228428104071,0.01,27,100
A0A6G9XT36,0.14705882352941177,1;11;13;16;21;36;41;44;53;59,68,1.949967497587204,1.1792417914800875,0.27,1;2;4;13;14;15;17;19;20;26;38;40;50;56;63;64;65;66;68;69;75;76;77;82;86;94;98,100
A0A6G9YM63,0.5714285714285714,1;5;6;7;8;10;11;12;14;17;19;20;21;22;24;26;27;33;35;36;37;38;39;40;42;44;45;46;47;49;55;56;58;60;61;62,63,1.9056973832845687,1.2695909357961233,0.18,24;26;33;47;49;55;59;62;64;66;67;74;77;78;84;90;93;99,100
A0A6G9YNU3,0.14285714285714285,1;6;7;14;35,35,3.0006328397989273,1.4023340943598381,0.55,1;2;3;5;6;9;10;11;14;18;20;22;24;25;26;27;28;30;31;32;33;34;37;39;42;47;48;50;51;52;53;54;56;57;58;62;66;67;68;70;71;72;74;77;78;80;85;86;87;88;90;93;94;95;100,100
A0A6G9Z057,0.2542372881355932,1;6;7;13;23;35;37;38;41;44;48;49;51;52;58,59,2.326048685312271,1.2166667186657063,0.09,19;24;49;56;60;63;71;85;94,100
A0A6G9Z0E6,0.06349206349206349,37;42;51;59,63,2.026015594005585,1.2040725061833009,0.45,2;5;6;9;10;11;12;14;17;18;21;24;26;27;28;30;31;33;35;37;38;40;41;42;43;44;48;53;54;59;60;61;64;70;73;75;76;77;82;85;89;90;94;95;97,100
A0A6G9Z2E5,0.8837209302325582,1;2;4;6;7;8;9;11;12;13;14;16;17;19;20;21;22;23;24;25;26;27;28;29;30;31;32;33;34;35;36;37;38;39;40;41;42;43,43,2.450192666053772,1.1338853226364631,0.88,1;2;3;4;5;6;7;8;9;10;11;12;13;14;15;16;17;18;19;20;21;22;23;25;26;27;28;29;30;31;32;33;34;35;36;38;39;40;41;42;43;44;45;46;47;48;49;52;53;54;55;56;57;58;59;60;62;63;64;65;67;69;70;71;72;73;75;76;78;79;80;81;82;83;84;86;87;88;89;90;91;92;94;95;96;97;98;100,100
A0A6G9ZF28,0.26666666666666666,7;9;11;12;14;15;19;24,30,2.8500503742694856,1.0656177349763627,0.12,5;7;10;17;19;25;47;58;68;81;86;87,100
A0A6H0S7C9,0.4,2;3;4;5;7;9,15,3.1244695580005644,1.001428034681496,0.35,6;20;21;23;25;32;35;37;42;49;50;56;61;63;65;67;68;69;70;72;73;79;82;83;84;86;87;88;91;92;93;94;95;99;100,100
A0A6I3L2J0,0.46551724137931033,4;8;9;10;12;16;18;19;21;22;23;25;28;30;32;35;37;38;39;41;42;43;45;48;49;51;58,58,2.1109485167264936,1.1287293060981707,0.71,1;2;4;5;6;7;9;10;11;12;13;16;17;18;19;23;24;25;26;27;32;33;35;36;39;40;43;44;45;46;48;49;50;52;53;54;55;57;58;59;61;62;64;65;67;68;69;70;71;72;73;74;75;76;78;80;81;82;83;85;86;87;88;89;90;91;92;95;96;97;100,100
A0A6J5A950,0.0,,49,2.425041324496269,1.1962535839237296,0.0,,100
A0A6N4URH6,0.17307692307692307,6;7;11;14;19;21;45;49;51,52,2.2663959938287737,1.1111873326555983,0.05,41;71;72;89;100,100
A0A6N4VDZ9,0.0,,43,2.538405097723007,1.1273018510701767,0.0,,100
A0A6N4W3I8,0.16216216216216217,14;22;24;25;31;34,37,2.7476474583148955,1.1029672346882382,0.16,10;17;20;24;28;29;31;37;53;65;66;84;87;96;97;98,100
A0A6N4W768,0.07894736842105263,2;6;13,38,2.725352786779404,1.1389396850632751,0.04,14;15;59;62,100
A0A6P1CTQ2,0.3787878787878788,1;3;5;7;9;12;13;18;20;25;27;28;29;30;34;35;38;41;42;47;48;49;50;59;61,66,1.870571877360344,0.8965512765257854,0.26,5;6;7;9;11;12;13;22;23;26;36;41;43;46;50;60;64;68;74;82;84;86;92;93;95;99,100
A0A6P1D575,0.6666666666666666,1;2;3;5;6;7;8;9;12;13;16;18;19;20;22;25;27;28;29;30;31;32;33;34;35;39;40;41;42;43;46;47;48;49;50;51;53;54,57,2.168731002807617,1.125062625568953,0.87,1;2;3;4;5;6;7;8;9;10;11;12;13;14;15;16;17;18;19;20;21;22;23;25;26;27;28;29;30;31;32;33;34;36;37;38;39;40;41;42;44;45;46;48;49;50;51;52;53;54;55;56;57;58;59;60;61;62;63;64;65;66;67;69;70;72;74;75;76;78;79;80;81;82;84;85;86;87;89;90;91;93;94;95;96;97;99,100
A0A6S6NYQ7,0.42,1;3;4;5;7;10;13;17;18;20;21;23;27;28;33;35;36;38;39;42;44,50,2.3286672407388687,1.2985713872968059,0.11,13;16;25;42;51;53;67;70;73;82;89,100
A0A6S6P6D8,0.07142857142857142,9,14,3.088970489501953,0.9824191654525947,0.03,11;17;24,100
A0A7D6E1I6,0.3484848484848485,3;7;9;10;11;12;14;20;21;22;24;25;26;34;37;39;40;41;51;54;55;56;63,66,1.9034190827608108,1.2212300932074447,0.5,1;2;3;4;5;6;13;14;16;17;18;20;21;22;24;25;27;31;33;34;35;37;40;42;46;47;50;54;55;57;59;60;61;65;69;71;73;74;75;77;78;79;82;86;87;89;91;96;97;100,100
A0A7D6ZHA2,0.02857142857142857,10,35,2.901121966838837,1.2261838294604437,0.02,18;87,100
A0A7G1KQI6,0.3050847457627119,6;11;12;20;21;22;24;29;30;31;32;35;37;42;46;49;52;58,59,2.1947064983844755,1.2192418247790342,0.71,1;2;3;4;5;6;7;9;11;12;13;14;15;16;17;18;20;21;23;24;25;26;29;31;32;33;38;40;41;42;43;44;45;46;47;48;49;50;51;52;55;57;58;61;63;64;67;69;70;71;73;75;77;79;80;81;83;84;86;87;88;89;90;92;93;95;96;97;98;99;100,100
A0A7G8PBZ5,0.6808510638297872,1;2;3;4;7;8;9;10;11;13;14;15;16;18;21;23;24;27;28;29;30;32;36;37;38;39;40;41;42;43;45;46,47,2.5190348982810975,1.1136860261394828,0.9,1;2;3;4;5;6;7;8;9;10;11;12;14;15;16;17;18;19;20;21;22;23;24;25;26;27;28;29;30;31;32;33;34;35;36;38;39;40;41;42;43;44;45;46;47;48;49;50;51;52;53;55;56;57;58;59;60;61;63;65;66;70;71;72;73;74;75;76;77;78;79;80;81;82;83;84;85;86;87;88;90;91;92;93;94;96;97;98;99;100,100
A0A7G8PH04,0.08771929824561403,1;5;19;24;30,57,2.3031367588043214,1.0837246986526774,0.21,3;5;7;14;16;22;30;34;39;42;48;55;59;62;63;67;73;75;77;96;97,100
A0A7G8PH05,0.5,2;4;5;7;11;12;18;21;22;23;24;26;28;29;30;31;33;34;35;36;37;41;44;46;49,50,2.495589783191681,1.2736647316526448,0.55,1;3;4;5;7;8;9;11;13;15;18;25;28;34;38;39;40;44;45;46;47;48;52;53;56;57;58;59;60;61;63;64;66;68;69;70;71;72;74;75;76;77;78;79;81;82;83;86;87;89;91;93;94;99;100,100
A0A7H0I6F1,0.21212121212121213,2;5;6;7;9;13;15;19;21;28;38;42;58;59,66,1.9989895564317703,1.1323643133661294,0.12,3;26;35;59;66;75;76;78;85;86;90;99,100
A0A7H1Q5K4,0.0,,40,2.689794746041298,1.3016325008647742,0.0,,100
A0A7I7JNU6,0.5423728813559322,2;3;5;6;7;8;10;11;12;13;14;15;16;17;18;21;22;24;25;26;27;30;32;39;46;47;51;54;55;56;57;59,59,2.1098625195026397,1.4342091052157746,0.37,1;3;4;5;6;8;11;12;15;18;21;22;23;26;28;31;32;34;38;45;46;50;53;54;55;56;62;63;64;67;73;77;81;82;88;90;97,100
A0A7I7KQ88,0.24561403508771928,5;8;9;12;15;18;20;24;27;30;34;50;51;53,57,2.2908249211311342,1.4769931516594148,0.27,11;14;19;21;22;23;33;34;35;39;44;47;53;54;59;61;63;65;66;69;75;82;88;89;93;94;97,100
A0A7I7LJC3,0.10344827586206896,8;24;34;41;52;57,58,2.234868037700653,0.9941749774857791,0.05,2;20;21;26;55,100
A0A7I7MPF4,0.5636363636363636,1;2;3;4;5;8;9;10;13;14;15;17;18;22;23;24;25;26;28;31;32;34;35;36;39;42;44;47;49;53;55,55,2.2353732591867446,1.2645317848274924,0.8,1;2;3;4;5;6;7;8;9;10;11;12;13;14;15;17;18;20;22;23;26;27;28;29;31;32;33;34;35;36;38;39;40;41;42;43;44;45;47;49;50;51;52;53;56;57;60;61;63;65;66;67;68;70;71;72;73;74;75;76;78;79;80;81;82;83;84;86;87;88;89;90;91;92;93;94;95;96;98;99,100
A0A7I7NVN0,0.0625,7;14;17,48,2.5355718207359312,1.3521440334188746,0.04,33;40;47;52,100
A0A7I7P449,0.49122807017543857,1;2;3;5;6;8;9;11;12;13;14;21;22;24;25;29;31;32;33;34;35;36;37;38;40;46;55;57,57,2.149256994724274,1.0319647474026927,0.59,1;2;5;7;8;9;10;11;12;20;21;22;24;26;27;28;29;33;34;35;37;38;40;42;43;45;48;50;52;53;54;55;56;61;62;63;64;65;66;67;70;73;75;76;78;79;81;82;84;85;87;88;91;93;96;97;98;99;100,100
A0A7I7PH49,0.04918032786885246,5;12;55,61,2.11389274597168,1.215361170101791,0.18,1;3;5;10;28;34;37;44;50;51;58;59;60;72;75;86;88;91,100
A0A7I7PIE9,0.3968253968253968,1;3;4;7;8;11;14;15;16;18;19;20;27;29;32;36;39;41;42;54;56;57;61;62;63,63,2.0736248075962065,1.18674049681026,0.46,1;3;5;7;9;10;12;13;14;15;16;17;18;22;27;32;33;34;35;38;42;43;45;46;53;55;59;60;64;65;67;68;69;71;73;75;80;82;84;85;88;89;94;96;98;99,100
A0A7I7Q331,0.017857142857142856,27,56,2.2493662440776827,1.3335101215015728,0.0,,100
A0A7I7Q4Z2,0.24390243902439024,3;11;14;17;18;20;23;24;27;35,41,2.798678436279297,1.4134662727862977,0.4,1;2;8;9;10;11;12;13;16;23;24;26;27;33;37;38;39;44;47;50;51;53;54;56;58;59;61;63;64;65;70;71;79;81;82;87;89;95;96;99,100
A0A7I7QB07,0.3333333333333333,7;8;10;12;13;15;17;24;27;28;31;35,36,2.5799493026733398,0.8900632384186175,0.96,1;2;3;4;5;6;7;8;9;10;11;12;13;14;15;16;17;18;19;20;21;22;23;24;25;26;27;28;29;30;31;32;33;34;35;36;38;39;40;41;42;43;44;45;46;47;48;49;50;51;52;53;54;55;56;57;58;59;60;61;62;63;64;65;66;67;68;69;70;71;72;73;74;76;77;79;80;81;82;83;84;85;86;87;88;89;90;91;92;93;95;96;97;98;99;100,100
A0A7I7QL20,0.13333333333333333,2;13,15,3.0219862616062163,0.9752211285500291,0.29,2;8;10;12;15;16;18;24;26;30;52;54;57;59;62;64;66;68;72;76;78;80;82;85;88;90;92;95;96,100
A0A7I7QP40,0.5121951219512195,5;6;7;8;9;10;11;12;13;14;15;16;18;19;21;23;30;31;33;34;41,41,2.6401014202833175,1.347394438928129,0.03,46;47;54,100
A0A7I7QP46,0.6615384615384615,1;2;3;6;7;8;9;10;13;16;17;19;20;21;24;25;26;27;28;30;32;33;34;35;36;38;41;43;44;45;46;47;48;49;50;51;52;53;54;58;59;62;63,65,1.8841508573293686,0.9809414382448625,0.57,2;4;5;6;8;9;10;11;12;13;15;16;18;19;20;21;23;27;29;30;31;32;33;36;37;39;41;43;44;45;48;49;50;53;55;56;61;63;65;66;69;70;73;74;76;78;80;84;85;86;90;91;93;94;95;98;100,100
A0A7I7R3J2,0.625,1;2;3;4;5;7;8;11;13;14;15;17;18;19;21;23;24;25;26;28;29;30;31;32;33;34;35;36;40;41;44;45;46;47;48;50;52;58;59;64,64,2.1993322944641114,1.1409487501268172,0.62,1;2;4;5;7;8;9;11;14;17;18;19;20;21;22;23;25;28;29;30;31;33;34;35;37;38;39;40;42;45;49;50;51;52;53;55;57;58;60;61;62;63;65;66;70;74;77;78;79;81;84;85;86;87;88;89;91;95;96;97;99;100,100
A0A7I7RUI0,0.20454545454545456,1;2;3;5;8;12;15;34;35,44,2.4809270012378692,1.1769579297970383,0.01,82,100
A0A7I7RZ78,0.12244897959183673,8;12;23;28;34;40,49,2.533807610273361,1.3617152730278348,0.27,3;5;10;11;13;14;15;28;31;39;40;43;47;50;54;63;64;65;66;67;77;79;82;84;87;91;95,100
A0A7I7S1X3,0.11627906976744186,3;4;22;31;36,43,2.608804563879967,1.3070196413887527,0.07,31;35;50;60;81;82;90,100
A0A7I7SCY4,0.275,14;16;17;19;26;29;32;35;36;37;39,40,2.6884591031074523,1.1152373390285903,0.22,5;8;20;24;45;48;50;57;58;59;62;69;74;75;83;84;85;89;90;96;97;98,100
A0A7I7SXJ5,0.16326530612244897,6;10;19;21;30;31;32;41,49,2.471436235308647,1.2683834162033476,0.08,12;21;23;35;63;90;92;94,100
A0A7I7TD11,0.47368421052631576,1;2;4;8;9;12;15;17;18;19;20;25;28;30;31;37;38;41;42;43;46;47;48;49;53;56;57,57,2.3769166362285614,1.1901288758204633,0.5,1;2;3;6;7;9;11;12;13;15;16;18;19;22;24;26;27;28;30;31;33;36;37;45;50;51;55;57;58;61;62;63;64;66;69;71;77;78;79;80;81;83;85;87;89;90;92;93;97;99,100
A0A7I7UBW3,0.5918367346938775,7;8;10;11;12;13;17;19;20;25;26;27;28;29;30;31;34;35;37;38;40;41;42;43;44;45;46;47;48,49,2.4923515093326567,1.1836786646517217,1.0,1;2;3;4;5;6;7;8;9;10;11;12;13;14;15;16;17;18;19;20;21;22;23;24;25;26;27;28;29;30;31;32;33;34;35;36;37;38;39;40;41;42;43;44;45;46;47;48;49;50;51;52;53;54;55;56;57;58;59;60;61;62;63;64;65;66;67;68;69;70;71;72;73;74;75;76;77;78;79;80;81;82;83;84;85;86;87;88;89;90;91;92;93;94;95;96;97;98;99;100,100
A0A7I7VZ71,0.2857142857142857,3;8;13;17;18;19;24;27;29;30;33;34;35;37,49,2.489838173389435,1.1900694437874169,0.05,63;83;87;88;94,100
A0A7I7WCE0,0.35,2;4;7;12;20;22;32;33;34;35;36;37;38;40;41;47;48;50;54;56;58,60,2.1105713480710984,1.217535159897811,1.0,1;2;3;4;5;6;7;8;9;10;11;12;13;14;15;16;17;18;19;20;21;22;23;24;25;26;27;28;29;30;31;32;33;34;35;36;37;38;39;40;41;42;43;44;45;46;47;48;49;50;51;52;53;54;55;56;57;58;59;60;61;62;63;64;65;66;67;68;69;70;71;72;73;74;75;76;77;78;79;80;81;82;83;84;85;86;87;88;89;90;91;92;93;94;95;96;97;98;99;100,100
A0A7I7WJN8,0.11538461538461539,3;11;19;21;24;48,52,2.404455081820488,1.3624334535596847,0.22,3;7;10;11;18;19;20;23;24;27;34;37;38;50;52;54;70;71;77;85;93;96,100
A0A7I7X9D1,0.28888888888888886,3;5;6;7;12;22;23;25;28;30;31;43;44,45,2.604470624923706,1.1216192717353883,0.33,3;4;5;11;13;14;16;19;21;23;27;30;31;36;37;46;48;51;53;61;66;69;70;71;77;81;85;86;88;89;90;91;95,100
A0A7I7X9S1,0.1935483870967742,4;5;12;15;18;23;30;33;37;48;51;56,62,2.1929765838384627,1.2027857148715004,0.41,1;2;4;5;7;9;10;11;12;13;14;15;25;27;29;30;32;33;35;40;41;42;45;50;52;53;55;57;60;61;62;63;64;66;70;72;77;81;82;88;95,100
A0A7I7X9S2,0.40384615384615385,1;3;4;11;12;16;17;19;21;25;29;31;32;34;35;36;38;39;40;41;51,52,2.3767053896188735,1.3410484912213565,0.34,1;2;5;7;9;12;17;20;21;23;25;28;30;33;34;35;37;45;51;55;56;59;62;63;64;68;75;76;77;78;89;96;99;100,100
A0A7I7XP41,0.057692307692307696,7;43;49,52,2.3996526354551317,1.3770131277309805,0.13,22;30;31;32;37;39;40;48;54;61;82;93;99,100
A0A7I7XXG0,0.2727272727272727,2;3;19;20;24;32;35;38;39;40;41;44,44,2.6340178287029268,1.060290230844276,0.03,12;50;66,100
A0A7I7YUU0,0.18518518518518517,2;3;5;11;15;19;27;28;53;54,54,2.288121443986893,1.253154983522829,0.33,3;4;5;10;12;14;15;16;21;23;28;29;34;37;39;41;43;50;53;54;57;61;62;65;67;81;89;92;94;95;96;97;100,100
A0A7I7YXB1,0.23333333333333334,4;6;7;21;24;25;30,30,2.7313746297359467,0.9898202412667897,0.03,37;49;99,100
A0A7I7ZRH7,0.46153846153846156,1;2;3;5;7;12;13;15;19;20;24;25;29;30;31;32;35;39;42;46;47;48;49;51,52,2.392101277709007,1.3144275536177001,0.65,1;2;3;4;5;8;10;11;12;15;16;17;18;20;21;22;25;26;29;33;34;36;37;38;39;40;41;42;43;44;48;50;51;52;53;54;55;56;57;58;59;62;65;66;67;70;72;74;75;76;78;79;80;81;83;85;86;90;91;92;93;94;95;96;97,100
A0A7I9WQZ1,0.0,,46,2.4364065515995024,1.270358055590115,0.0,,100
A0A7I9XMW5,0.30357142857142855,2;3;6;7;16;17;18;20;21;24;37;44;47;48;49;52;54,56,2.338995980024338,1.353328278575324,0.28,2;7;8;11;13;14;19;22;23;25;35;36;45;47;48;50;55;60;62;66;67;70;73;82;85;89;93;100,100
A0A7I9Y2B3,0.30158730158730157,2;3;4;5;6;7;8;10;19;21;22;24;28;29;36;38;40;50;51,63,2.085593190193176,1.2654555809607806,0.24,9;15;16;17;18;23;24;28;30;32;36;41;42;44;51;52;58;63;66;69;70;78;82;95,100
A0A7I9YES0,0.631578947368421,1;2;3;4;6;8;9;11;14;15;18;19;20;22;23;24;26;27;30;31;33;34;36;37;38;42;46;47;48;50;51;52;54;55;56;57,57,2.2746500605344773,1.4257224550720882,0.49,1;2;3;6;9;10;15;17;19;23;24;25;27;28;29;33;35;36;38;39;41;42;45;47;49;50;53;57;59;61;63;66;67;70;71;72;73;77;78;80;81;83;84;85;88;92;94;96;97,100
A0A7I9YMY6,0.42857142857142855,1;4;5;8;9;10;12;13;15;17;18;21;22;26;28,35,2.9780278515815737,1.368691577450154,0.45,3;5;6;7;11;12;15;20;21;22;26;31;33;38;39;40;43;44;48;49;50;51;52;54;55;56;57;59;61;62;63;64;66;69;70;71;76;78;85;88;91;93;95;96;100,100
A0A7I9YZ18,0.5128205128205128,2;3;4;7;8;10;12;15;16;19;21;22;23;26;31;32;34;35;36;39,39,2.5183308362960815,0.9606728716033238,0.91,1;2;3;4;5;6;7;8;9;10;11;12;13;14;15;16;17;18;19;20;21;22;23;24;25;26;27;28;29;30;31;32;33;34;35;37;38;40;42;43;45;46;47;48;49;50;51;52;53;54;55;56;57;58;59;60;61;62;63;64;65;66;69;70;71;72;73;74;75;76;77;78;79;80;81;83;84;85;86;87;88;89;91;92;94;95;96;97;98;99;100,100
A0A7I9Z5A6,0.30952380952380953,1;2;3;5;11;16;17;20;26;28;33;37;38,42,2.586339339017868,1.2074006618418671,0.94,1;2;3;5;6;7;8;9;10;11;12;14;15;16;17;18;19;20;22;23;24;25;26;27;28;29;30;31;32;33;34;35;36;37;38;39;40;41;42;43;44;45;46;47;48;49;50;51;52;53;54;55;56;57;58;59;60;61;62;63;64;65;66;67;68;69;70;71;72;73;75;76;77;78;80;81;82;83;84;85;86;87;88;90;91;92;93;94;95;96;97;98;99;100,100
A0A7I9Z705,0.30357142857142855,11;15;16;20;23;26;28;29;32;35;38;40;44;45;46;48;54,56,2.202228407263756,1.0876462890703038,0.58,1;4;9;10;11;12;15;16;18;19;21;22;23;24;26;27;28;30;32;35;36;38;41;42;44;46;47;49;50;51;52;54;55;59;60;61;62;63;64;66;67;68;71;72;73;77;79;80;84;86;87;91;92;93;94;98;99;100,100
A0A7I9ZAR1,0.125,10;11;33;40;42;44;54;63,64,2.0952758580446242,1.1743537374946764,0.04,6;62;90;93,100
A0A7I9ZCH7,0.4262295081967213,1;3;6;8;9;10;11;14;16;17;19;21;23;25;27;28;29;30;31;34;40;42;46;53;54;60,61,1.9274969506263733,0.9944937548043992,0.41,1;2;5;6;9;10;11;13;16;17;18;19;23;26;29;32;33;36;37;38;41;42;43;45;50;51;58;59;60;62;63;64;70;74;75;77;80;83;90;94;99,100
A0A7I9ZRY4,0.2765957446808511,7;8;11;13;14;15;18;20;21;23;31;33;36,47,2.3446701365709304,1.1462179430037016,0.4,10;13;16;21;22;26;28;29;30;31;35;38;42;43;44;45;46;54;57;59;61;63;64;65;69;72;74;75;76;79;80;82;84;87;88;89;90;91;92;95,100
A0A7K0D4H1,0.5161290322580645,1;3;4;5;6;7;9;13;15;16;18;19;20;21;23;24;25;26;27;28;30;36;39;41;42;44;47;49;54;55;57;60,62,2.121184734106064,1.2421794658438665,0.93,1;2;3;4;5;6;7;8;9;10;11;13;15;16;17;18;19;20;21;22;23;24;25;26;27;28;29;30;31;32;33;34;35;36;37;38;39;40;41;42;43;44;45;46;48;50;51;52;53;54;55;56;57;58;59;60;61;62;63;64;65;66;67;68;69;70;71;72;73;74;75;76;77;78;79;80;81;82;83;84;85;86;87;88;89;90;91;93;94;95;97;98;100,100
A0A7K0DM07,0.0,,63,2.0525245195627213,1.2542770822142941,0.0,,100
A0A7K1VB93,0.1746031746031746,7;10;12;21;28;34;37;39;40;49;56,63,2.0168135809898375,1.1879005288134337,0.64,1;2;3;4;5;6;7;8;9;10;11;13;15;16;18;20;21;23;24;25;26;27;28;29;30;32;33;36;37;39;40;42;45;46;47;48;49;51;52;53;55;59;60;61;62;64;65;66;68;69;70;71;72;73;75;77;82;83;88;89;90;92;98;99,100
A0A7K3LE40,0.20408163265306123,1;3;10;12;15;18;19;28;34;45,49,2.446596873998642,1.3676158862833596,0.29,4;5;16;17;21;25;35;39;41;48;54;58;60;61;63;65;66;67;69;73;76;81;85;87;90;92;93;95;97,100
A0A7K3R588,0.4318181818181818,1;3;5;9;10;12;16;17;18;23;27;29;33;34;35;36;37;41;42,44,2.548516655564308,1.233704432467912,0.65,1;3;4;7;8;9;10;11;12;13;14;16;17;18;19;22;23;25;26;27;29;30;31;33;34;36;37;38;40;41;42;46;47;48;49;50;51;52;53;54;55;59;60;62;63;67;68;69;71;72;73;76;78;80;81;82;83;85;87;90;93;94;96;97;98,100
A0A7R7MY24,0.39622641509433965,1;2;4;6;10;11;13;18;19;20;23;24;26;27;28;31;35;37;40;43;49,53,2.285174914598465,1.0885853131472343,0.48,3;5;8;10;13;14;15;16;19;20;22;24;25;27;28;29;31;32;33;34;35;36;37;40;42;46;48;51;52;53;54;57;59;62;63;65;69;70;75;76;77;87;90;91;93;94;95;96,100
A0A7T1TD85,0.17073170731707318,11;19;21;24;29;38;40,41,2.499169486761093,0.9130363802216023,0.08,37;38;53;62;63;73;76;79,100
A0A7U5MR51,0.5555555555555556,1;3;4;6;7;8;10;11;12;13;14;16;17;18;19;21;22;23;24;25;29;30;35;37;38;39;40;43;45;50;53;54;56;59;61,63,1.963795690536499,1.0577947484172843,0.72,1;2;3;4;5;7;8;9;11;12;14;16;17;19;20;21;23;25;26;28;31;34;35;36;37;38;39;41;42;44;45;46;50;51;52;53;54;56;58;59;60;61;63;64;66;67;68;70;71;72;73;74;75;76;79;80;81;82;83;84;86;87;89;90;92;93;95;96;97;98;99;100,100
A0A7U5RWM8,0.4634146341463415,3;4;5;6;7;9;11;14;21;22;24;25;27;28;29;31;35;38;39,41,2.586728633642197,1.304211664156759,0.62,1;2;3;4;5;6;7;9;11;12;13;14;15;16;19;20;22;23;24;26;27;28;33;34;35;36;40;42;43;45;47;49;50;51;53;54;55;59;62;63;64;66;67;69;74;75;76;77;79;80;81;82;84;85;86;88;89;90;92;94;96;97,100
A0A7U5RXC1,0.4827586206896552,3;5;7;8;9;12;13;20;23;28;30;31;32;35;36;37;38;40;41;42;43;45;46;47;50;52;53;57,58,2.192414098381996,1.2919940682178668,0.78,1;3;4;5;6;7;8;9;10;12;13;14;15;16;17;18;19;20;21;22;23;24;26;27;29;30;31;32;34;35;36;38;39;42;43;44;45;46;47;48;49;50;51;52;53;54;57;58;59;60;62;63;64;65;66;69;70;71;73;74;77;78;81;82;83;85;86;87;89;90;91;92;93;94;96;97;98;100,100
A0A7U9Q384,0.47692307692307695,1;3;7;8;11;12;13;14;15;20;22;26;30;32;34;36;37;42;44;45;48;52;53;54;56;57;58;59;63;64;65,65,2.049969072341919,1.2124877045032276,0.76,1;2;4;5;6;7;8;9;10;11;12;13;14;15;16;17;18;19;20;21;22;23;24;25;26;27;28;29;30;31;32;33;34;36;37;38;40;41;43;44;45;47;48;49;50;51;52;54;55;57;58;59;60;61;62;63;64;66;67;69;70;71;72;73;74;75;76;79;84;86;87;88;91;96;97;98,100
A0A7V8LNU0,0.6557377049180327,1;5;8;9;12;13;14;15;17;19;20;21;23;24;26;28;30;31;32;33;34;36;37;38;39;40;41;42;44;45;47;48;49;51;53;54;55;56;59;60,61,2.1301003736257553,1.0639508417033732,0.98,1;2;3;4;5;6;7;8;9;10;11;12;13;14;15;16;17;18;19;20;21;22;23;24;25;26;27;28;30;31;32;33;34;35;36;37;38;39;40;41;42;43;44;45;46;47;48;49;50;51;52;53;54;55;56;57;58;59;60;61;62;63;64;65;66;68;69;70;71;72;73;74;75;76;77;78;79;80;81;82;83;84;85;86;87;88;89;90;91;92;93;94;95;96;97;98;99;100,100
A0A7V8RXZ3,0.07142857142857142,19;20;33;34,56,2.177191875576973,1.1231539417238756,0.36,1;4;5;6;9;10;11;12;14;15;23;24;26;27;34;37;39;41;43;47;55;57;60;66;68;69;72;74;78;80;82;86;88;93;96;99,100
A0A7V8RXZ7,0.5,4;6;7;8;11;13;15;17;18;19;20;21;24;26;27;28;31;35;36;38;40;41;46;47;49,50,2.4133778417110445,1.147265586331534,0.62,1;2;3;5;6;7;9;10;11;13;17;18;20;21;22;23;25;27;31;32;33;36;38;39;40;41;42;43;44;47;48;51;53;54;55;56;57;63;64;67;70;71;74;76;77;78;79;81;82;83;86;87;89;90;91;92;94;95;96;97;98;100,100
A0A7V8RYM6,0.38,4;13;14;15;16;17;23;25;26;30;31;33;35;37;40;42;43;45;46,50,2.3477399069070817,1.3804995120596755,0.9,1;3;4;5;6;7;8;9;10;11;12;13;14;16;17;18;19;20;21;22;23;24;25;26;27;28;29;30;31;32;34;35;36;37;40;41;42;43;44;45;46;47;48;49;50;51;52;53;55;56;57;58;59;60;61;62;63;64;66;67;68;70;71;72;73;74;75;76;77;78;80;81;83;84;85;86;87;88;89;90;91;92;93;94;95;96;97;98;99;100,100
A0A7W6BWA9,0.32727272727272727,2;4;5;6;7;10;11;13;14;16;19;22;24;27;38;39;43;48,55,2.073551591038704,1.0443928113959866,0.54,5;7;9;13;15;16;17;20;21;22;24;27;30;32;33;34;35;36;37;38;39;40;42;43;46;49;52;58;59;60;62;63;64;67;69;72;73;74;75;76;81;82;83;86;87;89;92;93;95;96;97;98;99;100,100
A0A7W7VZ67,0.47058823529411764,2;4;6;7;8;12;14;16;18;20;26;29;31;32;33;34,34,2.7542525732517245,1.125872604752796,0.27,1;2;4;9;12;22;23;25;26;27;28;30;38;40;42;45;48;53;54;57;75;76;77;79;82;86;99,100
A0A7W8BW88,0.5384615384615384,2;3;4;5;8;9;10;11;12;13;14;16;17;19;22;23;24;26;27;32;37,39,2.7055204838514326,1.1702041596130044,0.74,1;2;3;4;6;7;8;9;11;12;13;15;16;17;18;19;22;23;24;26;27;28;29;30;31;32;35;37;40;41;42;43;44;45;46;47;48;49;50;51;52;53;55;57;59;60;62;63;65;66;67;68;69;70;71;72;75;76;77;79;80;81;82;83;84;86;87;90;91;92;93;94;95;98,100
A0A7W9NKR9,0.16326530612244897,1;5;8;11;20;26;39;45,49,2.3749001348018646,1.3722169258820667,0.52,1;3;5;6;7;9;10;11;12;13;14;15;19;20;21;22;27;28;29;31;32;34;39;41;43;44;45;48;49;51;53;55;59;60;62;63;64;66;67;69;70;71;72;74;79;82;83;85;87;88;92;95,100
A0A7W9PLQ8,0.3870967741935484,1;4;7;10;12;16;19;23;24;27;29;33;36;38;41;42;46;50;51;54;56;58;60;62,62,2.030208407640457,1.1447278142805208,0.7,1;2;3;4;7;8;10;11;12;13;16;17;18;19;20;21;23;24;25;27;28;29;30;31;33;34;35;39;40;41;42;44;45;46;49;51;52;53;54;55;56;57;58;59;60;63;66;67;68;69;70;72;75;77;78;79;81;82;83;84;88;89;90;91;93;94;96;98;99;100,100
A0A7X5R533,0.5396825396825397,1;2;3;4;5;6;7;9;11;13;15;17;18;19;22;23;24;25;27;28;31;32;33;34;36;39;42;43;49;55;58;59;60;62,63,2.132657979130745,1.3526449580320659,0.63,2;3;5;6;9;10;12;13;14;16;19;22;23;24;25;28;29;30;32;34;35;36;39;42;43;45;46;47;48;49;50;52;53;56;58;61;62;63;64;65;66;67;69;70;71;74;75;76;77;78;79;80;81;82;87;88;89;91;92;93;95;97;98,100
A0A7X5TUU1,0.18518518518518517,3;4;8;9;18,27,2.8470778787136077,0.9960960255078893,0.16,10;12;15;32;34;36;45;54;58;62;64;65;75;80;85;95,100
A0A7X6M5C6,0.06557377049180328,27;36;42;44,61,2.175956437587738,1.3907168476559122,0.04,47;95;96;98,100
A0A7X6MIZ0,0.5111111111111111,1;4;7;9;10;12;14;16;17;20;21;22;23;27;28;29;34;35;36;40;42;43;44,45,2.521631475687027,1.1970567865376212,0.85,1;2;3;4;5;6;7;8;9;10;12;13;14;15;16;17;19;20;21;22;23;24;25;26;27;28;29;30;31;32;33;34;35;36;37;38;39;40;41;42;43;44;45;47;48;49;50;51;52;54;55;56;58;59;60;61;62;63;64;66;67;68;69;70;71;72;73;74;75;76;77;78;80;81;83;85;87;89;90;92;95;96;98;99;100,100
A0A7X6MKH2,0.5961538461538461,3;4;6;7;8;9;10;11;13;16;17;18;19;22;23;24;25;26;27;28;30;33;34;35;36;37;39;41;42;51;52,52,2.4557501697540283,1.2029702399570268,0.91,1;2;3;6;8;9;10;11;12;13;14;16;17;18;19;20;21;22;23;24;25;26;28;29;30;31;32;33;34;35;36;37;38;40;41;42;43;44;45;46;47;48;49;50;51;52;53;54;55;56;57;58;59;60;61;62;63;64;65;66;67;68;69;70;71;72;73;74;75;76;77;78;79;80;81;82;83;84;85;86;87;88;89;90;93;94;95;97;98;99;100,100
A0A7X6R1D2,0.056338028169014086,2;23;41;59,71,1.8815267264842988,1.1580730543383966,0.18,26;28;37;39;41;43;45;56;75;81;84;88;90;93;96;97;98;100,100
A0A7Y9XV54,0.3076923076923077,1;3;7;10;16;17;22;23,26,3.184881453514099,1.1649666125497709,0.58,1;4;5;6;7;8;9;11;14;15;16;17;18;19;20;21;22;23;25;26;28;29;30;31;32;33;36;37;41;42;43;46;47;50;51;52;53;58;59;60;62;65;67;68;69;72;74;76;78;79;81;84;85;86;89;92;93;95,100
A0A7Z0IKF1,0.5102040816326531,2;5;8;10;12;13;17;18;20;21;25;26;28;29;31;33;34;40;41;43;45;46;47;48;49,49,2.3510934484004973,1.2604414217353275,0.92,1;2;3;4;6;7;8;9;10;11;12;13;14;15;16;17;18;19;20;21;22;23;24;25;26;27;28;29;31;32;33;34;35;36;37;38;39;40;41;42;43;44;46;47;48;49;50;51;52;53;55;56;58;59;60;61;62;63;64;65;66;67;68;69;70;71;72;73;74;75;77;78;79;80;81;82;83;84;86;88;89;90;91;92;93;94;95;96;97;98;99;100,100
A0A7Z7ILT5,0.23214285714285715,4;7;9;10;13;15;16;17;27;30;35;36;55,56,2.376998338103294,1.3836193305941678,0.28,6;11;26;27;30;34;36;39;43;49;50;52;54;55;66;68;73;76;78;79;83;86;87;88;89;90;97;99,100
A0A829HQL8,0.6956521739130435,1;2;3;4;7;8;12;13;14;16;18;19;22;24;25;27;29;31;32;33;34;37;38;39;40;42;43;44;45;46;47;48;49;50;51;52;53;54;55;57;58;59;60;61;64;65;66;68,69,1.7700030505657196,1.21242779081137,0.9,1;2;3;4;5;6;7;8;9;10;11;12;13;14;15;16;17;18;19;20;21;22;23;24;25;26;27;28;29;30;31;33;34;35;37;38;39;40;41;42;43;44;45;46;47;48;49;50;51;52;53;54;55;56;57;58;59;60;62;63;64;65;66;68;69;70;71;72;73;74;75;76;77;78;80;81;83;85;88;89;90;91;92;93;95;96;97;98;99;100,100
A0A829HTG5,0.47368421052631576,1;4;9;10;12;13;15;16;22;23;27;28;29;30;32;33;34;37;39;40;42;43;44;45;46;52;54,57,2.158855758905411,1.0160886057320178,0.94,1;2;3;4;5;6;7;8;9;10;11;12;13;14;15;16;17;18;19;20;21;22;23;24;25;26;27;28;30;31;32;33;34;35;36;37;38;39;40;41;43;44;45;46;47;48;49;50;51;52;53;54;56;57;58;59;60;61;62;63;64;65;66;67;68;69;70;71;72;73;74;75;76;77;78;79;80;81;82;84;85;86;87;89;91;92;93;94;95;96;97;98;99;100,100
A0A829HWH3,0.6415094339622641,3;6;8;9;10;11;12;14;15;16;17;18;20;21;22;23;24;25;26;27;29;31;32;33;34;36;37;38;41;42;46;48;51;52,53,2.3013175082206727,1.1047204753179982,0.5,2;3;4;5;6;8;9;10;13;14;15;16;18;20;23;24;26;27;30;32;33;35;36;38;39;40;41;44;46;49;52;54;59;60;63;64;65;67;72;79;81;83;86;88;89;90;91;94;95;97,100
A0A829MDQ7,0.40350877192982454,7;8;10;13;14;16;17;20;23;29;30;36;37;39;40;41;42;43;48;49;50;52;55,57,2.2405159705877304,1.2352619684234443,0.94,1;2;3;4;5;6;7;8;9;10;11;12;13;14;15;16;17;18;19;20;21;22;23;24;25;26;27;28;29;30;31;32;33;34;35;36;37;38;39;41;42;43;44;45;46;47;48;49;50;51;52;53;54;55;56;57;58;60;61;62;63;64;65;66;67;68;69;70;71;72;73;74;75;76;80;81;82;83;84;85;87;88;89;90;91;92;93;94;95;96;97;98;99;100,100
A0A829MIB4,0.45454545454545453,4;5;6;8;10;12;15;16;19;22;24;26;27;28;29;31;35;40;41;44,44,2.509895828962326,1.117838405764392,0.33,3;7;9;11;12;17;18;19;23;24;26;30;31;44;52;55;56;57;60;61;63;68;70;72;74;80;81;84;87;90;93;98;100,100
A0A829PKA2,0.39705882352941174,3;4;7;10;11;13;21;22;23;28;31;32;33;34;35;40;44;48;49;50;53;55;57;61;64;65;68,68,1.9006084209680558,1.297984243069867,0.49,5;9;14;15;16;17;18;19;23;24;27;29;30;31;32;36;38;40;41;42;46;47;48;49;53;54;55;56;57;59;62;65;66;74;76;77;78;80;82;83;84;85;87;93;94;95;96;98;100,100
A0A829PS24,0.15789473684210525,4;20;29;32;35;39;43;56;57,57,2.2736431682109832,1.2461669436877314,0.65,1;3;4;5;6;7;8;9;10;11;13;19;20;22;23;24;26;27;28;29;30;31;33;34;38;41;42;43;44;45;46;48;51;54;56;58;59;60;62;63;64;65;66;68;70;72;73;74;78;79;80;81;82;83;86;87;88;90;93;94;95;96;97;99;100,100
A0A829PS58,0.3888888888888889,2;3;5;6;8;9;16;24;26;30;32;33;34;38;40;44;48;49;51;52;54,54,2.339163184762001,1.3080625889118256,0.72,1;2;4;5;6;7;8;9;10;12;13;14;17;19;20;21;25;27;28;30;31;32;33;34;36;37;38;40;42;43;44;46;48;49;50;51;53;54;55;56;57;58;59;60;63;64;66;68;70;71;73;75;76;77;78;79;80;81;82;83;84;85;87;89;90;91;92;94;96;97;98;100,100
A0A829PSZ5,0.5614035087719298,1;4;6;9;11;13;14;15;16;17;19;20;21;22;25;27;32;33;34;35;36;38;39;40;41;42;44;45;47;52;56;57,57,2.2463614666461944,1.1108982847925266,0.64,1;2;4;5;6;7;8;9;10;12;13;18;20;21;22;25;26;27;28;29;31;33;34;35;36;38;40;41;42;43;44;46;48;49;50;51;52;53;54;55;56;58;59;60;61;62;65;71;73;74;76;78;80;83;84;85;86;88;91;95;96;98;99;100,100
A0A829PY25,0.36585365853658536,3;4;5;8;10;11;12;13;20;22;26;30;37;38;39,41,2.7489479702711104,1.2090969664955842,0.36,2;10;12;22;25;30;31;37;38;39;40;41;43;44;48;51;54;57;58;59;60;66;70;72;73;74;80;82;85;88;92;93;94;96;97;100,100
A0A829Q102,0.45,3;6;10;11;12;17;19;20;22;25;26;27;28;29;30;32;33;37;39;41;42;45;49;54;57;58;60,60,2.155970596075058,1.1349300448103146,0.95,1;2;3;4;5;6;7;8;9;10;12;13;14;15;16;17;18;19;20;21;22;23;24;25;26;27;28;29;30;31;32;33;34;35;36;37;38;39;40;41;42;43;44;45;46;47;48;49;50;51;52;53;54;55;56;57;58;59;60;61;62;63;65;66;67;68;69;70;71;72;73;74;75;76;77;78;79;80;81;82;84;85;86;87;89;90;91;92;93;94;95;96;97;98;99,100
A0A829Q1V2,0.49122807017543857,3;7;10;11;14;15;18;21;23;25;27;29;31;33;36;37;38;42;43;44;46;48;51;53;54;55;56;57,57,2.3314622682332993,1.3190217302886673,0.9,1;2;3;4;5;6;7;8;9;10;11;12;13;14;15;16;17;18;19;20;21;22;23;24;25;26;27;28;29;30;31;33;34;35;36;37;39;40;41;42;44;45;46;47;49;50;51;52;53;54;55;56;57;58;59;60;61;62;63;64;65;66;67;70;71;72;73;75;76;77;78;79;80;81;82;83;85;86;87;88;90;91;93;94;95;96;97;98;99;100,100
A0A829QF13,0.4838709677419355,1;4;5;6;9;12;14;15;17;19;20;24;26;29;31,31,2.6899715769290924,0.9578290521059721,0.98,1;2;3;4;5;6;7;8;9;10;11;12;13;14;15;16;17;18;19;20;21;22;23;24;25;26;27;28;29;30;31;32;33;34;35;36;37;38;39;40;41;42;43;44;45;46;47;48;49;50;51;52;53;54;55;56;57;58;59;60;61;62;63;64;66;67;68;69;70;71;72;73;74;75;76;77;78;79;80;81;82;83;84;85;86;87;88;89;90;91;92;93;94;95;96;97;98;100,100
A0A829QG83,0.0196078431372549,2,51,2.421653940081596,1.2767833675731433,0.07,4;11;29;48;53;61;83,100
A0A829QKT7,0.0,,62,2.017748101949692,1.2366874668283403,0.0,,100
A0A839Q3V9,0.05263157894736842,3;9;20,57,2.1783509713411333,1.2446222039492163,0.0,,100
A0A840Q103,0.6190476190476191,4;5;6;7;8;9;14;15;16;17;18;20;21;22;24;25;26;27;28;29;30;32;33;34;35;37;39;40;41;42;46;50;52;53;55;57;58;59;61,63,2.103289119005203,1.1798361551172358,0.77,1;2;3;4;5;6;7;8;9;10;12;13;14;16;17;18;19;20;22;23;24;25;26;27;28;29;30;31;32;33;36;37;38;39;42;43;44;46;47;48;49;50;51;52;53;54;55;56;57;58;59;60;63;64;66;68;69;70;71;75;76;77;78;79;80;81;82;85;86;88;92;93;95;96;98;99;100,100
A0A846MH08,0.6571428571428571,1;2;5;8;9;10;11;13;14;15;17;18;20;21;23;24;26;29;31;32;33;34;35,35,2.65036009311676,1.0896177262358615,0.78,1;2;3;4;5;6;7;9;11;12;14;15;17;18;19;20;21;22;23;24;25;26;27;28;29;30;31;32;34;35;36;37;38;39;40;41;42;43;44;46;47;48;51;52;53;54;55;56;57;58;59;60;61;62;63;64;65;66;68;69;71;72;73;75;77;78;79;81;84;85;87;89;91;93;94;97;98;99,100
A0A846VZQ1,0.5,3;6;8;16;18;19;21;22;24;25;26;30;32;33;34;35;36;37;38;39;41;42;44;45;47;48;51;52;53;54,60,2.112507091164589,1.233878828786994,0.89,1;2;3;4;5;6;7;8;9;10;11;13;14;15;16;17;18;19;20;22;23;24;25;26;28;29;30;31;32;33;34;35;36;37;39;40;41;42;43;44;45;46;47;48;50;52;53;54;55;56;57;58;59;60;61;62;64;65;66;67;68;69;70;71;72;73;74;75;76;77;78;80;81;82;83;84;85;86;90;91;92;93;94;95;96;97;98;99;100,100
A0A846XPH2,0.5483870967741935,1;3;4;5;7;9;10;12;13;14;16;18;19;21;23;26;27;28;31;32;33;34;35;37;42;45;46;49;51;52;53;54;56;57,62,2.146453452706337,1.324696032086883,0.56,1;2;3;4;5;6;7;8;9;10;11;12;13;14;15;18;20;21;23;24;25;26;28;29;31;32;33;35;36;39;41;44;45;46;48;51;53;54;55;57;61;68;70;71;73;79;86;87;88;89;90;91;92;94;95;100,100
A0A846XYC4,0.2535211267605634,3;5;9;12;16;18;20;21;22;24;37;38;40;60;66;67;68;69,71,1.7368436086177825,1.0770602600502825,0.62,1;3;5;6;7;8;9;12;13;14;15;16;17;18;19;20;22;23;24;26;27;28;30;31;33;34;35;36;37;38;39;41;42;43;44;46;49;52;54;55;57;60;61;62;63;65;66;70;73;74;76;78;80;81;84;85;86;87;91;96;99;100,100
A0A846YJB4,0.3389830508474576,3;8;9;14;17;18;19;20;21;23;31;32;33;40;41;44;54;56;57;58,59,2.1607781612873076,1.1269116226461724,0.47,2;8;9;11;13;16;17;20;21;22;26;29;31;39;42;43;44;45;47;51;53;55;57;58;59;61;62;64;65;66;67;69;70;75;80;81;83;84;86;87;88;89;90;92;94;97;100,100
A0A848KDK6,0.48333333333333334,3;4;5;7;8;9;10;11;16;18;21;22;23;24;26;27;30;31;35;36;38;39;42;47;50;51;53;57;58,60,2.164301317334175,1.2928214325588674,0.71,1;2;3;5;6;7;8;9;10;11;12;13;14;15;16;17;18;19;20;22;23;25;26;28;29;31;33;34;35;37;38;40;41;43;45;47;48;51;54;55;56;57;59;61;62;63;64;65;67;69;70;71;72;74;76;77;78;79;81;83;84;85;87;89;91;93;94;95;96;98;100,100
A0A849CGR7,0.14893617021276595,1;4;7;8;22;30;45,47,2.58267786860466,1.2537788556259626,0.16,1;2;4;5;9;21;24;26;53;60;64;75;81;83;96;100,100
A0A850PMX4,0.15254237288135594,5;6;9;11;19;24;42;43;49,59,2.183230394721031,1.1968812101405164,0.03,19;75;83,100
A0A853LX37,0.2765957446808511,4;5;8;9;15;16;21;23;31;35;36;37;43,47,2.470248670578003,1.178965586277535,0.53,1;2;3;5;10;11;12;14;17;18;19;21;22;26;28;29;31;32;33;34;36;37;39;40;42;45;47;48;51;54;55;57;60;63;65;66;68;69;70;71;74;77;78;80;81;82;85;87;89;92;93;94;97,100
A0A853LXB5,0.5849056603773585,2;4;5;6;7;8;9;10;11;13;15;16;17;18;19;20;24;25;26;27;29;31;33;34;35;36;37;39;40;46;49,53,2.443429345488548,1.2595347061528241,0.7,1;2;3;4;5;6;7;8;10;11;12;13;14;15;19;20;21;22;23;24;26;27;28;29;30;31;32;33;34;35;37;40;41;43;44;45;46;51;52;53;54;55;56;58;59;60;61;63;65;66;67;68;70;72;73;76;77;78;79;80;82;84;86;87;88;90;93;95;96;100,100
A0A853LYQ8,0.15789473684210525,9;11;16;20;22;24,38,2.7243064469099045,1.1864541867982663,0.17,6;11;23;25;49;62;64;70;72;74;76;80;82;85;88;92;100,100
A0A853M2B7,0.6290322580645161,1;2;5;6;7;8;9;10;11;12;13;14;17;18;19;24;25;26;27;28;31;32;33;34;35;36;38;41;45;47;50;51;52;54;56;57;58;59;60,62,2.1029921436309813,1.063953366115589,0.85,1;2;3;4;5;6;7;8;9;11;12;13;14;15;16;18;19;20;21;22;23;24;25;26;27;28;29;30;31;33;34;36;37;39;40;41;42;43;44;45;46;47;49;50;51;52;53;54;56;57;58;59;61;62;63;64;65;68;69;70;71;72;73;74;76;77;78;79;80;81;82;83;86;87;88;89;90;92;93;94;95;96;97;99;100,100
A0A8E2LPD0,0.02702702702702703,21,37,2.6506076407432557,1.1018418797336498,0.0,,100
A0A8H2PI19,0.38596491228070173,2;5;6;9;11;17;26;29;36;41;42;43;44;45;46;47;49;50;51;52;56;57,57,2.237281550168991,1.1313146434716235,0.98,1;2;3;4;5;6;7;8;9;10;11;12;13;15;16;17;18;19;20;21;22;23;24;25;26;27;28;29;30;31;32;33;34;35;36;37;38;39;40;41;42;43;44;45;46;47;48;49;50;51;52;53;54;55;56;57;58;59;60;61;63;64;65;66;67;68;69;70;71;72;73;74;75;76;77;78;79;80;81;82;83;84;85;86;87;88;89;90;91;92;93;94;95;96;97;98;99;100,100
A0A8H2PIF1,0.5636363636363636,1;2;4;6;7;8;9;10;11;12;13;17;19;22;23;27;28;31;33;35;40;41;43;44;45;46;49;50;51;54;55,55,2.316196315288544,1.2232215771161095,0.56,1;3;4;6;7;8;9;10;12;14;15;17;18;19;22;25;26;28;31;33;34;35;37;39;42;47;48;52;53;55;57;58;60;62;63;64;65;68;69;71;75;77;78;79;81;82;84;85;87;89;90;92;93;94;98;100,100
A0A8J3FU84,0.3384615384615385,7;11;12;16;18;23;25;29;31;33;39;41;42;44;45;49;51;53;55;57;61;62,65,1.9426671892404557,1.101158050285311,0.86,1;2;3;4;5;6;7;8;9;10;11;12;13;14;15;16;17;18;19;20;21;22;23;24;25;27;28;29;30;31;32;33;34;35;36;37;38;40;41;42;43;44;46;47;48;49;51;52;53;54;55;56;57;60;61;62;64;65;66;68;69;70;71;72;73;74;75;76;77;78;80;81;82;83;85;87;88;90;92;93;94;95;96;97;98;100,100
A0A8J4A7U7,0.2545454545454545,2;17;19;23;24;30;31;34;42;46;49;51;53;54,55,2.358182036280632,1.2962694209177017,0.07,3;11;17;22;37;46;90,100
A0A917FVC2,0.16666666666666666,8;16;20;29;30;33;34;51;53;55,60,2.1350352466106415,1.2977030914875463,0.7,1;3;4;5;6;7;8;10;11;14;15;16;17;18;20;21;22;23;24;26;27;28;29;30;31;32;33;34;35;38;39;41;42;43;45;46;48;49;50;51;52;53;54;56;57;58;59;61;62;63;64;66;67;69;70;73;74;76;78;80;81;82;84;86;89;90;92;95;97;98,100
A0A917RUF6,0.4418604651162791,4;5;6;7;12;15;16;18;19;20;21;23;24;25;28;29;32;39;43,43,2.69584754049778,1.318689896361202,0.41,1;3;8;9;11;13;15;17;19;21;24;26;28;30;36;37;39;40;44;46;50;55;56;57;59;60;69;72;75;76;77;78;79;84;85;88;89;93;94;97;98,100
A0A918CWM2,0.24242424242424243,2;5;11;13;14;15;22;23;24;26;27;31;34;38;39;41,66,1.9963021343946457,1.0906638963626725,0.06,21;36;49;59;76;82,100
A0A919J5R3,0.20634920634920634,8;14;26;27;31;34;35;38;40;42;44;46;50,63,1.9585423815250396,1.0186367641897796,0.17,10;16;19;22;29;35;37;38;46;62;65;74;76;80;87;92;94,100
A0A927EY10,0.625,1;2;4;6;8;10;12;13;14;15;16;17;18;19;20;21;23;25;28;30;32;35;37;40;41;42;45;46;47;48,48,2.5594398897886275,1.3767039094679925,0.98,1;2;3;5;6;7;8;9;10;11;12;13;14;15;16;17;18;19;20;21;22;23;24;25;26;27;28;29;30;31;32;33;34;35;36;37;38;39;40;41;42;43;44;45;46;47;48;49;50;51;52;53;54;55;56;57;59;60;61;62;63;64;65;66;67;68;69;70;71;72;73;74;75;76;77;78;79;80;81;82;83;84;85;86;87;88;89;90;91;92;93;94;95;96;97;98;99;100,100
A0A927JBF8,0.05454545454545454,2;8;11,55,2.399156064391136,1.2883497410848144,0.06,12;17;22;62;78;81,100
A0A927MND6,0.03508771929824561,6;28,57,2.022637246251106,1.1345969349395928,0.01,52,100
A0A934NT38,0.2692307692307692,13;19;24;25;32;33;36;38;41;42;44;45;50;51,52,2.364418877959251,1.1100913865332698,0.79,1;2;3;4;5;6;7;8;9;10;11;12;13;14;15;17;19;20;21;22;23;24;25;27;28;29;30;31;32;33;35;36;38;39;40;42;44;45;46;47;48;49;50;51;53;56;57;58;59;60;61;62;64;65;66;67;69;71;72;73;75;76;77;79;82;83;84;85;86;89;90;91;93;94;95;96;97;98;100,100
A0A937RSP3,0.6842105263157895,1;2;4;5;7;8;9;10;11;13;16;17;19;20;25;26;27;28;29;30;31;32;33;35;36;38,38,2.7181359922885893,1.0970199142663584,0.6,3;5;6;7;8;10;12;13;14;18;19;20;21;22;23;25;26;27;28;29;30;33;34;36;38;40;41;42;43;49;50;51;52;53;55;57;58;59;60;61;62;64;65;66;67;68;69;73;74;75;77;78;80;81;82;86;87;91;93;97,100
A0A939FJS2,0.2619047619047619,1;2;4;6;10;23;24;25;28;39;40,42,2.6219867944717405,1.247999503069557,0.08,11;16;23;30;68;83;90;96,100
A0A975JWU9,0.36,6;9;10;17;18;19;20;21;24;30;35;40;42;43;45;47;49;50,50,2.3171809577941893,1.0148222459906917,0.66,1;2;3;4;5;6;7;8;10;11;13;14;15;17;18;19;21;22;23;24;25;26;28;29;30;31;32;34;35;36;37;38;39;40;41;43;44;46;48;49;52;53;54;55;57;60;62;63;65;72;73;75;76;77;78;79;84;85;87;90;91;93;95;96;97;100,100
A0A9N7QL79,0.4230769230769231,2;4;5;6;7;8;9;10;11;12;13;14;15;16;24;26;27;29;35;36;45;51,52,2.3614121103286743,1.2916743867835832,0.76,1;2;3;4;5;6;7;8;9;10;11;12;13;15;16;17;18;20;21;22;23;24;26;29;30;32;34;35;36;37;38;39;40;41;42;44;45;46;47;48;49;50;51;52;53;54;55;56;58;59;60;61;62;64;66;67;68;72;74;75;77;78;79;80;81;82;84;85;86;87;88;89;90;93;95;96,100
A0A9N7QNJ2,0.14583333333333334,15;18;20;21;22;31;45,48,2.4244780606031417,1.3446451059235214,0.18,3;6;16;36;38;42;45;48;55;65;66;69;87;89;91;98;99;100,100
A0A9P3UYS2,0.4418604651162791,2;3;4;6;8;13;17;21;23;24;26;27;28;29;30;36;37;39;42,43,2.5743311339616777,1.2338893727413096,0.67,3;4;5;6;9;10;12;13;14;15;16;17;18;20;22;23;24;25;26;27;28;29;30;33;34;35;38;39;40;41;43;45;46;47;52;53;54;57;58;60;62;64;65;66;68;69;70;71;74;75;77;78;79;80;81;82;83;85;86;87;89;91;92;93;95;97;98,100
A0A9Q7SE40,0.17543859649122806,4;8;14;16;17;28;31;39;42;43,57,2.1310811883211134,1.1304781247026352,0.44,2;6;10;11;12;15;17;18;19;20;22;23;26;30;33;35;36;37;44;46;47;51;52;55;56;61;62;63;64;65;68;75;77;79;80;81;88;89;90;92;93;94;96;100,100
A0A9Q7SI49,0.45,3;4;8;10;16;18;20;21;24;25;26;27;28;32;38;39;40;42;44;45;49;52;53;54;57;59;60,60,2.020216562151909,1.3076330725905065,0.95,1;2;3;4;5;6;7;8;9;10;11;12;13;14;15;16;17;18;19;20;21;22;23;24;25;26;27;28;29;30;31;32;33;34;35;36;37;38;39;40;41;42;43;45;48;49;50;51;52;53;54;55;56;57;58;59;61;62;63;64;65;66;67;68;69;70;71;72;73;74;75;76;77;78;79;81;82;83;84;85;86;87;88;89;90;91;92;93;94;95;96;97;98;99;100,100
A0A9Q7WGW0,0.38461538461538464,7;8;10;13;16;17;19;24;25;30;33;34;35;38;39;40;41;42;43;49,52,2.2598131734132765,1.0947077558661091,0.98,1;2;3;4;5;6;7;8;9;10;11;12;13;14;15;16;17;18;19;20;21;22;23;24;25;26;27;28;29;30;31;32;33;34;35;36;37;38;39;40;41;42;43;44;45;46;47;48;49;50;51;52;53;54;55;56;57;58;59;60;61;62;63;64;65;66;67;68;69;70;71;72;73;74;75;76;77;78;79;80;81;83;84;85;86;87;89;90;91;92;93;94;95;96;97;98;99;100,100
A0A9Q7WIY4,0.7027027027027027,1;4;6;7;9;10;11;13;14;15;16;18;19;20;21;22;23;24;25;27;28;29;30;32;34;37,37,2.7636466109752655,1.1239396524116367,0.9,1;2;3;4;5;6;7;8;9;10;11;12;13;14;15;16;18;19;20;21;22;23;24;25;26;27;28;29;30;31;32;33;34;36;38;39;41;42;43;44;45;46;47;48;49;50;51;52;53;54;55;56;57;58;59;60;62;63;64;65;66;67;68;70;72;73;74;75;76;77;78;79;80;81;82;83;84;85;86;87;88;90;92;93;94;95;96;97;99;100,100
A0A9W4AZG8,0.21568627450980393,2;10;13;18;22;23;38;43;44;49;51,51,2.3525852090120316,1.2333665655973538,0.27,14;18;19;20;29;30;31;35;37;48;50;55;58;60;61;62;71;73;77;79;81;84;86;91;92;95;98,100
A0A9X2E3D3,0.07462686567164178,3;21;37;44;57,67,1.8810109186172486,1.2424590621402907,0.02,14;64,100
A0A9X2E3I2,0.37254901960784315,5;6;8;9;10;11;15;19;20;24;28;32;35;37;42;44;47;49;51,51,2.4454035496711732,1.4662506291650899,0.4,1;5;6;8;9;11;13;14;17;18;19;21;24;25;27;29;31;37;38;40;41;44;46;48;50;51;52;58;61;68;70;75;79;83;85;86;87;91;97;98,100
A0A9X2E4R0,0.06451612903225806,18;19,31,2.8968616926670077,1.077921326408726,0.04,3;45;71;90,100
A0A9X2YIQ0,0.23404255319148937,5;7;11;15;19;20;22;25;39;45;47,47,2.530206731557846,1.3508948179627047,0.36,1;3;6;7;8;12;13;18;22;29;30;31;33;40;41;47;49;52;56;57;58;63;66;68;69;73;74;75;77;79;81;90;91;94;96;99,100
A0A9X2YRI8,0.13043478260869565,4;15;29;32;35;38,46,2.4449184864759443,1.3242508022303299,0.09,3;20;22;37;46;50;59;99;100,100
A0A9X2Z2J6,0.11764705882352941,2;16;19;32;36;42,51,2.3289424443244933,1.2712408546322587,0.03,14;37;55,100
A0A9X3BRH0,0.1864406779661017,9;14;16;17;20;33;48;51;52;55;58,59,2.1384384161233903,1.1911016705806945,0.31,1;4;5;9;11;16;24;28;29;31;34;38;39;47;49;51;52;54;59;69;78;79;81;83;84;89;90;92;95;97;100,100
A0A9X3C2T0,0.0196078431372549,8,51,2.439652578830719,1.3706311337825772,0.18,2;6;7;15;22;25;45;47;57;65;72;75;81;85;88;90;91;93,100
A0A9X7ILG2,0.5185185185185185,2;5;6;11;12;13;14;16;18;19;20;21;23;24;25;26;27;30;33;34;37;42;43;47;48;50;53;54,54,2.376034353375435,1.322388317449834,0.77,1;2;3;4;6;7;9;10;11;12;13;14;17;18;19;21;22;23;24;25;26;27;29;31;32;33;34;35;36;37;38;39;40;41;42;43;44;47;48;49;50;51;52;53;54;55;57;58;59;60;64;66;67;68;69;70;71;73;76;77;78;79;80;83;84;85;86;87;88;89;90;91;92;93;95;98;99,100
A0A9X7WHR6,0.5740740740740741,1;3;4;5;8;9;10;12;13;14;15;16;19;20;21;23;26;27;29;30;33;35;37;38;39;41;43;46;49;52;54,54,2.2844872200489044,1.2995375037135735,0.9,1;2;3;4;5;6;7;8;9;10;11;12;13;14;16;18;19;20;21;22;24;27;28;29;30;31;32;33;34;35;36;37;38;39;40;41;42;43;44;45;46;47;48;49;50;51;52;53;54;55;56;57;58;60;61;62;64;65;67;68;69;70;71;72;73;74;75;76;77;78;79;80;81;83;84;85;86;88;89;90;91;92;93;94;95;96;97;98;99;100,100
A0A9X8QZ54,0.1590909090909091,1;2;9;12;16;24;33,44,2.6244020748138426,1.0898859950591757,0.33,2;7;9;25;26;27;30;31;37;39;43;45;48;49;51;58;60;62;63;67;68;76;77;79;81;85;86;92;93;94;96;98;99,100
A0A9Y2IBK6,0.3,1;3;5;8;10;15;18;19;23;24;27;35;38;40;47,50,2.463481183052063,1.1924825737741085,0.06,30;32;68;71;72;85,100
A0A9Y2N0A1,0.1956521739130435,5;10;17;22;36;38;41;42;44,46,2.4410641384124756,1.1008777777805725,0.22,2;5;8;19;20;21;24;36;41;44;52;55;59;60;64;66;68;70;90;95;97;100,100
A0AA37PJ36,0.1320754716981132,8;20;32;36;37;38;50,53,2.1789919316768644,1.0085861586508593,0.07,8;43;45;46;67;72;95,100
A0AA37PJQ2,0.175,1;6;21;24;28;29;40,40,2.696911338567734,1.2097173556038991,0.15,1;12;25;36;53;54;59;60;62;65;73;76;81;86;93,100
A0AA37PNY0,0.4772727272727273,2;4;9;11;13;14;15;16;17;18;19;24;25;27;30;32;33;34;36;38;39,44,2.4284335482120514,1.057697554670705,0.64,1;2;4;5;6;7;8;9;10;11;14;15;16;17;19;20;21;23;24;25;27;28;30;33;35;36;37;39;40;42;43;44;47;49;51;52;53;54;55;57;58;59;60;62;63;65;67;69;71;72;75;77;78;81;82;83;86;89;91;94;95;96;99;100,100
A0AA37PRM7,0.5116279069767442,1;2;4;5;6;10;11;14;16;17;18;19;21;22;23;26;28;29;31;32;37;43,43,2.6356817042827605,1.2325442475692119,0.88,1;2;4;5;6;7;8;9;10;11;12;13;14;15;16;17;18;20;21;22;23;24;25;26;27;28;29;31;32;33;35;37;38;39;40;41;42;43;44;47;49;50;51;52;53;54;55;56;57;58;59;60;61;62;63;64;65;66;67;68;69;70;71;72;73;75;76;77;79;80;81;82;83;84;85;86;87;88;89;90;91;92;93;94;95;96;98;100,100
A0AA42BYT1,0.3584905660377358,4;5;6;7;8;9;14;18;24;26;29;31;32;34;37;39;42;43;48,53,2.3601587969064712,1.2204090573697393,0.14,18;24;25;34;46;60;63;64;66;73;76;89;92;98,100
A0AA91EXD2,0.35294117647058826,2;4;7;11;14;15;18;20;21;22;26;31;32;33;38;41;46;50,51,2.4049621778726578,1.298636677503436,0.52,2;4;5;6;7;8;9;13;15;16;17;20;21;25;31;32;34;38;39;40;43;44;45;46;47;49;50;51;52;53;55;58;59;60;62;66;67;68;69;73;75;77;80;81;83;84;85;86;93;94;95;99,100
A0AA91M3B5,0.3584905660377358,2;3;7;8;9;10;11;12;16;17;19;23;25;30;37;41;42;46;51,53,2.3817387008666993,1.389894066478812,0.5,2;3;4;5;6;12;14;15;18;19;20;21;23;24;26;27;28;34;35;37;41;42;44;46;48;51;52;54;55;56;57;59;60;62;67;68;73;74;76;78;82;83;87;91;93;94;96;97;98;99,100
A0AA94UBA0,0.14634146341463414,10;11;14;15;18;24,41,2.7776356887817384,1.150951698869529,0.29,1;4;7;8;10;12;15;19;24;25;29;35;39;43;46;48;57;58;65;73;74;77;79;81;88;89;94;95;100,100
A0AAC9VV50,0.2,1;2;4;7;15,25,2.8641005516052247,1.0075778455767532,0.22,5;6;15;19;23;24;29;33;41;48;49;54;58;63;65;67;68;78;79;80;88;90,100
A0AAC9YL18,0.15,4;5;7;17;21;27;32;47;55,60,2.298381838798523,1.2460805014695733,0.15,33;38;43;47;53;54;59;68;71;76;86;90;94;97;99,100
A0AAC9YPU9,0.3018867924528302,5;6;9;15;16;18;20;22;23;26;30;40;46;47;51;52,53,2.1959166246652604,1.1046511752735435,0.32,2;3;4;6;8;9;12;14;17;18;22;23;33;37;39;41;46;48;49;54;60;62;65;67;85;88;90;91;92;93;96;98,100
A0AAD1H459,0.4090909090909091,3;7;8;11;13;14;20;21;25;28;29;30;31;32;33;36;37;38;40;41;48;49;50;56;59;61;63,66,1.8802533507347108,1.1287731559534846,0.66,1;3;4;7;9;10;11;14;15;16;18;19;20;21;22;23;24;26;28;29;30;31;32;33;34;36;37;39;40;41;43;44;47;48;51;53;55;56;58;59;60;62;63;64;65;66;67;68;71;72;73;75;77;78;79;80;81;83;85;89;91;92;94;95;96;97,100
A0AAD1HCQ5,0.6904761904761905,2;3;4;6;8;9;10;11;12;15;16;18;19;20;21;22;23;24;25;27;28;30;31;32;33;34;35;39;40,42,2.536340647935867,1.2043431708433872,0.88,1;2;3;4;5;6;7;8;9;10;11;12;13;14;15;16;17;18;19;20;21;22;23;24;25;26;27;28;29;30;31;32;33;34;35;36;37;38;39;40;42;43;44;45;46;47;48;49;50;51;54;56;57;58;59;60;61;63;64;65;66;67;68;69;70;71;72;74;75;76;77;78;80;81;82;83;84;85;87;88;89;91;92;94;95;96;98;99,100
A0AAD1HL52,0.3333333333333333,4;6;8;10;11;13;15;18;22;23;32;34;38;41;42;48;49;53,54,2.3178576976060867,1.2474002865150726,0.9,1;2;3;4;5;6;7;8;9;10;11;12;13;14;15;16;17;18;19;20;21;22;23;24;25;26;28;29;30;31;32;33;34;35;36;38;40;41;43;44;45;46;47;48;49;50;51;52;53;54;55;56;57;58;59;61;62;63;64;66;69;70;71;72;73;74;75;76;78;79;80;81;82;83;84;85;87;88;89;90;91;92;93;94;95;96;97;98;99;100,100
A0AAD1I0L4,0.25,3;5;7;8;15;16;28,28,2.898088172674179,1.0370493756501746,0.13,21;22;49;55;57;60;62;63;64;65;72;87;92,100
A0AAD1I1H5,0.3793103448275862,1;2;5;6;7;9;10;13;15;19;29,29,3.02930051445961,1.3069698104366292,0.72,1;2;5;6;7;8;9;11;12;13;14;15;16;17;18;20;23;24;25;27;28;30;31;32;33;35;36;37;38;41;43;47;48;49;51;52;54;55;57;58;62;63;65;66;69;70;71;72;73;74;75;78;79;80;81;82;83;84;85;86;89;90;91;92;93;94;95;96;97;98;99;100,100
A0AAD1IMP5,0.19642857142857142,1;4;12;24;26;32;39;43;49;54;56,56,2.1391153877973554,1.0866123660306333,0.29,1;2;13;14;17;18;21;22;24;27;32;34;35;40;41;45;54;58;61;64;65;66;68;72;78;84;91;94;96,100
A0AAD1IMS5,0.041666666666666664,1;42,48,2.6435243529081345,1.2901091873689396,0.35,4;5;9;11;21;23;26;28;31;32;34;35;36;39;41;49;51;52;55;59;60;62;67;69;72;73;78;79;81;84;85;86;87;92;95,100
A0AAE4RDM5,0.7209302325581395,2;3;4;5;6;7;9;10;12;13;14;15;17;19;20;21;22;23;24;25;26;28;29;30;32;34;35;38;40;42;43,43,2.6917996680736542,1.1211966616246036,0.88,1;2;3;4;5;7;8;9;10;11;12;13;14;15;16;17;18;19;20;21;22;23;24;25;26;27;28;29;30;31;33;35;36;38;39;41;42;43;44;45;46;48;49;50;51;52;53;54;55;56;57;58;59;61;62;64;65;67;68;69;70;71;72;73;74;75;76;77;78;79;80;81;82;83;84;85;86;87;88;89;90;92;94;95;97;98;99;100,100
A0AAE4UCZ3,0.7037037037037037,1;2;4;5;6;7;8;10;11;12;13;16;17;18;19;20;21;22;23;24;25;26;27;28;29;30;31;33;34;40;41;43;44;45;46;48;50;51,54,2.113996958732605,1.09490472901941,0.87,1;2;3;5;7;8;9;10;11;12;13;14;15;16;17;18;20;21;22;23;24;25;26;27;28;30;31;32;34;35;36;37;38;39;40;42;43;44;45;46;47;48;49;50;51;52;53;54;55;56;58;59;60;61;62;63;64;65;66;67;68;69;70;72;73;74;75;77;78;79;80;83;85;86;87;89;90;91;92;93;94;95;96;97;98;99;100,100
A0AAE4UD82,0.36538461538461536,4;7;12;14;17;21;24;25;26;27;28;29;30;33;37;39;40;45;47,52,2.400187840461731,1.324690257892249,0.26,3;4;15;16;22;24;26;29;30;31;33;37;44;48;53;65;66;70;74;86;92;93;95;96;98;99,100
A0AAE4VIV1,0.3617021276595745,2;3;4;5;11;13;14;20;22;27;29;31;32;35;37;40;45,47,2.5789229559898375,1.2138385599832326,0.77,1;2;3;4;5;6;7;8;9;10;11;12;13;14;15;16;17;18;20;21;22;23;24;25;27;28;29;30;31;32;34;35;36;37;38;39;41;42;43;44;46;47;48;49;50;51;54;55;58;59;60;61;67;68;69;70;71;72;73;74;75;76;77;78;79;80;81;84;87;89;90;91;93;94;95;99;100,100
A0AAE6TQG2,0.23076923076923078,11;13;19;20;21;22;28;33;37,39,2.695534111261368,1.1718248747206252,0.5,1;5;6;10;12;14;15;16;17;18;19;21;24;25;26;28;33;35;37;38;40;43;45;47;49;53;58;60;61;66;67;68;69;70;72;73;74;75;78;83;84;85;86;87;89;91;92;98;99;100,100
A0AAI8TZQ7,0.22,6;26;31;32;34;37;38;39;44;45;49,50,2.4132846987247465,1.1607314404236377,0.67,1;2;3;4;5;7;8;9;10;11;13;14;15;16;17;19;20;21;22;23;24;25;26;27;29;30;34;37;40;43;44;45;49;50;52;53;55;56;57;60;61;62;63;66;67;69;70;71;73;74;76;78;79;80;81;82;83;84;85;87;90;92;93;94;95;96;100,100
A0AAI8U017,0.2826086956521739,2;5;6;7;9;12;13;18;19;27;37;40;46,46,2.4861515301465986,1.2715848338955733,0.37,7;11;12;13;20;22;24;26;32;34;35;36;38;39;40;41;42;45;47;49;50;51;54;61;62;63;64;70;71;74;75;79;80;81;90;92;96,100
A0AAJ1W4G5,0.3157894736842105,1;5;6;9;11;12;15;19;21;22;23;24;32;39;41;42;48;55,57,2.095884852409363,1.142961658743818,0.29,1;3;4;11;12;14;15;18;26;27;35;40;44;49;50;51;54;56;57;62;66;68;78;81;83;84;93;94;95,100
A0AAJ3NLH7,0.27450980392156865,5;9;10;12;16;17;21;23;26;29;36;37;41;44,51,2.4294246929883956,1.268916717526417,0.22,5;6;11;12;25;27;32;34;37;41;50;51;55;61;70;73;79;80;83;87;93;95,100
A0AAJ3NT49,0.2727272727272727,3;7;12;14;15;17;20;21;22;31;32;41,44,2.3532266187667847,1.044993130699274,0.05,7;53;62;77;92,100
A0AAJ3TVZ5,0.11764705882352941,1;3;7;23;26;40,51,2.5021720641851424,1.309170021762452,0.41,1;6;7;8;9;10;13;15;19;21;22;24;27;28;29;30;32;35;41;50;53;55;56;57;62;63;67;70;74;77;78;79;82;83;86;87;89;92;95;97;98,100
A0AAP6BDL8,0.24489795918367346,8;14;15;16;27;33;41;42;44;46;47;48,49,2.28956459581852,1.3322842772765513,0.99,1;2;3;4;5;6;7;8;9;10;11;12;13;14;15;16;17;18;19;20;21;22;23;24;25;26;27;28;29;30;31;32;33;34;35;36;37;38;39;40;41;42;43;44;45;46;47;48;49;50;51;52;53;54;55;56;57;58;59;60;61;62;63;64;65;66;67;68;69;70;71;72;73;74;75;76;77;78;79;80;81;82;83;84;85;86;87;88;89;90;91;93;94;95;96;97;98;99;100,100
A0AAU4K3W1,0.3023255813953488,5;6;10;11;17;21;25;29;35;36;37;41;43,43,2.7225775957107543,1.213791887310646,0.49,1;4;6;8;9;10;11;12;16;17;19;21;22;23;24;27;28;29;31;33;36;38;45;48;51;53;57;59;60;65;66;67;69;70;74;75;78;79;81;82;84;85;86;89;90;94;95;99;100,100
A0AAV2WH99,0.29411764705882354,2;7;8;12;14;17;22;25;27;30,34,2.854045875072479,1.0408894098406014,0.24,2;3;4;8;9;10;11;15;18;26;34;35;53;56;62;66;72;73;79;89;92;94;96;99,100
A0AAW5S5J5,0.023809523809523808,37,42,2.5276409804821016,1.2005174071577054,0.0,,100
A0AAW5SKH5,0.0,,38,2.7337575578689575,1.126101343272685,0.0,,100
A0AAW5TB97,0.46808510638297873,3;4;6;8;9;11;13;15;17;18;20;22;23;25;27;28;30;33;40;41;42;47,47,2.5491774451732634,1.2556996737434056,0.74,1;2;3;4;5;7;8;9;10;13;14;15;16;17;18;19;22;23;24;25;28;30;31;32;33;34;36;37;38;39;41;42;43;44;45;47;48;49;50;51;53;54;55;56;60;61;62;63;64;66;69;70;71;72;74;75;76;78;79;80;81;84;85;87;88;90;91;92;93;94;95;96;98;99,100
A0AAW5THR0,0.2692307692307692,7;12;15;16;19;20;25,26,2.8636363303661345,1.0010115910554245,0.46,1;3;4;5;6;8;9;10;17;18;21;22;23;24;25;26;28;30;32;37;46;48;53;54;55;62;64;65;66;70;73;74;75;76;77;79;80;82;85;86;88;91;94;95;98;99,100
A0AAX1J9Y8,0.43103448275862066,2;5;6;7;10;12;13;15;17;20;24;28;30;31;33;36;37;41;42;46;47;50;55;56;58,58,2.188428788781166,1.2284354266885127,0.18,20;28;37;43;47;48;51;52;53;54;65;66;70;71;74;75;87;92,100
A0AAX1JCS8,0.5510204081632653,1;2;3;6;7;8;10;11;12;16;18;19;20;22;25;27;28;29;31;32;33;34;36;40;41;44;45,49,2.313167122602463,1.0860084940158043,0.99,1;2;3;4;5;6;7;8;9;10;11;12;13;14;15;16;17;18;19;20;21;22;23;24;25;26;27;28;29;30;31;32;33;34;35;36;37;38;39;40;41;42;43;44;45;46;47;48;49;50;51;52;53;54;55;56;57;58;59;60;61;62;63;64;65;66;67;68;69;70;71;72;73;74;75;76;77;79;80;81;82;83;84;85;86;87;88;89;90;91;92;93;94;95;96;97;98;99;100,100
A0AAX1JED5,0.45652173913043476,4;5;7;12;13;14;16;18;19;21;22;25;27;35;36;37;40;42;43;44;46,46,2.542399980425835,1.2831375251160075,0.93,1;2;3;4;5;6;7;8;9;10;11;12;13;14;15;17;18;19;20;21;22;23;24;25;26;27;28;29;31;32;33;34;36;37;38;39;40;41;42;43;44;45;46;47;48;49;50;51;52;53;54;55;56;57;58;59;60;61;62;63;65;66;69;70;71;72;74;75;76;77;78;79;80;81;82;83;84;85;86;87;88;89;90;91;92;93;94;95;96;97;98;99;100,100
A0AAX1JEG7,0.09302325581395349,1;5;6;26,43,2.434778086543083,1.3859288314032139,0.0,,100
A0AAX2ZQB8,0.8529411764705882,1;2;3;4;5;6;7;8;9;10;11;13;14;15;16;17;18;19;20;22;23;24;25;26;28;29;30;32;34,34,2.8960522133111954,1.1478656659830129,0.96,1;2;3;4;5;6;7;8;9;10;11;12;13;14;15;16;17;18;19;20;21;22;24;25;26;27;28;29;30;31;32;33;34;35;36;37;38;39;40;41;42;43;44;45;46;47;48;49;50;51;52;53;54;55;56;57;58;59;60;61;62;63;64;65;66;67;69;70;71;72;73;75;76;77;79;80;81;82;83;84;85;86;87;88;89;90;91;92;93;94;95;96;97;98;99;100,100
A0AAX2ZQD4,0.48,3;4;7;8;9;11;14;15;17;19;22;23,25,3.0117210948467257,1.1343106789725863,0.39,4;8;9;11;13;24;27;28;30;32;36;38;39;40;46;47;48;50;52;53;55;57;59;63;66;67;69;70;71;75;77;78;79;80;90;92;93;94;99,100
A0AAX3A495,0.45454545454545453,5;8;9;10;11;12;14;17;18;22;25;26;27;28;32;33;37;41;43;44;47;48;51;52;55,55,2.1803521013259886,1.233368338538581,0.74,1;2;3;4;5;6;7;8;9;11;12;13;15;17;18;19;21;23;24;25;27;28;29;30;32;34;35;36;37;38;39;40;41;42;43;44;45;46;47;48;50;51;52;53;54;55;56;57;58;59;60;61;63;64;67;69;73;74;77;78;79;80;81;82;84;85;86;87;88;91;92;93;96;98,100
A0AB33ACF4,0.8113207547169812,1;2;3;4;5;6;8;9;10;11;12;15;16;18;19;20;21;22;23;25;26;27;28;29;30;31;32;33;34;35;36;37;38;39;40;41;42;45;47;48;50;51;52,53,2.370589853525162,1.236918183030596,0.98,1;2;3;4;5;6;7;8;9;10;11;12;13;14;15;16;17;18;19;20;21;22;23;24;25;26;27;28;29;30;31;32;33;34;35;36;37;38;39;40;41;42;43;44;45;46;47;48;49;50;51;52;53;54;55;56;57;58;59;60;61;62;63;65;66;67;68;69;70;71;72;73;74;75;76;77;78;79;80;81;82;83;84;85;86;87;88;89;90;91;92;93;94;96;97;98;99;100,100
A0AB33ACN0,0.25,2;14;17;20;21;24;29;34;38;40;42;44;47,52,2.4383506679534914,1.2776421086080858,0.89,1;2;3;4;5;6;7;8;10;11;12;13;15;16;17;18;19;20;21;22;23;24;25;26;27;28;29;30;31;32;33;34;35;36;37;38;39;40;41;43;44;45;47;48;49;51;52;53;54;55;56;57;58;59;60;61;62;63;64;65;66;67;68;69;70;71;72;74;75;76;79;80;81;82;83;84;86;87;88;89;91;92;93;94;95;96;97;99;100,100
A0AB33ADN5,0.6190476190476191,2;3;4;6;10;14;15;16;18;19;21;22;23;25;26;27;28;29;31;32;33;34;35;36;39;40;41;42;43;45;46;47;50;52;55;56;58;60;62,63,2.086425986289978,1.006130563168187,0.75,1;2;3;4;5;6;8;10;11;12;13;14;15;16;17;18;19;20;21;22;23;24;27;29;30;31;32;33;35;37;38;40;41;42;44;45;46;47;48;49;50;51;52;53;55;56;58;60;62;64;65;67;68;70;71;72;73;74;75;77;78;81;82;83;84;85;87;90;93;94;95;96;97;98;99,100
A0AB33AHW7,0.4696969696969697,1;2;3;5;8;10;11;13;14;16;17;18;20;25;26;30;34;35;37;38;39;44;45;47;51;57;59;60;62;63;66,66,1.8803802388906479,1.293930095725506,0.43,2;4;6;8;10;11;12;13;18;19;20;25;27;30;31;32;34;39;42;43;44;46;47;48;49;50;53;60;61;63;67;68;69;71;74;77;78;79;82;85;87;89;90,100
A0AB33TCW4,0.42424242424242425,7;8;11;13;16;18;22;24;25;26;27;28;29;32;34;35;38;39;43;49;51;53;54;56;58;59;60;62,66,1.8988777828216552,1.2532878248526775,0.35,1;6;10;11;12;17;20;21;23;27;30;31;32;33;37;41;43;44;45;48;53;59;72;73;78;80;82;84;87;88;89;90;91;94;95,100
A0AB33TD28,0.44,3;5;9;10;11;12;16;19;20;23;24;26;28;32;33;37;39;40;41;42;44;49,50,2.3518236756324766,1.1616956991541814,0.5,4;5;7;8;16;17;22;23;24;25;26;28;30;31;33;34;35;38;42;43;44;45;49;52;53;54;55;58;64;65;66;67;70;71;73;76;77;78;79;80;81;83;84;85;87;89;91;97;98;99,100
A0AB38CYE9,0.875,1;2;4;5;6;7;8;9;10;11;12;13;14;15;16;17;18;20;21;23;24;25;26;27;28;29;30;31;32;33;34;35;36;38;39,40,2.528230845928192,1.0908185053292874,1.0,1;2;3;4;5;6;7;8;9;10;11;12;13;14;15;16;17;18;19;20;21;22;23;24;25;26;27;28;29;30;31;32;33;34;35;36;37;38;39;40;41;42;43;44;45;46;47;48;49;50;51;52;53;54;55;56;57;58;59;60;61;62;63;64;65;66;67;68;69;70;71;72;73;74;75;76;77;78;79;80;81;82;83;84;85;86;87;88;89;90;91;92;93;94;95;96;97;98;99;100,100
A0AB38CZ04,0.5777777777777777,1;5;7;8;9;10;12;13;14;16;18;19;20;21;23;24;27;28;30;31;34;36;38;40;43;44,45,2.4162812352180483,1.2333471941546061,0.91,1;2;3;4;5;6;7;8;10;11;12;13;14;15;16;17;18;19;21;22;23;24;25;26;27;28;29;30;31;32;33;34;35;36;37;38;39;40;41;42;43;44;45;46;47;48;49;50;51;52;53;54;55;56;57;58;59;60;61;62;63;64;65;66;67;68;69;70;71;74;75;77;78;79;82;83;84;85;86;87;88;89;90;91;93;94;95;96;98;99;100,100
A0AB38D5A4,0.22950819672131148,6;8;13;16;19;21;24;30;34;35;42;46;50;60,61,2.0751584124565126,1.3267060788785938,0.22,4;8;12;13;17;19;27;31;40;43;45;52;56;62;64;66;67;73;80;84;88;93,100
A0AB38USB2,0.6,1;3;4;5;8;9;10;11;12;13;15;16;18;19;20;23;25;26;28;29;34;35;37;41;42;43;44;45;46;50,50,2.462774712443352,1.179457865447037,0.84,1;2;3;4;5;7;8;9;10;11;12;13;14;15;16;17;18;19;20;22;23;24;25;28;29;30;31;32;33;35;37;38;39;40;41;42;43;44;45;48;49;50;51;52;53;54;55;56;57;58;59;61;64;65;66;67;69;70;71;73;74;75;76;77;78;79;80;81;82;84;85;86;88;89;90;91;92;94;95;96;97;98;99;100,100
A0AB72XQA2,0.5178571428571429,1;3;8;9;10;11;13;16;17;18;20;21;24;25;26;27;28;29;32;37;39;41;42;43;44;50;52;54;56,56,2.2554755079746247,0.9747080755544226,0.46,4;5;6;7;8;9;10;13;14;18;19;22;23;24;25;26;28;34;36;37;43;45;46;49;50;53;58;60;61;62;72;75;76;77;79;83;84;85;87;89;90;93;97;98;99;100,100
A0AB73LE91,0.5581395348837209,2;4;7;11;13;15;17;20;21;22;23;24;25;26;28;29;30;32;33;34;36;38;39;41,43,2.533618770837784,0.9867443522518584,0.88,1;2;3;4;5;6;7;8;9;10;11;12;13;14;15;16;17;18;19;21;22;24;25;26;27;28;29;30;31;32;33;34;35;36;37;39;40;41;42;43;44;45;46;49;50;51;52;53;54;55;56;57;58;61;62;63;64;65;66;67;68;70;71;73;74;75;76;77;78;79;80;81;82;83;84;85;86;87;88;92;93;94;95;96;97;98;99;100,100
A0AB73LM64,0.12244897959183673,3;5;6;10;23;26,49,2.519746187329292,1.2395329692136028,0.65,1;2;4;5;6;8;9;10;11;14;15;16;17;19;20;21;22;23;24;25;26;27;29;30;32;33;34;35;37;38;39;43;44;45;50;51;52;55;56;57;59;60;61;62;64;65;69;70;72;73;76;77;78;79;81;85;86;87;89;91;93;95;96;97;98,100
A0AB73MHS4,0.05555555555555555,34;50;52,54,2.299846196770668,1.1059837834347062,0.87,1;2;3;4;5;6;7;9;10;11;12;13;14;15;16;17;18;19;20;21;22;25;26;29;30;31;32;33;34;35;36;37;38;39;41;42;43;46;47;48;50;51;52;53;54;55;56;57;58;59;60;62;63;64;65;66;67;68;69;70;71;72;73;74;75;77;78;79;80;81;82;83;84;85;86;87;88;90;91;92;93;94;95;96;97;99;100,100
A0AB73N8J1,0.6031746031746031,1;2;5;8;9;11;16;17;18;22;23;26;27;28;29;30;31;32;35;36;39;40;42;44;45;47;48;49;50;51;52;53;54;55;57;58;60;61,63,2.0026766031980516,1.3389949162077963,0.9,1;2;3;4;5;6;7;8;9;10;12;13;14;15;16;17;18;19;20;21;23;24;25;26;27;28;29;30;31;32;33;34;35;36;37;38;39;40;41;42;43;44;45;46;47;48;49;50;51;52;53;54;55;57;58;60;61;62;63;65;66;67;68;69;70;71;73;75;76;77;78;79;80;81;82;85;86;87;88;89;90;91;92;93;94;95;96;97;99;100,100
A0AB73U2P7,0.6451612903225806,1;2;3;5;6;8;10;13;15;18;19;20;23;24;25;26;27;28;30;31,31,2.7017391300201417,1.0128382690589017,0.93,1;2;3;4;5;6;7;8;9;10;11;13;14;15;16;17;18;19;20;21;22;23;25;26;27;28;29;30;31;32;33;34;35;36;37;38;40;41;42;43;44;45;46;47;48;49;50;51;52;53;55;56;57;58;59;60;61;62;63;64;65;66;67;68;69;70;71;73;74;75;76;77;78;79;80;81;82;84;85;86;88;89;90;91;92;93;94;95;96;97;98;99;100,100
A0AB73U621,0.14545454545454545,10;11;23;26;32;36;47;49,55,2.3013724291324618,1.184905513799758,0.81,1;2;3;4;5;6;7;8;9;10;11;12;13;14;15;16;17;18;19;20;21;22;23;24;25;26;28;29;31;32;33;35;36;37;39;41;42;43;44;45;46;47;48;49;50;51;53;54;56;57;58;59;60;61;63;64;65;66;67;68;69;70;73;75;77;78;79;81;82;83;84;85;87;89;90;92;94;96;97;99;100,100
A0AB73U7U3,0.352112676056338,3;8;9;10;13;14;16;20;28;29;30;34;38;39;40;47;50;51;53;56;60;66;67;69;71,71,1.711724216938019,1.1108467346919002,0.65,1;2;3;4;5;6;7;8;9;11;14;15;18;19;20;21;22;23;24;25;27;28;29;30;31;32;33;34;35;36;37;38;39;40;44;45;46;49;53;54;55;56;59;60;63;64;65;69;70;71;72;73;74;76;77;79;81;86;87;88;90;91;96;97;99,100
A0AB73U9A3,0.05,6;37;56,60,2.1506533366441727,1.1635100288147027,0.39,2;4;8;10;11;12;13;14;16;17;25;26;27;30;31;33;39;40;44;47;48;52;57;58;59;62;63;64;67;69;70;74;78;79;82;85;87;91;95,100
A0AB74F9U6,0.42857142857142855,4;6;8;12;14;18;19;22;23;24;25;26;27;28;32;33;39;41;43;45;47;50;52;56;59;61;62,63,2.191022734642029,1.2596398393267478,0.81,1;2;4;5;6;7;8;9;10;11;12;13;14;15;16;17;18;20;21;22;23;24;25;26;27;28;29;30;31;32;33;34;35;36;37;38;39;40;41;42;44;45;46;47;48;49;52;53;54;55;56;58;59;60;62;63;66;67;69;70;71;72;73;75;76;77;80;81;84;85;86;87;88;89;91;92;93;94;95;97;98,100
A0AB74FEB0,0.24,6;9;12;13;14;20;25;26;40;41;42;43,50,2.269160064458847,1.1799953796820626,0.86,1;2;3;4;5;6;7;8;9;10;11;12;13;14;15;16;17;18;19;20;21;22;23;25;26;27;28;29;30;31;32;33;35;36;37;38;39;40;41;42;43;44;45;46;47;48;49;50;52;53;54;57;59;60;61;62;63;65;67;68;70;71;72;73;74;76;77;78;79;80;81;83;84;87;88;89;90;91;92;93;94;95;96;97;98;100,100
A0AB74FGQ8,0.05,5;6;47,60,2.1081528717279436,1.3006283213092908,0.01,23,100
A0ABD6QL27,0.5740740740740741,1;2;3;4;6;7;8;10;11;12;15;16;17;18;21;22;24;25;26;27;28;29;31;32;33;35;38;42;45;46;51,54,2.3661784690618517,1.2762694287080256,0.63,1;3;5;6;7;11;12;13;14;15;16;17;19;20;21;23;27;30;32;35;37;38;40;41;42;45;47;49;50;51;52;53;54;55;56;57;58;60;61;62;63;66;72;73;74;76;77;78;79;80;81;83;84;85;86;87;90;92;94;95;96;97;99,100
A0ABD6QS80,0.4,2;6;7;10;11;16;17;20,20,3.260195481777191,1.0643332626746569,0.08,19;33;48;53;69;75;79;92,100
A0ABD7HN08,0.5454545454545454,2;4;5;6;7;10;13;14;15;16;18;22;24;25;26;27;29;30;34;36;38;39;40;41;43;44;46;48;50;51;52;54;59;63;65;66,66,1.9835810852050781,1.1224261205201307,0.96,1;2;3;4;5;6;7;8;9;10;11;12;13;14;15;16;17;18;19;20;21;22;23;24;25;26;27;28;29;30;31;32;33;34;35;36;37;38;39;40;41;42;43;44;45;46;47;48;49;50;52;53;54;55;56;57;58;59;60;62;63;64;65;66;67;68;69;70;71;72;73;74;75;76;77;78;79;80;81;82;83;84;85;86;87;88;89;90;92;94;95;96;97;98;99;100,100
A0ABF7PG24,0.16071428571428573,3;4;7;12;13;25;34;41;43,56,2.2982454711198805,1.426765636119686,0.12,10;18;32;44;47;49;55;60;61;82;87;97,100
A0ABM7I197,0.35294117647058826,1;4;5;6;8;9;14;16;17;22;23;24;27;32;33;35;38;41;42;46;49;50;51;52,68,2.0288210129737854,1.3573544641926947,0.52,1;3;4;5;6;8;9;10;11;12;13;15;18;20;21;23;24;30;31;32;33;34;35;38;39;40;41;42;46;48;51;52;55;57;58;59;60;62;65;66;68;70;71;73;74;75;77;85;86;89;93;99,100
A0ABM7J8Q1,0.0967741935483871,7;8;28,31,2.8605827474594117,1.1145765404495844,0.12,18;21;38;39;44;47;49;76;78;90;92;99,100
A0ABM7JWD3,0.29508196721311475,2;3;9;10;14;15;19;24;26;31;32;35;40;48;50;53;56;58,61,2.104385538101196,1.27396205078826,0.1,5;7;8;10;14;29;46;59;64;81,100
A0ABM7K1P0,0.3559322033898305,4;6;9;10;11;15;18;20;25;26;27;29;35;38;45;47;49;51;53;55;56,59,2.1335738718509676,1.2705309923805752,0.57,1;4;5;7;9;10;11;12;15;19;20;21;22;23;24;25;27;28;29;30;31;34;35;36;37;38;39;43;47;48;49;51;52;54;57;64;67;71;73;74;75;76;77;78;79;82;83;84;85;86;87;90;92;93;95;97;98,100
A0ABM7SIW3,0.12244897959183673,11;12;24;25;27;43,49,2.5253013479709625,1.4225702016884758,0.18,4;14;15;27;28;29;41;42;47;50;54;55;58;60;75;77;80;96,100
A0ABM7SN96,0.6415094339622641,1;2;3;4;6;7;10;11;12;14;17;18;19;21;22;25;27;28;29;30;33;35;37;38;39;40;41;42;44;45;46;47;52;53,53,2.184694184064865,1.1939582813859004,0.97,1;2;3;4;5;6;7;8;9;10;11;12;13;14;15;16;17;18;19;20;21;22;23;24;25;26;27;28;29;30;31;32;33;34;35;36;37;38;39;40;41;42;43;44;45;46;47;48;49;50;51;52;54;55;56;57;58;59;60;61;62;63;64;65;66;67;68;69;70;71;72;73;74;75;76;77;78;79;80;82;83;84;86;87;88;89;90;91;92;93;94;95;96;97;98;99;100,100
A0ABM7SX73,0.29545454545454547,1;7;9;11;18;27;28;32;35;37;39;41;44,44,2.5629861938953398,1.3110214278166916,0.34,3;10;12;13;14;18;20;21;22;23;27;32;40;44;46;50;51;54;58;61;66;68;71;72;73;76;79;81;88;90;91;93;94;100,100
A0ABM9LWN3,0.46,2;4;5;6;9;10;12;17;18;19;21;22;23;24;26;32;35;39;42;44;47;49;50,50,2.4730342841148376,1.269368254437593,0.8,1;3;4;5;6;7;8;9;10;11;12;13;14;15;16;17;18;19;20;21;22;23;25;26;27;28;29;30;31;33;34;36;37;39;40;42;43;44;45;46;49;50;52;53;54;55;57;59;60;61;63;65;66;67;68;71;72;73;74;75;76;77;78;79;80;81;83;84;85;87;88;89;90;92;93;94;95;96;97;100,100
A0ABN0UZZ3,0.0,,40,2.546984723806381,1.0022563519299004,0.0,,100
A0ABN1T3W5,0.5833333333333334,4;6;7;8;9;10;11;12;14;16;17;18;19;21;23;24;26;27;28;29;32;33;34;36;37;38;42;45;46;49;50;51;52;54;59,60,2.0714895594120026,0.9936694820523058,0.92,1;2;3;4;5;6;7;8;9;10;11;12;13;14;15;16;18;19;20;21;22;23;24;25;26;27;28;29;30;31;32;33;34;35;36;37;38;39;40;41;42;43;45;46;47;48;49;50;51;52;53;55;56;57;58;59;60;61;62;63;64;65;66;67;68;69;70;71;72;74;75;76;77;78;79;80;83;84;85;86;87;88;89;90;92;93;94;95;96;97;98;99,100
A0ABN1UVC2,0.5573770491803278,1;2;4;5;6;8;10;12;13;15;17;18;19;20;21;22;26;28;29;33;35;36;38;39;40;41;43;44;46;47;49;50;51;58,61,2.1776830035448076,1.260102943601792,0.99,1;2;3;4;5;6;7;9;10;11;12;13;14;15;16;17;18;19;20;21;22;23;24;25;26;27;28;29;30;31;32;33;34;35;36;37;38;39;40;41;42;43;44;45;46;47;48;49;50;51;52;53;54;55;56;57;58;59;60;61;62;63;64;65;66;67;68;69;70;71;72;73;74;75;76;77;78;79;80;81;82;83;84;85;86;87;88;89;90;91;92;93;94;95;96;97;98;99;100,100
A0ABN2Q9Z6,0.2037037037037037,3;12;18;20;23;25;26;30;32;48;54,54,2.388848530650139,1.3160000637371458,0.33,1;3;4;5;6;14;15;16;17;18;24;28;31;32;34;37;42;43;44;47;49;50;51;53;56;69;75;78;87;91;96;97;100,100
A0ABN3KZK6,0.4782608695652174,4;5;6;7;9;11;15;18;20;23;24;26;29;30;33;35;37;38;39;40;43;44,46,2.5048478466272353,1.3788187945005819,0.37,1;2;4;6;9;10;11;15;18;20;30;32;33;34;36;39;43;45;46;47;53;54;57;58;64;65;67;69;72;75;83;90;92;93;94;95;97,100
A0ABN5YF31,0.24489795918367346,1;17;18;20;23;24;32;34;38;39;40;45,49,2.5226707428693773,1.3565049462266006,0.33,2;4;7;13;14;16;17;18;21;22;23;26;35;36;37;41;42;45;52;53;54;55;57;63;66;71;75;77;82;85;92;94;98,100
A0ABN5YVZ6,0.024390243902439025,10,41,2.5765599423646925,1.2322494697896207,0.02,38;51,100
A0ABN5YWL7,0.22413793103448276,5;7;9;10;12;20;22;30;33;36;39;47;54,58,2.245857847929001,1.0960484892665687,0.32,1;7;8;9;15;20;21;23;25;26;30;35;37;38;42;43;46;51;55;62;66;69;72;75;77;78;82;86;90;92;97;99,100
A0ABN5ZR55,0.42857142857142855,2;3;6;12;15;17;18;19;20;21;22;23;32;33;35;39;41;42;44;47;49;52;53;56,56,2.280633597373962,1.0960680909150406,0.8,1;2;3;5;6;7;8;9;10;11;12;14;15;16;18;19;22;23;24;25;26;27;29;30;32;33;34;36;37;38;39;40;42;44;45;46;47;48;49;50;52;53;54;56;58;59;60;61;62;63;64;65;66;68;69;71;72;75;76;77;78;79;80;81;82;84;85;86;88;89;90;91;92;94;95;96;97;98;99;100,100
A0ABN5ZWQ7,0.32142857142857145,1;2;6;11;12;20;24;25;31;32;42;44;45;47;53;54;55;56,56,2.198809705376625,1.2510514073737413,0.46,1;2;5;8;9;11;12;14;15;16;21;23;24;25;26;27;28;33;34;35;36;37;39;42;43;44;46;48;49;55;56;61;62;69;70;71;75;80;81;83;85;87;89;92;97;100,100
A0ABN6AMT8,0.5178571428571429,5;7;8;10;11;12;14;16;17;18;22;25;26;27;29;31;35;37;39;41;42;44;45;46;47;50;51;53;56,56,2.2329610019922255,1.2503836202448388,0.61,1;2;3;4;6;8;9;10;11;13;14;19;21;22;23;24;27;28;30;31;32;33;34;35;36;38;39;41;42;45;46;52;53;57;62;63;64;65;66;68;69;70;71;72;73;75;76;79;81;82;83;85;87;88;92;93;95;97;98;99;100,100
A0ABN6AP09,0.3023255813953488,1;3;6;8;9;10;14;20;21;24;25;28;40,43,2.4147986060380937,1.1377714427452679,0.41,1;2;5;6;9;12;16;17;20;21;23;25;27;30;31;34;37;38;44;45;46;48;51;52;54;56;57;61;63;64;65;66;69;73;74;75;79;80;83;90;95,100
A0ABN6IEF7,0.49019607843137253,1;4;5;7;9;12;13;19;20;22;23;25;27;28;29;36;40;42;43;44;45;46;48;50;51,51,2.3233524453639984,1.2364842012911763,0.64,1;2;3;4;5;6;8;9;10;11;13;14;15;17;20;21;24;26;27;28;29;30;33;34;35;37;38;39;42;43;44;45;47;48;51;52;55;56;58;61;62;63;65;66;69;71;72;73;74;77;79;80;83;85;86;89;90;91;92;93;94;97;98;99,100
A0ABN6IL17,0.14705882352941177,2;5;19;26;33,34,2.7448748552799227,1.1713886176364614,0.43,2;3;7;8;13;14;15;16;20;22;29;30;31;33;35;36;38;44;50;52;54;56;58;64;65;67;68;69;70;73;75;76;77;82;83;88;90;91;92;93;95;97;100,100
A0ABN6U5V0,0.21875,1;16;20;28;29;33;39;42;44;49;52;60;62;64,64,2.0010988050699234,1.1282158663734057,0.25,10;16;18;19;30;34;37;39;40;42;47;48;50;51;57;60;61;62;65;74;76;82;83;97;98,100
A0ABN9NWH6,0.325,2;3;5;6;8;10;14;16;23;26;27;32;36,40,2.697049858570099,1.3109453366158923,0.21,2;5;7;11;19;20;23;30;32;34;39;43;45;46;56;58;66;71;76;91;99,100
A0ABP6W264,0.015625,16,64,1.962823550105095,1.2077429894837417,0.08,1;28;48;63;68;86;96;99,100
A0ABP7F641,0.15517241379310345,3;14;18;21;36;37;44;56;57,58,2.3320650064945223,1.3054943880191034,0.19,8;10;18;24;25;33;37;40;46;47;50;55;60;64;67;70;72;75;90,100
A0ABP8EZM2,0.28125,1;3;6;8;11;24;27;28;31,32,2.866407395601273,1.162530495320577,0.25,4;12;17;18;26;31;43;44;46;52;53;56;58;61;63;65;66;68;72;76;80;82;91;94;100,100
A0ABP8RAE2,0.36538461538461536,2;3;6;9;13;14;17;18;22;24;25;26;32;33;35;39;44;46;52,52,2.343014520406723,1.2485940500863595,0.9,1;2;3;4;5;6;7;8;11;12;13;14;15;16;17;18;19;20;21;22;23;24;25;26;27;28;29;30;31;32;33;34;35;36;37;39;40;41;42;43;44;45;46;47;49;50;51;52;53;54;55;57;60;61;62;63;65;66;67;68;69;70;71;72;73;74;75;76;77;78;79;80;81;82;83;85;86;87;88;89;90;91;93;94;95;96;97;98;99;100,100
A0ABP9K210,0.4339622641509434,2;5;7;8;9;10;11;16;20;21;22;24;26;28;31;32;35;37;39;43;44;46;49,53,2.300022024512291,1.1846747683699328,0.53,1;2;3;9;10;11;12;13;15;16;18;19;20;21;23;24;25;26;27;29;31;35;36;37;38;39;40;41;43;44;45;46;49;53;60;62;63;66;67;69;70;73;74;75;78;79;81;83;89;94;95;96;97,100
A0ABQ1C2G9,0.3548387096774194,2;4;6;7;8;10;11;12;13;14;15;16;18;24;25;26;29;32;47;49;50;56,62,2.079210014343262,1.2601554473724386,0.31,2;3;6;10;18;20;23;25;30;32;33;34;35;36;39;41;42;44;46;49;50;53;54;60;66;69;71;76;86;88;92,100
A0ABQ1CET0,0.425531914893617,1;2;3;4;8;10;11;12;13;19;21;22;23;29;34;36;37;38;41;44,47,2.4339428436756134,1.0965781663285181,0.22,7;8;10;11;17;18;21;24;27;32;37;45;49;59;61;70;75;83;88;90;93;97,100
A0ABQ1V3W2,0.35714285714285715,1;2;5;7;8;9;10;12;14;15;16;17;18;30;35;38;39;40;44;54,56,2.2859478145837784,1.172292197511814,0.61,1;2;3;4;5;6;7;8;11;12;13;14;15;19;20;21;22;23;25;26;30;35;36;37;38;41;43;45;46;49;50;51;53;54;55;57;58;61;62;63;65;66;67;68;70;72;74;77;78;81;83;84;85;87;88;90;95;96;97;98;100,100
A0ABQ2KKB0,0.2033898305084746,9;14;16;28;30;39;43;46;51;54;55;58,59,2.0991144859790802,1.2250758885904836,0.97,1;2;3;4;5;6;7;8;9;10;11;12;13;14;15;16;17;18;19;20;21;22;23;24;25;26;27;28;29;30;31;32;33;34;35;36;37;38;39;40;41;42;43;44;45;46;47;48;49;50;51;52;53;54;55;56;57;58;59;60;61;62;63;64;66;67;68;69;70;71;72;74;75;76;77;78;79;80;81;82;83;84;85;86;87;88;89;90;91;93;94;95;96;97;98;99;100,100
A0ABQ3MHH6,0.6122448979591837,1;3;4;5;6;9;10;13;15;16;17;18;19;20;22;24;25;26;27;28;30;32;35;36;40;43;44;45;48;49,49,2.4237236654758454,0.9800840725066021,0.39,1;2;3;4;6;8;15;16;19;22;23;24;25;31;35;36;37;40;41;44;48;52;55;56;57;59;62;63;69;71;72;74;76;77;82;86;89;90;99,100
A0ABQ3SCS9,0.05172413793103448,5;27;52,58,2.213648452758789,1.1216458053592795,0.03,57;62;82,100
A0ABQ4FMS5,0.3090909090909091,4;11;12;14;15;16;22;23;28;29;33;38;39;40;41;48;50,55,2.1340253251791,1.2314019818808364,0.25,2;8;10;11;13;14;17;18;20;23;27;41;47;52;55;63;67;68;71;72;73;74;81;86;87,100
A0ABR4YVY6,0.0625,4;15,32,2.988214672803879,1.2059659699583465,0.1,19;30;34;38;40;56;59;63;64;97,100
A0ABR4YVZ6,0.5576923076923077,1;2;3;4;6;7;8;9;11;12;14;18;19;21;22;23;24;25;26;30;31;32;33;34;43;44;47;51;52,52,2.4420504635572433,1.2254207619929673,0.64,1;3;5;6;8;9;12;13;14;18;19;20;22;23;24;25;26;27;29;30;31;32;35;36;39;40;43;44;47;48;49;51;52;53;54;55;57;60;65;66;67;68;70;71;72;73;74;75;76;78;80;82;84;86;87;90;91;92;93;94;95;96;98;99,100
A0ABR4ZAR7,0.17777777777777778,1;4;6;7;15;21;32;38,45,2.5002906525135042,1.2064954217974448,0.97,1;2;4;5;6;7;8;9;10;11;12;13;15;16;17;18;19;20;21;22;23;25;26;27;28;29;30;31;32;33;34;35;36;37;38;39;40;41;42;43;44;45;46;47;48;49;50;51;52;53;54;55;56;57;58;59;60;61;62;63;64;65;66;67;68;69;70;71;72;73;74;75;76;77;78;79;80;81;82;83;84;85;86;87;88;89;90;91;92;93;94;95;96;97;98;99;100,100
A0ABR4ZEC0,0.07407407407407407,21;27;33;46,54,2.4435982632637026,1.2434625226175833,0.0,,100
A0ABR5FFS4,0.15873015873015872,2;8;17;20;24;30;31;35;44;63,63,2.0368634819984437,1.2809255977573781,0.36,1;2;5;7;10;11;13;20;23;27;30;33;37;41;42;43;46;47;49;50;58;63;64;65;66;70;72;74;76;79;86;88;92;93;94;98,100
A0ABR5FS25,0.6507936507936508,3;4;6;7;8;9;11;12;14;15;16;18;19;20;21;22;24;25;26;29;30;32;33;34;35;38;39;40;41;42;44;45;46;48;49;50;52;53;54;58;61,63,1.9561830419301987,1.0075295244252178,0.99,1;2;3;4;5;6;7;8;9;10;11;12;13;14;15;16;17;18;19;20;21;22;23;24;25;26;27;28;29;30;31;32;33;34;35;36;37;38;39;40;41;42;43;44;45;46;47;48;49;50;51;52;53;54;55;56;57;58;59;60;61;62;63;65;66;67;68;69;70;71;72;73;74;75;76;77;78;79;80;81;82;83;84;85;86;87;88;89;90;91;92;93;94;95;96;97;98;99;100,100
A0ABR5ICW2,0.4791666666666667,2;3;4;5;7;8;11;17;18;20;22;24;27;28;30;31;32;36;38;41;45;46;47,48,2.6304560434818267,1.4218322208234386,0.96,1;2;3;4;5;6;7;8;9;10;11;12;13;14;15;16;17;18;19;20;21;22;23;24;25;26;27;28;29;30;31;32;33;34;35;36;37;38;39;40;41;42;43;44;45;46;47;48;50;51;52;53;54;55;56;57;58;59;60;61;62;63;64;65;66;68;69;70;71;72;73;74;75;76;77;78;79;80;82;83;84;85;86;87;88;89;90;91;92;93;94;95;96;97;98;100,100
A0ABR6BBF3,0.6229508196721312,1;2;3;6;7;9;10;11;12;15;16;17;18;19;20;21;22;23;24;25;26;29;30;32;33;35;36;38;39;41;42;43;44;45;50;53;55;60,61,2.121606156229973,1.0618385537603594,0.69,1;2;3;5;6;7;8;9;10;11;12;13;14;15;16;17;18;19;20;21;23;24;25;28;29;30;31;33;34;36;37;38;39;41;44;45;46;47;48;50;51;52;53;54;55;56;57;58;60;61;62;64;65;68;69;71;74;75;77;78;79;80;81;83;84;88;96;97;99,100
A0ABS1MF83,0.06779661016949153,12;24;30;36,59,2.2274123334884646,1.1851619577013648,0.07,6;17;24;26;37;41;82,100
A0ABS1N1S8,0.5757575757575758,1;2;4;5;7;8;10;12;13;14;15;17;19;20;25;28;30;31;33,33,2.6765165901184083,0.9701857343507988,0.84,2;3;4;5;6;8;12;13;14;15;16;18;19;20;21;23;24;25;26;27;28;29;30;31;34;35;36;37;38;39;40;41;42;43;44;46;47;48;49;50;51;52;54;55;57;58;59;60;61;62;63;64;65;66;67;69;70;71;74;75;77;78;79;80;81;82;83;84;85;86;87;88;89;90;91;92;93;94;95;96;97;98;99;100,100
A0ABS2KQI4,0.42,3;8;9;11;14;16;17;18;19;23;25;26;31;32;34;35;39;40;41;44;48,50,2.3124556010961532,1.1819674797488622,0.41,1;3;4;5;8;11;13;16;17;18;19;20;21;22;24;25;29;30;33;34;35;36;37;38;40;46;50;51;54;56;57;59;61;64;68;70;76;77;88;95;99,100
A0ABS4QNX2,0.31746031746031744,2;3;4;7;10;12;14;18;20;26;28;32;42;44;48;51;52;55;57;58,63,2.008643470406532,1.110671756104625,0.12,19;27;32;43;48;62;65;76;84;90;92;93,100
A0ABS4ZTS0,0.3148148148148148,2;3;5;6;7;8;9;10;15;16;19;28;32;34;39;40;47,54,2.3003047734498976,1.2782396107882625,0.07,7;26;29;54;66;82;96,100
A0ABS4ZW31,0.660377358490566,1;2;3;4;5;6;7;8;10;11;12;13;14;15;17;19;21;23;24;25;26;28;34;35;37;39;40;41;42;43;44;48;49;50;51,53,2.271638711094856,1.2327056778169732,0.48,4;7;12;13;14;17;18;19;21;22;23;24;25;26;29;32;33;35;36;37;38;39;41;42;43;45;47;49;51;55;56;57;58;61;62;63;66;68;72;74;76;77;80;82;83;84;85;93,100
A0ABS5AT52,0.0,,48,2.6079514169692994,1.2397825687024921,0.0,,100
A0ABS5RPE8,0.4375,2;5;6;10;13;16;17;20;21;27;28;30;31;32,32,2.809014426469803,1.0275287995404878,0.46,1;4;5;7;9;15;16;19;20;21;24;29;31;33;38;39;41;45;46;47;48;54;55;56;58;59;64;65;71;72;75;79;82;83;86;87;88;89;90;91;92;94;96;97;98;99,100
A0ABS5RSN2,0.6851851851851852,1;2;3;4;5;6;7;8;9;10;11;15;16;17;18;19;20;21;22;24;25;28;29;31;32;34;35;38;39;41;42;44;48;51;52;53;54,54,2.37420951962471,1.2725837325456455,0.77,1;2;3;4;5;6;7;8;9;10;12;13;14;15;16;17;18;19;20;21;23;25;26;29;30;31;32;33;34;35;36;39;40;41;42;44;46;47;48;49;50;51;52;53;54;56;57;59;60;62;63;68;70;71;72;74;77;78;81;82;83;84;85;86;87;89;90;91;92;93;94;95;96;97;98;99;100,100
A0ABS6B2B6,0.0,,50,2.373918333053589,1.2366717621153644,0.0,,100
A0ABS6B304,0.06521739130434782,20;43;44,46,2.366817671060562,1.2305670883905766,0.2,10;15;26;27;28;30;32;35;37;41;42;48;56;59;63;64;68;72;75;94,100
A0ABS6B561,0.5813953488372093,2;5;6;7;9;11;12;14;16;17;18;21;23;25;26;27;28;30;31;32;34;36;37;39;40,43,2.6726611399650575,1.2784743938837215,0.97,1;3;4;5;6;7;8;9;10;11;12;13;14;15;16;17;18;19;20;21;23;24;25;26;27;28;29;30;31;32;33;34;35;36;37;38;39;40;41;42;44;45;46;47;48;49;50;51;52;53;54;55;56;57;58;59;60;61;62;63;64;65;66;67;68;69;70;71;72;73;74;75;76;77;78;79;80;81;82;83;84;85;86;87;88;89;90;91;92;93;94;95;96;97;98;99;100,100
A0ABS6B8N5,0.05555555555555555,9;17;23,54,2.259824117422104,1.198938646552048,0.01,46,100
A0ABS6HLI0,0.43859649122807015,1;2;5;9;12;13;14;15;16;20;24;25;27;30;32;34;36;40;41;42;43;48;49;50;54,57,2.245213669538498,1.1248539181826023,0.72,2;3;4;5;6;8;9;10;12;15;16;18;19;20;22;23;25;26;28;30;31;32;33;34;35;36;37;39;40;41;42;43;46;47;48;49;50;51;53;54;55;56;57;58;59;61;62;63;64;66;67;69;70;71;74;75;77;78;81;82;84;85;87;88;89;90;92;95;96;97;98;99,100
A0ABS6HWS9,0.5853658536585366,1;3;5;6;7;11;13;14;15;16;20;22;24;28;29;30;31;32;33;35;36;37;38;41,41,2.718528982400894,1.307314820755818,0.32,6;9;12;25;28;30;32;34;35;36;42;44;47;51;55;61;64;73;74;75;77;81;82;83;85;87;88;89;90;92;98;99,100
A0ABS6KMF6,0.2647058823529412,1;6;9;12;13;14;21;27;31,34,2.8338461792469025,1.2493199216009456,0.19,3;5;23;24;27;29;36;41;53;59;67;72;83;84;86;87;89;90;94,100
A0ABS6KMP2,0.3050847457627119,1;3;5;7;8;12;14;15;20;21;23;26;27;28;36;39;41;49,59,2.321832743883133,1.194651889381501,0.11,8;24;27;33;48;49;53;56;61;63;84,100
A0ABS7NQE0,0.16279069767441862,4;12;14;16;22;40;41,43,2.6916173315048217,1.1119078479278077,0.44,1;2;3;4;5;7;11;12;13;17;19;21;22;24;27;31;34;36;42;43;45;46;48;51;52;53;54;55;61;63;64;66;68;72;74;75;78;79;87;88;89;91;92;93,100
A0ABS7P1E6,0.3548387096774194,2;3;5;9;10;12;15;16;25;28;31,31,2.9913133895397186,1.0632357860950863,0.6,6;7;9;10;11;13;14;16;17;18;19;20;22;23;25;26;28;29;32;33;34;35;36;38;39;40;42;44;46;47;48;50;51;52;55;61;64;66;67;68;70;72;73;74;76;77;80;81;82;83;86;88;89;90;91;93;94;96;98;100,100
A0ABS7R0Q3,0.14285714285714285,3;4;19;21;30;34;49,49,2.4114903581142424,1.1114849065743535,0.06,2;8;40;52;56;58,100
A0ABS8Z8Y9,0.17857142857142858,1;3;5;7;10,28,2.7882481849193574,1.0110423848594974,0.19,12;13;19;21;34;35;36;40;41;45;48;58;59;64;65;70;71;73;98,100
A0ABT0DZ76,0.16326530612244897,8;11;18;21;29;31;39;47,49,2.4261575120687486,1.253243683882802,0.0,,100
A0ABT1GWJ1,0.3582089552238806,1;10;11;16;17;19;20;23;26;27;28;35;36;45;49;50;51;52;55;56;57;62;66;67,67,1.901526758670807,1.0161153076303224,0.54,1;3;5;9;10;16;17;18;19;21;22;23;26;28;30;31;32;33;34;35;39;41;42;48;49;50;51;53;54;57;58;59;60;61;62;64;65;66;67;68;69;73;75;78;79;83;85;87;89;90;91;92;96;97,100
A0ABT1H9N7,0.1951219512195122,4;7;11;12;21;28;31;32,41,2.717426301240921,1.2481572174825195,0.08,17;27;64;65;77;84;86;98,100
A0ABT1I9G9,0.29310344827586204,3;8;9;13;19;22;25;26;27;29;33;36;39;40;41;48;49,58,2.0568003964424135,1.124465482767422,0.64,1;2;3;4;5;6;7;8;9;10;12;13;14;15;17;19;20;21;22;24;27;31;33;34;35;37;38;41;43;44;45;46;47;51;53;54;56;57;58;61;64;67;68;69;71;72;73;75;76;77;78;79;81;83;84;85;86;87;89;90;91;93;98;99,100
A0ABT1M7B6,0.6829268292682927,1;3;4;5;6;7;8;9;11;12;13;15;17;18;19;20;21;22;25;26;29;30;31;33;34;37;39;41,41,2.6437287306785584,1.2660643107088625,0.62,1;2;6;7;8;13;15;17;19;20;21;22;23;25;31;32;33;35;36;38;39;40;45;46;49;50;52;53;54;57;58;60;62;64;65;67;68;69;70;71;72;73;75;76;77;78;79;80;82;83;85;86;87;88;90;91;94;95;96;98;99;100,100
A0ABT2MBH6,0.18518518518518517,2;4;18;22;31;33;44;48;50;51,54,2.2673273384571075,1.3351496030528323,0.41,2;3;5;7;10;13;18;20;21;22;23;24;26;27;34;35;37;38;39;40;45;46;47;48;49;50;51;58;59;61;66;67;69;71;75;79;82;87;89;92;99,100
A0ABT3CFH2,0.25,1;6;12;13;23;24;25;27;32;39;44;48;50;51;52,60,2.1383404284715652,1.27288756706649,0.32,6;11;21;25;26;27;32;34;37;42;44;45;49;54;55;57;58;59;61;62;66;72;76;83;84;85;86;88;93;97;99;100,100
A0ABT3CH10,0.22857142857142856,2;3;7;8;16;21;26;32,35,2.781824293732643,1.30385961779233,0.19,3;6;8;10;23;26;29;33;43;48;56;58;65;72;81;89;90;91;99,100
A0ABT3S7W5,0.11320754716981132,5;9;18;36;40;50,53,2.2585341084003447,0.9922507579924642,0.19,5;10;12;18;24;28;30;31;39;41;45;47;48;49;55;56;58;67;71,100
A0ABT3SKC9,0.7307692307692307,1;3;4;5;7;8;9;10;11;13;14;15;16;18;19;21;24;25;26,26,2.9170671677589417,1.1071629683864326,0.98,1;2;3;4;5;6;7;8;9;10;11;12;13;14;15;16;17;18;19;20;21;22;23;24;25;26;27;28;29;30;31;32;33;34;35;36;37;38;39;40;41;42;43;44;45;46;47;48;49;51;52;53;54;55;56;57;58;59;60;61;62;63;64;65;66;67;68;69;70;71;72;73;74;75;76;77;78;79;80;81;82;83;84;85;86;87;88;89;90;91;92;93;94;95;96;97;98;100,100
A0ABT4HB77,0.37037037037037035,1;3;4;6;7;9;10;15;16;19;20;25;26;32;38;40;41;42;50;51,54,2.312075352072716,1.203781598047908,0.12,16;23;33;37;46;49;59;65;72;80;94;99,100
A0ABT4MHH0,0.6285714285714286,1;3;4;5;7;9;10;12;13;14;15;16;17;19;24;25;26;27;28;29;30;31;35;36;38;39;40;41;42;43;44;46;48;49;50;53;54;55;56;59;63;65;68;70,70,1.9966610407829284,1.1055950009383937,0.85,1;2;3;4;5;6;8;9;10;11;12;13;14;15;17;18;19;20;21;22;23;25;26;27;28;29;30;31;32;33;34;35;36;38;39;40;41;42;43;44;45;46;47;48;49;51;52;53;54;55;56;57;59;60;61;64;65;66;67;68;69;71;73;74;75;76;77;78;79;80;81;82;83;84;86;87;88;89;91;92;94;95;96;98;99,100
A0ABT4PYE8,0.05555555555555555,12;16,36,2.7772391629219055,1.1977406217576774,0.25,5;11;13;14;19;23;24;31;33;39;43;45;50;54;55;65;68;72;73;77;80;82;93;95;98,100
A0ABT5G3U5,0.13725490196078433,3;4;6;20;35;44;49,51,2.5444731163978576,1.1898797288588372,0.06,18;41;52;64;70;77,100
A0ABT6CN04,0.16326530612244897,3;9;14;18;31;36;37;48,49,2.430018583536148,1.293957562151242,0.12,7;8;31;32;43;45;46;56;67;68;74;92,100
A0ABT6GXB0,0.1320754716981132,1;7;23;24;25;29;31,53,2.3622969651222228,1.176481521019015,0.07,2;3;41;48;59;60;92,100
A0ABT6KSA3,0.2,8;10;14,15,3.0792352569103243,0.9665998118948134,0.11,8;14;25;26;41;42;54;79;81;83;94,100
A0ABT6KTL6,0.6153846153846154,3;4;5;6;7;8;9;10;11;15;16;17;18;19;20;21;22;26;27;28;29;32;36;39,39,3.021172671318054,1.4088339120886137,0.9,1;2;3;5;6;7;8;9;10;11;12;13;14;15;16;17;18;19;20;21;22;24;25;26;27;28;29;30;31;32;33;34;35;36;38;39;40;42;43;44;45;46;47;48;50;51;52;53;55;56;57;58;59;60;61;62;63;64;65;66;68;69;70;71;72;73;74;75;76;77;78;79;80;81;82;83;85;86;87;88;89;90;91;92;93;94;95;96;97;98,100
A0ABT6MJ18,0.1794871794871795,3;7;11;15;17;25;28,39,2.632692124247551,1.232096586091285,0.04,34;45;90;92,100
A0ABT6PWS8,0.3018867924528302,7;13;20;24;26;27;35;37;38;39;42;44;45;48;50;51,53,2.3361993139982222,1.3458398757011452,0.66,1;2;3;4;6;8;9;10;11;12;14;15;17;18;20;21;22;23;26;27;28;30;31;32;34;35;38;39;40;41;42;45;46;47;48;50;51;53;54;58;60;61;62;63;65;66;67;71;72;75;76;77;78;80;82;83;85;86;88;90;91;92;94;97;99;100,100
A0ABT8HAL2,0.5128205128205128,1;3;4;6;7;8;9;10;11;12;15;17;18;22;26;29;31;34;37;38,39,2.614709070920944,1.0372716587138224,0.24,1;4;8;11;18;21;25;27;28;39;41;43;49;57;59;62;74;78;84;85;89;92;97;99,100
A0ABT8UIQ8,0.16981132075471697,3;10;27;37;38;39;49;51;52,53,2.3533317744731903,1.1367398528406516,0.37,2;8;11;15;17;19;22;23;24;25;27;33;35;40;41;46;47;48;49;51;56;60;61;68;72;74;76;79;80;81;84;85;86;91;93;96;97,100
A0ABU1J6J1,0.09615384615384616,3;10;24;44;51,52,2.350458264350891,1.1716391012233922,0.11,30;37;52;60;65;67;83;85;91;92;99,100
A0ABU1XFG9,0.2571428571428571,1;4;7;11;12;14;16;20;23;24;27;28;29;32;48;53;67;69,70,1.8380724388360976,0.9615809783437784,0.96,1;2;3;4;5;6;7;8;9;10;11;12;13;14;15;16;17;18;19;20;21;22;23;24;25;26;28;29;30;31;32;33;34;35;36;37;38;39;40;41;42;43;44;45;46;47;49;50;51;53;54;55;56;57;58;59;60;61;62;63;64;65;66;67;68;69;70;71;72;73;74;76;77;78;79;80;81;82;83;84;85;86;87;88;89;90;91;92;93;94;95;96;97;98;99;100,100
A0ABU2T218,0.0,,41,2.4706069880723955,1.1126551482695943,0.0,,100
A0ABU2TUM7,0.15873015873015872,4;5;7;8;11;24;34;58;59;61,63,2.17271786570549,1.2814965198382562,0.15,6;13;19;32;33;45;58;61;62;75;77;79;83;86;93,100
A0ABU2UT33,0.24528301886792453,1;6;9;16;19;39;40;41;42;44;51;52;53,53,2.2539171242713927,1.272228151760418,0.96,1;2;3;4;5;6;7;8;9;10;11;12;13;14;15;16;17;18;19;20;21;22;23;24;25;26;27;28;29;30;31;32;33;34;35;36;37;38;39;40;41;42;43;44;46;47;48;49;50;51;52;53;54;55;56;57;58;59;61;62;63;64;65;66;67;68;69;70;71;72;73;74;75;76;77;78;79;80;81;82;83;84;85;86;87;89;90;91;92;93;94;95;96;97;99;100,100
A0ABU4B4H7,0.2033898305084746,12;13;24;25;26;31;37;39;40;49;57;59,59,2.2590050929784775,1.2897533981673737,0.33,6;9;10;13;14;16;17;23;24;26;30;34;38;42;45;48;50;55;61;63;64;65;67;68;69;70;78;81;83;86;88;91;94,100
A0ABU4BCL6,0.6166666666666667,1;3;5;6;7;8;9;14;17;18;22;23;24;27;28;30;31;32;33;34;35;36;37;38;39;40;41;42;44;45;46;50;51;52;54;55;59,60,2.2274563360214232,1.2175191544492339,0.56,1;4;5;6;7;8;9;13;14;15;16;17;18;20;21;22;23;24;26;28;30;31;32;34;37;38;41;42;43;45;46;49;50;51;52;56;59;62;63;64;68;69;70;71;78;79;80;81;87;89;90;92;94;96;97;99,100
A0ABU4D5Q4,0.3673469387755102,3;6;12;13;16;18;20;26;29;31;34;35;36;40;41;42;43;48,49,2.3888727033138277,1.2294445432783736,0.94,1;2;3;4;5;6;7;8;9;10;11;12;13;14;15;16;17;18;19;20;21;22;23;24;25;26;27;28;29;30;31;32;33;34;35;36;37;38;39;40;41;42;43;44;45;46;47;48;49;50;51;52;53;54;55;56;58;59;60;61;62;63;64;65;66;67;69;70;71;72;73;74;75;76;78;79;80;81;82;83;84;85;87;88;89;90;91;92;93;94;95;96;97;99,100
A0ABU5XGE3,0.5454545454545454,2;3;4;5;6;7;8;9;13;14;16;17;18;20;21;22;23;24;25;26;27;29;30;33;38;40;41;42;50;54,55,2.3973548448085786,1.2994683619695278,0.63,1;4;5;6;7;9;10;12;13;16;18;19;22;23;24;25;27;29;30;31;32;34;38;39;41;42;43;44;45;47;48;49;50;51;52;55;56;60;61;62;67;68;69;70;71;72;73;78;79;83;84;86;87;88;90;91;92;93;95;96;98;99;100,100
A0ABU5XMQ5,0.5686274509803921,2;5;6;9;10;11;12;13;14;15;17;18;20;23;24;25;27;30;31;32;36;38;41;42;43;44;45;46;51,51,2.260448049902916,1.3093137893433808,0.18,1;2;11;18;19;26;30;36;38;44;48;49;55;62;73;79;83;95,100
A0ABU5XT42,0.6595744680851063,2;3;4;7;8;9;10;11;13;14;15;17;18;19;21;22;24;28;30;31;33;34;35;36;37;38;40;42;44;46;47,47,2.3312848055362703,1.144830560934366,0.32,2;3;4;7;15;16;18;20;23;28;29;34;41;42;43;45;48;55;56;58;63;64;67;69;75;77;82;88;90;92;96;98,100
A0ABU5Y1S8,0.5869565217391305,1;2;4;6;7;8;10;11;13;18;19;21;22;24;25;26;28;29;30;33;34;35;39;40;43;45;46,46,2.376356452703476,1.3055485495402133,0.61,1;2;3;4;5;6;7;8;10;11;12;13;14;15;16;18;19;20;23;24;26;28;29;31;35;36;37;38;39;41;43;44;47;49;50;51;52;53;54;56;58;59;60;62;64;66;67;68;71;72;77;79;85;86;87;90;92;93;95;97;98,100
A0ABU5YQP4,0.375,3;5;6;13;14;17;18;19;21;23;25;27;37;38;40;41;44;45,48,2.5290446043014527,1.4440368867571298,0.72,3;4;7;8;9;10;11;12;13;14;16;17;18;19;20;21;22;26;28;30;32;33;34;36;38;42;43;44;45;46;47;48;50;51;52;53;55;56;57;58;59;60;61;62;63;64;65;66;69;70;71;73;74;75;77;79;80;81;82;83;84;86;87;88;89;90;91;93;95;96;97;100,100
A0ABU5YW85,0.32075471698113206,4;5;6;10;11;12;13;14;17;18;21;23;26;32;35;37;42,53,2.414898792505264,1.3322782636115607,0.31,1;4;8;9;14;15;27;30;32;35;36;40;41;43;44;45;46;52;53;59;68;70;74;75;79;82;83;84;89;91;98,100
A0ABU6ARK2,0.453125,1;2;4;5;10;13;15;16;17;21;22;23;25;26;31;32;35;36;39;40;42;47;48;49;52;55;57;60;61,64,2.0593810766935348,1.1162143097047579,0.52,1;4;7;8;9;12;13;14;15;16;18;19;21;22;24;25;26;28;29;31;32;33;34;37;41;44;46;47;49;53;55;56;57;58;59;62;63;64;67;68;69;73;75;83;85;87;88;92;95;97;98;100,100
A0ABU7WS67,0.6363636363636364,1;2;4;7;8;9;10;11;12;13;14;15;16;21;23;25;26;27;28;29;30;31;35;36;37;39;41;43;44;45;47;48;50;51;55,55,2.3604872715473175,1.2753796935431048,0.99,1;2;3;4;5;6;7;8;9;10;11;12;13;14;15;16;17;18;19;20;21;22;23;24;25;26;27;28;29;30;31;32;33;34;35;36;37;38;39;40;41;42;44;45;46;47;48;49;50;51;52;53;54;55;56;57;58;59;60;61;62;63;64;65;66;67;68;69;70;71;72;73;74;75;76;77;78;79;80;81;82;83;84;85;86;87;88;89;90;91;92;93;94;95;96;97;98;99;100,100
A0ABU7WS89,0.5714285714285714,1;2;3;5;7;8;9;10;13;14;15;16;19;20;21;24;25;27;28;30;33;34;36;39;42;43;44;45,49,2.290414272546768,1.1168246419114964,0.36,1;4;6;7;10;11;12;15;17;18;19;21;23;24;28;29;30;33;34;35;39;40;45;49;58;59;60;61;65;66;76;85;86;88;96;98,100
A0ABU8RZH5,0.35,7;8;9;10;12;16;18,20,3.023826788663864,0.9959013390382375,0.27,2;15;17;21;24;26;32;34;35;42;44;47;48;52;56;65;69;70;72;77;78;79;80;81;83;93;95,100
A0ABU9CVT7,0.5333333333333333,5;8;9;11;12;13;14;17;18;19;20;21;22;26;27;30;31;33;36;38;39;40;41;42;44;45;46;47;50;51;59;60,60,2.2602626943588255,1.1337333169537873,0.7,1;2;3;4;5;6;7;8;9;10;11;12;13;14;15;17;19;20;21;22;23;24;25;26;27;28;29;32;33;35;36;38;40;41;43;44;45;46;47;48;49;50;51;53;54;56;57;58;59;60;63;64;65;66;67;68;69;72;73;75;77;78;80;84;89;91;92;93;96;99,100
A0ABV1XJ74,0.5686274509803921,3;4;5;6;10;11;14;15;16;18;19;20;21;23;24;26;28;29;31;32;33;34;37;39;41;42;45;49;51,51,2.440132421851158,1.1397009441620654,0.98,1;2;3;4;5;6;7;8;9;10;11;12;13;14;16;17;18;19;20;21;22;23;24;25;26;27;28;29;30;31;32;33;34;35;36;37;38;39;40;41;42;43;44;45;46;47;48;49;50;51;52;53;54;55;56;57;58;59;60;61;62;63;64;65;66;67;68;69;70;71;72;73;74;75;76;77;78;79;80;81;82;83;84;85;86;87;88;89;90;91;92;94;95;96;97;98;99;100,100
A0ABV2WK41,0.574468085106383,7;8;9;10;11;12;13;14;16;17;18;19;21;22;24;25;27;28;31;32;35;36;38;41;42;44;47,47,2.513798563480377,1.043795631350967,0.15,12;22;33;36;38;44;52;53;74;75;81;86;87;97;100,100
A0ABV2XGH3,0.29508196721311475,3;4;6;8;9;11;13;18;23;24;28;38;43;47;53;54;55;57,61,2.129465845823288,1.128330227372822,0.32,1;5;8;11;15;19;20;25;29;33;36;37;41;43;45;49;50;59;65;68;69;75;76;78;80;82;88;92;93;95;97;100,100
A0ABV3F2R5,0.6341463414634146,1;2;4;6;7;8;9;11;12;13;14;15;18;20;21;22;23;25;26;28;29;30;37;38;40;41,41,2.6095621538162233,1.1431015930553081,0.53,1;2;3;4;5;6;7;8;9;10;11;12;13;15;18;20;23;24;25;28;30;31;32;33;34;38;39;40;41;43;44;45;47;53;57;58;62;64;68;69;70;71;73;75;78;80;81;83;85;86;91;92;100,100
A0ABV3VAG8,0.4444444444444444,1;4;12;14;15;18;22;23;24;25;28;30;31;33;34;36;41;42;45;48;49;50;51;54,54,2.2580251049995423,1.1636023318048627,0.83,1;2;3;5;6;7;8;9;10;11;12;14;15;16;18;19;20;21;22;23;24;25;26;27;28;29;30;31;32;33;34;35;36;38;39;40;41;44;47;49;51;52;54;55;56;57;58;59;60;61;62;63;64;65;66;67;68;69;70;71;72;73;74;75;77;78;79;81;83;84;86;87;88;89;91;92;93;94;95;96;97;98;100,100
A0ABV3VN90,0.5833333333333334,4;5;6;8;9;10;12;13;14;15;16;19;20;23;24;25;26;27;28;30;32;33;35;36;42;43;45;48,48,2.4516296339035035,1.1430859785774246,0.19,5;13;14;16;17;22;28;35;57;68;71;72;73;76;80;82;85;86;98,100
A0ABV4C2Z2,0.34,11;17;20;21;22;24;25;26;27;29;30;34;40;42;45;46;49,50,2.429125261306763,1.3650909386716132,0.29,7;12;14;16;17;18;19;20;22;28;29;32;39;44;54;58;60;67;68;73;80;82;83;84;85;89;91;95;96,100
A0ABV6MMA8,0.5094339622641509,4;5;8;13;16;18;20;22;23;24;27;28;32;33;34;35;36;38;39;42;43;45;47;49;50;51;53,53,2.2525934779644015,1.135038831523066,0.78,1;2;3;4;5;6;7;8;9;10;12;13;14;16;17;18;20;21;22;24;25;26;27;28;29;30;31;33;34;35;36;37;38;39;41;42;43;44;45;46;47;48;50;51;52;53;55;56;57;58;59;60;63;64;65;66;67;68;69;70;71;72;73;74;75;77;78;79;80;81;83;84;85;87;90;91;97;100,100
A0ABV6V4L7,0.6964285714285714,1;2;3;4;5;6;7;9;10;12;13;15;16;17;19;20;21;25;27;30;33;34;35;36;37;38;39;40;41;42;44;45;47;48;50;51;52;53;54,56,2.1800882506370542,1.1117615145385649,0.98,1;2;3;4;5;6;7;8;9;10;11;12;13;14;16;17;18;19;20;21;22;23;24;25;26;27;28;29;30;31;32;33;34;35;36;37;38;39;40;41;42;43;44;45;46;47;48;49;50;51;52;53;54;55;56;57;58;59;60;61;62;63;64;65;66;67;68;69;70;71;72;73;74;75;76;77;78;79;80;81;83;84;85;86;87;88;89;90;91;92;93;94;95;96;97;98;99;100,100
A0ABV6XEA6,0.711864406779661,2;3;5;6;9;10;11;12;14;15;16;17;18;19;20;21;22;24;25;26;29;31;32;33;34;35;36;37;39;40;41;42;43;44;45;46;50;51;53;56;57;59,59,2.007225509881973,1.0396268264437065,0.98,1;2;3;4;5;6;7;8;9;10;11;12;13;14;15;16;17;18;19;20;21;22;23;24;25;26;27;28;29;30;31;32;34;35;36;37;38;39;40;41;42;43;44;45;46;47;48;49;50;51;52;53;54;55;56;57;58;59;60;62;63;64;65;66;67;68;69;70;71;72;73;74;75;76;77;78;79;80;81;82;83;84;85;86;87;88;89;90;91;92;93;94;95;96;97;98;99;100,100
A0ABV8VFU1,0.3181818181818182,4;5;12;14;19;21;23;29;35;36;38;41;42;43;44;47;49;50;55;59;65,66,2.05663608789444,1.2356715128451174,0.55,1;2;3;4;5;6;8;9;10;11;12;13;14;17;19;20;22;26;27;28;29;30;34;38;39;40;42;43;49;51;52;56;58;59;60;61;63;64;66;68;70;71;76;77;79;82;84;85;86;89;90;92;97;98;99,100
A0ABV9A5N2,0.5,4;7;9;10;12;13;20;22;24;26;28;30;31;35;38;39;40;41;42;43;44;45;46;47;49;50;52;53,56,2.1956961685419083,1.1264354568984343,0.77,1;3;4;5;6;7;8;10;11;12;13;14;15;16;17;19;20;22;23;24;25;26;27;29;30;32;33;34;35;36;37;38;39;40;41;42;43;46;47;48;50;51;52;53;54;55;56;57;58;59;61;64;66;68;69;70;71;73;75;77;78;79;81;82;83;84;85;87;88;90;91;92;93;96;97;98;99,100
A0ABV9EQP6,0.05555555555555555,4;5;9,54,2.160917249917984,0.8442802478740049,0.61,2;4;6;10;11;15;18;19;20;22;24;28;29;32;33;34;36;38;39;40;41;42;43;45;47;48;50;52;53;56;57;58;59;60;62;63;64;65;67;68;70;72;75;76;77;78;80;81;82;83;84;85;86;87;91;94;95;96;97;99;100,100
A0ABW0AKB8,0.3333333333333333,6;10;14;19;20;22;23;24;25;28;30;32;34;37;38;42;45;46;50;52;62,63,2.1822552824020387,1.1258432547162536,0.27,5;8;10;11;14;17;21;22;24;25;26;28;30;31;32;38;48;51;55;59;64;65;66;73;80;83;87,100
A0ABW1EUK8,0.15517241379310345,7;16;23;24;26;30;31;35;36,58,2.215033779144287,1.2269517981396898,0.36,1;2;3;7;8;11;13;14;15;23;30;31;34;37;38;39;42;46;52;54;56;64;66;70;71;72;73;74;77;81;83;85;91;94;95;96,100
A0ABW1JN02,0.0,,52,2.3802335608005523,1.2329812997676761,0.0,,100
A0ABW2P8T1,0.5166666666666667,2;5;6;7;11;19;20;21;23;24;25;26;29;30;31;32;34;36;37;40;42;48;50;51;52;53;55;56;58;59;60,60,2.136150559782982,1.194143954498704,0.61,5;6;7;8;9;15;17;19;25;26;28;29;30;31;32;33;34;36;37;38;39;40;41;42;43;44;45;47;48;52;53;54;55;58;59;61;62;63;66;68;69;73;74;75;76;78;79;80;81;82;83;84;85;89;90;92;93;95;96;97;98,100
A0ABW3GAX3,0.3829787234042553,2;3;5;7;11;14;15;16;18;22;32;35;37;40;42;45;46;47,47,2.416223729848862,1.196384176597471,0.39,2;3;4;5;6;7;8;10;11;12;13;14;16;18;19;21;23;24;26;29;30;31;36;38;44;45;46;47;48;51;52;55;60;73;79;80;83;85;86,100
A0ABW6NT79,0.03773584905660377,13;14,53,2.3100261187553404,1.3177034571942996,0.01,53,100
A0ABW6P5Z0,0.4915254237288136,2;9;10;12;16;19;20;23;24;26;27;28;29;31;32;35;36;37;38;40;41;42;45;47;49;50;54;56;57,59,2.2719304037094115,1.2865390108068526,0.93,1;2;3;4;5;6;7;9;10;11;12;13;14;15;16;17;18;19;20;21;22;23;24;26;27;28;29;30;31;32;33;34;35;36;37;38;39;40;41;42;43;44;45;46;47;48;49;50;51;52;53;54;56;57;58;59;60;61;62;63;64;65;66;67;68;69;70;71;72;73;74;75;76;77;78;80;81;82;83;84;87;88;89;90;92;93;94;95;96;97;98;99;100,100
A0ABW6PLC4,0.5660377358490566,1;2;3;7;8;10;11;12;14;16;17;18;20;23;25;29;31;32;33;34;35;37;39;40;41;42;43;50;52;53,53,2.352829083800316,1.352524911051095,0.55,1;2;3;4;5;7;8;10;11;12;13;14;15;16;17;18;21;22;25;28;29;31;36;38;40;41;42;43;46;48;49;55;57;58;60;61;62;64;67;70;73;74;75;77;79;80;82;84;86;89;94;95;96;99;100,100
A0ABW6R4U0,0.29545454545454547,2;4;10;14;15;16;18;24;25;26;31;39;44,44,2.591342241764069,1.2133199423917445,0.73,1;2;3;4;5;6;7;8;9;10;11;12;13;14;15;16;20;21;25;26;27;29;30;32;33;34;35;36;37;38;39;41;42;43;44;46;48;49;50;51;52;53;54;55;56;57;58;60;62;63;64;65;66;68;69;70;71;73;75;76;77;81;86;87;88;89;90;92;93;94;96;97;100,100
A0ABW6RDE0,0.5609756097560976,1;2;3;4;5;6;7;8;9;11;12;14;16;18;20;21;22;23;24;33;35;36;40,41,2.637428975701332,1.1773216732096887,0.29,5;6;8;11;12;16;18;20;27;29;30;32;35;40;45;47;48;49;51;52;56;58;62;72;79;85;87;88;94,100
A0ABW6RV11,0.6470588235294118,1;2;4;5;6;8;10;14;15;16;17;19;20;21;23;24;25;27;28;29;30;31;34;35;38;39;40;42;43;45;46;48;49,51,2.4803983879089357,1.2651613196872875,0.79,1;2;3;4;5;6;7;9;10;11;12;13;14;15;17;20;21;23;24;25;27;28;29;30;31;32;34;35;36;37;38;39;40;41;43;44;45;47;49;50;51;52;53;54;55;56;58;59;62;63;64;65;66;67;68;69;71;72;73;74;75;76;77;79;81;83;85;87;88;89;90;91;92;93;94;95;98;99;100,100
A0ABW6S3H3,0.14035087719298245,2;4;31;41;47;49;54;57,57,2.3293200027942658,1.2699785230210585,0.12,1;3;21;36;42;61;63;68;69;82;89;97,100
A0ABW6S8I6,0.13636363636363635,6;12;16;22;34;40,44,2.4527975064516068,1.2160039152558975,0.0,,100
A0ABW6S9H6,0.627906976744186,1;2;3;4;5;6;7;9;10;13;14;15;16;17;18;20;22;25;26;27;28;29;30;33;34;37;42,43,2.7831677162647246,1.2187894986808208,0.25,1;5;6;17;19;22;24;26;28;32;40;41;48;50;59;62;66;68;71;73;78;82;96;98;100,100
A0ABW6S9K2,0.4666666666666667,5;8;10;12;15;19;20;22;24;26;27;28;29;31;32;35;36;37;38;41;43,45,2.4787995302677155,1.0899435796931523,0.05,41;78;84;86;91,100
A0ABW6TDD8,0.047619047619047616,25;40;60,63,2.074353779554367,1.1075089815529122,0.12,1;2;5;8;31;40;65;76;79;91;95;100,100
A0ABW7R617,0.225,1;5;17;19;21;29;32;34;39,40,2.6151547765731813,0.9991470124441784,0.2,6;17;20;27;29;33;47;51;53;54;57;58;59;69;81;92;95;96;97;99,100
A0ABW7VTR0,0.6,1;3;4;5;6;7;8;9;11;12;13;15;16;19;22;23;27;29,30,2.787188287973404,1.0062151367917491,0.71,2;3;4;5;6;7;8;9;10;11;12;13;16;19;21;23;24;26;27;28;30;31;32;33;34;35;36;41;42;43;44;45;46;47;49;50;52;54;55;56;58;59;60;61;63;64;65;67;71;72;73;74;75;76;79;80;82;83;86;87;88;89;90;91;92;93;95;96;97;99;100,100
A0ABW7WFK0,0.37037037037037035,1;2;5;6;7;8;10;14;16;17;18;26;27;28;33;35;39;40;50;52,54,2.2968812870979307,1.2873587142531155,0.68,1;2;4;5;7;8;9;10;11;12;13;14;16;17;18;20;22;23;25;26;27;28;29;30;31;32;34;35;37;38;39;40;41;42;44;46;47;48;49;50;51;52;53;58;59;60;62;65;66;67;68;69;71;76;77;78;79;80;82;84;85;86;87;88;91;94;95;100,100
A0ABW7X529,0.288135593220339,1;6;8;9;13;19;20;21;31;32;37;41;44;47;48;52;58,59,2.1348825800418854,1.1879798927925649,0.29,5;6;9;13;17;19;22;24;25;29;33;36;40;42;48;51;52;54;67;73;74;77;84;85;88;89;90;95;99,100
A0ABW9FXS8,0.4528301886792453,1;4;5;6;7;8;10;11;12;14;15;16;18;19;20;27;28;29;35;37;38;48;51;53,53,2.3211609011888505,1.2324137466405598,0.12,1;7;17;20;34;35;42;53;56;58;88;89,100
A0ABW9HJC1,0.11320754716981132,3;7;14;22;38;49,53,2.2704818868637084,1.2432340596554379,0.07,3;28;67;82;83;93;99,100
A0ABW9L2Z5,0.8103448275862069,1;2;3;4;5;6;7;8;9;10;11;12;13;14;15;16;17;18;21;22;23;24;25;26;28;29;30;31;32;33;34;35;36;37;38;40;41;42;43;44;45;46;48;50;53;55;56,58,2.271761656999588,1.2610874200225513,0.89,1;2;3;4;5;6;7;8;9;10;11;12;13;14;15;16;17;18;19;20;22;23;24;25;26;27;28;29;30;31;32;33;34;36;37;38;39;40;41;42;43;44;45;46;47;48;49;50;51;52;53;54;55;56;58;60;61;62;63;64;65;67;68;69;70;71;72;73;74;76;77;79;80;81;83;84;85;86;87;88;89;90;92;93;94;95;97;98;99,100
A0ABW9L5T4,0.019230769230769232,6,52,2.386159837245941,1.2826524521454294,0.01,10,100
A0ABW9M0T7,0.7027027027027027,1;2;3;4;5;6;7;8;9;10;11;12;16;19;20;23;24;25;26;28;29;33;34;35;36;37,37,2.7601719343662263,1.089633131705289,0.42,2;5;7;8;9;11;14;15;16;17;19;20;21;25;26;28;32;33;34;37;38;40;43;46;47;50;52;55;58;59;61;62;63;73;76;77;78;82;84;90;92;96,100
A0ABW9M0U1,0.1346153846153846,6;7;9;10;19;21;48,52,2.3020689260959624,1.2053948334469897,0.78,1;2;3;4;5;6;7;10;12;14;16;18;19;20;22;23;24;25;27;28;30;31;32;33;35;36;37;38;39;40;42;44;45;46;48;49;50;51;52;53;54;55;56;57;58;60;61;62;63;64;65;69;70;71;72;73;74;75;76;77;78;80;81;82;83;84;85;86;87;89;90;91;92;94;95;96;97;99,100
A0ABX0CLH8,0.08333333333333333,12;17;22;33;35;45,72,1.8604597544670105,0.9184759350511343,0.06,20;25;42;65;74;80,100
A0ABX2JV81,0.27419354838709675,3;7;11;24;26;29;31;34;35;37;38;44;45;54;56;61;62,62,1.9992991805076599,1.1897448725877453,0.26,3;4;8;10;12;16;18;19;21;25;38;41;45;52;55;56;57;62;64;68;70;79;82;87;89;98,100
A0ABX3BV59,0.5135135135135135,1;3;4;7;9;10;11;12;13;14;15;17;19;23;28;29;32;36;37,37,2.8624060451984406,1.1784996717441707,0.27,2;5;7;11;12;19;33;37;46;47;50;51;55;56;61;62;63;67;68;70;71;72;88;90;91;98;100,100
A0ABX3BV79,0.44680851063829785,1;4;9;11;12;15;19;20;22;23;24;25;27;28;31;34;41;43;45;46;47,47,2.5837453138828277,1.2523482633671166,0.81,1;2;3;4;5;8;9;10;11;12;13;14;15;16;17;18;19;20;22;25;26;28;29;30;31;32;33;34;36;37;38;40;41;43;44;46;47;48;49;50;51;52;53;54;55;56;58;59;60;61;62;63;64;65;66;67;68;69;70;71;72;74;75;76;78;80;81;82;85;86;87;88;91;92;94;95;96;97;98;99;100,100
A0ABX3C2C3,0.5901639344262295,1;2;5;7;11;12;13;14;15;16;17;18;19;20;21;22;23;24;28;29;31;34;36;37;40;41;45;46;47;51;52;53;54;55;60;61,61,2.011249428987503,1.263696643522134,0.84,1;2;5;6;7;8;9;10;11;12;13;14;15;17;19;20;21;22;23;24;28;29;31;32;33;34;35;36;37;38;39;40;41;42;43;44;45;46;47;50;51;52;53;55;56;57;58;59;60;61;62;63;64;65;66;67;69;70;71;72;73;75;76;77;78;79;80;81;83;84;85;86;87;88;89;90;91;92;93;95;97;98;99;100,100
A0ABX3C6K0,0.5,3;5;6;7;8;9;10;11;12;13;14;15;17;19;20;25;26;27;32;33;37;38;40;41;42;43;47;48;49;51;55;61,64,1.9868900799751281,0.9923612940313463,0.36,4;7;8;14;15;16;22;23;25;28;30;31;33;41;43;47;51;52;55;57;58;59;61;62;65;67;70;72;75;83;86;89;95;98;99;100,100
A0ABX3RCA5,0.22727272727272727,3;5;6;7;9;11;12;16;30;42,44,2.659549366235733,1.318782896821544,0.19,5;19;25;44;46;50;51;55;68;73;76;77;81;85;86;91;93;94;99,100
A0ABX3RX86,0.0196078431372549,33,51,2.4005425858497618,1.2729249996941707,0.37,2;9;13;17;19;21;22;23;27;30;32;35;38;40;43;47;48;52;54;57;60;62;64;70;76;77;78;80;81;82;85;86;87;90;91;95;99,100
A0ABX3SQI7,0.2898550724637681,3;5;6;10;17;20;27;28;29;30;32;35;39;50;51;53;60;62;65;68,69,1.7934589982032776,0.9431100536958957,0.11,18;25;26;28;37;47;56;66;70;71;75,100
A0ABX3T0P8,0.6491228070175439,1;3;4;5;6;8;10;11;13;14;17;18;19;20;21;23;24;25;27;28;30;31;33;34;35;36;38;40;41;43;44;47;48;50;52;56;57,57,2.244461069703102,1.2281865294605436,0.41,3;4;7;10;12;13;15;17;19;20;23;24;25;27;32;33;34;35;38;41;42;44;51;56;60;63;67;70;71;73;75;80;83;85;86;87;91;92;94;95;98,100
A0ABX3T954,0.35,11;14;15;17;19;20;21;23;24;25;29;37;39;41;51;52;54;55;56;59;60,60,2.1492348670959474,1.3792055448953144,0.61,1;3;4;5;6;7;8;9;10;11;12;14;16;17;18;19;21;23;24;26;28;29;32;33;34;35;36;37;39;41;42;45;46;47;53;56;57;58;59;60;61;62;63;65;66;68;69;70;71;73;75;78;81;82;85;86;87;88;92;93;96,100
A0ABX3TLS6,0.36666666666666664,2;5;10;12;13;14;17;18;20;21;22;23;26;27;32;38;40;41;46;50;51;59,60,2.24694860458374,1.3088521410646987,0.19,7;11;12;13;17;20;32;35;46;47;56;57;63;69;71;73;89;98;99,100
A0ABX3VAQ3,0.7254901960784313,1;2;3;4;5;6;7;10;11;12;13;16;17;18;19;20;21;22;24;25;26;27;28;29;30;31;32;33;34;37;38;41;42;44;46;47;49,51,2.5431357741355898,1.33716715132262,0.73,1;2;3;4;5;6;7;8;9;10;11;12;13;14;16;17;18;19;20;21;23;27;28;32;34;35;37;38;39;41;42;44;45;46;50;51;52;54;55;56;57;59;60;62;64;65;67;68;70;71;72;73;74;75;77;78;79;81;82;84;86;87;88;89;90;91;92;93;94;96;97;99;100,100
A0ABX3VJI1,0.39285714285714285,2;3;5;10;11;14;15;20;21;22;28;29;30;32;34;38;41;43;47;49;50;55,56,2.3036466974020002,1.2384012678313676,0.27,3;5;13;16;20;24;25;27;29;34;48;49;50;52;55;56;57;59;69;74;77;81;82;83;89;98;100,100
A0ABX4V4X1,0.25925925925925924,1;5;8;9;11;13;15;20;27;29;35;40;44;46,54,2.3735341626405715,1.292622069225439,0.13,2;9;28;32;40;42;46;57;62;77;86;89;95,100
A0ABX6HJR3,0.43636363636363634,1;3;9;13;14;19;20;21;22;23;28;30;32;35;36;37;39;40;42;44;45;49;52;55,55,2.3144566690921784,1.3069335891327682,0.91,1;2;3;4;5;6;7;8;10;11;12;13;14;15;16;17;19;20;21;22;23;25;26;27;28;29;30;31;32;33;34;35;36;37;38;39;40;41;42;43;45;46;47;48;49;51;52;53;54;55;56;58;59;60;61;62;63;64;65;66;67;68;69;70;71;72;73;74;75;76;77;78;79;80;81;82;84;85;86;87;88;89;90;91;93;94;95;96;97;98;100,100
A0ABX7RQ37,0.06382978723404255,5;33;40,47,2.453248320221901,1.170285938574528,0.01,97,100
A0ABX8CHF2,0.5076923076923077,2;3;9;11;12;17;18;19;20;26;27;28;29;32;33;34;36;37;39;41;43;44;47;50;51;52;53;54;57;58;61;63;64,65,1.8839040905237199,1.1812378919685713,0.4,1;4;6;7;8;9;12;13;15;16;17;19;20;22;23;25;28;29;31;32;33;34;35;44;46;49;51;56;57;58;61;70;71;75;79;80;83;84;85;94,100
A0ABX8QPS0,0.06,10;12;44,50,2.26870628118515,1.2911825397321597,0.02,11;25,100
A0ABX8REJ1,0.6557377049180327,1;2;3;5;7;8;9;10;11;13;15;17;18;19;25;26;28;29;30;31;32;36;38;40;41;42;43;44;47;48;49;50;51;52;53;54;55;56;58;61,61,2.1035571616888045,1.20950519232252,0.48,1;2;3;5;7;8;9;11;12;15;16;19;27;34;35;37;42;43;44;46;47;49;52;53;56;57;58;61;63;65;66;67;68;70;74;79;80;81;83;84;86;87;88;89;91;93;96;99,100
A0ABX8REM5,0.4626865671641791,2;3;4;6;8;9;10;15;16;18;20;22;23;25;28;30;31;35;36;38;40;42;46;47;54;59;60;61;65;66;67,67,1.9639112162590027,1.011570005924347,0.88,1;3;4;5;6;7;8;9;10;11;12;13;14;15;16;18;19;20;21;22;23;24;25;26;27;28;29;30;31;32;33;34;35;36;37;38;39;40;41;42;44;45;46;47;49;50;51;52;53;55;56;57;59;61;62;63;64;65;66;67;68;69;71;74;75;76;77;78;79;81;82;83;84;85;86;87;88;89;90;92;93;94;95;96;97;98;99;100,100
A0ABX8VN38,0.4406779661016949,1;2;3;4;5;10;13;16;18;19;22;25;26;27;28;29;32;33;34;35;36;39;41;42;44;58,59,2.1778764975070954,1.1750252414846782,0.49,1;3;6;9;10;11;12;13;14;15;17;20;23;24;25;27;28;29;32;33;34;35;42;45;46;48;49;51;57;61;64;65;68;69;71;72;74;75;77;79;80;81;84;87;91;95;96;99;100,100
A0ABY2G9V5,0.515625,1;3;4;5;6;7;8;9;10;17;18;20;21;22;31;32;33;35;36;39;40;41;42;43;44;46;49;50;53;54;55;56;61,64,2.009847341775894,1.1180057851344871,0.47,4;9;11;12;15;17;18;23;24;27;28;29;31;36;43;44;45;46;49;52;58;60;61;62;64;65;68;69;70;71;73;74;75;76;78;79;81;82;85;86;88;93;95;96;97;98;100,100
A0ABY3TX45,0.2037037037037037,1;6;7;8;13;16;24;25;30;40;45,54,2.388921835422516,1.317008113442088,0.32,1;6;9;10;12;14;20;25;27;32;33;37;41;43;48;49;50;52;56;60;66;68;69;71;74;78;81;82;90;93;99;100,100
A0ABY3TZG2,0.4791666666666667,1;3;4;5;10;11;13;15;17;19;20;21;22;23;30;31;32;33;34;36;37;38;39,48,2.3898816990852354,1.177558699169014,0.85,1;2;4;5;6;7;8;9;10;12;14;15;16;18;19;20;21;22;23;24;25;27;28;29;30;31;32;33;34;35;36;37;38;39;40;41;42;43;44;45;46;47;49;50;51;52;53;54;55;56;58;59;60;61;63;65;66;67;68;69;70;72;73;74;75;76;77;78;82;83;84;85;86;87;88;89;90;91;92;93;94;96;97;98;99,100
A0ABY3USZ0,0.6666666666666666,1;3;4;5;7;8;9;10;14;15;17;18;19;20;21;22;23;24;25;26;29;30;31;32;33;34;35;39;41;43,45,2.591799201965332,1.15553561546293,0.96,1;2;3;5;6;8;9;10;11;12;13;14;15;16;17;18;19;20;21;22;23;24;25;26;27;28;29;30;31;32;33;34;35;36;37;38;39;40;41;42;43;44;45;46;47;48;49;50;51;52;53;54;55;56;57;58;59;60;61;62;63;64;65;66;67;68;69;70;71;72;73;74;75;77;78;79;80;81;82;83;84;85;86;87;88;89;90;91;92;93;94;95;96;97;98;100,100
A0ABY3UXN4,0.7555555555555555,2;4;5;6;7;8;10;11;12;13;14;15;16;17;18;19;20;21;23;24;25;26;28;29;33;34;36;37;38;39;40;41;42;45,45,2.544694273471832,1.1315801001075652,0.41,2;3;4;5;6;11;13;17;19;22;25;26;27;28;29;31;36;43;45;50;51;58;59;60;62;64;66;68;70;76;78;81;83;84;86;87;90;92;93;96;97,100
A0ABY3UYZ5,0.09090909090909091,5;21;27;41;54,55,2.4086338210105898,1.1801918125681965,0.03,8;56;85,100
A0ABY3V8K0,0.01639344262295082,5,61,1.9705627858638763,1.1403897550621207,0.02,48;52,100
A0ABY3VE79,0.2619047619047619,1;4;6;11;12;14;15;17;27;29;39,42,2.5569467997550963,1.2130491738776126,0.55,1;3;4;5;6;8;11;12;13;14;17;19;20;21;22;23;24;26;28;29;33;36;37;39;41;44;47;48;49;50;54;55;61;62;63;64;66;68;70;73;75;77;78;80;81;83;84;85;89;90;91;93;94;97;98,100
A0ABY3VMA4,0.4883720930232558,2;4;6;7;10;12;13;15;16;18;21;22;24;25;29;31;34;37;38;39;42,43,2.416691755056381,0.9601316279228914,0.68,1;3;5;6;7;8;11;12;13;14;16;18;19;20;21;22;25;28;29;30;31;33;36;37;38;39;41;42;43;44;45;46;47;48;49;50;51;53;54;55;56;57;59;63;64;66;67;68;69;71;72;73;74;76;80;82;83;86;89;90;91;92;94;95;96;97;98;100,100
A0ABY4M3X2,0.6595744680851063,2;4;5;6;7;8;11;13;15;17;19;20;23;24;26;27;28;30;32;33;34;35;36;37;38;39;40;41;42;44;46,47,2.464347643852234,1.3007224914400737,0.53,2;4;5;6;8;9;15;16;17;20;21;22;24;27;28;29;32;37;38;39;41;43;44;49;51;53;54;57;59;60;61;62;68;69;70;72;73;74;75;80;81;82;83;86;87;91;92;94;95;96;97;98;100,100
A0ABY4QIH6,0.2,2;5;6;11;23;24;26;28,40,2.763215711116791,1.1994599888215498,0.46,1;5;8;9;10;12;13;14;20;27;28;29;34;35;37;38;39;41;42;44;46;47;49;51;52;58;59;60;62;64;65;68;70;71;72;73;74;75;78;79;82;85;86;88;89;94,100
A0ABY6RGT5,0.5789473684210527,2;3;4;5;6;8;11;12;14;17;20;21;25;26;27;28;31;32;34;36;37;38,38,2.764276804924011,1.1545384058245878,0.72,1;2;4;5;6;7;8;10;12;13;16;18;20;21;22;24;25;26;28;30;31;32;34;36;37;39;40;41;42;43;44;45;46;47;49;50;51;52;53;55;57;58;61;63;64;65;66;67;69;70;71;73;74;75;76;77;78;80;81;82;84;85;86;87;88;89;90;91;93;94;96;99,100
A0ABY7PX64,0.4838709677419355,1;2;3;5;7;9;13;15;16;18;20;22;23;26;27;30;31;34;36;37;38;40;41;43;45;46;47;50;51;56,62,2.1202155005931855,0.9869567641055914,0.9,1;2;3;4;5;6;7;8;9;10;11;12;13;14;15;16;18;19;20;21;22;23;24;25;26;27;28;29;30;31;32;33;34;35;36;37;38;39;40;41;42;43;44;45;46;47;48;49;50;51;52;53;54;55;56;57;58;59;60;61;62;63;64;65;66;67;68;69;71;72;73;74;75;78;79;80;81;83;84;88;89;90;91;92;93;94;95;97;99;100,100
A0ABY8W257,0.22580645161290322,3;4;7;10;13;18;22,31,2.9245865762233736,1.2245676260351388,0.28,2;3;4;14;16;21;27;28;30;35;36;39;49;51;57;60;62;63;70;72;74;82;85;86;87;94;96;97,100
A0ABY9FP74,0.2,4;9;12;16;24;32;34;39;45,45,2.6407861042022707,1.0563014045573818,0.2,7;13;17;20;34;38;39;43;46;57;59;62;68;70;75;78;80;92;96;98,100
A0ABY9HWL0,0.19696969696969696,5;11;12;20;22;24;37;41;47;52;54;60;62,66,2.0157739078998564,0.9650182850466329,0.21,1;3;4;5;6;10;12;22;26;27;33;40;49;52;55;63;65;89;90;93;100,100
A0ABY9WDG4,0.5849056603773585,1;2;3;5;8;9;10;11;12;13;16;17;18;19;23;26;28;29;30;31;33;34;37;38;40;42;44;45;47;50;52,53,2.342112056016922,1.3125109280845697,0.9,1;2;3;4;5;6;7;8;10;11;12;13;14;15;16;17;18;19;20;21;22;23;24;25;26;27;28;29;30;31;33;34;35;36;37;39;40;41;42;43;44;45;46;47;48;49;50;51;52;53;54;55;56;57;59;60;61;62;65;66;69;70;71;72;74;75;76;77;78;79;80;81;82;83;84;86;87;88;89;90;91;92;93;94;95;96;97;98;99;100,100
A0ABZ1F9Z2,0.09090909090909091,15;21;25;34;43,55,2.2522854310274125,1.273360475897506,0.06,36;38;43;55;81;87,100
A0ABZ1HYA1,0.4888888888888889,1;3;4;7;8;9;16;17;18;20;22;23;24;28;29;33;36;38;39;40;41;45,45,2.5396830356121063,1.0559889676819947,0.74,1;2;3;4;5;6;7;8;9;10;11;12;13;14;15;17;19;20;21;22;23;24;25;26;27;28;29;30;31;32;33;34;35;36;37;39;41;42;43;44;45;49;50;52;53;54;56;57;58;59;60;61;62;63;65;68;69;70;72;75;76;77;79;80;84;85;87;88;89;91;92;95;96;100,100
A0ABZ1N1W0,0.5833333333333334,4;7;8;9;10;11;13;14;16;18;19;23;24;25;26;27;29;30;31;32;36;39;40;42;43;44;46;47,48,2.505753552913666,1.3858673945406754,0.91,1;2;3;4;5;6;8;9;10;11;12;13;14;15;16;18;19;20;21;22;23;24;25;26;27;28;29;30;31;32;33;34;35;36;37;38;39;40;41;42;43;44;45;47;48;49;50;52;53;55;57;58;59;60;61;62;64;65;66;67;68;69;70;71;72;73;74;75;76;77;78;79;80;81;82;83;85;86;87;88;89;90;91;92;94;95;96;97;98;99;100,100
A0ABZ1VXB9,0.02040816326530612,48,49,2.352673487067223,1.2046576412119034,0.05,42;66;67;85;89,100
A0ABZ1YLN8,0.5555555555555556,2;3;4;6;7;8;9;10;11;12;14;19;21;23;24,27,2.861580216884613,0.9854989773180781,0.81,1;2;3;4;6;8;9;10;11;12;13;14;15;16;17;18;19;20;21;22;23;24;25;26;27;28;29;31;33;34;35;36;38;39;40;41;42;43;44;45;46;50;51;52;54;56;57;58;59;60;61;62;64;65;67;68;70;71;72;73;75;76;77;79;80;81;82;83;84;85;86;87;88;91;92;93;95;96;97;98;100,100
A0ABZ1YUC5,0.43548387096774194,2;3;4;8;10;11;13;15;17;18;23;25;27;29;32;33;36;39;44;45;46;50;51;52;53;59;61,62,1.974504482150078,1.103417055956886,0.7,2;4;8;9;12;13;14;15;16;17;18;19;22;23;24;25;26;27;28;29;30;33;34;35;37;38;42;43;44;45;46;48;50;51;52;53;55;56;57;58;59;60;61;62;63;64;65;68;70;74;75;78;79;80;83;84;86;87;88;89;90;91;92;93;94;95;97;98;99;100,100
A0ABZ2PCG2,0.3958333333333333,4;5;9;14;25;26;27;30;32;33;34;35;36;40;41;43;44;45;48,48,2.4513843941688536,1.1558659919044159,0.43,1;2;3;4;5;7;9;11;13;14;15;16;20;22;23;24;25;29;31;32;35;37;41;42;44;45;47;48;50;54;55;56;57;64;67;82;83;86;90;94;96;98;99,100
A0ACC6MKA3,0.0,,31,2.818691874742508,1.072724341287894,0.0,,100
A0ACD1FAL4,0.4166666666666667,2;3;4;6;7;8;9;10;20;24,24,3.0667546236515046,1.071254712388789,0.24,9;17;20;21;24;29;32;33;34;37;39;41;48;49;54;55;65;71;77;81;86;90;93;98,100
A0ACD1FAN4,0.5882352941176471,1;2;5;11;13;14;15;16;18;19;21;22;23;24;25;26;27;29;30;31;32;33;35;36;40;41;42;43;48;51,51,2.56960240483284,1.2031476366598328,0.97,1;2;3;4;5;6;7;8;9;10;11;12;13;14;15;16;17;18;19;20;21;22;23;24;25;26;27;28;29;31;32;33;34;35;36;37;38;39;40;41;42;43;44;45;46;47;48;49;50;51;52;53;54;55;56;57;58;59;60;61;62;63;64;65;66;67;69;70;71;72;73;74;75;76;77;78;79;80;81;82;83;84;85;86;87;88;89;90;91;93;94;95;96;97;98;99;100,100
A0ACD2EK82,0.3695652173913043,1;4;6;7;11;12;13;14;15;16;18;20;27;32;34;35;41,46,2.4862526208162308,1.4082399617644246,0.69,1;2;3;4;5;7;8;10;11;12;13;15;16;17;19;20;21;22;23;24;27;28;33;34;35;36;37;39;40;41;42;44;46;47;48;49;52;53;56;57;58;59;62;65;66;67;68;69;70;72;73;74;75;77;78;80;81;82;83;85;86;87;91;92;93;94;96;98;99,100
A0ACD2ERW5,0.5555555555555556,1;3;4;5;7;9;10;13;14;15;16;17;19;27;28;29;31;32;33;34;36;39;40;42;43,45,2.454817727804184,0.9849882741613128,0.98,1;2;3;4;5;6;7;8;9;10;11;12;13;14;15;16;17;18;19;20;21;22;23;24;25;26;27;28;29;30;31;32;33;34;35;36;37;38;39;40;41;42;43;44;45;46;47;48;49;50;51;52;53;54;55;56;57;58;59;60;61;62;63;64;65;66;67;68;69;70;71;72;73;74;75;76;77;78;79;80;81;82;83;84;85;86;87;88;90;91;92;93;94;95;96;97;99;100,100
A0PPD8,0.28888888888888886,2;3;5;6;11;14;18;19;25;29;30;31;32,45,2.5864977872371675,1.234477513677248,0.14,2;9;12;17;20;31;39;44;58;62;64;75;89;90,100
A1T887,0.2857142857142857,2;3;6;7;16;18;19;21;25;30;33;34;38;44,49,2.4039244735240937,1.0592070355962186,0.24,6;7;15;18;24;26;34;38;39;42;43;44;45;58;60;62;64;65;75;79;80;88;94;98,100
A8M8D3,0.2,3;4;5;9;14;27;33;35;37;51;54,55,2.250423322916031,1.2432345587112978,0.09,15;25;40;56;60;61;64;66;95,100
B1VMZ4,0.3333333333333333,2;5;6;10;12;26;28;29;30;32;33;35;38,39,2.669132241010666,1.1095679350009253,0.59,1;2;3;4;5;6;7;8;9;13;14;17;19;21;22;24;26;27;28;30;32;34;35;36;38;40;45;47;50;51;52;53;54;55;57;58;59;61;62;65;66;70;71;74;75;77;81;82;83;84;86;87;89;91;92;93;94;95;98,100
B2HE95,0.3333333333333333,2;3;6;7;8;9;12;14;16;17;21;31,36,2.787383760213852,1.3146928357081953,0.09,32;46;47;55;79;84;93;94;95,100
B2HN69,0.7272727272727273,1;2;4;5;6;7;8;9;12;13;14;16;18;19;20;21;24;25;27;28;29;30;32;33,33,2.8860235852003098,1.2477159118136238,0.95,1;2;3;4;5;6;7;8;9;10;11;12;13;14;15;16;17;18;19;20;21;22;23;24;25;26;27;28;29;30;31;32;33;34;35;36;37;38;39;40;41;42;43;44;45;46;47;48;49;50;51;52;53;54;55;56;57;58;60;61;62;63;64;66;67;68;69;70;71;72;73;74;75;76;77;78;79;81;82;83;84;85;86;87;89;90;91;93;94;95;96;97;98;99;100,100
D5PAD3,0.35185185185185186,1;2;6;9;10;18;19;23;24;26;28;31;33;37;41;45;49;51;53,54,2.279509019255638,1.2276836303891547,0.37,1;4;7;10;16;19;21;24;27;31;32;33;34;38;43;44;50;51;52;53;54;57;59;62;64;65;66;68;69;73;78;79;85;89;95;96;99,100
D5PI48,0.30612244897959184,3;8;9;10;11;12;13;18;21;24;25;30;32;34;39,49,2.40940051317215,1.2982959036833333,0.13,7;10;22;24;28;41;45;54;63;64;70;80;84,100
D6Z860,0.6792452830188679,3;5;6;9;10;13;16;17;18;19;20;21;22;23;24;25;26;28;29;30;32;33;34;35;36;37;38;39;40;41;42;43;45;47;48;50,53,2.3163366281986235,1.2342505140408275,1.0,1;2;3;4;5;6;7;8;9;10;11;12;13;14;15;16;17;18;19;20;21;22;23;24;25;26;27;28;29;30;31;32;33;34;35;36;37;38;39;40;41;42;43;44;45;46;47;48;49;50;51;52;53;54;55;56;57;58;59;60;61;62;63;64;65;66;67;68;69;70;71;72;73;74;75;76;77;78;79;80;81;82;83;84;85;86;87;88;89;90;91;92;93;94;95;96;97;98;99;100,100
D6ZDT1,0.22807017543859648,2;17;18;22;29;34;35;37;42;46;47;50;52,57,2.168926822543144,1.1630235328512857,0.06,56;78;86;87;94;100,100
E3J9G9,0.3125,2;5;10;12;13,16,3.053992713689804,0.9259753458154103,0.1,1;29;30;38;55;65;80;83;92;96,100
E5XP76,0.39344262295081966,1;2;7;12;13;14;16;20;23;24;26;31;36;38;41;42;46;48;52;54;55;56;58;59,61,2.1605525612831116,1.2461734723281317,0.51,4;7;9;12;14;16;17;20;21;23;25;26;28;30;31;33;34;35;36;37;38;39;40;42;45;46;48;51;53;54;55;56;58;59;61;62;64;67;69;72;73;79;80;81;83;85;91;93;94;95;98,100
E5XUS9,0.0,,58,2.17742412507534,1.1967405462399117,0.0,,100
F5YUX6,0.5172413793103449,1;2;3;4;6;7;8;9;10;11;12;18;20;21;23;24;26;27;29;33;34;38;39;40;41;42;43;44;45;56,58,2.2246376967430113,1.4481051373657736,0.71,2;3;4;5;6;8;9;10;11;12;13;14;15;16;17;19;20;22;23;24;26;28;30;31;32;33;34;39;40;42;45;46;47;48;50;51;52;53;54;55;56;59;60;62;63;64;65;69;70;71;72;73;74;76;78;79;80;81;83;85;87;88;89;92;94;95;96;97;98;99;100,100
G8RIP0,0.3333333333333333,3;5;7;11;15;16;21;22;27;34;35;43;46;47;48;50;51,51,2.5377236276865007,1.3314327723666812,0.29,14;16;17;20;22;23;30;45;52;53;56;57;59;60;63;67;78;79;80;81;83;86;87;90;92;95;96;97;98,100
H5U1W4,0.5357142857142857,1;3;4;5;6;7;8;9;10;11;12;14;15;18;19;20;21;25;26;27;29;33;35;36;39;42;43;46;47;55,56,2.318588240146637,1.189807936398356,0.73,1;2;3;4;5;6;8;9;10;11;12;16;17;18;19;20;21;22;25;28;29;31;32;33;34;35;36;37;38;39;41;42;43;45;46;47;48;49;50;52;53;55;56;57;59;60;61;62;63;65;66;69;70;71;72;73;74;77;80;81;83;84;85;86;87;89;90;91;92;93;95;96;98,100
H6R914,0.24074074074074073,4;8;13;15;16;20;23;30;35;40;50;52;53,54,2.2274516046047212,1.1513602612481229,0.3,1;5;7;8;9;17;20;21;22;28;30;32;33;43;46;47;49;55;56;61;63;65;67;71;79;83;85;91;92;93,100
H8IJH7,0.7307692307692307,1;2;3;4;5;6;7;8;9;10;11;12;13;15;16;17;18;21;22;23;24;25;26;27;28;30;31;35;37;38;39;40;42;43;45;46;49;51,52,2.113815458416939,0.9163610298343059,0.83,1;2;3;4;5;6;8;9;11;12;13;17;18;19;20;21;22;23;24;25;26;27;28;29;30;31;32;33;34;35;36;37;38;39;40;41;42;43;44;45;46;47;48;49;50;52;53;55;56;57;58;59;61;63;64;65;66;67;69;70;71;72;74;75;77;78;81;82;83;84;86;87;88;89;90;91;92;94;95;97;98;99;100,100
H8ITF4,0.28,6;7;9;11;12;13;15;18;25;30;31;33;39;44,50,2.4120922815799712,1.3107077063021846,0.39,4;6;10;11;14;18;21;26;28;31;32;34;36;38;39;40;47;49;50;52;53;55;58;59;62;64;72;75;78;80;82;87;88;89;90;91;93;94;100,100
H8IU56,0.12962962962962962,2;6;7;16;26;44;50,54,2.5040056675672533,1.3536756327397743,0.05,8;35;60;74;79,100
I4BIH7,0.3125,1;2;6;8;9;13;17;18;21;24;30;32;33;39;48,48,2.386095234155655,1.2352621836948148,0.38,3;4;7;8;9;10;12;20;25;26;28;29;30;37;40;41;42;45;46;47;49;52;56;57;58;59;61;69;71;72;73;77;84;85;87;92;97;98,100
I7C367,0.044444444444444446,38;40,45,2.5676453208923338,0.9704276858403733,0.21,1;5;25;27;31;32;34;36;37;39;49;52;53;59;72;82;83;89;90;92;96,100
I7GER2,0.28888888888888886,3;9;12;23;25;33;37;38;40;41;42;44;45,45,2.5484233748912812,1.1201541096081509,0.83,1;2;3;4;5;6;8;9;11;12;13;15;16;17;19;20;21;22;24;25;26;29;31;32;33;34;35;36;37;38;39;40;41;42;44;45;46;47;48;49;50;51;52;53;54;55;56;57;58;60;61;62;63;64;66;67;68;69;71;73;74;75;76;77;78;79;80;81;82;83;85;88;89;90;91;92;93;94;95;96;97;98;99,100
J5E0P6,0.15384615384615385,1;7;12;26,26,2.898270299434662,1.071676075363154,0.19,6;14;19;31;35;39;40;42;44;46;52;59;60;65;70;84;90;92;96,100
J7U6E9,0.03333333333333333,17;47,60,2.35019783616066,1.1990113144503156,0.01,68,100
J9WJ93,0.10909090909090909,7;10;14;29;40;52,55,2.296647630929947,1.2629795698128883,0.02,41;67,100
J9WJC3,0.47619047619047616,1;3;5;6;7;10;12;13;14;18;20;22;23;27;28;31;32;36;41;42,42,2.663289420604706,1.2327394134461176,0.59,8;9;11;12;13;15;16;17;21;23;24;25;27;28;31;33;34;35;36;38;40;43;45;49;50;51;52;53;56;57;58;60;61;62;63;64;67;68;69;70;71;73;74;77;78;79;80;81;82;84;86;87;88;89;91;92;95;96;98,100
J9WML3,0.5535714285714286,2;5;8;9;10;11;15;18;22;23;25;27;28;29;31;33;34;35;36;37;39;40;41;45;47;48;49;52;53;54;55,56,2.289443885087967,1.1618521585990067,0.97,1;2;3;4;5;6;7;8;9;10;11;12;13;14;15;16;17;18;19;20;21;22;23;24;25;26;27;28;29;30;31;32;33;34;35;36;38;39;40;41;42;43;44;45;46;47;49;50;51;52;53;54;55;56;57;58;59;60;61;62;63;64;65;66;67;68;69;70;71;72;73;74;75;76;77;78;79;80;81;82;83;85;86;87;88;89;90;91;92;93;94;95;96;97;98;99;100,100
K0EPZ9,0.0,,24,2.8509435379505157,1.0768112239481749,0.0,,100
K0EY54,0.3064516129032258,7;14;16;20;22;23;27;32;34;39;40;46;52;53;55;56;58;59;62,62,2.086525781750679,1.1864721188236091,0.94,1;2;3;4;5;6;7;8;9;10;11;12;13;14;15;16;17;18;19;20;21;22;23;24;25;26;27;28;29;30;31;32;33;34;35;37;38;39;40;41;42;43;44;45;46;47;48;49;50;51;52;53;54;55;56;57;58;59;60;62;63;64;65;66;67;68;70;71;72;73;74;75;76;77;78;79;80;81;82;83;85;86;87;88;89;90;93;94;95;96;97;98;99;100,100
K0UL90,0.08823529411764706,4;7;32,34,2.7987698316574097,1.078013328587438,0.02,74;91,100
K0V6S4,0.58,2;3;5;7;8;10;11;12;15;17;20;21;22;23;24;25;27;28;30;31;32;33;36;38;40;44;47;48;49,50,2.5621596503257753,1.1867396348050496,0.41,2;4;5;6;8;10;11;12;16;17;18;19;22;23;24;26;27;28;32;34;37;38;41;46;52;53;54;59;60;64;67;69;73;79;84;89;90;94;95;98;99,100
K0V789,0.5,3;4;6;7;9;11;13;14;16;18;21;22;24;25;28;29;32;36;38;39;41;42;46;48;50,50,2.403507877588272,1.1583961342700198,0.91,1;2;3;4;6;7;8;9;10;11;12;13;14;15;16;17;19;21;22;23;24;25;26;27;28;29;30;31;32;33;34;36;37;38;39;40;41;42;43;44;45;46;47;48;49;51;52;53;54;55;56;57;58;59;60;61;62;63;64;65;66;68;69;70;71;72;73;74;75;76;77;78;79;80;82;84;85;86;87;88;90;91;92;93;94;95;96;97;98;99;100,100
K0VFF7,0.2542372881355932,3;8;9;11;20;21;22;23;25;26;28;31;34;37;40,59,2.0529853749275206,1.1278210196503862,0.31,1;9;22;23;25;33;37;39;40;41;42;44;51;52;58;65;66;68;69;70;72;73;75;77;81;89;91;94;95;98;99,100
L7V833,0.3,1;3;4;6;9;15;18;21;22;25;35;39,40,2.5250290179252626,0.9262241322817515,0.09,21;26;51;71;76;86;88;92;99,100
L7V8G3,0.475,1;4;5;6;7;8;9;12;14;15;17;18;19;22;23;24;28;29;36,40,2.6184623444080355,1.1505732202330532,0.74,1;2;3;4;6;7;9;10;11;13;15;16;17;18;19;21;22;24;26;27;28;29;30;31;32;34;35;36;37;38;39;40;41;42;43;44;45;46;47;49;52;53;56;57;58;59;60;62;65;66;69;70;72;73;75;77;78;79;80;82;83;84;85;86;87;88;89;90;91;94;95;96;99;100,100
O69484,0.23809523809523808,7;8;10;12;16;19;27;32;38;39,42,2.722604395747185,1.2112643955587759,0.08,44;45;46;65;68;77;81;98,100
Q5YY80,0.06451612903225806,18;22;53;61,62,2.1327616000175476,1.2960982305260647,0.14,1;2;4;5;7;13;19;39;52;58;63;72;77;81,100
Q6RKB1,0.5357142857142857,1;2;4;5;7;9;10;13;17;19;22;25;26;27;28;29;30;31;32;35;38;39;40;44;47;48;50;51;54;56,56,2.2984163051843645,1.2742067246865891,0.42,1;2;4;6;8;11;12;13;15;16;18;24;25;26;28;29;32;37;42;44;45;52;56;57;58;62;68;69;71;73;74;78;79;80;83;86;91;93;94;95;99;100,100
Q741P9,0.5666666666666667,2;3;4;6;7;8;10;11;12;13;14;16;19;20;24;28;29;30;35;36;37;39;40;42;43;44;45;48;49;51;52;53;54;58,60,2.15830188035965,1.325386853981147,0.88,1;2;3;4;5;6;7;8;9;10;11;12;13;14;15;16;17;18;19;20;21;23;24;25;26;27;29;30;31;32;33;34;35;36;37;39;40;41;43;44;45;46;47;49;51;52;53;54;55;56;57;58;59;60;61;62;63;64;66;67;69;70;71;73;74;75;77;78;79;80;81;83;84;85;86;87;88;89;90;91;93;94;95;96;97;98;99;100,100
Q7D6X4,0.24390243902439024,1;4;11;18;22;24;29;30;38;41,41,2.6013883471488954,1.255118561163912,0.43,3;6;7;10;14;16;19;20;25;26;27;29;32;34;39;40;44;45;48;49;52;53;54;58;59;62;64;67;69;70;73;76;81;83;86;87;88;90;92;93;95;96;100,100
U5ELY0,0.391304347826087,9;11;16;18;19;20;22;23;24;25;30;32;34;38;39;40;41;45,46,2.6147801035642626,1.4437159305981522,0.89,1;2;3;4;5;6;7;8;9;10;11;12;14;15;16;17;18;19;20;22;23;24;25;26;27;28;29;30;31;32;33;34;35;36;38;39;40;41;42;43;44;46;47;48;49;50;51;52;53;54;55;56;57;58;59;60;61;62;63;64;65;66;67;68;69;70;71;72;73;74;75;76;77;79;81;82;83;84;85;86;87;88;90;91;93;94;98;99;100,100
V5X749,0.36363636363636365,2;3;4;6;8;9;11;13;15;20;24;30,33,2.9187107944488524,1.1030739451969431,0.23,15;16;18;25;34;35;38;40;53;59;66;68;70;71;76;77;78;79;81;83;86;91;100,100
V5XIA1,0.5365853658536586,2;3;4;6;7;8;9;12;13;14;15;16;22;23;24;25;26;27;28;35;39;41,41,2.508171750307083,1.2619468109274623,0.79,1;6;7;10;11;12;14;16;17;18;19;20;21;22;23;24;25;26;28;29;30;31;33;37;38;39;40;41;42;43;44;45;46;48;50;51;52;53;54;55;56;57;59;61;62;63;64;65;66;67;68;69;70;71;72;73;74;75;76;78;79;80;81;82;83;84;87;88;89;90;91;92;93;95;96;97;98;99;100,100
W5WC87,0.8166666666666667,1;2;3;4;5;7;8;9;10;11;12;13;14;18;19;20;21;22;23;24;25;26;28;29;30;31;32;33;34;36;37;38;39;40;41;42;43;44;45;46;47;49;50;52;53;54;55;56;60,60,2.0230502969026567,1.1772223124192682,0.9,1;2;3;4;5;6;7;8;9;10;11;12;13;14;15;16;17;18;19;20;21;22;23;24;25;27;28;29;30;31;32;33;34;36;37;38;39;40;41;42;43;44;45;46;47;48;49;50;51;52;53;54;55;56;57;58;59;60;62;63;64;65;66;68;69;70;71;72;74;75;76;77;78;79;80;81;82;84;85;86;87;88;89;91;92;94;96;98;99;100,100
W7J139,0.4482758620689655,2;3;10;11;12;13;14;15;17;18;19;20;21;26;29;33;34;36;38;40;43;44;45;53;55;57,58,2.223183872103691,1.2755994195208427,0.55,1;2;4;7;8;9;11;12;13;16;17;18;19;21;24;25;26;28;30;31;34;35;39;40;41;42;45;47;49;52;53;57;58;60;62;64;67;68;69;72;73;76;78;80;81;82;85;87;90;91;92;93;94;96;98,100
W9AKH0,0.24444444444444444,5;22;23;25;26;28;29;33;34;37;42,45,2.575883173942566,1.030508566387617,0.77,1;2;3;4;5;6;7;8;9;10;11;12;13;14;15;18;19;21;22;23;25;26;27;28;30;31;32;33;34;35;37;38;40;41;42;44;45;47;49;52;53;54;55;56;57;58;59;60;61;62;63;64;65;67;69;70;71;72;73;74;75;76;77;82;83;84;85;89;91;92;93;94;95;96;97;98;99,100
W9AZM3,0.3333333333333333,2;3;7;14;15;18;19;20;22;23;26;27;29;37;39;42;45;51;54,57,2.2687293529510497,1.385590009630719,0.51,2;4;6;7;9;10;12;13;14;18;19;20;21;22;26;27;28;29;30;31;38;40;41;42;43;44;46;48;52;53;58;62;63;68;69;70;74;76;77;78;79;80;82;83;86;87;89;91;94;99;100,100
W9B0J1,0.6578947368421053,1;2;3;4;8;11;13;14;15;17;18;19;20;21;22;23;25;26;29;31;32;33;34;37;38,38,2.75930587887764,1.1175724865990202,0.22,2;13;19;29;34;35;37;42;43;48;59;62;63;65;71;74;75;80;89;92;93;99,100
X0Q040,0.5,2;3,4,3.186594669818878,0.9233332340415312,0.14,5;8;15;22;24;35;47;54;67;75;83;84;95;96,100
X8A9W7,0.09090909090909091,11;21;33;44;54,55,2.3686040335893632,1.315013722106402,0.11,11;12;35;47;50;56;57;58;67;84;97,100
X8CEN6,0.3125,2;3;6;13;14;17;21;23;26;32;35;37;39;40;47,48,2.3570685917139054,1.09102538737203,0.55,1;2;3;4;6;7;8;10;13;14;15;17;18;19;20;22;24;25;26;29;30;33;34;35;36;37;39;42;45;47;48;49;50;51;52;53;56;57;58;59;61;62;63;65;67;68;74;76;82;86;88;90;91;95;99,100
X8DPU6,0.7307692307692307,3;5;6;7;8;9;10;11;12;13;14;15;17;18;19;20;21;22;24;25;26;27;28;31;32;33;34;35;36;37;38;39;41;42;43;44;46;49,52,2.4293183028697967,1.2258205247891918,0.88,1;2;3;4;5;6;7;8;9;10;11;12;13;14;15;16;17;18;19;20;21;22;23;24;25;26;27;28;29;30;32;33;34;35;36;37;38;39;40;41;42;43;44;45;46;47;48;49;50;52;53;54;55;56;57;58;59;61;64;65;66;67;68;70;71;72;74;75;76;78;79;81;82;83;84;85;86;88;89;90;91;92;94;95;96;97;98;100,100
X8DWH6,0.5,4;8;12;13;15;17;18;20;21;24;27;28;31;34;36;37;39;40;42;43;45;46;47;48;49;51;53,54,2.3202335047721863,1.1412700661755184,0.96,1;2;3;4;5;6;7;8;9;10;11;12;13;14;15;16;17;18;19;20;21;22;23;24;25;26;27;28;29;30;31;32;33;35;36;37;38;39;40;41;42;43;44;45;46;47;48;49;50;51;52;53;54;55;56;57;58;59;60;61;62;63;64;65;66;67;69;70;71;72;73;74;75;76;77;78;79;80;81;82;83;84;85;86;87;88;89;90;91;92;93;94;95;97;98;100,100
