entry,nac_fraction_holo,nac_holo_idxs,n_confident_holo,prmsd_mean,prmsd_std,nac_fraction_apo,nac_apo_idxs,n_confident_apo
A0A010YLP6,0.543859649122807,1;2;4;8;10;13;14;15;17;18;19;22;23;24;26;29;33;34;35;36;39;41;42;43;46;47;49;50;52;55;56,57,2.198349415063858,1.0615060506303926,0.48,1;3;6;7;9;12;15;18;19;20;21;22;23;24;25;26;29;30;34;35;37;40;43;45;47;49;50;54;56;58;59;60;61;62;66;67;69;70;71;72;73;74;82;83;88;95;96;97,100
A0A024JSK2,0.8076923076923077,1;2;3;4;5;6;7;8;10;11;12;13;16;18;21;22;23;24;25;26;27;28;29;30;31;32;33;34;36;37;38;39;41;42;43;45;46;47;48;50;51;52,52,2.3361565554142,1.0966382361045643,0.59,1;2;3;5;6;7;8;9;10;12;13;14;15;20;21;22;24;26;27;28;33;36;37;38;39;41;43;44;45;47;49;50;51;52;53;54;55;56;57;59;60;61;62;63;64;70;71;75;76;80;81;84;86;87;88;93;94;96;99,100
A0A024JWI0,0.5333333333333333,1;3;7;8;9;10;11;12;16;17;19;20;21;24;27;28,30,2.787405004501343,1.0508032346247855,0.71,2;3;4;7;8;9;11;13;14;15;17;18;20;21;22;23;24;25;26;28;29;30;31;32;33;36;37;38;39;40;42;43;44;45;46;49;50;51;53;54;55;57;58;59;63;65;66;67;69;70;74;75;76;77;79;80;83;84;85;86;88;89;90;91;92;95;96;97;98;99;100,100
A0A024JZE3,0.0,,35,2.8609135222434996,1.1903460376695292,0.0,,100
A0A024JZE8,0.20833333333333334,10;12;17;28;34;37;44;45;46;48,48,2.488083997964859,1.129801638236766,0.26,2;8;18;20;22;27;30;31;32;34;35;37;47;51;52;53;54;57;58;62;66;72;78;90;91;95,100
A0A045K2P5,0.52,1;5;7;8;9;12;15;19;21;22;23;24;25;27;29;30;32;33;35;37;41;42;45;46;48;49,50,2.3696656036376953,1.1197100099443384,0.53,1;2;3;4;5;6;7;8;10;11;15;16;22;23;26;28;32;34;35;36;37;40;41;43;45;46;47;48;50;51;53;54;55;56;58;59;63;68;71;72;73;75;76;80;81;83;86;88;90;95;96;97;99,100
A0A051U3G5,0.12244897959183673,8;18;23;27;39;45,49,2.4711194199323656,1.1937564098007551,0.11,2;5;7;44;56;72;81;82;87;91;93,100
A0A051UFG9,0.55,2;4;6;7;8;11;12;13;14;17;18;20;21;22;23;25;26;29;31;35;37;38;39;40;41;44;45;46;49;53;56;57;59,60,2.1880276829004286,1.0777905990370287,0.72,2;3;4;5;6;7;8;9;10;11;12;13;14;15;16;17;18;19;20;21;22;23;24;25;26;27;28;29;30;31;32;33;34;35;36;38;39;43;44;47;49;51;52;53;54;55;56;57;59;60;62;64;66;67;68;71;74;76;78;81;82;83;85;86;87;89;90;91;92;94;96;97,100
A0A064CG00,0.23809523809523808,2;4;16;19;21;22;26;37;38;42,42,2.659747061133385,1.2219457633987947,0.3,2;5;13;15;21;23;28;31;35;36;40;42;44;50;52;60;63;67;68;69;73;76;78;80;83;88;89;95;97;99,100
A0A0B1ZH49,0.22916666666666666,4;6;8;9;14;16;22;23;24;32;44,48,2.5796910470724104,1.276294862869005,0.24,2;4;5;16;24;31;33;34;36;43;44;49;52;53;59;60;67;69;77;80;89;95;97;98,100
A0A0B1ZIQ0,0.024390243902439025,13,41,2.7399325877428056,1.2471087023290288,0.0,,100
A0A0B8NM02,0.34545454545454546,7;10;17;18;22;24;28;31;33;34;38;39;41;43;44;45;47;48;49,55,2.18952829182148,1.2444560960415563,0.37,1;2;11;12;14;16;17;18;19;20;21;25;26;27;29;30;33;34;35;40;51;54;57;59;60;67;72;73;75;78;79;85;87;88;93;94;96,100
A0A0D1L7Y1,0.5172413793103449,2;3;4;6;7;9;12;13;16;19;20;22;23;24;25;26;28;29;30;32;35;36;38;40;42;46;49;52;56;58,58,2.3104629039764406,1.2168380439855477,0.4,2;3;4;6;7;11;13;16;20;22;24;38;39;40;42;48;50;52;54;55;59;62;66;69;70;73;75;78;80;82;83;85;86;88;93;95;96;97;99;100,100
A0A0D1LMF4,0.1509433962264151,5;6;12;23;24;32;34;44,53,2.300924703478813,1.2403984631081704,0.07,23;28;43;48;53;96;100,100
A0A0D2EWW5,0.1875,1;4;8,16,3.423441125154495,1.0100972768274372,0.09,10;38;60;64;68;75;91;93;100,100
A0A0E4CLA0,0.72,1;3;4;5;6;7;8;9;10;11;13;14;15;17;18;20;21;22;24;26;27;28;29;30;31;32;34;37;38;39;40;41;45;46;48;49,50,2.388714988231659,1.065755906845339,0.71,1;3;4;5;8;9;10;11;12;13;14;16;17;19;21;23;24;26;28;30;33;34;35;36;37;38;40;42;43;44;46;47;48;49;50;51;53;55;56;58;60;61;63;64;66;67;68;69;72;73;74;75;76;77;79;80;81;82;83;86;88;91;92;93;94;95;96;97;98;99;100,100
A0A0E4GX90,0.15384615384615385,1;4;9;15,26,2.9541955256462096,1.029402272073856,0.24,13;17;23;25;27;38;42;45;46;51;53;54;57;60;62;68;70;71;76;83;84;87;89;95,100
A0A0F4ES51,0.37777777777777777,2;3;4;6;9;12;15;16;18;19;21;25;28;32;34;38;43,45,2.552873175740242,1.3756762605440298,0.49,4;6;8;9;11;13;14;16;17;20;24;25;26;28;31;33;35;39;42;44;47;48;49;50;53;54;55;57;60;63;66;68;70;71;73;74;77;78;81;84;85;87;91;92;93;95;96;97;100,100
A0A0F5MSZ2,0.5614035087719298,3;4;5;6;7;8;10;12;13;15;16;17;18;19;22;25;26;28;30;31;32;33;35;37;39;41;43;46;48;54;55;57,57,2.33589106798172,1.0984298139953166,0.88,1;3;4;5;6;7;8;9;10;11;12;13;14;16;17;18;19;20;21;22;23;24;25;26;27;28;29;30;31;32;33;36;37;38;39;41;42;43;44;45;46;47;48;49;50;51;52;53;54;55;56;57;58;59;61;63;64;65;66;67;69;70;71;73;74;76;77;78;79;80;81;82;83;84;87;88;89;90;91;92;93;94;95;96;97;98;99;100,100
A0A0F5NA60,0.11538461538461539,3;14;23;29;30;42,52,2.275739888548851,1.2373584892712497,0.02,36;48,100
A0A0H2ZUI5,0.0425531914893617,6;11,47,2.612141205072403,1.2470189062607717,0.04,64;73;84;93,100
A0A0H3MCY6,0.3125,1;8;9;10;12;13;18;22;26;29,32,2.9035659980773927,1.2491818211016839,0.31,1;4;5;6;7;11;12;16;17;20;21;23;26;36;39;43;45;47;50;52;53;55;57;60;61;71;74;82;85;89;95,100
A0A0H3MU55,0.39622641509433965,2;3;7;14;15;16;19;20;21;22;25;26;27;29;31;37;40;41;43;48;51,53,2.242742217183113,1.2168105849308044,0.21,4;7;12;23;28;30;36;40;42;46;48;55;56;68;70;74;76;85;88;91;98,100
A0A0H5BB76,0.5208333333333334,1;2;4;6;8;9;11;14;17;18;19;22;23;26;27;29;31;33;36;38;40;41;44;45;46,48,2.329717763066292,1.3076572494098038,0.9,2;3;4;5;6;7;8;9;10;11;12;13;14;15;16;17;18;20;21;22;23;25;26;27;28;29;30;31;33;34;35;36;37;38;39;40;42;43;44;45;46;48;49;50;51;52;53;54;55;56;57;59;60;61;62;63;64;65;66;67;69;70;71;73;74;75;76;77;78;79;80;81;82;83;84;85;87;88;89;90;91;92;93;94;95;96;97;98;99;100,100
A0A0H5NNV9,0.15873015873015872,17;28;29;36;37;47;53;55;56;57,63,2.2183593916893005,1.2585630651958735,0.28,1;2;3;5;6;8;9;13;14;17;23;29;38;40;41;43;45;48;52;54;59;61;65;75;79;80;88;91,100
A0A0H5RL48,0.2222222222222222,1;2;6;17;19;25;27;35;37;44,45,2.39348666369915,1.250825661863623,0.54,3;9;10;12;16;18;19;20;21;22;24;27;28;29;30;31;33;34;37;38;39;41;43;44;46;51;52;54;55;56;57;59;62;64;66;67;69;71;72;74;76;77;82;83;85;87;89;90;92;93;95;97;98;99,100
A0A0H5RMP7,0.0,,55,2.423412971496582,1.2539533062922883,0.0,,100
A0A0I9Z3I8,0.44680851063829785,2;9;10;11;12;14;17;21;23;24;25;28;29;30;32;33;34;35;36;43;47,47,2.473102023601532,1.2342365637463895,0.88,1;2;4;5;6;7;9;11;12;13;15;16;17;18;19;20;21;22;23;24;25;26;27;28;29;30;31;33;34;35;36;37;38;39;41;44;45;46;47;48;50;51;52;53;54;55;56;57;58;59;60;61;62;63;64;65;66;67;68;69;71;72;73;74;75;76;77;78;79;80;81;82;83;84;85;86;88;89;90;91;92;93;94;95;96;97;99;100,100
A0A0J6VW20,0.45,1;5;10;13;15;16;19;23;24;26;30;38;40;43;44;45;47;48;49;50;51;52;55;56;58;59;60,60,2.2566968309879303,1.1147014943331066,1.0,1;2;3;4;5;6;7;8;9;10;11;12;13;14;15;16;17;18;19;20;21;22;23;24;25;26;27;28;29;30;31;32;33;34;35;36;37;38;39;40;41;42;43;44;45;46;47;48;49;50;51;52;53;54;55;56;57;58;59;60;61;62;63;64;65;66;67;68;69;70;71;72;73;74;75;76;77;78;79;80;81;82;83;84;85;86;87;88;89;90;91;92;93;94;95;96;97;98;99;100,100
A0A0J6VZP7,0.08,5;15;29;37,50,2.392842180728912,1.3063444393202783,0.03,37;86;95,100
A0A0J6WR15,0.11428571428571428,1;9;16;27,35,2.8179643070697784,1.0829968523639781,0.19,11;13;16;20;28;34;40;43;44;48;50;58;60;64;73;83;88;90;92,100
A0A0J6Z0M9,0.1206896551724138,9;11;18;35;36;51;58,58,2.083275467157364,1.1657672777410897,0.4,1;2;5;6;7;8;9;11;12;15;16;17;19;23;26;28;33;34;41;48;49;53;55;57;60;62;64;65;69;70;74;75;76;82;83;87;92;93;98;100,100
A0A0J8TWL2,0.3958333333333333,5;9;11;13;14;18;19;23;25;26;27;28;32;33;34;35;42;44;48,48,2.416292294859886,1.2184001782589047,0.39,1;3;4;5;6;7;8;14;16;17;20;21;23;27;30;37;43;44;49;50;51;53;54;57;58;62;63;66;68;70;71;72;81;82;86;88;89;95;96,100
A0A0J8TXD9,0.7307692307692307,2;3;4;6;7;8;9;10;12;13;14;15;16;17;18;19;20;21;23;24;26;27;28;29;30;31;33;34;35;37;38;39;42;44;45;47;48;51,52,2.350213049650192,1.1897296000396445,0.93,1;2;3;4;5;6;7;8;9;10;11;12;13;14;15;16;17;18;19;20;21;22;23;24;25;26;27;28;30;31;32;34;35;36;37;38;39;40;41;42;43;44;45;46;47;48;49;50;51;52;54;55;56;57;58;59;60;61;62;63;64;65;66;67;69;70;71;72;75;76;77;78;79;80;82;83;84;85;86;87;88;89;90;91;92;93;94;95;96;97;98;99;100,100
A0A0K0X557,0.5,1;4;5;6;10;11;12;13;19;21;23;24;27;28;29;31;33;34;37;38;41;42;43;44;49,50,2.273312438130379,1.01866203678882,0.76,1;3;4;6;7;8;9;10;11;14;15;16;17;18;19;22;23;24;25;26;27;29;30;31;32;33;34;35;36;37;39;40;42;43;44;45;47;48;49;50;51;54;55;56;57;60;61;63;64;66;67;68;70;71;72;73;74;75;77;78;79;80;81;82;84;86;88;89;90;91;92;93;94;95;96;99,100
A0A0K0XB28,0.14285714285714285,3;11;13,21,3.0959108126163484,1.1254966940563393,0.18,7;17;18;35;37;41;49;53;55;56;58;62;63;65;78;82;83;92,100
A0A0K0XCM7,0.3103448275862069,1;4;7;16;19;20;22;27;28;32;34;40;44;47;51;54;57;58,58,2.3568558168411253,1.085622011349045,0.26,2;9;10;21;22;28;29;31;37;39;40;43;50;59;60;64;66;69;74;78;82;91;94;95;97;98,100
A0A0L0JLL3,0.5573770491803278,4;6;7;8;10;11;12;15;17;19;20;21;22;23;24;25;28;29;30;33;35;36;38;40;43;44;47;48;50;51;53;55;59;61,61,2.1395221090316774,1.1735384501831163,0.26,6;10;14;16;18;20;27;29;32;37;38;39;42;43;44;45;48;56;58;63;69;71;77;86;93;99,100
A0A0L0JTI1,0.6612903225806451,1;2;4;6;8;9;10;11;13;14;15;16;17;20;21;22;24;26;27;29;33;35;37;38;39;40;41;42;43;44;47;48;49;50;51;52;53;56;59;60;61,62,2.117057328820229,1.1263595154775672,1.0,1;2;3;4;5;6;7;8;9;10;11;12;13;14;15;16;17;18;19;20;21;22;23;24;25;26;27;28;29;30;31;32;33;34;35;36;37;38;39;40;41;42;43;44;45;46;47;48;49;50;51;52;53;54;55;56;57;58;59;60;61;62;63;64;65;66;67;68;69;70;71;72;73;74;75;76;77;78;79;80;81;82;83;84;85;86;87;88;89;90;91;92;93;94;95;96;97;98;99;100,100
A0A0M2JYX2,0.19148936170212766,3;11;14;22;25;29;32;33;36,47,2.578747951388359,1.3123913410599177,0.18,6;9;18;27;29;32;34;39;48;51;54;61;67;74;78;80;89;95,100
A0A0M2WG04,0.46938775510204084,2;3;4;7;8;11;12;15;16;18;19;20;21;22;23;28;30;31;33;35;37;39;49,49,2.4119765585660935,1.2266291874248576,0.29,6;7;8;9;10;11;14;16;26;28;29;31;32;45;46;47;52;57;60;63;65;70;71;73;76;77;78;83;93,100
A0A0N9XFV2,0.5918367346938775,1;2;4;5;7;8;10;14;15;16;17;18;19;20;21;27;28;30;32;33;34;36;38;40;41;42;46;47;48,49,2.619065647125244,1.211594757918507,0.6,1;2;6;7;10;11;12;13;16;18;19;20;22;24;25;26;27;28;30;32;33;36;37;41;42;43;49;50;51;52;54;56;60;61;63;65;66;67;68;71;72;73;74;77;78;81;82;83;84;86;88;90;91;93;94;96;97;98;99;100,100
A0A0N9YG13,0.42857142857142855,2;6;8;9;13;14;15;22;25;26;27;28,28,2.852093060016632,1.0908059474796323,0.57,1;2;3;5;6;7;8;9;10;11;13;14;16;17;19;20;22;23;24;30;32;35;38;39;41;42;43;44;48;50;51;52;53;56;57;58;59;62;63;64;66;67;73;77;78;79;82;83;84;86;87;88;90;94;96;99;100,100
A0A0Q2M080,0.2982456140350877,2;5;10;19;20;27;31;33;38;42;43;44;50;53;54;55;57,57,2.2147199523448946,1.1068786257910057,0.78,1;2;3;4;5;6;7;8;9;10;11;12;13;14;15;16;17;18;19;21;22;23;25;26;27;29;32;33;34;35;36;38;39;40;41;42;43;45;46;47;48;49;50;51;52;54;55;57;58;60;61;62;64;66;67;68;70;71;72;75;77;79;81;82;85;86;87;88;89;90;91;92;93;96;97;98;99;100,100
A0A0Q2RTZ0,0.24324324324324326,6;15;17;21;23;26;27;29;32,37,2.6109700560569764,0.9685611106234537,0.63,1;2;3;4;5;6;7;8;9;11;12;13;14;15;16;17;18;20;21;23;24;27;29;31;33;34;35;36;38;39;42;44;46;48;53;55;59;61;62;63;65;66;68;69;70;71;73;74;77;78;82;83;84;85;86;87;88;90;92;94;95;98;100,100
A0A0U0WCI8,0.2926829268292683,3;5;6;7;17;18;19;21;24;25;27;35,41,2.595847942829132,1.1904161760544645,0.29,6;11;15;17;28;29;31;32;37;39;41;47;49;51;52;55;56;57;60;64;67;72;73;76;80;84;87;89;94,100
A0A0U0ZG49,0.19047619047619047,12;13;17;21;27;29;33;35;38;55;59;60,63,2.0555175453424455,1.1987377944489934,0.82,2;3;4;5;6;7;8;9;10;11;13;14;15;16;17;18;19;20;21;22;23;24;25;26;27;28;29;30;31;33;34;35;36;37;38;39;42;43;44;45;46;47;48;49;50;51;52;53;54;56;58;59;60;61;62;63;65;67;70;72;74;75;76;77;78;80;81;82;83;84;85;86;87;88;89;90;92;93;94;95;96;99,100
A0A0U0ZGC0,0.5434782608695652,3;6;7;8;9;10;11;12;13;14;15;16;17;21;23;25;29;30;31;36;37;38;39;40;42,46,2.4246327805519106,1.1829341205064918,0.88,1;3;5;7;8;9;10;11;12;14;15;16;17;18;19;20;21;22;23;24;25;26;27;28;29;30;31;32;33;34;35;36;38;39;41;42;43;44;45;46;47;49;50;52;53;54;55;56;57;59;60;61;62;63;64;65;66;67;68;69;71;72;73;74;75;76;77;78;79;80;81;82;83;84;85;86;87;88;89;90;91;92;93;95;96;98;99;100,100
A0A0U0ZLV7,0.5,3;4;10;13;16;17;18;19;21;22;23;27;30;31;32;33;34;36;38;41;45;50;51;53;54;55;56;57;58;59;61;63;64;68,68,1.9372490280866623,1.3221501327696272,0.96,1;2;3;4;5;6;7;8;9;10;11;12;13;14;15;16;17;18;19;20;21;22;23;24;25;26;27;29;30;31;32;33;34;35;36;37;38;39;40;41;42;43;44;45;46;47;48;49;50;51;52;53;54;55;56;57;58;59;60;62;63;64;65;66;67;68;69;71;72;73;74;75;76;77;78;79;80;81;82;83;84;85;86;87;88;89;90;91;92;94;95;96;97;98;99;100,100
A0A0U0ZPX5,0.32142857142857145,10;11;13;14;20;23;24;28;31;32;33;35;37;45;46;47;50;54,56,2.118672031164169,1.1144533844427673,0.99,1;2;3;4;5;6;7;8;9;10;11;12;13;14;15;16;17;18;19;20;21;22;23;24;25;26;27;28;29;30;31;32;33;34;35;36;37;38;39;40;41;42;43;44;45;46;47;48;49;50;51;52;53;54;55;56;57;58;59;60;61;62;63;64;65;67;68;69;70;71;72;73;74;75;76;77;78;79;80;81;82;83;84;85;86;87;88;89;90;91;92;93;94;95;96;97;98;99;100,100
A0A0U1D4T9,0.32142857142857145,1;2;3;5;6;12;14;18;20,28,2.6152258992195128,0.7833435228605738,0.32,1;4;7;9;12;15;27;30;31;35;45;49;50;51;52;54;57;60;63;67;70;72;75;77;79;81;82;87;90;92;97;98,100
A0A0U1DUP4,0.20754716981132076,2;3;12;21;24;27;38;41;44;49;51,53,2.383799046278,1.2501145878635962,0.22,3;5;10;18;19;23;26;30;39;41;51;56;57;61;64;66;78;79;82;92;99;100,100
A0A0U1E1C0,0.47619047619047616,1;3;4;5;6;8;11;12;13;21,21,3.06421053647995,1.026547858698358,0.31,16;21;24;25;27;29;33;35;36;38;39;43;46;48;55;56;62;63;65;71;73;75;87;89;90;91;92;96;97;99;100,100
A0A0U1Z2H3,0.43478260869565216,3;6;9;10;12;13;16;17;22;25;27;28;30;31;32;35;37;38;40;45,46,2.588682460784912,1.1279783061117397,0.42,1;4;5;6;7;8;9;10;11;15;31;34;37;38;39;41;43;44;45;52;55;58;59;61;62;66;68;69;70;71;72;76;77;78;80;86;89;90;91;94;97;98,100
A0A100W5H8,0.45098039215686275,5;8;9;10;12;14;18;19;20;24;25;27;28;29;32;36;38;40;41;42;43;48;51,51,2.2560487115383148,1.1682717567775962,0.68,2;3;4;5;7;8;9;10;12;14;16;17;20;21;22;23;24;25;26;28;29;30;31;33;34;36;38;39;40;43;44;46;47;48;49;51;52;54;56;57;59;60;61;62;63;64;66;67;70;71;72;74;75;76;77;79;80;83;84;87;90;91;92;93;94;96;97;100,100
A0A100W5I0,0.43548387096774194,4;5;10;11;12;13;14;17;18;19;20;21;22;25;27;28;31;39;43;47;52;57;58;59;60;61;62,62,2.267593403458595,1.381157057399086,0.88,1;2;3;4;5;6;7;8;9;10;11;12;13;14;16;19;20;21;22;23;24;25;26;28;29;30;31;32;33;34;35;36;37;38;39;40;41;42;43;44;45;46;47;48;49;50;51;52;53;55;56;58;59;60;62;63;64;65;66;67;68;69;71;72;73;74;75;76;77;78;79;80;82;83;84;85;86;89;90;91;92;93;94;95;96;97;98;100,100
A0A100WJQ5,0.5102040816326531,2;4;5;6;7;10;11;14;15;16;19;20;21;25;29;30;31;33;34;36;37;38;41;46;48,49,2.483425654172897,1.2699439708261104,0.68,1;2;5;6;7;8;9;11;12;13;16;17;21;22;23;26;27;29;30;31;34;35;36;37;38;40;42;44;46;47;49;52;53;55;56;57;58;62;65;67;68;69;71;72;73;74;75;76;77;78;79;80;81;83;84;85;86;87;88;89;90;93;94;95;97;98;99;100,100
A0A100WL29,0.2037037037037037,11;12;21;22;23;30;36;40;45;50;52,54,2.285127792954445,1.3295907890989656,0.39,1;2;3;4;5;7;9;10;11;18;19;24;26;27;33;34;35;37;39;46;51;54;56;58;60;61;64;69;71;77;78;80;83;87;90;91;93;94;99,100
A0A117I9B3,0.45,4;6;7;9;14;15;17;19;20;22;27;31;32;34;35;37;38;40,40,2.7563140523433685,1.2256663561533603,0.93,1;2;3;4;5;6;7;8;9;10;11;12;13;14;15;16;17;18;19;20;21;22;23;24;25;26;27;28;29;30;31;32;33;34;35;36;37;38;39;40;41;42;43;44;45;46;48;49;50;51;52;53;54;55;56;57;58;59;60;61;62;63;64;65;68;69;70;71;72;73;74;75;76;78;79;80;81;82;83;84;85;86;87;88;89;90;91;92;93;95;97;98;100,100
A0A117I9Z0,0.47619047619047616,2;3;5;8;9;10;11;12;15;16;18;22;23;25;26;27;29;33;34;35;38;39;40;42;45;46;53;54;61;62,63,2.2599962842464447,1.011157361167512,0.41,1;2;5;6;7;10;11;13;14;18;19;20;22;23;24;28;35;37;42;43;45;49;51;53;56;58;59;63;68;69;70;76;79;85;88;90;92;94;95;99;100,100
A0A117IEQ2,0.4444444444444444,1;2;4;5;6;7;9;13;14;17;20;21;22;25;26;35,36,2.8071647548675536,1.0465859944045035,0.3,6;9;15;16;25;30;33;40;41;43;45;48;49;57;60;61;64;66;68;69;72;82;84;85;87;88;91;95;97;100,100
A0A124DZH3,0.2878787878787879,1;6;9;11;12;14;16;20;23;27;30;32;37;39;40;46;51;60;66,66,2.041113552451134,1.1303361237194758,0.99,1;2;3;4;5;6;7;8;9;10;11;12;13;14;15;16;17;18;19;20;22;23;24;25;26;27;28;29;30;31;32;33;34;35;36;37;38;39;40;41;42;43;44;45;46;47;48;49;50;51;52;53;54;55;56;57;58;59;60;61;62;63;64;65;66;67;68;69;70;71;72;73;74;75;76;77;78;79;80;81;82;83;84;85;86;87;88;89;90;91;92;93;94;95;96;97;98;99;100,100
A0A132PRD2,0.52,1;2;5;6;7;8;10;13;14;16;17;18;19;22;25;27;29;31;33;35;36;38;39;40;46;49,50,2.491773453950882,1.1499070637293602,0.79,1;2;4;5;6;7;9;10;11;13;14;15;16;18;20;21;23;24;25;26;27;28;29;30;31;33;34;35;36;37;38;39;40;41;43;44;45;46;47;48;49;50;51;52;53;54;56;57;58;59;60;61;62;63;64;65;66;67;68;69;70;71;74;75;77;78;79;80;81;82;84;85;89;90;91;92;95;97;98,100
A0A132PS78,0.36363636363636365,1;2;3;10,11,3.117789658308029,0.838133161796642,0.04,2;69;79;90,100
A0A143QSN8,0.32075471698113206,2;5;7;15;18;21;23;26;27;30;32;34;35;37;39;42;51,53,2.2347011828422545,1.158780902624412,0.23,1;12;30;39;41;53;62;65;66;70;71;73;74;75;76;78;80;82;83;87;91;98;100,100
A0A163Z098,0.4897959183673469,1;2;3;7;8;9;14;15;16;18;19;21;22;24;28;29;30;32;39;44;45;46;47;49,49,2.369749050736427,1.165251772095989,0.36,4;7;8;12;15;17;18;19;21;22;27;31;34;42;47;48;50;52;57;60;61;62;63;64;72;73;80;81;83;86;87;94;95;97;98;99,100
A0A164L8S1,0.12727272727272726,8;17;27;31;38;40;46,55,2.370715926885605,1.3149648337826714,0.15,9;10;11;23;32;35;40;42;63;71;78;83;90;96;98,100
A0A164L8T1,0.0,,53,2.282507770061493,1.1666054348106452,0.0,,100
A0A172UHW8,0.3469387755102041,2;6;8;10;12;13;14;20;23;24;26;28;33;34;36;40;42,49,2.6239114606380465,1.4811070196365097,0.06,6;43;46;54;78;86,100
A0A178CV43,0.5,2;3;4;8,8,3.2887888872623443,0.8691324676538316,0.26,1;4;18;19;22;24;38;39;40;41;45;49;53;54;56;57;59;65;68;71;77;89;96;98;99;100,100
A0A178LTI6,0.24528301886792453,1;2;7;10;15;22;24;26;28;29;34;35;41,53,2.393187178969383,1.2947142874981812,0.01,50,100
A0A179V396,0.4,4;5;8;9;12;13;14;18;20;22;25;26;28;29;30;33;36;37;41;42;47;51;53;59,60,2.3120891201496123,1.2589892444732123,0.35,1;7;8;10;13;15;16;18;21;24;25;26;28;32;37;39;40;41;51;53;61;64;65;70;71;73;78;79;84;85;88;91;94;95;97,100
A0A179V451,0.64,3;5;7;8;9;10;11;12;13;18;19;20;21;23;25;26;27;28;31;32;34;35;36;37;38;40;41;44;45;46;47;50,50,2.2456614172458647,1.1212260485233738,0.81,1;2;3;4;5;6;7;8;9;10;11;12;15;16;17;18;20;21;22;24;25;28;29;30;31;32;33;34;35;36;37;38;40;41;42;43;45;46;47;48;49;50;51;53;54;56;57;58;59;60;61;62;64;65;66;67;68;69;70;71;72;73;76;77;78;80;82;83;84;85;86;87;89;90;91;92;94;97;98;99;100,100
A0A179VA95,0.5818181818181818,2;3;4;6;8;10;12;14;15;17;18;19;20;22;24;25;27;32;33;35;38;40;41;43;46;47;48;49;50;51;54;55,55,2.3324708795547484,1.0662031650927575,0.58,1;2;3;4;5;6;7;9;12;15;16;17;18;19;20;22;23;25;27;28;30;31;38;40;42;43;47;48;50;51;54;56;57;60;61;62;63;64;65;67;68;71;74;75;82;83;85;87;88;89;90;92;93;94;97;98;99;100,100
A0A179VCR2,0.16417910447761194,11;20;29;36;38;48;54;55;58;59;61,67,1.9557984477281571,1.3228612692713104,0.99,1;2;3;4;5;6;7;8;9;10;11;12;13;14;15;16;17;18;19;20;21;22;23;24;25;26;27;28;29;30;31;32;33;34;35;36;37;38;39;40;41;42;43;44;45;46;47;48;49;50;51;52;53;54;55;56;57;58;59;60;61;62;63;64;65;66;67;68;69;71;72;73;74;75;76;77;78;79;80;81;82;83;84;85;86;87;88;89;90;91;92;93;94;95;96;97;98;99;100,100
A0A1A0MX32,0.4264705882352941,3;4;5;7;8;9;10;11;12;14;15;18;19;20;26;27;29;30;31;35;36;43;44;46;51;58;61;62;67,68,2.019320067167282,0.879501192145055,0.5,1;2;3;6;8;10;11;12;16;17;19;20;22;23;24;28;29;31;32;36;39;40;41;43;44;46;48;49;50;51;54;55;56;58;59;62;64;65;67;69;71;74;79;80;81;83;84;87;89;91,100
A0A1A0MY20,0.41509433962264153,4;5;6;7;11;14;19;20;23;24;26;28;29;33;34;36;37;39;40;43;46;50,53,2.4808093839883805,1.3901386188585607,0.89,1;2;3;4;5;6;7;8;9;10;11;12;14;16;17;18;19;20;21;22;23;24;25;26;27;28;29;30;31;32;33;34;35;36;37;38;39;40;42;44;45;46;48;49;50;51;52;53;54;55;56;57;58;59;60;61;62;63;64;65;66;67;68;69;70;71;73;74;75;78;79;80;81;83;84;85;86;87;88;89;90;91;93;94;95;96;97;98;99,100
A0A1A0RF23,0.6,1;2;3;4;6;7;8;9;10;13;14;15;16;17;19;20;22;23;24;27;29;30;31;33;34;35;36;40;42;44;46;54;55,55,2.245670493245125,1.192450075159651,0.88,1;3;4;5;6;7;9;10;11;12;13;14;16;17;18;19;22;23;24;25;26;27;28;29;30;32;33;34;35;36;37;38;39;40;41;43;44;45;46;48;49;50;51;52;53;54;55;56;57;58;59;60;61;62;63;64;65;67;68;69;70;72;73;74;75;76;77;78;79;80;81;83;84;85;86;87;88;89;90;91;92;93;94;95;96;97;98;100,100
A0A1A0RF29,0.5283018867924528,1;2;3;5;6;7;8;9;12;14;16;17;18;19;23;24;25;26;29;32;34;36;37;38;41;45;46;48,53,2.4101355618238447,1.171882515480572,0.96,1;2;3;4;5;6;7;8;9;10;11;12;13;14;15;16;17;18;19;20;21;22;23;24;25;26;27;28;29;31;32;33;34;35;36;37;38;39;40;41;42;43;44;45;46;47;48;49;50;51;52;53;54;55;57;58;59;60;61;62;63;64;65;66;67;68;69;70;71;72;73;74;75;76;77;78;79;80;82;83;84;85;86;87;89;90;91;92;93;94;95;96;97;98;99;100,100
A0A1A0V6S5,0.5964912280701754,1;2;3;4;5;6;7;8;9;10;11;16;17;18;19;20;25;26;28;29;32;33;35;37;38;41;45;47;48;49;50;52;56;57,57,2.2401697593927383,1.2132194038111155,0.61,2;3;4;6;7;8;9;10;11;13;16;17;19;23;24;25;26;30;35;36;37;38;41;42;45;46;47;49;52;54;55;56;57;58;59;60;61;63;64;65;66;67;70;71;72;73;74;75;76;77;79;80;81;83;84;86;87;89;94;96;97,100
A0A1A0VBY7,0.4,1;2;6;7;9;14;17;18;21;25;28;32;34;35,35,2.614731651544571,0.9439411664434796,0.29,2;6;9;12;16;17;19;21;23;27;31;33;34;35;40;46;47;49;50;54;56;58;67;71;80;81;88;93;99,100
A0A1A0VEQ6,0.30357142857142855,4;7;9;10;13;15;16;21;22;26;31;37;39;42;52;53;56,56,2.2946773093938826,1.3491427227199537,0.35,4;6;17;19;20;21;22;25;28;31;34;35;37;38;43;44;47;50;53;56;58;62;63;64;65;67;72;74;82;83;85;87;94;97;98,100
A0A1A0VZR1,0.42857142857142855,1;2;3;7;8;9;12;13;14;23;27;29;30;33;35;36;37;43;44;45;49,49,2.3143787628412245,1.2338513225951788,0.61,3;4;6;7;10;12;13;16;18;20;21;22;23;25;26;28;29;30;32;34;37;39;40;41;42;43;46;48;49;51;52;54;57;58;59;60;61;62;63;64;66;67;68;69;71;73;74;76;78;79;80;85;86;87;89;90;91;94;95;98;100,100
A0A1A1WCA4,0.26666666666666666,3;7;8;10;11;15;17;22;23;27;34;41,45,2.6937705862522123,1.2913605864080933,0.18,10;12;18;20;25;39;48;57;58;63;64;68;71;77;88;92;94;97,100
A0A1A1WCB1,0.5789473684210527,2;3;4;5;7;10;11;12;13;17;19;20;23;24;25;26;27;28;29;31;32;33;35;36;39;40;41;42;45;48;50;53;55,57,2.31245072722435,1.155790118977164,0.72,1;3;4;5;6;7;8;9;10;11;12;13;15;16;18;19;20;23;24;25;26;27;28;29;30;33;34;35;36;38;39;45;46;48;49;50;51;52;53;54;57;58;59;60;61;64;66;67;69;70;71;72;73;74;75;76;78;80;82;83;84;85;86;87;88;90;92;93;96;98;99;100,100
A0A1A2DP38,0.08620689655172414,7;9;29;34;36,58,2.2961439150571823,1.2946114391416221,0.05,17;33;53;76;100,100
A0A1A2EVY2,0.3673469387755102,5;6;9;11;13;14;15;18;21;27;31;32;33;34;35;39;40;49,49,2.5142347371578215,1.2878172732011217,0.64,1;2;3;4;5;7;9;11;13;14;15;16;17;19;20;21;23;24;27;28;30;32;34;37;38;39;40;41;42;43;46;48;49;52;53;55;56;58;59;61;63;65;66;67;69;70;72;73;74;75;77;78;79;80;83;86;87;89;91;92;94;95;99;100,100
A0A1A2NZX0,0.38235294117647056,2;6;7;10;11;13;14;18;19;20;23;28;30,34,2.792800850868225,1.3067933596492833,0.4,1;2;4;9;10;11;13;17;18;22;24;28;29;31;32;33;37;38;39;42;43;44;49;50;52;53;54;57;60;64;66;69;70;73;75;78;80;82;85;95,100
A0A1A2P0A6,0.42857142857142855,3;4;5;10;11;13;14;15;20;21;23;24;25;26;27;29;37;41;42;48;49,49,2.5433930909633635,1.124598838855196,0.56,1;2;5;7;8;9;13;16;18;19;20;22;24;25;27;28;30;31;32;34;37;38;39;40;41;42;44;45;47;48;49;51;52;53;54;56;57;61;62;63;64;67;69;72;79;80;81;87;88;89;90;91;93;96;97;98,100
A0A1A2SD60,0.15625,4;18;24;26;27;31;35;40;48;54,64,2.01695434987545,1.2581523118488513,0.37,1;2;3;4;5;7;8;9;12;14;15;16;17;21;24;25;26;29;30;31;34;43;44;51;60;61;62;64;75;77;86;87;88;91;93;95;99,100
A0A1A2SGC1,0.19230769230769232,5;9;17;21;24,26,3.073516503572464,1.1918553104359901,0.46,1;2;4;7;8;11;14;23;25;26;31;32;34;36;37;40;42;43;44;45;46;48;52;55;58;59;61;62;63;68;69;70;71;72;75;76;77;81;83;84;86;89;90;91;97;99,100
A0A1A2SKN5,0.16666666666666666,6;12;13;34;38;39;49;52;57;58,60,2.1920727622509,1.3023037425145991,0.11,34;36;41;43;44;46;59;75;79;85;98,100
A0A1A2SQA4,0.0,,33,2.918910175561905,1.194927049737849,0.0,,100
A0A1A2STK0,0.35,1;2;3;4;5;7;8;13;14;16;17;18;19;22;23;24;30;38;42;45;52,60,2.236704298257828,1.311169468355087,0.36,3;6;10;15;17;20;23;25;28;29;30;34;36;38;39;41;42;46;47;49;50;52;55;65;67;68;73;76;77;81;86;90;91;92;93;99,100
A0A1A2UBP1,0.2962962962962963,4;7;8;9;10;16;17;18;20;25;26;32;35;40;42;48,54,2.510196532011032,1.345253603959385,0.34,3;4;5;6;12;16;18;23;25;33;36;39;42;46;51;52;56;59;61;63;66;67;73;74;76;80;85;86;90;91;92;94;98;99,100
A0A1A2VM45,0.45454545454545453,2;8;9;10;11;13;16;20;21;22;23;24;26;28;30;35;39;40;42;44,44,2.595285940170288,1.1388993037783437,0.57,2;3;4;5;9;10;12;13;16;19;22;23;25;27;28;29;31;34;36;39;40;41;42;43;44;45;46;48;49;52;53;54;55;58;59;60;61;62;63;65;69;70;71;72;73;76;78;80;84;85;88;89;92;94;97;98;99,100
A0A1A2YRQ4,0.375,1;3;5;6;8;9;10;11;12;14;16;19;22;25;31;35;36;37;38;48;54,56,2.3071183693408965,1.2035711618724594,0.11,2;12;14;19;31;41;44;59;63;71;72,100
A0A1A2YVQ7,0.582089552238806,1;2;3;4;5;6;7;8;9;10;12;14;15;16;19;20;22;25;28;32;33;34;35;37;38;39;40;43;44;48;49;52;54;55;56;57;63;65;66,67,1.9281529653072358,1.1778091075288495,0.36,6;8;11;14;16;17;19;21;22;25;26;31;34;36;40;44;46;49;53;58;60;62;63;65;70;75;77;78;79;80;83;86;91;96;99;100,100
A0A1A2YYV5,0.2222222222222222,10;18;21;22;23;29;30;36;37;38;43;52,54,2.301187294125557,1.2650627739269078,0.18,1;4;13;17;21;27;33;35;36;37;38;47;51;64;73;78;83;95,100
A0A1A2Z2J8,0.03333333333333333,30,30,2.9340405678749084,1.1351134663871771,0.11,1;4;10;20;37;49;63;64;65;92;100,100
A0A1A2Z8H6,0.29577464788732394,4;16;20;23;26;29;33;34;35;36;37;38;42;47;49;52;53;55;57;58;63,71,1.8349031108617782,1.0879130543103588,0.42,1;2;3;4;6;7;8;10;12;15;16;18;19;21;27;29;35;38;39;40;41;44;46;48;51;52;53;54;62;63;68;69;71;73;78;81;90;91;93;95;99;100,100
A0A1A2ZG36,0.41818181818181815,2;3;5;6;8;9;12;13;16;18;19;31;32;33;34;35;39;40;44;46;48;51;54,55,2.2114717531204224,1.1060080426894858,0.54,8;11;17;18;19;20;21;23;24;26;27;29;30;32;33;34;37;38;39;41;43;45;46;48;49;52;53;54;55;57;58;59;62;63;64;70;71;72;73;74;75;76;77;79;80;81;83;87;88;92;93;97;98;99,100
A0A1A3BEU1,0.5,1;2;4;5;11;12;13;15;16;17;18;19;21;23;24;28;31;35;40;41;42;43;48;50;52;53;55;57;59;60,60,1.9884640610218047,1.0183040369643157,0.62,1;2;3;4;5;6;7;8;10;11;12;13;14;15;16;17;18;20;21;22;24;25;27;28;29;31;32;33;34;36;37;40;45;47;48;49;51;54;57;59;61;62;64;67;72;73;74;75;76;77;78;80;82;85;87;89;90;91;93;94;96;98,100
A0A1A3C4T0,0.46296296296296297,2;3;4;5;6;7;8;9;10;11;12;13;16;18;20;23;24;26;28;29;30;31;32;44;47,54,2.476289494037628,1.2335029010372907,0.5,4;6;7;8;11;13;17;20;22;25;26;29;30;31;32;35;36;37;38;41;42;44;47;53;54;58;61;65;66;68;72;74;76;78;79;81;82;83;84;85;88;89;91;93;94;95;96;97;98;99,100
A0A1A3GZZ6,0.35,3;7;11;12;14;15;18;22;27;30;31;34;36;37;38;40;41;42;45;52;54,60,2.268681793808937,1.4228777597054783,0.24,2;3;4;18;20;21;24;26;37;38;47;49;61;63;67;70;77;83;86;88;94;96;99;100,100
A0A1A3H185,0.28,3;4;6;7;8;9;10;16;17;19;22;38;43;47,50,2.496105356812477,1.2995456104487537,0.01,2,100
A0A1A3KI76,0.6666666666666666,1;2;3;4;8;11;12;13;16;17;18;19;20;21;22;23;25;26,27,2.926394515037537,1.0745200082323405,0.9,1;3;4;5;6;7;8;9;10;11;12;13;14;15;16;17;18;20;21;22;23;24;25;26;27;28;29;30;31;33;34;35;36;37;38;39;40;42;44;45;46;47;48;49;50;51;52;53;54;55;57;58;59;60;61;62;63;64;65;66;67;68;69;70;71;72;73;74;75;77;78;79;81;82;83;84;85;86;87;88;89;90;91;92;94;95;96;97;99;100,100
A0A1A3KJV4,0.5185185185185185,1;2;4;5;8;9;10;12;13;15;16;17;18;20;23;24;25;27;28;29;30;33;36;37;38;39;43;50,54,2.3458898800611494,1.3038647125706113,0.29,1;6;7;8;10;12;23;26;29;31;33;38;42;44;45;46;49;55;59;70;74;76;81;87;88;89;92;97;98,100
A0A1A3KPW7,0.21568627450980393,6;8;13;15;17;25;28;37;42;49;51,51,2.3015338838100434,1.2501805895466562,0.07,6;16;24;26;50;92;99,100
A0A1A3N5H1,0.2807017543859649,3;5;8;11;14;15;17;23;26;32;33;35;38;44;54;55,57,2.2186227118968964,1.1367580805335513,0.14,1;5;6;7;11;14;25;30;54;58;64;65;74;84,100
A0A1A3N7A1,0.3488372093023256,2;5;7;8;9;11;12;14;16;17;24;28;29;33;39,43,2.6001942682266237,1.1224807730430695,0.44,1;2;3;6;10;11;12;13;15;18;21;22;23;24;25;28;30;32;33;34;35;38;39;41;42;46;54;56;61;62;63;64;66;67;68;76;87;90;92;94;95;96;97;98,100
A0A1A3NWI0,0.40425531914893614,2;4;6;7;10;13;15;17;19;20;22;23;27;28;29;33;36;44;47,47,2.6627835774421693,1.2953501253916788,0.5,5;6;7;8;11;12;15;18;19;20;21;23;25;27;28;30;33;34;35;36;37;39;40;42;45;47;52;55;56;57;59;60;61;63;64;66;69;70;71;73;74;75;80;81;82;85;86;90;95;99,100
A0A1A3P195,0.3103448275862069,6;7;10;12;16;23;25;26;27,29,2.9097167325019835,1.066306888526183,0.53,1;2;3;4;5;6;7;12;13;14;15;19;20;21;22;23;25;26;27;31;34;35;36;37;38;39;43;44;51;52;53;55;56;57;58;59;60;61;62;66;67;68;70;72;77;78;79;80;81;84;93;95;96,100
A0A1A3P7V6,0.17647058823529413,10;18;20;23;27;30;35;44;47,51,2.431977903842926,1.3155331678419444,0.5,1;4;6;7;9;12;15;16;17;19;20;22;25;27;29;30;31;32;33;36;37;38;39;44;46;49;50;51;52;55;57;63;65;68;69;72;73;75;77;79;81;82;83;85;87;88;89;93;99;100,100
A0A1A3TXF6,0.08196721311475409,21;37;42;45;51,61,2.1958510237932205,1.3362635277663377,0.18,4;5;11;14;17;19;30;31;40;42;46;49;69;70;75;88;92;99,100
A0A1A3U111,0.6825396825396826,1;3;4;6;7;10;11;12;13;15;16;17;19;20;21;23;25;26;27;28;29;31;32;35;36;37;39;41;43;46;47;48;50;52;54;55;56;57;58;60;61;62;63,63,2.0549821066856384,1.0739761100605745,0.91,1;2;3;4;5;7;8;9;10;11;12;13;14;15;16;17;18;19;20;21;22;23;24;25;26;28;29;30;31;32;33;34;35;36;37;38;39;40;41;42;43;44;45;46;47;48;49;50;51;52;53;54;55;56;57;59;60;62;63;64;65;66;67;68;70;71;72;73;74;76;77;79;80;81;82;84;86;87;88;89;90;91;92;93;94;95;96;97;98;99;100,100
A0A1A3U7T4,0.22950819672131148,2;6;8;14;16;20;21;23;24;27;29;31;35;41,61,2.2261436849832537,1.2429366698253568,0.49,1;5;6;7;11;14;15;16;17;20;22;23;24;25;26;27;32;36;37;40;41;44;45;47;48;50;53;54;55;56;58;59;62;63;64;65;68;70;71;72;74;77;80;83;85;91;93;96;98,100
A0A1A6BMZ1,0.20689655172413793,3;6;14;16;17;21;35;42;43;46;50;55,58,2.141353166103363,1.2803579576462054,0.34,1;7;9;10;15;19;20;21;22;38;41;45;46;48;50;59;60;61;62;65;69;71;75;76;78;79;81;82;84;87;90;91;92;97,100
A0A1B4Y4X4,0.2,4;8;9;10;12;17;27;34;41;44;46;52;56;65,70,1.8782529175281524,1.232651061205946,0.07,13;14;18;61;70;74;78,100
A0A1B8SKL4,0.23076923076923078,5;15;16;19;20;23;26;27;32;34;37;42;47;56;58,65,1.9514556860923766,1.2747069269890154,0.17,6;14;22;31;36;43;46;48;62;71;72;75;76;82;84;90;97,100
A0A1B9CJD7,0.6909090909090909,2;3;6;7;8;9;10;11;12;13;15;16;17;18;19;20;21;22;23;24;25;26;27;28;29;30;31;34;35;36;38;39;44;51;52;53;54;55,55,2.274742347598076,1.13795892754795,0.5,1;2;4;5;6;7;9;15;16;17;18;19;20;21;22;23;24;26;27;28;34;36;37;38;39;40;41;42;44;46;47;51;52;53;56;57;59;60;61;64;68;73;76;78;79;84;89;93;95;97,100
A0A1B9CX42,0.4418604651162791,1;3;4;5;9;11;15;16;18;20;22;25;28;29;33;35;37;38;40,43,2.6278610599040984,1.1707634083559026,0.73,1;2;4;5;6;7;10;11;12;14;15;16;17;18;19;21;22;23;24;25;26;27;28;29;30;31;32;33;36;37;40;42;43;44;45;46;47;49;50;51;52;53;54;55;56;57;58;59;60;61;62;63;64;65;67;70;75;78;80;83;84;85;88;89;90;92;93;95;96;97;98;99;100,100
A0A1D7VWY6,0.1568627450980392,1;3;17;19;20;25;39;43,51,2.3304149389266966,1.1451665273831586,0.29,1;3;6;8;9;14;17;25;33;34;35;38;42;47;53;55;56;58;60;73;75;76;80;81;82;83;92;93;98,100
A0A1D8GAR9,0.6206896551724138,1;3;4;6;9;11;12;15;16;17;18;19;20;21;24;25;30;31;33;34;36;37;38;39;40;42;43;44;46;48;49;50;52;53;54;56,58,2.1882836186885832,1.166382970070443,0.99,1;2;3;4;5;6;7;8;9;10;11;12;14;15;16;17;18;19;20;21;22;23;24;25;26;27;28;29;30;31;32;33;34;35;36;37;38;39;40;41;42;43;44;45;46;47;48;49;50;51;52;53;54;55;56;57;58;59;60;61;62;63;64;65;66;67;68;69;70;71;72;73;74;75;76;77;78;79;80;81;82;83;84;85;86;87;88;89;90;91;92;93;94;95;96;97;98;99;100,100
A0A1E3RBW0,0.2857142857142857,1;2;3;17;22;23;25;28;32;34;38;39;41;51;55;56,56,2.3359670108556747,1.2454687222684415,0.28,1;2;5;8;9;17;19;29;30;32;35;45;46;48;50;51;55;63;64;65;76;77;78;86;87;94;96;97,100
A0A1E3S0K4,0.2571428571428571,2;10;13;15;17;18;21;25;31,35,2.92560280919075,1.2143105864460884,0.62,1;2;5;7;8;9;11;14;15;16;17;18;20;21;24;25;26;28;29;31;32;34;36;37;38;41;43;46;47;48;54;56;57;58;60;61;63;64;65;69;70;71;72;75;78;79;80;81;82;84;85;86;87;89;91;92;93;95;96;97;98;100,100
A0A1E3S739,0.04081632653061224,31;32,49,2.4021241956949235,1.201048178910173,0.01,78,100
A0A1E3SKI4,0.3333333333333333,3;5;7;14;16;17;20;22;25;28;34;36;40;41;47;48;51;54;56,57,2.136473500728607,1.0485653540751885,0.59,1;2;3;4;7;8;11;12;14;16;17;19;20;21;22;25;27;29;32;35;37;38;41;42;45;46;47;48;49;50;54;55;56;57;58;62;65;68;69;70;73;74;75;77;78;80;81;82;84;86;88;89;90;92;93;94;96;98;99,100
A0A1E3SLH6,0.7555555555555555,1;2;4;7;8;9;10;11;12;13;15;16;18;19;21;22;23;24;25;26;27;28;29;30;32;33;34;36;37;38;39;40;42;43,45,2.5781370854377745,1.1874654038566066,0.72,1;2;3;4;5;6;7;8;9;10;11;12;13;14;15;16;17;18;19;20;21;23;24;25;26;27;29;30;32;33;34;36;37;38;39;40;45;46;47;49;50;52;53;55;56;57;58;59;61;63;64;65;66;67;68;69;70;71;73;78;79;81;85;88;90;91;92;94;96;97;98;99,100
A0A1E3SN70,0.3584905660377358,5;7;8;11;12;17;21;25;26;32;35;36;38;39;42;44;45;46;53,53,2.285357505083084,1.152295358193272,0.15,10;12;18;26;27;28;38;39;45;52;57;72;74;90;93,100
A0A1E3SV84,0.375,2;7;12;14;17;23;28;29;31;32;33;34;37;38;39;40;47;48,48,2.3966775268316267,1.167359095143397,0.32,3;6;12;14;15;19;22;23;25;26;32;34;35;41;46;47;49;52;54;58;59;62;63;67;74;77;79;84;86;88;97;100,100
A0A1E5P3C7,0.4339622641509434,2;3;5;6;8;9;11;16;17;18;19;20;23;26;29;31;32;34;36;37;41;42;45,53,2.3175432312488558,1.1289272061505813,0.44,1;2;5;6;7;8;9;11;15;21;22;23;28;30;31;32;34;35;36;37;46;47;48;49;51;52;54;58;60;64;67;68;69;72;75;76;78;79;85;88;91;92;96;99,100
A0A1E7JQU2,0.2765957446808511,2;6;7;8;11;12;14;15;16;17;18;38;44,47,2.403220129609108,1.2961169916261959,0.2,5;8;10;14;17;18;20;28;33;38;39;40;42;43;46;51;57;66;69;76,100
A0A1E7L3V6,0.6481481481481481,2;6;8;11;12;14;15;16;17;18;19;20;23;24;28;30;32;33;34;35;36;37;38;39;40;41;42;43;44;45;46;47;48;49;53,54,2.3748123347759247,1.3883339102626187,0.91,1;2;3;4;5;6;7;8;9;10;11;12;14;15;16;17;18;20;21;22;23;24;25;26;27;28;29;30;32;33;34;35;36;38;39;40;41;42;43;44;45;46;47;48;49;50;51;53;54;55;56;57;58;59;60;62;63;64;65;66;67;68;69;70;71;72;73;74;75;76;77;79;80;82;83;84;85;86;87;88;89;90;91;92;93;94;95;96;97;98;99,100
A0A1E8Q6I1,0.0,,36,2.800161311030388,1.2446740202468902,0.0,,100
A0A1E8QAA5,0.36065573770491804,1;2;3;8;12;13;14;15;16;22;24;26;27;29;31;33;36;41;43;47;57;59,61,1.9288351929187775,1.144659812939499,0.73,1;2;3;4;5;6;8;9;10;11;12;13;16;17;18;19;21;23;24;25;26;27;31;33;35;36;38;40;41;42;44;45;46;47;49;50;51;52;53;54;56;57;58;60;61;62;63;65;67;68;69;72;74;76;77;78;81;82;83;84;85;86;87;88;89;92;93;95;96;97;98;99;100,100
A0A1G4V447,0.47540983606557374,6;7;8;12;13;14;15;20;21;22;23;27;28;29;33;34;36;37;39;40;42;46;47;48;51;53;55;59;61,61,2.1935096329450605,1.0933921376868274,0.58,1;3;4;6;7;8;9;10;11;13;15;16;17;18;21;23;25;29;30;31;33;34;35;36;37;38;39;41;42;43;44;45;49;51;54;55;56;58;59;60;63;67;68;72;75;76;77;80;81;84;89;91;92;93;95;96;98;100,100
A0A1G4WIS5,0.7111111111111111,1;4;5;6;9;10;11;12;13;14;15;16;18;19;21;23;24;25;26;27;28;30;31;32;33;35;36;37;39;41;42;44,45,2.5957948565483093,1.2774917628637492,0.97,1;2;3;4;5;6;7;8;9;10;11;12;13;14;15;16;17;18;19;20;21;22;23;25;26;27;28;29;30;31;32;33;34;35;36;37;38;39;40;41;42;43;44;45;46;47;49;50;52;53;54;55;56;57;58;59;60;61;62;63;64;65;66;67;68;69;70;71;72;73;74;75;76;77;78;79;80;81;82;83;84;85;86;87;88;89;90;91;92;93;94;95;96;97;98;99;100,100
A0A1G6K7R0,0.84,1;2;3;5;8;10;12;13;14;15;16;18;19;20;21;22;23;24;25;26;27;28;29;31;33;34;35;36;37;38;39;40;41;42;43;44;45;46;47;48;49;50,50,2.4313606315851213,1.37117150917283,0.89,1;2;3;4;5;6;7;8;9;11;12;13;14;15;16;17;18;19;20;21;22;23;24;25;26;27;29;30;31;32;33;34;35;36;37;38;39;40;41;42;43;44;45;46;47;48;49;51;52;53;54;55;56;57;58;59;60;61;62;63;64;65;66;67;68;71;72;73;74;75;76;77;79;81;82;83;84;85;87;89;90;91;92;94;95;97;98;99;100,100
A0A1G6PJB6,0.6226415094339622,1;2;3;4;6;8;10;11;12;14;15;16;17;18;19;20;24;26;27;29;30;31;32;35;38;39;40;41;42;43;44;47;49,53,2.234269371032715,1.1917956813600907,0.73,1;2;3;4;5;6;7;8;11;12;13;14;17;18;19;20;21;22;23;24;25;26;27;28;33;34;37;40;41;42;43;44;45;46;49;50;51;52;53;54;55;57;58;59;60;61;62;63;65;66;68;70;71;72;73;75;77;78;79;82;83;85;86;87;88;89;90;92;93;94;95;96;98,100
A0A1G7L4S3,0.13636363636363635,3;8;11;21;26;35,44,2.52099998831749,1.3159390179278603,0.0,,100
A0A1H6L3W8,0.0,,31,2.84092298746109,1.1312452471813934,0.0,,100
A0A1H7CJ42,0.05357142857142857,1;4;34,56,2.1884008330106735,1.0951843930607197,0.0,,100
A0A1H8UHI3,0.2878787878787879,1;6;15;18;19;22;25;26;28;33;35;36;44;46;49;52;54;60;62,66,1.9545229768753052,1.0987956493239812,0.41,1;2;3;5;7;8;9;16;19;21;31;33;34;36;39;40;41;42;47;54;56;59;60;62;65;66;68;70;73;77;79;84;85;89;90;92;93;94;96;98;100,100
A0A1I0U7E5,0.3488372093023256,1;2;3;6;7;15;17;20;22;23;24;25;27;37;43,43,2.7533246636390687,1.1218630488808747,0.48,1;2;4;5;6;7;8;9;10;11;13;16;18;19;20;21;22;23;25;27;28;29;30;31;34;35;38;39;41;43;46;47;48;53;55;58;60;61;63;64;67;69;70;74;82;86;88;98,100
A0A1I5LZY6,0.4057971014492754,1;2;3;4;5;7;13;14;17;20;22;23;24;25;31;36;39;40;41;42;43;45;46;47;48;53;54;63,69,1.809977176785469,1.1510994048145236,0.11,2;3;7;14;24;44;53;55;76;91;97,100
A0A1I6TMF1,0.509090909090909,4;6;7;8;10;11;13;14;15;16;18;21;22;23;25;26;29;30;32;33;36;38;43;44;47;50;51;52,55,2.293890779018402,1.1385075830251685,0.45,1;2;5;6;9;12;13;15;17;18;19;20;21;22;23;24;25;26;31;34;36;42;44;45;46;48;49;53;54;60;61;62;71;73;74;75;77;78;80;81;83;87;92;93;95,100
A0A1J0VT15,0.5714285714285714,2;3;5;7;11;12;15;17;18;20;22;23;26;27;30;32;34;35;36;37;40;41;42;43;44;46;48;49;51;53;54;56,56,2.4541110891103743,1.2853233397376196,0.7,1;2;4;5;8;9;10;11;12;15;16;18;19;20;21;22;23;24;25;26;27;29;31;32;34;35;36;37;38;39;40;41;43;45;46;47;48;49;50;51;52;53;54;56;57;59;60;61;63;66;67;68;72;73;74;75;76;77;82;83;84;85;86;88;89;90;91;95;97;98,100
A0A1Q4H4E6,0.3018867924528302,1;4;6;13;15;16;25;27;28;29;36;41;45;48;49;50,53,2.192557070851326,1.1733153206338494,0.96,1;2;3;4;5;6;7;8;10;11;12;13;14;15;16;17;18;19;20;22;23;24;25;26;27;28;29;30;31;32;33;34;35;36;37;38;39;40;41;42;43;44;45;46;47;48;49;50;51;52;53;54;56;57;58;59;60;61;62;63;64;65;66;67;68;69;70;71;72;73;74;75;76;77;78;79;80;81;82;83;84;85;86;87;88;89;90;91;92;93;94;95;96;98;99;100,100
A0A1Q4HNQ9,0.5384615384615384,1;2;3;7;8;9;10;11;12;13;15;17;18;19;23;25;26;30;34;37;39,39,2.726432443857193,1.1514822563667733,0.24,3;5;11;12;13;27;28;32;33;35;44;48;52;66;69;71;72;79;85;91;94;96;98;100,100
A0A1Q4HPF1,0.640625,2;4;5;6;7;8;9;10;11;13;15;16;18;19;20;21;22;23;24;25;27;28;29;31;32;33;34;35;36;39;40;42;43;46;48;49;51;55;56;58;64,64,2.116177114844322,1.3504439176815062,0.72,1;3;4;5;6;7;8;9;10;11;12;13;14;15;17;18;19;21;22;24;25;29;30;31;32;33;34;37;39;41;43;44;45;48;50;52;53;54;57;58;59;61;62;63;64;65;66;67;68;69;70;72;73;74;75;77;78;80;81;82;83;84;85;87;89;90;91;94;95;96;99;100,100
A0A1Q9W8K3,0.047619047619047616,12;27,42,2.6508926045894623,1.2972592186435241,0.19,3;4;10;15;17;29;30;33;40;44;52;60;77;78;80;85;89;98;100,100
A0A1R3Y1N0,0.5365853658536586,2;5;6;8;10;13;14;16;19;22;23;26;28;29;31;33;34;36;37;38;39;40,41,2.679721832871437,1.2175626304633247,0.76,1;2;4;5;6;7;8;9;10;11;13;14;15;16;17;19;20;21;22;23;24;25;27;28;29;31;33;34;35;36;37;38;39;40;41;42;44;45;46;47;49;51;52;53;54;55;56;57;58;59;61;62;64;65;68;69;70;71;73;74;75;76;79;80;81;85;87;89;90;91;92;93;94;97;98;100,100
A0A1S1KKY6,0.40540540540540543,2;3;6;7;9;12;13;14;17;21;22;25;27;33;35,37,2.8513824570178987,1.2019080715972683,0.62,1;2;3;4;5;7;8;9;10;11;12;13;14;15;16;17;22;23;24;28;29;30;31;33;36;37;38;40;42;43;44;46;47;48;49;50;55;56;59;61;62;64;65;67;68;69;71;72;73;75;76;79;81;82;84;87;89;92;93;95;98;99,100
A0A1S1KYS6,0.4878048780487805,1;2;3;7;8;9;10;11;14;15;17;18;21;22;23;25;27;29;32;35,41,2.6498625606298445,1.1465924741817637,0.45,1;4;8;9;11;13;15;17;18;20;21;23;26;27;30;32;35;36;39;42;44;48;54;56;57;58;61;62;63;64;65;69;70;71;77;82;85;86;90;93;95;96;97;98;99,100
A0A1S1L5R7,0.358974358974359,3;7;9;10;13;14;16;20;22;24;27;33;37;38,39,2.6963629186153413,1.0530816522500914,0.46,1;2;3;4;5;7;11;18;21;24;25;26;27;28;29;31;32;35;40;42;43;45;47;52;57;60;62;63;65;71;72;73;75;76;77;79;81;82;86;87;88;89;90;93;94;96,100
A0A1S1L7L3,0.265625,2;3;5;7;9;15;32;33;35;38;39;43;48;49;58;59;62,64,1.8845945745706558,0.9898333915374979,0.99,1;2;3;4;5;6;7;8;9;10;11;12;13;14;15;16;17;18;19;20;21;22;23;24;25;26;27;28;29;30;31;32;33;34;35;36;37;38;39;40;41;42;44;45;46;47;48;49;50;51;52;53;54;55;56;57;58;59;60;61;62;63;64;65;66;67;68;69;70;71;72;73;74;75;76;77;78;79;80;81;82;83;84;85;86;87;88;89;90;91;92;93;94;95;96;97;98;99;100,100
A0A1S1LBB7,0.3382352941176471,5;7;8;13;17;21;22;26;27;28;31;37;39;41;47;49;53;54;56;59;60;66;67,68,1.8548391675949096,1.1994252047283964,0.91,1;2;4;5;6;7;9;10;11;12;13;14;15;16;17;18;19;20;21;22;23;24;25;26;27;28;29;30;31;32;33;34;35;36;37;38;39;40;41;42;44;45;46;48;49;50;51;52;53;54;55;56;57;58;59;60;61;62;63;64;65;66;67;68;69;71;72;73;74;75;76;78;79;80;81;82;83;84;85;86;88;90;91;93;94;95;96;97;98;99;100,100
A0A1S1LF81,0.4,3;5;7;8;11;13;16;19;20;23;24;25;26;32;36;39;40;41;46;49,50,2.3899396693706514,1.1714873016186902,0.51,1;2;3;4;5;6;8;9;12;16;18;19;21;23;24;25;26;28;33;34;36;38;41;44;47;48;49;50;52;55;58;60;62;64;67;69;75;76;77;81;82;83;86;88;90;91;93;94;97;99;100,100
A0A1S1LFP5,0.3181818181818182,2;7;11;13;20;24;25;29;31;33;38;39;42;44,44,2.572546966075897,1.039154319339818,0.93,1;2;3;4;5;6;7;8;9;11;12;13;14;15;16;17;18;19;20;21;23;24;25;27;28;29;30;31;32;33;34;35;36;38;39;40;41;42;43;44;45;46;47;48;49;50;51;52;53;54;55;56;57;58;59;60;61;62;63;64;65;66;68;69;70;71;72;73;74;75;77;78;79;80;81;82;83;84;85;86;88;89;90;91;92;93;94;95;96;97;98;99;100,100
A0A1S1LPM2,0.5,2;3;5;6;8;10;12;13;14;15;19;21;23;26;27;28;31;32;33;34;42;43;44;45;50;51,52,2.3103025829792023,1.1933464789814354,0.37,8;11;14;22;23;27;30;31;32;35;39;41;42;44;46;48;50;51;53;54;56;57;58;62;63;65;66;69;71;80;84;85;86;93;98;99;100,100
A0A1S1LSR7,0.7076923076923077,2;3;4;5;6;7;8;11;12;13;14;17;18;19;20;21;22;23;24;25;26;27;29;32;33;34;35;37;38;40;41;42;43;45;48;49;50;52;53;54;56;58;59;60;61;63,65,1.922053777575493,1.257118848520692,0.93,1;2;3;4;6;7;8;9;10;11;12;13;14;15;16;17;18;19;20;21;22;23;24;25;26;27;29;30;31;32;33;34;35;36;37;38;39;40;42;43;44;45;46;47;48;49;51;52;53;54;56;57;58;59;60;61;62;63;64;65;67;68;69;70;71;72;73;74;75;76;77;78;79;80;81;82;83;84;85;86;87;88;89;90;91;92;93;94;96;97;98;99;100,100
A0A1S1LZ61,0.12280701754385964,5;14;15;23;32;48;55,57,2.1757738542556764,0.9583502164987435,0.56,1;2;4;5;7;8;10;12;13;14;15;16;17;18;20;21;22;23;25;26;28;29;31;34;35;37;38;39;41;42;43;44;47;55;56;57;59;60;61;62;65;66;67;68;74;76;77;78;82;85;87;90;92;94;97;100,100
A0A1S1M3C1,0.23809523809523808,1;2;5;7;8;11;17;24;30;31,42,2.5849964237213134,1.1964936448187171,0.08,27;51;57;67;77;86;88;92,100
A0A1S1M770,0.5873015873015873,3;4;6;10;11;12;13;14;15;16;17;20;21;23;24;25;27;29;31;32;33;34;36;38;40;41;42;43;45;47;48;55;59;60;61;62;63,63,2.0029687875509263,1.3070993869950864,0.99,1;2;3;4;5;6;7;8;9;10;11;12;13;14;15;16;17;18;19;20;21;22;23;24;25;26;27;28;29;30;31;32;33;34;35;36;37;38;39;40;41;42;43;44;45;46;47;48;49;50;51;52;54;55;56;57;58;59;60;61;62;63;64;65;66;67;68;69;70;71;72;73;74;75;76;77;78;79;80;81;82;83;84;85;86;87;88;89;90;91;92;93;94;95;96;97;98;99;100,100
A0A1S1M9C0,0.2,5;8;9;11;14;19;22;26;30;35;37;40,60,2.096196000576019,1.1163862768430266,0.42,3;4;6;7;10;12;13;14;16;19;21;26;32;33;34;35;36;37;38;43;49;53;56;59;61;62;63;66;67;70;73;75;76;77;80;83;84;86;89;92;95;96,100
A0A1S1MVI3,0.3392857142857143,1;5;6;8;9;12;15;17;20;22;24;34;37;39;41;42;45;49;50,56,2.3788747572898865,1.1346266174073512,0.2,4;11;12;15;17;19;22;31;34;40;42;44;64;71;77;78;81;89;90;92,100
A0A1S1NIB3,0.6481481481481481,1;2;3;8;9;10;11;12;13;14;15;16;17;18;19;21;24;26;28;29;31;33;34;35;36;37;39;40;41;42;44;45;46;52;54,54,2.251154214143753,1.0008145349745727,0.39,7;13;15;17;18;19;20;22;23;24;29;30;31;32;33;40;45;52;54;56;57;58;61;62;63;65;66;68;75;80;86;87;89;90;91;92;94;95;100,100
A0A1T3NLC9,0.09259259259259259,7;11;29;40;45,54,2.196388000845909,1.150938753755469,0.08,18;21;24;63;65;81;96;99,100
A0A1T3NUL4,0.5161290322580645,5;8;9;10;12;13;14;16;17;20;21;22;23;25;26;28;29;30;31;32;33;36;38;39;40;41;43;54;57;59;60;61,62,2.1353093183040617,1.1091493594880761,0.81,1;2;3;4;5;6;7;8;9;10;11;12;13;14;15;16;17;18;19;20;21;22;24;25;26;27;29;30;31;32;33;34;35;37;38;39;40;41;42;43;44;45;47;48;50;51;52;53;54;55;56;57;59;60;62;63;64;65;67;68;69;70;71;73;74;75;76;79;81;82;83;84;87;88;90;91;92;94;96;98;99,100
A0A1T5FEL0,0.05660377358490566,15;18;23,53,2.3676239424943923,1.245920998481075,0.09,18;21;35;48;58;61;77;80;100,100
A0A1T5FV39,0.08196721311475409,4;13;14;44;48,61,2.1193827557563782,1.2533381806689763,0.31,1;6;7;8;9;15;20;23;25;30;45;48;50;53;55;58;59;60;63;65;70;71;75;78;79;87;88;93;94;96;97,100
A0A1T5XJ36,0.2537313432835821,7;11;14;17;21;22;23;39;45;47;49;52;56;57;60;63;65,67,1.882169994711876,1.2312899512758433,0.86,1;3;4;5;6;7;8;9;11;12;13;14;16;17;18;19;20;21;23;24;26;27;28;29;30;31;32;33;34;35;36;37;38;42;43;44;45;46;47;48;49;50;52;53;54;55;56;57;58;59;60;61;62;64;65;66;67;68;69;70;71;73;74;76;77;78;79;80;81;82;83;84;85;86;87;88;90;91;92;93;94;95;96;97;99;100,100
A0A1T7HTT5,0.43859649122807015,1;2;7;8;9;10;20;26;30;31;32;35;37;39;40;41;42;43;46;49;50;51;54;56;57,57,2.1325591158866883,1.166944679150321,0.91,1;2;3;4;5;6;7;8;9;10;11;12;13;14;15;16;17;18;19;20;21;23;24;25;26;27;29;30;31;32;33;34;35;36;37;41;42;43;44;45;46;47;48;49;50;51;54;55;56;57;58;59;60;62;63;64;65;66;67;68;69;70;71;72;73;74;75;76;77;78;79;80;81;82;83;84;86;87;88;89;90;91;92;93;94;95;96;97;98;99;100,100
A0A1U3MWT7,0.2978723404255319,1;6;8;14;17;19;22;23;26;28;33;39;40;47,47,2.4341830003261564,1.2049332163997537,0.85,1;2;3;4;5;6;7;8;9;10;11;12;13;14;15;16;18;19;20;21;22;23;24;25;26;27;28;29;30;31;32;33;34;36;37;38;40;41;42;43;44;45;47;48;49;50;51;52;53;54;55;56;57;58;59;60;61;62;65;66;67;69;70;71;73;74;76;77;78;79;80;81;82;85;86;87;89;90;92;93;94;95;97;98;99,100
A0A1V2I487,0.5483870967741935,1;2;3;4;7;14;15;16;17;18;19;20;21;26;27;28;30,31,2.692678064107895,0.9376021534111708,0.42,4;7;11;12;13;14;20;21;24;26;27;29;32;35;37;38;39;44;47;49;51;52;55;56;59;61;67;71;73;75;77;78;81;86;87;89;91;94;95;96;97;99,100
A0A1V3WG34,0.4117647058823529,9;10;14;16;17;18;19;21;23;24;25;27;31;32;36;37;43;45;46;47;50,51,2.3662362402677535,1.2261327280370011,0.75,1;2;3;6;7;8;9;10;11;12;13;14;16;17;19;21;22;23;24;25;26;27;30;31;32;33;35;36;37;38;39;41;43;44;45;47;48;49;50;51;53;56;57;58;59;61;62;63;64;66;67;68;70;71;72;73;74;75;77;78;79;81;82;83;84;87;88;89;92;93;94;96;97;98;100,100
A0A1W9YPH5,0.1206896551724138,14;20;21;27;28;45;51,58,2.2171013444662093,1.2787470730165198,0.86,1;2;4;5;6;7;8;9;10;12;13;14;15;16;17;18;19;20;21;22;23;24;25;26;27;30;31;32;33;34;35;36;37;39;40;41;42;43;44;45;46;47;48;49;50;51;52;53;54;55;56;57;60;61;62;64;65;66;68;69;70;71;72;73;74;75;76;77;78;79;80;81;83;84;85;88;89;90;93;94;95;96;97;98;99;100,100
A0A1W9Z9K2,0.175,3;7;15;23;24;30;34,40,2.7320000410079954,1.1253597854063593,0.3,1;2;3;5;10;11;12;13;15;21;28;32;35;45;46;48;52;53;56;58;59;61;62;68;70;75;77;78;85;99,100
A0A1W9Z9K6,0.23809523809523808,2;5;6;14;16;20;22;23;29;39,42,2.6946901547908784,1.282844146750331,0.3,1;4;8;10;11;12;14;15;23;29;31;38;39;44;49;52;57;61;68;71;80;84;85;87;90;91;96;98;99;100,100
A0A1W9ZC84,0.19672131147540983,2;6;11;12;25;30;48;49;51;53;58;60,61,2.175328713059425,1.1924154065446522,0.35,7;8;9;11;13;17;23;26;27;34;35;36;38;39;41;45;47;50;53;58;60;61;64;66;67;69;72;73;78;85;87;90;92;94;95,100
A0A1W9ZN90,0.43137254901960786,2;3;4;5;7;9;10;12;13;15;16;17;21;22;23;25;27;28;30;32;41;44,51,2.208540894985199,1.1342645004909573,0.93,1;2;3;4;5;6;7;8;9;10;11;12;13;14;15;16;17;18;19;20;21;22;23;24;25;26;27;28;29;31;32;33;34;35;36;37;38;40;41;42;43;44;45;46;47;48;49;50;52;53;54;56;57;58;59;60;61;62;63;64;65;66;67;68;69;71;72;73;74;75;77;78;79;80;81;82;83;84;85;87;88;89;90;91;92;93;94;95;96;97;98;99;100,100
A0A1W9ZSJ9,0.2926829268292683,5;6;7;13;19;23;24;25;28;31;34;37,41,2.709305099248886,1.1234627536187296,0.35,1;4;7;8;12;13;17;19;24;28;32;33;35;37;38;41;43;50;57;59;64;66;68;71;73;81;85;87;88;91;92;93;94;97;98,100
A0A1W9ZU79,0.4603174603174603,6;7;10;11;12;13;15;17;18;19;21;24;25;27;28;30;39;40;41;43;44;47;48;53;54;55;56;59;61,63,2.0705103993415834,1.0280252425698249,0.92,1;2;3;4;5;6;7;8;9;11;12;13;14;15;16;17;19;20;21;22;23;24;26;27;28;29;30;31;32;33;34;35;36;37;38;39;40;41;42;43;44;45;46;48;50;51;52;53;54;55;56;57;58;59;61;62;63;65;66;67;68;69;71;72;73;74;75;76;77;78;79;80;81;82;83;84;85;86;87;88;89;90;91;92;93;94;95;96;97;98;99;100,100
A0A1X0A2U5,0.2682926829268293,3;8;9;10;11;13;15;16;18;19;22,41,2.5839220863580703,1.1278081116084622,0.07,1;6;17;40;48;57;83,100
A0A1X0AYB7,0.4444444444444444,2;4;5;6;8;16;17;22;23;24;25;26,27,2.7812241101264954,0.9973992554333074,0.75,2;3;4;5;6;9;10;11;12;13;14;15;16;17;18;19;20;21;23;25;27;29;30;31;33;34;35;36;37;38;39;40;42;43;44;45;46;48;49;51;54;55;56;57;59;61;62;63;64;65;67;69;71;72;73;74;75;76;77;78;80;82;84;85;86;87;88;90;92;93;94;95;96;98;99,100
A0A1X0AZ01,0.5645161290322581,3;5;6;9;10;19;20;21;22;23;25;26;27;28;31;34;35;36;37;38;39;40;41;42;43;44;45;46;47;48;49;50;53;57;62,62,2.2697806119918824,1.1444991093418388,0.66,1;2;3;4;5;6;7;8;10;11;12;13;14;15;16;17;19;20;21;23;26;28;30;31;32;33;34;35;36;37;39;40;41;42;43;44;45;47;48;51;56;58;59;61;62;63;68;69;70;71;72;73;74;75;77;81;86;87;88;91;94;96;97;98;99;100,100
A0A1X0BWL6,0.14814814814814814,1;2;4;6;12;16;23;29,54,2.2726604372262953,1.2241351918745875,0.0,,100
A0A1X0D333,0.05,11;22,40,2.7112095630168915,1.3827778838032727,0.13,21;36;48;53;57;68;71;73;74;77;78;87;89,100
A0A1X0DSG2,0.5952380952380952,1;2;5;8;9;10;12;13;15;17;18;21;22;23;24;25;26;27;28;29;32;34;36;37;41,42,2.6189787691831588,1.222561225469158,0.57,1;3;4;6;9;10;12;13;15;16;17;18;20;21;22;23;27;30;31;32;33;35;36;39;40;41;43;47;48;50;53;55;56;58;59;61;63;64;65;67;72;74;75;76;77;79;80;83;84;85;88;89;92;94;95;99;100,100
A0A1X0DT32,0.11428571428571428,4;8;13;28,35,2.8642228734493256,1.2049704164484933,0.15,7;19;32;47;51;53;56;66;67;68;78;85;88;92;99,100
A0A1X0ED97,0.25,4;5;10;13;17;18;25;33;34;39;42;48;52;58;59,60,2.2187766647338867,1.3662649550103365,0.37,6;10;17;18;21;22;24;25;32;35;36;38;40;41;47;50;52;54;59;62;66;67;68;69;71;73;74;75;76;78;80;81;87;88;92;95;100,100
A0A1X0FY05,0.1956521739130435,4;18;22;37;39;40;41;45;46,46,2.4601443350315093,1.1679352349095926,0.01,88,100
A0A1X0FZ49,0.47619047619047616,1;2;3;4;6;9;11;13;15;16;17;18;22;23;28;32;33;35;36;37;39;41;42;43;45;47;48;49;50;51,63,2.068294158577919,1.269069147595898,0.71,1;2;3;4;5;6;8;10;11;14;15;16;17;18;19;20;21;23;24;25;26;27;29;30;32;34;38;39;40;42;44;46;47;48;50;51;52;54;58;59;60;61;62;63;65;66;68;70;71;72;73;74;75;76;78;79;80;81;83;84;85;86;87;88;89;92;93;94;96;97;99,100
A0A1X0I595,0.4,4;7;9;19;20;22;25;28;29;32;36;37;39;41;42;43;44;45;46;50,50,2.310770890712738,1.1783542948343526,0.99,1;2;3;4;5;6;7;8;9;10;11;12;13;14;15;16;17;18;19;20;21;22;23;24;25;26;27;28;29;30;31;32;33;34;35;36;37;38;39;40;41;42;43;44;45;46;47;48;50;51;52;53;54;55;56;57;58;59;60;61;62;63;64;65;66;67;68;69;70;71;72;73;74;75;76;77;78;79;80;81;82;83;84;85;86;87;88;89;90;91;92;93;94;95;96;97;98;99;100,100
A0A1X0I7R5,0.6451612903225806,1;2;5;6;7;8;9;14;15;17;18;20;23;24;25;27;28;29;30;31,31,2.948000509738922,1.1057952171641654,0.52,1;3;4;6;7;8;9;10;11;12;13;14;16;17;19;20;22;24;25;26;28;29;30;32;35;36;39;46;47;48;52;55;56;57;61;63;64;70;72;73;78;79;81;82;83;84;85;87;90;91;92;94,100
A0A1X0INU7,0.3382352941176471,9;13;15;16;21;26;29;31;38;39;40;42;44;47;49;50;52;54;56;58;60;61;65,68,1.8240093964338302,1.225297686916988,0.59,3;5;7;9;10;12;15;17;18;20;21;23;24;25;26;27;28;30;31;32;35;37;38;39;40;42;43;44;45;48;49;50;51;53;57;60;61;62;63;65;68;69;71;72;74;77;78;79;82;83;85;88;90;91;94;95;96;97;98,100
A0A1X0J5R4,0.2,2;3;9;17;18;23;29;41;46;48;51;55;62,65,2.0770310896635054,1.2896179241014174,0.03,47;75;80,100
A0A1X0J866,0.46774193548387094,2;5;7;17;18;19;20;25;26;27;28;29;30;31;32;33;35;36;37;44;45;46;48;49;50;53;54;55;58,62,2.071746981739998,1.1171312000500682,0.82,1;2;3;4;5;6;7;8;9;10;11;12;13;14;15;16;17;18;19;20;21;22;23;26;27;28;29;30;32;34;35;36;37;39;40;41;42;43;44;46;48;49;50;51;52;53;54;55;56;57;58;59;61;62;63;64;66;67;68;69;70;71;72;73;74;75;76;77;78;79;80;81;86;88;92;93;95;96;97;98;99;100,100
A0A1X0K0U7,0.08333333333333333,21;27;32;36;38,60,2.0862252354621886,1.2473885117599073,0.12,11;25;26;30;35;45;60;69;71;73;74;97,100
A0A1X0KKW9,0.3448275862068966,5;7;8;12;17;18;19;21;22;23;26;27;29;35;37;40;43;45;49;58,58,2.2093933594226836,1.2091297669166634,0.72,1;3;4;5;6;8;11;12;13;14;15;16;17;18;19;21;23;24;25;26;27;28;30;31;32;33;34;36;37;38;40;41;42;44;45;48;51;54;55;56;57;58;60;61;62;63;65;66;67;68;70;73;74;75;77;78;79;80;81;85;86;87;88;89;92;93;94;95;96;97;98;99,100
A0A1X0XWA4,0.2727272727272727,1;2;3;5;7;11;12;13;18;19;24;33;34;38;52,55,2.2964419800043108,1.3542323612013791,0.37,1;2;4;6;8;10;14;17;18;19;21;24;33;35;36;40;44;47;51;52;56;57;58;59;61;62;64;66;73;75;78;81;87;90;93;96;97,100
A0A1X0XYW4,0.7258064516129032,3;4;6;7;8;9;10;11;12;13;14;15;17;18;20;21;22;23;24;27;28;29;30;31;32;33;34;36;37;39;40;41;42;43;45;46;48;49;50;51;54;55;56;57;59,62,1.9966622287034987,1.0381729765065306,0.5,4;5;6;7;14;15;16;22;23;24;25;26;27;30;32;33;34;37;39;41;43;45;47;50;51;52;56;57;59;60;61;62;64;66;67;69;72;76;77;79;82;83;87;90;92;94;95;96;99;100,100
A0A1X0Y567,0.7692307692307693,1;2;3;4;5;6;7;8;9;10;11;12;14;16;17;18;19;21;22;24;25;27;28;29;30;33;34;35;36;38;39;40;43;44;45;46;47;48;49;51,52,2.4218108212947844,1.1403017933265005,0.97,1;2;3;4;5;6;7;8;9;10;11;12;13;14;15;16;17;18;19;20;21;22;23;24;25;26;27;28;29;30;31;32;33;34;35;36;37;38;39;40;41;42;43;44;45;46;47;48;49;50;51;52;53;54;55;56;57;58;59;60;61;62;63;64;65;66;67;68;69;70;71;72;73;74;75;76;77;78;79;80;81;82;83;84;85;86;87;88;89;91;92;93;94;95;96;98;100,100
A0A1X0YC10,0.1388888888888889,2;5;16;28;31,36,2.7286238253116606,1.0215513915441412,0.24,13;19;25;31;34;40;41;43;46;48;50;53;55;57;58;72;73;75;78;84;86;90;98;99,100
A0A1X1RGM6,0.49122807017543857,2;3;5;6;10;12;14;15;16;19;20;21;22;23;24;25;32;33;34;39;40;41;42;44;48;52;53;55,57,2.318514243364334,1.1879558071034653,0.55,1;2;3;4;5;6;7;8;9;10;11;12;13;14;15;17;18;21;23;24;25;30;33;34;37;39;41;43;45;46;47;48;50;51;56;58;60;63;64;66;67;68;72;73;74;80;81;82;83;85;88;91;92;96;99,100
A0A1X1RMT2,0.18518518518518517,3;11;16;18;21;25;27;43;47;48,54,2.529240256547928,1.1850926466786131,0.08,6;11;20;26;42;58;71;80,100
A0A1X1RT79,0.08955223880597014,1;10;31;49;57;67,67,1.8475799292325974,1.1840530805193443,0.0,,100
A0A1X1SSG1,0.16666666666666666,3;5;10;25;27;33;42,42,2.6762930846214292,1.1662164300599243,0.08,8;22;44;46;54;64;84;91,100
A0A1X1SXX1,0.21311475409836064,3;11;14;17;20;21;25;29;32;36;42;44;56,61,2.071558622121811,1.336166340502434,0.48,1;2;3;7;8;9;11;13;15;16;19;20;22;24;25;26;27;29;30;31;32;34;36;37;39;49;50;53;54;55;57;60;61;64;65;67;68;70;73;77;83;88;90;91;93;97;98;99,100
A0A1X1TAZ5,0.0,,33,2.78358747780323,1.1694587398382679,0.0,,100
A0A1X1TV41,0.34,1;2;8;12;13;18;19;27;28;29;30;34;38;43;44;49;50,50,2.446999853849411,1.0993978808688294,0.64,2;3;4;5;8;9;14;16;18;19;20;22;23;24;25;26;28;32;33;34;37;39;40;42;43;44;45;46;47;48;50;52;53;54;55;56;57;58;62;63;64;67;68;70;72;74;75;76;78;79;81;82;84;85;87;88;89;90;93;94;96;98;99;100,100
A0A1X1TX55,0.0,,17,2.9690547728538514,0.9903067017799069,0.0,,100
A0A1X1TXE9,0.21428571428571427,2;4;7;9;10;14;16;34;36;38;46;52,56,2.2231315606832505,1.231241334990934,0.26,8;9;11;16;24;28;34;36;38;40;53;55;56;57;62;70;71;72;79;80;82;84;88;90;93;98,100
A0A1X1U567,0.2641509433962264,3;5;7;11;15;16;20;22;28;30;34;35;42;52,53,2.3050236332416536,1.391752876397665,0.32,1;2;3;6;8;9;13;14;18;19;23;28;30;31;32;33;35;39;42;46;55;56;57;58;59;73;81;84;87;89;93;100,100
A0A1X1U6G3,0.7843137254901961,2;3;4;5;6;7;8;10;11;12;14;15;16;17;18;19;20;21;23;24;26;27;28;29;30;31;32;33;34;36;38;39;40;41;42;44;46;47;49;50,51,2.3839746809005735,1.0313181231540554,0.99,1;2;3;4;5;6;7;8;9;10;11;12;13;14;15;16;17;18;19;20;21;22;23;24;25;26;27;28;29;30;31;32;33;34;35;36;37;38;39;40;41;42;43;44;45;46;47;48;49;50;51;52;53;54;55;56;57;58;59;60;61;62;63;64;65;66;67;68;69;70;71;72;73;74;75;76;77;78;80;81;82;83;84;85;86;87;88;89;90;91;92;93;94;95;96;97;98;99;100,100
A0A1X1V443,0.2,6;9;21;25;29;31;33;36;44;46,50,2.4395422953367234,1.3936283025399698,0.3,2;7;9;14;17;18;19;20;21;23;25;27;32;33;42;44;47;48;50;57;66;71;74;77;83;90;94;95;97;100,100
A0A1X1VXW9,0.20967741935483872,2;6;11;16;17;22;23;27;28;29;31;34;45,62,2.078148522377014,1.3066778784072526,0.3,1;10;12;15;23;30;34;36;41;42;44;50;52;54;56;60;65;69;70;71;72;73;75;81;89;90;91;92;98;99,100
A0A1X1WD57,0.07692307692307693,2;20,26,2.8365059316158296,0.9535688772296247,0.18,11;25;29;41;52;59;65;71;73;76;78;79;84;85;87;90;95;96,100
A0A1X1XH13,0.41509433962264153,1;4;7;8;9;11;19;20;26;29;31;34;35;36;39;44;45;47;49;50;51;53,53,2.43628142952919,1.1623783290512777,0.26,10;15;18;20;21;34;38;39;44;45;49;60;63;65;66;72;76;77;78;79;83;88;90;92;93;99,100
A0A1X1XQZ1,0.275,3;5;7;8;14;17;18;20;25;34;37,40,2.5850475925207137,1.1500221704915559,0.61,2;4;5;8;10;11;12;13;14;15;16;18;19;20;21;23;24;25;26;27;28;30;31;32;33;36;37;38;39;41;42;44;45;48;49;51;52;53;57;58;59;63;64;65;66;69;71;73;74;76;77;79;82;83;85;88;89;92;94;95;96,100
A0A1X1Y0D8,0.3392857142857143,4;5;7;8;9;10;16;19;22;24;27;29;30;32;34;38;41;43;46,56,2.2434332585334777,1.3113224964224466,0.16,10;14;19;22;24;60;66;68;73;74;78;86;88;90;93;94,100
A0A1X1YHA8,0.07017543859649122,7;8;37;43,57,2.231802456378937,1.2116829755595662,0.57,1;2;3;4;6;7;9;11;12;14;17;18;20;23;24;25;29;33;36;38;39;40;41;42;43;45;47;49;50;53;54;55;56;60;62;65;66;68;71;72;73;74;75;77;79;81;82;83;84;86;88;89;91;93;94;95;98,100
A0A1X1YTK3,0.1276595744680851,27;31;38;39;43;46,47,2.582214959859848,1.3279834264531565,0.79,1;2;3;4;5;6;7;8;9;10;11;12;13;14;15;16;17;18;20;21;22;24;25;26;28;29;30;32;33;35;36;38;39;40;42;43;45;46;47;48;50;51;53;54;55;56;57;58;59;60;61;62;63;64;66;67;68;69;70;71;73;74;78;80;81;82;84;85;86;87;88;89;90;91;95;96;97;98;100,100
A0A1X1Z1D7,0.5344827586206896,2;3;6;7;8;10;11;14;15;17;23;24;25;26;27;28;30;33;34;35;36;37;41;42;45;47;48;53;54;55;57,58,2.1404179167747497,1.1463324156321608,0.61,1;2;6;7;8;9;10;13;14;15;17;18;19;20;22;23;24;27;31;32;33;34;35;37;38;39;41;42;43;44;45;46;47;48;49;50;51;53;55;59;62;64;68;71;72;75;76;78;81;83;84;87;89;92;93;95;96;97;98;99;100,100
A0A1X1ZAJ3,0.43902439024390244,3;4;6;10;15;17;18;19;21;22;23;26;27;29;32;33;37;38,41,2.6956970685720445,1.302475175586876,0.58,1;2;3;4;5;10;11;12;13;14;15;17;18;20;21;22;23;25;26;30;32;35;36;37;39;40;41;42;44;45;46;47;50;51;53;56;60;66;68;69;71;72;73;76;79;83;85;86;87;88;89;90;91;93;94;95;97;100,100
A0A1X1ZUN6,0.11428571428571428,9;25;26;34,35,2.8837239158153536,1.2570109262831086,0.18,14;15;22;25;32;33;42;43;46;54;62;69;71;74;79;92;93;99,100
A0A1X2AMC4,0.11428571428571428,17;21;24;34,35,2.7932798719406127,1.213997268141656,0.17,12;15;21;24;25;26;31;42;52;59;63;64;79;86;90;98;100,100
A0A1X2DGR4,0.30612244897959184,2;3;8;11;20;24;28;29;33;35;36;40;42;43;45,49,2.380972128510475,1.0460945107548354,1.0,1;2;3;4;5;6;7;8;9;10;11;12;13;14;15;16;17;18;19;20;21;22;23;24;25;26;27;28;29;30;31;32;33;34;35;36;37;38;39;40;41;42;43;44;45;46;47;48;49;50;51;52;53;54;55;56;57;58;59;60;61;62;63;64;65;66;67;68;69;70;71;72;73;74;75;76;77;78;79;80;81;82;83;84;85;86;87;88;89;90;91;92;93;94;95;96;97;98;99;100,100
A0A1X2DIF1,0.15517241379310345,30;31;39;41;42;44;46;49;50,58,2.183413138985634,1.063670407019367,0.63,1;3;5;6;7;8;9;10;11;12;13;14;15;16;17;18;19;20;22;24;25;26;28;29;30;31;32;33;36;38;40;42;43;44;50;55;56;57;60;61;63;65;66;67;68;69;70;75;76;77;79;80;82;85;87;88;90;91;93;94;96;97;98,100
A0A1X2DPB1,0.5666666666666667,1;2;4;5;6;8;9;14;15;16;17;19;21;22;23;27;28;30;32;34;35;36;37;38;39;41;42;43;45;46;48;49;54;56,60,2.2009722638130187,0.9535791455890655,0.88,1;2;3;4;5;6;7;9;10;11;12;13;14;16;17;18;19;20;21;22;23;24;25;26;28;29;30;31;32;33;34;35;36;37;38;39;40;41;42;43;44;46;47;48;50;51;52;53;54;55;58;59;60;61;62;63;64;65;67;68;69;70;71;72;73;74;75;76;77;78;79;80;81;82;83;85;86;87;88;89;90;91;92;94;96;97;98;99,100
A0A1X2EPB4,0.660377358490566,1;2;4;5;6;7;8;9;10;11;12;13;14;16;18;19;20;22;23;25;26;27;28;30;31;32;33;35;36;37;38;39;41;47;49,53,2.3883977055549623,1.2984972527430638,0.34,3;4;7;8;12;13;14;20;22;32;33;36;40;41;42;43;46;47;48;55;58;69;70;73;80;82;89;90;92;93;94;96;97;100,100
A0A1X2F2L6,0.34782608695652173,1;3;4;10;11;12;13;14;21;23;24;29;31;33;34;43,46,2.504572321176529,1.1375773655958414,0.39,1;2;3;4;10;11;13;17;18;19;20;21;22;23;31;32;35;37;41;45;48;51;53;59;61;62;63;64;70;71;78;80;84;86;89;90;95;99;100,100
A0A1X2FK51,0.5538461538461539,2;3;5;7;8;9;10;11;13;14;15;16;18;19;20;22;23;25;28;30;31;32;34;38;39;40;44;48;50;51;53;55;57;58;60;62,65,2.1412738955020902,1.2100573579595884,0.72,1;3;4;6;7;8;9;10;11;13;14;16;17;18;19;21;22;23;24;25;26;27;29;30;31;33;36;37;38;39;40;42;43;44;45;47;49;51;53;54;55;58;59;60;61;63;64;65;66;67;68;69;70;71;73;75;76;77;78;80;82;83;84;85;86;87;90;94;96;97;98;100,100
A0A1X2FLH9,0.25,1;2;3;4;8;13;17;21;31;40,40,2.8821839129924776,1.3504097215571869,0.02,48;99,100
A0A1X2KZQ2,0.48148148148148145,2;4;6;7;8;11;13;15;17;18;20;21;22;26;27;28;29;34;35;36;37;38;41;43;47;53,54,2.302229205965996,1.1000709954883592,0.77,1;3;4;5;6;7;8;9;10;11;12;13;15;16;17;18;20;21;23;24;25;26;27;28;29;30;31;32;33;35;36;37;38;39;40;42;45;48;49;51;52;54;55;56;57;59;61;63;64;65;67;68;71;72;73;74;75;76;77;78;79;80;81;82;83;84;85;86;87;89;92;93;94;95;96;98;99,100
A0A1X2L0G7,0.28,2;5;6;7;8;9;10;14;15;16;20;24;27;36,50,2.3629742616415026,1.2534659072111847,0.41,5;7;8;9;10;14;15;16;17;18;21;24;26;33;34;36;37;39;42;46;47;55;56;58;59;62;66;69;70;72;74;77;81;87;88;91;92;93;95;96;100,100
A0A1X2LPX9,0.3333333333333333,2;7;8;9;12;17;18;20;21;24;27;31;35;38;40;43;50,51,2.4504656088352204,1.1574205164366238,0.45,1;2;4;7;8;10;12;17;20;22;24;26;28;29;32;33;34;36;38;40;43;44;49;53;55;57;58;60;61;66;67;70;80;81;82;83;84;85;89;90;92;93;94;95;98,100
A0A1Y0C436,0.4032258064516129,2;3;4;8;10;14;15;16;20;25;30;31;34;35;37;38;46;47;52;53;54;55;57;58;60,62,1.9650333601236343,1.054200066071335,0.6,1;2;5;9;10;12;14;15;16;17;19;21;23;24;26;28;30;31;32;33;35;37;38;39;40;41;42;43;45;47;48;50;52;53;55;56;58;61;63;64;65;68;70;73;77;78;79;80;83;84;85;89;90;92;93;94;95;96;98;100,100
A0A1Y0C5T9,0.25806451612903225,3;6;7;11;15;28;29;30,31,2.902643436193466,1.1330049021047828,0.07,21;25;39;51;53;58;85,100
A0A1Y0CFN4,0.6181818181818182,1;2;4;6;9;10;12;13;14;16;17;18;19;20;21;22;23;24;25;26;28;30;32;34;36;38;39;40;47;48;50;51;52;55,55,2.559368752241135,1.2823051655607105,0.76,1;2;3;4;5;6;7;9;10;11;12;13;14;15;16;17;19;20;21;22;23;24;25;26;27;28;29;30;32;33;36;37;38;39;41;42;43;44;46;48;49;50;52;53;54;57;58;59;60;61;62;63;65;66;68;69;70;72;74;76;78;79;81;82;83;84;85;86;88;89;90;91;93;95;97;99,100
A0A1Y2NRV5,0.660377358490566,1;2;3;6;7;9;10;11;12;13;14;15;18;19;20;22;23;26;27;28;30;31;32;33;34;36;37;41;43;46;47;50;51;52;53,53,2.3036487823724747,1.1088931096901917,0.94,1;2;3;4;5;6;7;8;9;10;11;12;13;14;15;16;17;18;19;20;21;23;24;25;26;27;28;29;30;31;32;33;34;35;36;37;38;39;40;41;42;43;44;45;46;47;48;49;50;51;52;53;54;55;56;57;58;59;60;61;62;63;64;65;66;67;68;69;70;71;72;73;74;75;76;77;78;80;81;83;84;85;86;87;88;89;91;92;93;94;95;96;98;100,100
A0A1Y5PCF7,0.08620689655172414,3;14;17;52;55,58,2.2377393823862075,1.2002324752571414,0.08,28;39;64;73;77;80;87;92,100
A0A1Y5Y6P3,0.06896551724137931,20;28;31;34,58,2.201628079414368,1.144559538322469,0.03,42;46;67,100
A0A1Z4EBS9,0.4791666666666667,2;6;10;12;13;14;15;18;21;22;25;26;27;29;31;33;34;35;37;38;43;44;46,48,2.443042190074921,1.0469257028339358,0.81,1;2;3;6;7;8;9;11;12;13;14;15;16;17;18;19;20;21;22;23;25;26;28;30;31;32;35;36;37;38;40;41;42;43;44;45;46;47;49;50;51;52;53;54;55;56;57;58;60;61;62;63;64;65;66;67;68;70;71;73;74;75;76;77;78;79;80;81;82;83;85;86;87;89;90;91;92;93;94;96;97,100
A0A1Z4EGK3,0.5849056603773585,1;2;3;5;6;7;8;9;10;11;12;13;15;16;20;21;22;23;24;25;27;31;34;35;36;37;40;44;45;49;53,53,2.4640250861644746,1.4639692078798712,0.53,4;5;6;7;8;9;10;11;12;13;15;16;17;19;20;22;24;27;29;30;31;32;34;35;40;42;44;46;47;50;51;52;53;54;55;56;57;59;60;63;64;68;72;74;78;81;82;83;86;91;93;95;97,100
A0A1Z4EZ40,0.24528301886792453,3;12;13;14;20;26;30;31;34;40;41;45;52,53,2.348904954791069,1.256611367537992,0.96,1;2;3;4;5;6;7;8;9;10;11;12;14;15;16;17;18;19;20;21;22;23;24;25;26;27;29;30;31;32;33;34;35;36;37;38;39;40;41;42;43;44;45;46;47;48;49;50;51;52;53;54;55;56;58;59;60;61;62;63;64;65;66;67;68;69;70;71;72;73;74;75;76;77;78;79;80;81;82;83;84;85;86;87;88;89;90;91;92;93;94;96;97;98;99;100,100
A0A1Z4EZ73,0.09090909090909091,2;6;20;27;51,55,2.244244247674942,1.1576480911392861,0.91,1;2;3;4;5;6;7;8;9;10;11;12;13;14;15;16;17;19;20;21;22;25;26;27;28;29;30;31;32;34;35;36;38;39;40;41;42;43;44;45;47;48;49;50;51;52;53;54;55;56;57;58;59;60;61;62;63;64;65;66;67;68;69;70;71;72;73;75;76;77;78;79;80;81;82;83;84;86;87;88;89;90;91;92;93;94;95;96;97;99;100,100
A0A1Z4F080,0.7037037037037037,2;5;6;7;8;9;10;11;13;16;18;19;20;21;22;23;24;25;26;27;28;29;31;33;34;35;37;39;40;41;43;45;47;48;49;50;51;53,54,2.264122585058212,1.1676739120153197,0.98,1;2;3;4;5;6;7;8;9;10;11;12;13;15;16;17;18;19;20;21;22;23;24;25;26;27;28;29;30;31;32;33;34;35;36;37;38;39;40;41;42;43;44;45;46;47;48;49;50;51;52;53;54;55;56;57;58;59;60;61;62;63;64;65;66;67;68;69;70;71;72;73;74;75;76;77;78;79;80;81;82;83;84;86;87;88;89;90;91;92;93;94;95;96;97;98;99;100,100
A0A1Z4F4H3,0.36507936507936506,3;4;5;8;9;13;15;17;22;29;30;31;32;35;36;42;46;47;49;50;56;57;59,63,1.9396648269891739,1.215434185259991,0.38,1;9;10;20;21;22;25;28;30;32;34;36;37;39;47;48;49;50;51;52;63;64;66;69;71;72;75;76;77;79;82;85;91;92;93;94;99;100,100
A0A231H7W5,0.047619047619047616,20;51;62,63,2.1305293399095535,1.1947942443232198,0.04,17;36;49;63,100
A0A255DTC1,0.7142857142857143,2;3;4;8;10;11;12;13;15;16;17;19;20;22;23;24;25;26;29;30;31;32;33;34;35;36;37;38;39;40;41;42;43;45;47;48;49;53;55;56,56,2.3408960634469986,1.0503118750974463,1.0,1;2;3;4;5;6;7;8;9;10;11;12;13;14;15;16;17;18;19;20;21;22;23;24;25;26;27;28;29;30;31;32;33;34;35;36;37;38;39;40;41;42;43;44;45;46;47;48;49;50;51;52;53;54;55;56;57;58;59;60;61;62;63;64;65;66;67;68;69;70;71;72;73;74;75;76;77;78;79;80;81;82;83;84;85;86;87;88;89;90;91;92;93;94;95;96;97;98;99;100,100
A0A285LZS8,0.3018867924528302,5;7;9;12;16;20;21;22;26;31;32;37;41;43;45;47,53,2.4422193998098374,1.3383520475486366,0.13,1;8;9;10;23;24;27;38;58;75;80;83;91,100
A0A286MPQ6,0.28846153846153844,3;4;10;11;13;15;18;20;21;22;24;29;33;45;49,52,2.457947874069214,1.2831876398043873,0.65,1;2;5;6;8;9;10;11;12;13;14;15;16;17;18;19;21;22;25;26;28;29;30;31;32;33;34;37;38;41;42;43;45;47;50;52;53;54;55;56;58;59;62;63;65;66;67;69;70;73;74;77;78;80;82;84;88;89;91;92;93;94;95;96;99,100
A0A291RHD9,0.36065573770491804,2;5;11;13;15;16;17;19;21;26;27;28;29;30;31;40;43;44;46;47;57;61,61,2.085746254324913,1.179324046431838,0.29,1;3;6;7;8;9;11;19;23;24;25;27;30;33;35;38;42;43;47;49;60;61;63;74;75;89;91;94;99,100
A0A291RHE0,0.16071428571428573,10;11;19;25;37;40;43;53;54,56,2.166749243736267,1.23962455498765,0.82,1;2;3;4;5;6;8;9;10;11;12;13;14;15;16;17;18;19;20;22;23;24;25;26;27;28;29;30;31;32;33;34;35;36;38;39;40;42;43;44;46;47;48;49;51;52;53;54;55;56;58;59;60;62;64;65;67;68;69;70;71;72;76;77;78;79;80;81;82;83;84;85;87;90;91;92;93;94;95;97;98;99,100
A0A291RWF7,0.3103448275862069,3;4;6;7;9;10;11;12;25,29,3.0636950123310087,1.145962268461156,0.35,1;4;6;7;13;17;19;25;27;30;39;44;48;50;52;53;54;55;61;64;65;69;74;80;81;83;89;90;91;92;94;96;97;99;100,100
A0A2A2ZGB2,0.5333333333333333,3;5;6;7;9;10;11;12;14;15;16;17;21;22;23;24;25;28;29;30;32;35;36;41,45,2.5908528900146486,1.322893003478889,0.58,1;2;5;8;10;11;12;14;15;17;19;20;21;23;24;26;28;29;31;33;35;39;41;44;45;47;48;49;51;52;53;55;57;58;59;60;62;63;64;65;66;68;69;71;72;73;75;79;81;83;85;86;88;93;94;95;97;100,100
A0A2A3LDA8,0.13725490196078433,1;30;32;42;44;49;51,51,2.5918135702610017,1.221961322849588,0.03,7;21;52,100
A0A2A7NAH8,0.18518518518518517,2;3;6;13;19,27,3.078469443321228,1.2228961124060425,0.19,13;21;23;28;31;33;41;49;64;72;75;79;80;81;86;90;91;96;99,100
A0A2A7NH78,0.62,1;5;6;7;9;10;12;14;18;19;20;21;22;23;24;25;26;27;32;34;35;36;37;38;39;40;42;43;44;45;46,50,2.327571125626564,0.9786528748579627,0.99,1;2;3;4;5;6;7;8;9;10;11;12;13;14;15;16;17;18;19;20;21;22;23;24;25;26;27;28;29;30;31;32;33;34;35;36;37;38;39;40;42;43;44;45;46;47;48;49;50;51;52;53;54;55;56;57;58;59;60;61;62;63;64;65;66;67;68;69;70;71;72;73;74;75;76;77;78;79;80;81;82;83;84;85;86;87;88;89;90;91;92;93;94;95;96;97;98;99;100,100
A0A2A9FBQ2,0.7,1;2;5;6;8;9;11;12;14;16;17;19;21;22;24;26;27;28;29;31;32;33;34;35;36;37;39;42;43;44;45;46;47;49;50;51;54;55;56;57;58;59,60,2.0948430263996123,0.9146683610710356,0.94,1;2;3;4;5;6;7;8;9;10;11;12;13;14;15;16;17;18;19;20;21;22;23;24;25;26;27;28;29;30;31;32;33;34;35;36;37;38;39;40;41;42;43;44;45;46;47;48;49;50;51;52;53;54;55;56;57;58;59;60;61;62;64;65;66;67;68;69;70;71;72;73;74;75;76;78;79;82;83;84;85;87;88;89;90;91;92;93;94;95;96;97;99;100,100
A0A2G5PCS5,0.0,,10,3.2046078836917875,0.8892687907508934,0.0,,100
A0A2G5PN19,0.1864406779661017,2;3;7;8;10;20;29;33;34;47;51,59,2.306827199459076,1.1251231250293576,0.1,5;11;46;53;56;57;60;62;71;76,100
A0A2G8B7A9,0.3333333333333333,2;5;6;10;11;14;19;23;25;26;29;30;32;39;42;44;47;48;54,57,2.0897334641218186,1.1780220669686832,0.83,1;2;3;4;5;6;7;8;9;10;12;13;14;15;16;17;19;20;23;25;26;27;28;29;30;33;34;35;36;37;38;39;40;41;42;44;45;46;47;48;49;50;51;52;53;54;55;56;57;58;59;60;61;62;63;64;65;66;68;71;72;73;74;75;77;78;79;80;81;82;83;84;88;89;90;92;93;94;95;97;98;99;100,100
A0A2I2L057,0.07692307692307693,12;20;26;29,52,2.3467481756210327,1.0937353642273064,0.09,10;35;52;68;69;70;92;94;97,100
A0A2K4Y436,0.6274509803921569,1;2;4;5;9;10;11;12;14;17;18;19;20;23;24;25;26;27;28;29;31;32;33;38;40;41;42;44;45;46;47;48,51,2.3276000308990477,0.9967267249486332,0.95,1;2;3;4;5;6;7;8;9;10;11;12;13;14;15;16;17;18;19;20;21;22;23;24;25;26;27;28;29;30;31;32;33;36;37;38;39;40;41;42;43;44;45;46;47;48;50;51;52;53;54;55;56;57;58;59;60;61;62;63;64;65;66;67;68;69;70;71;72;73;74;75;76;77;78;79;80;81;82;83;84;85;86;87;88;90;91;92;94;95;96;97;98;99;100,100
A0A2K4Y9B3,0.2978723404255319,6;13;15;16;17;22;23;26;29;32;33;38;40;43,47,2.507298886179924,1.212213567437251,0.38,1;2;4;6;8;9;10;11;16;19;20;21;22;28;29;35;38;41;43;44;46;47;49;50;54;56;58;65;68;69;71;75;78;81;83;84;92;93,100
A0A2K4YB08,0.2692307692307692,4;6;7;8;13;18;22;25;36;38;40;43;46;52,52,2.1908853781223296,1.1707974852170244,0.04,21;27;92;94,100
A0A2K4YB80,0.7906976744186046,1;3;4;5;6;7;9;10;11;13;15;16;17;18;19;20;21;22;25;26;27;29;31;32;33;35;36;37;38;39;40;41;42;43,43,2.5821446442604064,1.0648115132295741,0.87,1;2;3;4;6;7;9;10;11;12;13;14;16;17;18;19;20;21;22;23;24;25;26;27;28;29;30;31;32;33;34;35;37;38;39;40;42;43;45;46;47;48;49;50;51;52;53;54;55;56;57;59;60;62;63;64;65;66;67;68;70;71;72;74;75;77;78;79;80;82;83;84;85;86;87;88;89;90;92;93;94;95;96;97;98;99;100,100
A0A2N3VL42,0.42857142857142855,2;4;10;15;18;23;24;25;26;27;28;29;32;33;34;35;36;38;39;43;47;48;51;54,56,2.2474026215076446,1.345953988931863,0.95,1;2;3;4;5;6;7;8;9;10;11;12;13;14;15;16;17;18;19;20;21;22;23;24;25;26;27;28;29;30;31;32;33;34;35;36;37;38;39;40;41;42;43;44;45;46;47;49;50;51;52;53;54;55;56;58;59;60;61;62;63;64;65;66;67;68;69;70;71;72;73;74;76;77;78;79;80;81;82;83;84;85;87;88;89;90;91;92;93;94;95;96;98;99;100,100
A0A2N8P9Q2,0.6041666666666666,1;4;5;6;9;10;11;12;13;15;16;17;18;19;23;26;27;28;30;31;32;33;34;35;41;42;43;44;46,48,2.6379215109348295,1.2379933792113762,0.95,1;2;3;4;5;6;7;8;9;10;11;12;13;14;15;16;17;18;19;20;21;22;23;24;25;26;27;28;29;30;31;32;33;34;36;37;38;39;40;41;42;44;45;46;47;48;49;50;52;53;54;55;56;57;58;59;61;62;63;64;65;66;67;68;69;70;71;72;73;74;75;76;77;78;79;80;81;82;83;84;85;86;87;88;89;90;91;92;94;95;96;97;98;99;100,100
A0A2S6AAE1,0.02040816326530612,19,49,2.475365138053894,1.2777847872879162,0.0,,100
A0A2S8BGN3,0.5263157894736842,2;4;5;8;9;10;12;17;18;19;20;22;25;26;27;29;30;31;34;38,38,2.8406447994709016,1.0754467746835137,0.86,1;2;3;4;5;6;7;8;9;10;11;12;13;15;16;17;18;19;21;22;25;27;28;29;32;33;34;35;36;37;38;39;40;41;42;43;44;45;46;47;48;49;51;52;54;55;56;58;59;60;61;62;63;64;65;66;67;68;69;70;71;72;73;74;77;78;79;80;81;82;83;84;85;86;87;89;91;92;93;94;95;96;97;98;99;100,100
A0A2T2Z8U3,0.45454545454545453,2;4;5;6;7;8;10;11;12;13;19;20;21;25;27;29;33;38;40;41;45;46;47;48;49;51;55;57;59;60,66,1.9806285887956618,1.1553374286080647,0.56,2;3;6;7;8;12;15;18;23;24;25;27;28;32;34;35;37;39;40;42;45;46;47;48;49;50;51;55;56;57;58;60;62;63;66;69;71;72;73;75;76;77;78;79;80;81;82;87;89;90;91;92;96;97;98;99,100
A0A2U3N8I6,0.18333333333333332,2;4;12;16;18;20;28;35;40;57;58,60,2.1981076049804686,1.368048732041386,0.07,5;11;51;59;71;83;90,100
A0A2U3NPT1,0.7321428571428571,1;2;3;5;6;7;9;10;11;12;13;14;15;16;18;19;20;21;22;23;24;25;27;28;30;31;32;33;34;35;36;37;39;40;41;43;47;49;53;54;56,56,2.229954481124878,1.0994590099240826,0.62,1;2;3;4;5;6;7;8;9;11;12;13;14;15;16;17;18;20;21;22;24;25;26;27;29;33;34;35;36;38;39;40;43;47;49;50;51;54;57;58;59;60;61;62;64;65;68;70;71;72;74;75;78;83;84;85;86;87;90;91;93;99,100
A0A2U3P0N3,0.3870967741935484,2;5;6;8;10;11;12;13;14;15;17;23;25;30;31;32;33;36;37;38;39;47;49;61,62,2.112553060054779,1.2685890912813405,0.09,13;22;30;50;64;65;69;73;93,100
A0A2U3P697,0.2708333333333333,1;2;7;9;17;18;20;23;28;32;37;40;41,48,2.2915023243427277,1.1136770893534753,0.55,1;4;5;6;10;11;13;14;15;16;17;18;19;21;23;24;27;28;30;34;36;38;39;40;42;44;45;47;48;49;51;52;55;56;57;58;60;61;63;65;66;69;70;72;75;76;77;78;83;86;87;90;91;95;100,100
A0A2U3PHP0,0.023809523809523808,34,42,2.63335001707077,1.1725144559350655,0.17,11;37;42;54;62;64;65;71;75;80;83;84;90;93;95;96;97,100
A0A2U9PQ99,0.5416666666666666,2;3;4;5;8;11;12;13;15;17;21;22;23,24,2.9722455704212187,1.0070428961119062,0.72,1;2;3;4;5;7;8;9;10;14;15;16;18;21;24;27;28;29;30;32;33;36;37;38;39;40;41;42;43;44;45;46;48;49;50;51;52;56;57;58;59;60;61;62;63;64;65;68;69;70;71;73;74;75;76;78;79;80;82;83;85;86;87;88;89;91;92;96;97;98;99;100,100
A0A2U9PXP1,0.22413793103448276,5;8;12;18;20;23;28;29;47;50;51;55;58,58,2.1661342078447343,1.0546567110277214,0.67,2;3;4;6;8;9;10;11;12;13;14;15;16;17;19;20;21;22;23;26;27;28;29;30;31;32;33;34;35;36;37;38;39;42;44;50;51;53;54;55;56;57;60;62;64;66;67;68;69;70;73;75;76;78;79;80;83;84;85;87;88;89;92;95;96;97;100,100
A0A317N4Q8,0.2982456140350877,4;5;8;9;19;25;26;28;29;31;33;35;38;40;49;51;57,57,2.2263431763648986,1.3635788070383739,0.7,1;2;3;4;5;6;7;8;9;10;11;13;15;16;17;19;20;22;23;25;26;28;29;30;31;33;34;36;38;39;41;42;43;44;45;46;47;49;50;52;55;56;57;58;60;62;64;66;67;68;69;71;73;74;75;76;78;79;80;81;82;83;84;86;87;88;89;90;91;95,100
A0A318HI90,0.2127659574468085,3;13;14;17;22;24;25;29;33;39,47,2.4396650171279908,1.1947812022319855,0.02,61;70,100
A0A318JQK2,0.49056603773584906,1;6;7;8;15;16;18;20;22;23;25;26;27;28;29;32;34;36;37;39;42;43;47;48;51;52,53,2.547915632724762,1.372417556208928,0.67,2;3;4;5;6;7;8;9;10;12;13;14;15;16;18;19;20;22;23;24;25;28;29;30;31;32;33;34;35;38;39;42;44;46;48;49;51;52;53;55;56;62;64;65;67;69;71;72;73;74;76;77;78;79;82;83;85;87;90;91;92;94;95;96;97;98;99,100
A0A318JYA7,0.3,1;7;8;14;15;22;24;26;29,30,2.8929402327537534,1.1132032610989686,0.26,8;10;11;12;13;27;39;45;48;49;52;55;58;61;64;65;67;69;71;72;82;88;92;93;96;100,100
A0A318K9K9,0.49206349206349204,2;3;4;6;8;10;11;14;15;17;19;21;22;24;25;26;27;29;32;36;37;38;39;42;43;45;46;47;56;58;63,63,2.063759953379631,1.2153646120998063,0.26,2;3;13;14;19;20;24;26;28;30;34;35;37;41;45;48;49;53;55;56;60;74;76;92;93;99,100
A0A329K2Y4,0.3787878787878788,5;7;12;16;18;21;23;26;27;28;30;34;36;38;39;40;43;44;47;48;50;52;60;61;64,66,1.962979143857956,1.2609974100945318,0.95,1;2;3;4;5;6;7;8;9;10;11;12;13;14;15;16;17;18;19;20;21;22;23;24;25;26;28;29;30;31;32;33;34;35;36;37;38;39;41;42;43;44;45;46;47;48;49;50;51;52;53;54;55;56;57;58;59;60;61;62;63;64;65;66;67;68;69;70;71;72;73;74;75;76;78;79;80;81;82;83;84;85;86;87;89;90;91;92;94;95;96;97;98;99;100,100
A0A329KGE0,0.2459016393442623,6;14;15;16;21;23;24;29;34;38;39;46;53;57;61,61,2.34760719537735,1.184347367175678,0.84,1;2;3;4;5;6;7;8;9;10;11;12;13;14;15;16;17;18;19;20;21;23;24;25;26;27;28;29;30;31;32;33;34;35;36;37;38;39;40;41;42;43;44;45;47;48;50;51;52;53;54;55;56;58;59;60;61;62;63;64;65;67;69;70;71;74;75;77;78;79;80;82;83;84;85;87;88;90;91;93;95;98;99;100,100
A0A329KUN3,0.36363636363636365,1;7;9;11;12;14;16;19;20;21;23;27;29;32;39;41,44,2.647538021802902,1.1046320430859102,0.41,3;7;8;9;10;13;14;19;20;23;24;27;28;29;30;31;32;33;34;35;36;37;42;47;48;50;51;56;57;59;65;67;69;73;76;78;83;84;90;95;97,100
A0A329LAU5,0.5,1;4;6;8;9;10;11;12;13;14;15;16;18;19;20;22;25;26;28;31;34;38;39;40;44;52;53;55,56,2.287882439494133,1.2873132418461537,0.23,4;6;8;11;14;15;23;24;25;36;39;42;45;46;50;54;60;61;76;78;79;93;96,100
A0A329M492,0.23333333333333334,5;7;17;27;31;32;34;38;45;47;54;55;56;58,60,2.1375938415527345,1.1310627821321262,0.89,1;2;3;4;5;6;7;8;9;10;11;12;13;14;15;16;17;18;20;21;22;23;24;25;26;27;28;29;30;31;32;33;34;35;36;37;38;39;41;42;43;44;45;46;47;48;49;50;51;52;53;55;56;57;58;59;60;61;62;63;66;67;68;69;70;71;72;73;74;75;78;80;81;82;83;85;86;87;88;89;90;91;94;95;96;97;98;99;100,100
A0A345I2A9,0.3220338983050847,1;2;14;18;19;23;25;26;27;32;34;35;37;44;45;46;52;53;56,59,2.090918233394623,1.2342212319185328,0.41,2;3;4;6;7;10;13;15;21;22;23;25;26;27;30;31;34;37;38;43;46;49;50;53;54;56;58;59;66;67;68;71;73;76;78;80;83;85;90;92;93,100
A0A370HAX8,0.12244897959183673,26;30;31;32;35;46,49,2.6239980268478393,1.3665619791940309,0.39,1;8;12;15;17;18;23;27;30;31;34;35;44;45;46;47;50;51;54;57;61;63;64;65;67;68;69;72;74;75;79;80;82;88;90;91;92;96;100,100
A0A370I000,0.21568627450980393,7;10;14;16;24;27;31;38;40;46;49,51,2.4694825530052187,1.1283929901869723,0.11,1;7;23;29;32;36;41;62;67;71;87,100
A0A370I008,0.4528301886792453,1;3;5;9;10;11;12;14;16;18;19;20;22;23;24;25;31;32;40;42;48;50;51;53,53,2.242868938446045,1.1966342437449287,0.4,2;5;8;9;11;12;14;17;19;20;26;28;29;32;34;35;38;39;40;44;47;50;52;53;55;56;60;62;67;72;73;75;76;77;84;86;90;93;96;98,100
A0A373A3G8,0.3508771929824561,6;9;11;14;16;19;21;24;29;30;31;36;38;39;43;47;48;52;54;56,57,2.126883860826492,1.2697271508944383,0.66,1;2;3;4;5;7;8;9;10;11;12;13;15;16;17;18;19;20;23;26;27;29;31;32;33;34;35;36;37;38;39;40;42;44;45;47;48;49;52;53;56;57;58;59;61;62;63;64;65;69;70;71;72;77;81;83;84;86;87;91;92;93;95;97;98;100,100
A0A375YKM9,0.23076923076923078,9;11;13;15;16;18;20;30;33,39,2.6735480666160583,1.0237341167369145,0.24,1;2;3;6;16;18;25;29;37;38;40;41;47;55;65;72;73;80;88;91;95;98;99;100,100
A0A375Z3F8,0.3181818181818182,3;7;8;13;14;15;19;21;23;24;27;35;39;43,44,2.5474587970972062,1.3345420697197854,0.31,3;7;10;11;13;14;17;20;22;28;40;46;49;57;59;60;61;62;64;66;67;73;81;85;86;88;89;91;92;97;100,100
A0A378T271,0.25,1;4;6,12,3.2462144780158995,0.9944884207686984,0.11,27;56;57;59;62;70;71;74;77;84;98,100
A0A378T283,0.4727272727272727,2;3;4;5;7;8;10;12;13;17;19;20;21;22;24;26;32;33;35;39;41;42;47;48;50;53,55,2.3621045398712157,1.3468332831876622,0.31,1;5;7;9;16;21;26;28;29;30;34;35;48;50;54;55;56;61;63;67;68;72;74;77;82;85;87;88;89;90;91,100
A0A378TAR8,0.1,2;22;32;33,40,2.676635901927948,1.3249801503831236,0.69,1;2;3;4;5;6;7;9;11;12;15;16;17;19;20;21;22;23;25;26;27;28;29;30;31;33;35;36;39;40;41;42;45;46;48;49;50;51;54;55;56;58;59;61;62;64;65;67;68;69;70;74;75;76;78;81;84;87;88;89;90;91;93;94;95;96;97;99;100,100
A0A378UBH7,0.7966101694915254,3;4;5;6;7;8;10;11;12;13;14;15;16;17;18;19;20;21;22;23;24;25;26;27;29;30;32;33;34;35;36;37;38;40;41;42;43;44;47;48;51;53;54;55;56;57;58,59,2.3515673726797104,1.2363521519315186,0.75,1;2;3;5;6;7;8;9;10;11;12;13;14;15;16;18;19;20;21;22;23;24;26;27;29;30;31;32;34;35;36;37;39;40;43;44;45;46;47;50;51;52;53;55;56;59;60;62;63;64;65;66;67;68;69;70;72;73;74;75;77;78;80;81;82;83;84;85;86;87;88;89;91;92;95,100
A0A378WN66,0.2923076923076923,11;13;14;16;23;24;27;32;33;40;41;43;48;51;53;55;59;64;65,65,2.0348148840665816,1.1502341630545172,0.87,2;3;4;5;6;7;8;9;10;11;12;13;14;15;16;17;18;19;21;22;23;25;26;27;28;29;30;31;32;33;35;36;37;38;39;41;43;44;45;46;47;48;49;50;51;52;53;54;55;56;57;58;59;60;62;63;64;65;66;67;68;69;70;71;72;73;74;75;76;78;79;80;81;82;84;86;87;88;89;90;91;93;96;97;98;99;100,100
A0A378YSF8,0.3114754098360656,2;3;6;8;9;11;12;14;15;21;28;32;35;36;38;39;41;45;53,61,2.082806771993637,1.2916088903085579,0.37,1;4;8;12;18;19;21;23;24;25;26;27;28;30;32;37;40;44;45;50;51;52;54;55;56;62;63;64;68;69;72;78;79;80;81;91;96,100
A0A386ZPG1,0.2549019607843137,1;5;21;22;24;27;34;35;39;46;48;49;51,51,2.265530173778534,1.3265896037407294,0.94,1;2;3;4;5;6;7;8;9;10;11;12;13;14;15;16;17;18;19;20;21;22;23;24;25;26;27;28;29;30;31;32;33;34;35;36;37;38;39;40;41;42;43;44;45;46;47;48;49;50;51;52;53;54;55;56;57;58;59;61;62;63;64;65;66;67;68;69;70;71;72;73;74;75;76;78;79;81;82;83;84;85;86;87;88;89;90;91;92;93;94;96;97;98,100
A0A3A4K4S5,0.3448275862068966,3;4;5;7;10;13;14;15;18;19;21;22;23;25;28;34;44;49;57;58,58,2.124535936713219,1.200885349847567,0.48,1;2;3;7;8;9;14;15;18;20;21;22;23;28;29;32;33;34;36;37;39;41;43;44;46;47;48;50;51;52;53;55;63;66;68;69;70;74;78;82;83;86;90;92;93;94;95;99,100
A0A3E1HFK0,0.6181818181818182,1;2;3;4;5;7;9;11;12;14;17;20;21;22;23;24;26;27;28;30;34;35;36;37;38;39;40;41;42;46;47;48;50;55,55,2.3619399166107176,1.201269364482691,0.8,1;2;3;5;6;7;8;9;10;11;13;14;15;16;19;21;22;24;25;26;27;28;30;31;32;33;34;35;36;37;38;39;40;41;43;44;45;46;47;48;49;50;52;53;54;55;56;57;60;61;62;64;65;68;69;70;71;72;73;74;75;76;77;78;80;81;82;83;85;86;87;88;89;90;92;94;95;96;97;99,100
A0A3M2L4P9,0.1935483870967742,14;17;19;33;40;46;50;52;54;55;58;60,62,2.0815087008476256,1.133535997069651,0.21,4;8;14;15;16;19;22;29;34;37;55;56;59;62;67;72;83;85;92;94;99,100
A0A3M2LDY9,0.39473684210526316,3;5;7;8;9;11;13;16;18;20;23;25;29;30;31,38,2.61924551486969,1.093800268294954,0.1,7;41;49;50;62;63;71;73;86;98,100
A0A3Q9KMK0,0.078125,18;51;59;60;61,64,2.0244954454898836,1.2201476562044453,0.47,1;3;5;6;7;9;10;11;12;13;14;16;17;18;19;20;21;24;27;28;30;31;33;34;39;42;46;48;52;61;63;64;65;67;68;69;72;76;78;80;81;91;94;95;96;97;99,100
A0A3S3ZSH2,0.2,3;5;8;12;14;31;32;36;42,45,2.5009691661596296,1.2093521348864922,0.25,13;15;18;22;25;30;33;37;38;39;42;46;49;50;55;56;62;63;69;70;75;79;81;95;98,100
A0A3S4RS92,0.10526315789473684,5;16;18;34;43;48,57,2.1416774928569793,1.0712640569861467,0.1,26;35;37;44;53;58;62;71;84;97,100
A0A401VU81,0.5833333333333334,1;3;4;6;8;9;10;14;15;18;20;21;22;24,24,3.0643674528598783,1.0566262885607247,1.0,1;2;3;4;5;6;7;8;9;10;11;12;13;14;15;16;17;18;19;20;21;22;23;24;25;26;27;28;29;30;31;32;33;34;35;36;37;38;39;40;41;42;43;44;45;46;47;48;49;50;51;52;53;54;55;56;57;58;59;60;61;62;63;64;65;66;67;68;69;70;71;72;73;74;75;76;77;78;79;80;81;82;83;84;85;86;87;88;89;90;91;92;93;94;95;96;97;98;99;100,100
A0A401YDY7,0.0,,59,2.1615607011318207,1.253113617991061,0.0,,100
A0A401YST3,0.25,2;6;13;15;16;18;20;23;36;39;44;50;52,52,2.4288896489143372,1.3429438665875189,0.44,2;5;8;9;10;11;14;16;18;21;22;25;28;29;30;32;34;35;37;38;40;44;45;50;51;54;59;62;66;69;70;71;72;73;76;77;78;82;89;94;95;96;99;100,100
A0A421AW77,0.5882352941176471,2;3;4;5;6;7;8;11;13;14;15;18;19;21;22;23;24;25;27;29,34,2.6061656045913697,0.9463498510806235,0.77,1;2;3;4;5;6;8;9;10;11;12;13;14;15;16;18;19;21;22;24;25;26;27;28;29;30;31;32;33;35;36;38;39;40;41;42;43;44;45;46;47;49;50;51;52;53;56;57;58;60;61;64;66;68;69;70;71;72;73;74;76;79;80;81;83;85;86;88;89;90;91;92;93;94;95;96;98,100
A0A426SF14,0.4791666666666667,1;3;4;6;8;9;10;11;12;15;16;18;21;22;23;28;34;36;39;40;41;46;48,48,2.429826753139496,1.252131372092,0.23,1;2;3;4;7;8;9;14;15;18;21;26;27;32;37;39;42;44;62;74;83;88;97,100
A0A438ATK5,0.6037735849056604,1;2;4;5;6;7;10;12;13;14;15;17;19;20;22;23;25;26;27;31;32;34;36;37;39;40;41;43;44;49;50;51,53,2.3671748960018157,1.0785544428613394,0.77,1;2;3;4;5;6;7;8;9;10;11;12;13;15;16;17;19;20;22;23;25;26;27;29;30;31;32;34;36;37;38;39;40;42;43;44;45;46;47;48;49;50;52;55;57;59;60;61;62;63;65;66;67;68;69;71;72;73;74;75;76;78;79;81;82;85;88;89;90;92;94;95;96;97;98;99;100,100
A0A438AUV2,0.24489795918367346,1;2;4;7;11;13;15;19;25;26;37;46,49,2.4067495304346083,1.0659293613841203,0.09,39;44;46;50;66;76;85;87;96,100
A0A447GD36,0.07142857142857142,11;19;29,42,2.676686768531799,1.219181876439979,0.11,15;21;28;37;45;53;60;80;85;86;96,100
A0A449GAD2,0.10526315789473684,6;14;17;30;51;52,57,2.220421122908592,1.2143973365812573,0.02,7;69,100
A0A498PZU2,0.7058823529411765,1;2;3;4;5;6;7;8;9;11;12;13;15;17;18;19;21;22;25;27;28;29;33;34;35;36;37;38;39;40;41;42;43;48;49;51,51,2.3446215063333513,1.3083664588551782,0.91,1;2;3;4;5;6;7;8;9;10;11;12;13;14;15;16;17;18;19;20;21;22;23;24;25;26;27;28;29;30;31;32;33;35;36;37;38;39;40;42;43;44;45;46;47;50;51;53;54;55;56;57;58;59;60;61;62;63;64;65;66;67;69;70;71;72;73;74;75;76;77;78;79;81;82;83;84;85;86;87;88;89;90;92;93;94;95;97;98;99;100,100
A0A498PZZ1,0.0,,43,2.561711954474449,1.286271790443932,0.0,,100
A0A498QQD7,0.8431372549019608,1;2;3;4;5;6;8;9;10;11;12;13;15;16;17;18;19;20;21;22;23;24;25;26;28;29;31;32;33;34;35;36;37;39;40;41;42;43;44;45;46;48;50,51,2.340189644694328,1.3246875107286602,0.96,1;2;3;4;5;6;7;8;9;10;11;12;13;14;15;16;17;18;19;20;21;23;24;25;26;27;28;29;30;31;32;33;34;35;36;37;38;39;40;41;42;43;44;45;46;47;48;49;50;51;52;53;54;55;56;57;58;59;60;61;62;63;64;65;66;67;69;70;71;72;73;74;75;76;77;78;79;80;82;83;84;85;86;87;88;89;90;91;92;93;94;95;96;97;99;100,100
A0A4Q7KNW3,0.45588235294117646,3;4;8;9;10;13;16;19;22;23;25;27;28;29;32;36;37;42;43;47;49;55;56;57;58;60;62;63;64;65;68,68,1.8875622057914734,1.167849213912996,0.94,1;2;3;5;6;7;8;9;10;11;12;13;14;15;16;18;19;20;21;22;23;24;25;26;27;28;29;30;31;32;33;34;35;36;37;38;39;40;41;42;43;44;45;46;47;48;49;50;51;52;53;55;56;57;58;59;60;61;62;63;64;65;66;67;68;69;70;72;73;74;75;76;77;78;79;80;81;82;83;84;86;87;88;89;90;91;92;94;95;96;97;98;99;100,100
A0A4Q9HZT3,0.27692307692307694,2;4;7;9;11;16;21;23;25;28;29;30;35;41;43;44;45;50,65,1.943024561405182,1.0909108639560976,0.43,1;3;5;6;8;11;12;13;14;16;17;19;20;21;28;31;32;34;36;37;39;40;41;43;45;46;51;53;55;56;57;58;59;61;68;69;72;81;86;87;90;92;94,100
A0A4R1FSR2,0.4166666666666667,1;3;5;9;11;13;15;20;25;26;29;34;35;40;41;42;44;45;47;52;53;56;57;59;60,60,2.1546454763412477,1.1718584675379777,0.77,1;2;3;4;5;6;7;8;9;10;11;12;13;14;15;16;17;18;19;21;22;23;25;26;27;29;30;31;32;34;35;36;37;38;40;41;42;43;45;46;47;52;53;54;55;56;57;58;59;61;62;63;64;65;66;67;69;71;72;73;74;75;76;77;78;83;84;85;87;88;89;90;91;92;95;98;100,100
A0A4R1FWD7,0.04477611940298507,26;58;59,67,1.898485907316208,1.1049474578955747,0.13,1;7;13;20;33;43;60;63;64;65;68;97;98,100
A0A4R5PD40,0.44642857142857145,2;5;7;8;11;14;16;17;18;20;25;26;27;33;35;38;39;40;42;44;48;51;53;54;56,56,2.1952277600765226,1.345155399502757,0.67,1;2;3;9;10;11;12;13;14;16;17;18;19;20;23;24;25;26;29;34;35;36;38;39;40;41;42;44;46;47;49;50;51;53;54;55;56;57;59;60;62;63;66;67;68;69;70;71;73;74;77;78;80;81;84;85;86;87;88;89;92;93;94;96;97;99;100,100
A0A4R5PF75,0.5,2;3;7;9;12;14;17;18;19;21;26;27;29;30;31;33;34;35;39;40;42;46;47;50;51;52;54;55;57;58,60,2.1206553864479063,1.073209552322825,0.94,1;2;3;4;5;6;7;8;10;11;12;13;14;15;16;17;18;19;20;21;22;23;24;25;26;27;28;29;30;31;32;33;34;35;36;37;38;39;40;42;43;44;46;47;48;49;50;51;52;54;55;56;57;58;59;60;61;62;63;64;65;66;67;68;69;70;71;72;73;74;75;76;77;78;80;81;82;83;84;85;86;87;88;89;90;91;92;93;95;96;97;98;99;100,100
A0A4R5WK74,0.13725490196078433,4;8;11;16;41;43;46,51,2.5728506237268447,1.2560473409743158,0.22,5;6;8;12;14;17;18;25;27;31;37;40;46;47;52;60;64;65;68;73;84;98,100
A0A4R5WKD4,0.32558139534883723,1;5;11;13;14;16;17;19;20;23;24;29;30;32,43,2.650072603225708,1.3949276572891631,0.31,3;7;10;18;20;21;22;23;25;27;31;33;41;46;57;63;66;69;72;73;75;78;80;82;84;86;90;91;98;99;100,100
A0A4R5X5Y0,0.11363636363636363,1;7;8;12;28,44,2.622098648548126,1.2358347528579434,0.09,5;15;28;31;36;41;47;48;66,100
A0A4R6P566,0.6271186440677966,5;6;7;8;10;11;12;13;15;18;20;21;22;25;26;27;28;30;31;33;36;39;43;44;45;46;47;48;50;52;53;54;55;56;57;58;59,59,2.0760002970695495,1.1872918195752336,0.75,1;2;3;4;5;6;7;8;9;10;11;12;16;17;18;19;20;21;23;24;26;28;29;30;31;33;35;36;37;38;40;41;43;44;45;46;47;48;49;50;51;52;53;56;57;58;59;64;65;66;67;68;70;71;72;73;74;75;76;77;78;79;80;81;86;87;88;90;93;94;95;96;97;99;100,100
A0A4R7IZC0,0.38596491228070173,4;7;13;15;20;22;23;24;25;26;30;31;33;35;37;39;43;46;47;49;54;55,57,2.164522932171822,1.3537055959459199,0.39,2;3;5;6;10;11;12;14;15;19;20;23;25;28;32;33;35;36;37;41;45;46;51;53;54;56;57;59;60;62;63;66;71;74;77;81;87;89;91,100
A0A4R8R2S8,0.2777777777777778,5;7;9;18;25;27;28;32;34;35;38;39;40;41;53,54,2.237924560904503,1.4141970145792346,0.15,12;17;19;29;38;40;52;55;60;65;80;86;87;93;98,100
A0A4R8S1E2,0.3384615384615385,8;13;19;21;22;23;24;25;26;27;29;32;33;38;40;44;45;49;53;56;58;62,65,1.983046357035637,1.3187360067164184,0.98,1;2;3;4;5;6;7;8;9;10;11;12;13;14;15;16;17;18;19;20;21;22;23;24;25;26;27;28;29;30;31;32;33;34;35;36;37;38;39;40;41;42;43;44;45;46;47;48;49;50;51;52;53;54;55;56;57;58;59;60;61;62;63;64;65;66;67;68;69;70;71;72;73;74;77;78;79;80;81;82;83;84;85;86;87;88;89;90;91;92;93;94;95;96;97;98;99;100,100
A0A4R8S1L2,0.7450980392156863,2;4;6;7;8;9;10;11;12;13;14;15;16;17;18;19;20;21;22;24;25;26;27;28;32;33;34;35;39;40;41;42;43;44;47;48;50;51,51,2.311247880458832,1.1700126638978205,1.0,1;2;3;4;5;6;7;8;9;10;11;12;13;14;15;16;17;18;19;20;21;22;23;24;25;26;27;28;29;30;31;32;33;34;35;36;37;38;39;40;41;42;43;44;45;46;47;48;49;50;51;52;53;54;55;56;57;58;59;60;61;62;63;64;65;66;67;68;69;70;71;72;73;74;75;76;77;78;79;80;81;82;83;84;85;86;87;88;89;90;91;92;93;94;95;96;97;98;99;100,100
A0A4R8S6S5,0.0425531914893617,3;44,47,2.482829338312149,1.097729220396464,0.1,11;13;19;61;67;68;74;82;95;96,100
A0A4R8S7U6,0.5,1;2;4;7;8;9;10;12;14;16;17;18;19;20;21;24;30;31;32;37;42;43;46;47,48,2.5389292752742767,1.166214535124768,0.18,3;16;21;22;28;35;37;42;52;56;59;68;72;75;86;87;88;90,100
A0A4R8S8U4,0.375,2;3;5;8;12;14;16;17;20;28;29;30;32;33;35;37;42;44,48,2.3852894109487535,1.1270294313252207,0.52,1;3;4;5;6;7;8;9;11;12;13;14;17;18;19;20;25;26;27;28;31;32;34;35;43;45;46;47;50;53;54;55;56;60;61;63;64;65;68;69;71;73;74;76;77;81;84;86;88;91;95;96,100
A0A4R8SET2,0.5681818181818182,2;3;4;5;9;11;12;13;17;18;19;21;22;23;24;26;27;29;30;31;33;35;36;41;43,44,2.555725164413452,1.0146575819777373,0.86,1;2;3;4;5;6;7;8;9;10;11;12;13;14;15;16;17;18;19;20;21;22;23;24;25;26;27;28;29;30;31;32;33;34;35;36;37;39;40;41;43;44;45;46;47;48;51;52;53;54;55;56;57;58;59;61;62;63;64;65;66;67;68;69;70;72;73;74;75;76;77;78;79;80;81;82;83;84;87;90;91;92;93;95;98;99,100
A0A4R8SIE9,0.3389830508474576,7;8;9;11;12;14;15;17;18;19;23;24;30;33;41;44;46;49;57;59,59,1.9767264902591706,1.3032236202786642,0.3,3;4;8;10;11;16;17;20;23;24;27;34;38;44;45;49;52;53;54;55;57;63;64;68;75;80;82;95;97;99,100
A0A4R8T0X1,0.36507936507936506,3;5;6;8;12;16;17;18;20;25;26;27;35;37;45;47;50;53;55;56;61;62;63,63,2.057819402217865,1.1801972923788202,0.65,1;3;4;5;6;7;9;10;11;12;14;16;17;19;20;21;22;23;24;25;26;27;28;29;30;31;32;33;35;37;38;39;41;42;43;45;48;49;51;52;53;55;57;60;61;62;63;64;66;69;70;71;73;74;75;77;79;80;81;85;87;88;92;95;97,100
A0A4U8W070,0.8360655737704918,1;2;4;5;6;8;10;11;12;13;14;15;16;17;18;19;20;21;22;23;25;26;27;28;29;31;33;36;37;38;39;40;41;42;43;44;45;46;48;50;51;52;53;54;55;56;57;58;59;60;61,61,2.0686129385232928,1.0895042460586244,0.92,1;3;4;5;6;7;8;9;10;11;12;13;14;15;16;17;18;19;20;21;22;23;24;25;26;27;28;29;30;31;32;33;34;35;36;37;38;39;40;41;42;43;44;45;46;47;49;50;51;52;53;54;55;56;57;60;61;62;63;66;67;68;69;70;71;72;73;74;75;76;77;78;79;80;81;82;83;84;85;86;87;88;89;91;92;93;94;95;96;97;98;100,100
A0A4V3HUY3,0.6964285714285714,1;3;4;10;13;14;15;16;17;18;19;20;21;22;24;26;27;28;29;30;31;33;34;35;37;38;39;40;41;42;44;45;47;49;51;52;53;55;56,56,2.3424838054180146,1.039868409850156,1.0,1;2;3;4;5;6;7;8;9;10;11;12;13;14;15;16;17;18;19;20;21;22;23;24;25;26;27;28;29;30;31;32;33;34;35;36;37;38;39;40;41;42;43;44;45;46;47;48;49;50;51;52;53;54;55;56;57;58;59;60;61;62;63;64;65;66;67;68;69;70;71;72;73;74;75;76;77;78;79;80;81;82;83;84;85;86;87;88;89;90;91;92;93;94;95;96;97;98;99;100,100
A0A4V3I141,0.6911764705882353,2;3;4;6;7;9;11;12;13;14;16;17;18;19;21;22;28;29;30;31;32;33;34;35;37;39;40;41;42;43;44;46;48;49;50;51;52;53;54;55;58;59;60;62;63;66;67,68,1.7190546202659607,1.153462848299891,0.96,1;2;3;4;5;6;7;8;9;10;11;12;13;14;15;16;17;18;19;20;21;22;23;24;25;26;27;28;29;30;31;32;33;34;35;36;37;38;39;40;41;42;43;44;45;46;47;48;49;50;51;52;53;54;55;56;57;58;59;60;61;62;63;64;65;66;67;69;70;71;72;74;75;76;77;78;79;80;82;83;84;85;86;87;88;89;90;91;92;93;94;95;96;97;99;100,100
A0A4Z0HM23,0.45098039215686275,2;5;7;8;13;15;18;20;23;26;27;28;29;32;35;38;39;42;45;47;48;49;51,51,2.3935596489906312,1.1899998285788218,0.63,2;4;6;7;9;10;11;12;13;14;15;17;19;20;21;23;26;29;30;31;32;33;34;35;36;37;39;42;43;44;45;46;47;48;49;52;55;56;58;59;60;63;64;66;67;68;69;70;72;73;76;77;79;80;82;84;87;89;91;92;93;96;100,100
A0A4Z0HRY8,0.32786885245901637,4;5;6;8;9;10;11;13;16;19;20;25;26;30;31;35;38;43;44;46,61,2.2306248360872267,1.2006229070152015,0.31,4;8;10;11;15;16;18;21;26;29;31;37;38;39;43;54;56;59;69;70;72;74;76;80;83;84;86;87;94;95;99,100
A0A4Z0HSE6,0.20833333333333334,1;6;7;9;24,24,3.0069059360027315,1.0854989812531943,0.21,8;10;11;24;25;28;32;43;48;51;54;61;66;68;77;84;87;88;89;91;93,100
A0A4Z0LXD8,0.6545454545454545,1;2;3;4;5;6;7;8;9;10;11;12;13;14;17;18;19;21;22;23;24;25;26;27;28;29;30;33;34;36;43;47;49;52;54;55,55,2.265739992260933,1.1794602729068089,0.84,1;2;3;4;5;6;7;8;9;10;12;13;14;15;16;17;18;19;20;21;22;23;24;25;26;27;28;29;30;31;32;33;34;35;36;37;38;39;40;41;42;44;47;49;50;51;53;54;55;57;58;59;60;61;64;65;66;67;68;69;70;72;73;74;78;79;80;81;83;84;85;86;87;88;89;90;91;92;93;96;97;98;99;100,100
A0A502EC16,0.1111111111111111,2;4;16;20,36,2.891310371756554,1.2607786132748247,0.11,1;3;7;10;20;27;28;46;49;53;98,100
A0A511M4D4,0.5081967213114754,3;5;6;11;13;14;15;16;17;18;21;22;23;24;25;28;29;33;34;35;36;39;40;44;45;46;49;54;55;59;60,61,2.1173233038187025,1.2427772100606285,0.89,1;2;3;4;5;6;7;8;9;10;11;12;13;14;15;16;17;18;19;20;21;22;23;24;25;26;27;28;30;31;33;34;35;36;37;38;39;41;42;43;44;45;46;47;48;49;50;51;52;53;54;55;56;57;58;59;60;63;64;65;66;67;68;69;70;71;72;73;75;76;77;79;80;81;82;83;84;85;87;88;90;91;92;93;95;96;97;98;99,100
A0A516NPD0,0.43333333333333335,2;4;8;9;12;16;18;21;22;24;25;26;28;29;31;37;38;39;41;42;43;45;47;48;52;55,60,2.126630975604057,1.1420455611160532,0.88,1;2;3;4;5;6;7;8;9;10;11;12;13;14;15;16;17;18;19;20;21;22;23;25;26;27;28;29;31;32;33;34;35;36;38;39;40;41;43;44;45;46;47;48;50;51;52;53;54;55;56;57;58;59;60;61;62;64;65;66;67;68;70;71;72;73;75;76;77;78;79;80;81;82;84;86;87;88;89;90;92;93;94;95;97;98;99;100,100
A0A542DCL6,0.3076923076923077,3;4;5;6;11;13;24;25;26;33;34;37;40;47;51;52,52,2.2764312463998793,1.3432048839958879,0.98,1;2;3;4;5;6;7;8;9;10;11;12;13;14;15;16;17;18;19;20;21;22;23;24;25;26;27;28;29;30;31;32;33;34;35;36;37;38;39;40;41;42;43;44;45;46;47;48;49;50;51;52;53;54;55;56;57;58;59;60;61;62;63;64;65;66;67;68;69;70;71;72;73;74;75;76;77;78;79;80;81;82;83;85;86;87;89;90;91;92;93;94;95;96;97;98;99;100,100
A0A542XQI9,0.3469387755102041,1;3;5;6;8;9;11;14;19;22;24;32;33;34;39;44;46,49,2.3941867756843567,1.1203386439233205,0.07,18;26;50;61;79;84;97,100
A0A543EXG0,0.08064516129032258,12;17;34;51;55,62,2.097606407403946,1.3402288343022188,0.53,1;4;5;6;8;10;11;13;14;15;17;18;21;22;23;24;25;26;28;29;30;32;36;39;40;43;44;45;47;51;54;55;57;58;60;62;63;64;65;67;76;81;82;84;86;87;88;89;92;97;98;99;100,100
A0A544W0X3,0.11363636363636363,6;10;30;34;37,44,2.6510813808441163,1.1894180580212856,0.1,12;22;23;32;60;68;76;89;96;99,100
A0A544W3Y3,0.42857142857142855,2;4;6;13;14;15;16;17;18;19;22;23;27;30;34,35,2.824002739787102,1.219325667708053,0.08,14;20;33;37;51;75;92;93,100
A0A544W498,0.5555555555555556,2;3;5;6;7;10;11;14;15;17;19;22;23;25;29;30;32;34;35;36;37;38;43;45;46;47;48;50;52;53,54,2.329175548553467,0.9800704349849478,0.97,1;2;3;4;5;6;7;8;9;10;11;12;13;14;15;16;17;18;19;20;21;22;23;24;25;26;27;28;29;30;31;32;33;34;35;36;37;38;39;40;41;42;43;44;45;46;47;48;49;50;51;52;53;54;55;56;57;58;59;60;61;62;63;64;65;66;67;68;69;70;71;72;73;75;76;77;78;79;80;81;82;83;84;85;86;87;88;89;90;91;93;94;95;96;97;99;100,100
A0A557XZJ5,0.41818181818181815,2;3;4;5;6;10;11;12;14;15;16;18;19;21;22;25;35;36;48;50;51;54;55,55,2.188734211921692,1.1948850039913448,0.37,1;2;6;7;9;11;15;20;26;28;33;36;38;43;44;45;47;49;50;52;53;55;56;57;59;61;67;71;76;81;83;88;89;91;93;95;96,100
A0A561TWL9,0.014705882352941176,42,68,1.942721945643425,1.1771135685074068,0.0,,100
A0A5B1BH70,0.2982456140350877,2;3;6;8;10;12;14;19;26;29;30;31;33;34;39;50;53,57,2.189496920704842,1.2310337616387477,0.68,1;2;4;6;7;8;9;10;11;12;13;14;16;18;19;21;22;24;25;26;27;28;29;30;33;34;37;38;39;40;42;44;47;48;49;50;51;52;54;55;56;57;58;59;61;62;66;68;69;71;73;74;75;76;78;79;80;81;88;89;90;91;92;95;96;97;98;100,100
A0A5C7XWH5,0.3384615384615385,2;5;6;10;11;12;15;19;21;23;25;30;31;34;36;37;41;42;45;57;60;65,65,1.9855425715446473,1.068520281280121,0.74,1;2;4;5;6;7;9;10;11;12;13;14;15;17;19;20;21;23;24;26;27;28;29;31;32;33;36;38;39;41;42;43;44;45;46;47;49;50;51;53;54;55;56;57;58;59;60;61;62;64;65;66;68;69;70;71;72;73;74;75;77;79;81;82;83;85;86;88;89;91;94;96;97;100,100
A0A5C7YBR3,0.5106382978723404,2;3;4;9;10;11;12;13;14;15;17;20;21;23;26;28;30;31;32;33;34;35;42;47,47,2.440218829512596,1.2137260045115759,0.59,1;2;3;4;5;6;7;8;9;10;12;13;15;16;17;18;20;22;25;26;27;31;33;34;36;37;40;41;42;43;46;47;48;49;50;54;55;56;58;59;60;61;63;65;69;71;72;74;75;76;81;82;86;87;90;93;94;96;99,100
A0A5J4LNN8,0.35714285714285715,2;3;4;5;8;11;14;17;19;20;23;24;25;26;31;32;33;34;49;53,56,2.148713715672493,1.1320332340765054,0.41,3;6;7;17;18;19;20;22;23;24;25;28;31;32;33;35;39;41;49;51;53;55;57;66;67;68;70;71;73;76;81;82;85;88;89;91;93;97;98;99;100,100
A0A5J5JW77,0.45,4;6;17;20;22;24;25;26;29;32;33;37;38;40;41;46;47;48;49;50;51;52;53;54;55;56;59,60,2.2081240767240526,1.1342673830549628,0.81,1;2;3;4;6;7;8;9;10;12;13;15;16;17;18;19;20;21;22;23;25;26;27;29;30;31;32;37;38;39;41;42;43;44;45;47;48;50;52;53;54;55;56;57;58;59;60;61;63;64;65;66;67;68;69;70;71;72;73;74;75;76;78;79;80;81;86;87;88;89;90;91;92;93;94;95;96;97;98;99;100,100
A0A5N0E0J5,0.0,,6,3.168234362602234,0.8382570278916701,0.0,,100
A0A5N0EJT8,0.07142857142857142,17;46;51;56,56,2.3971804440021516,1.446398207009964,0.74,1;2;3;4;6;7;8;9;10;11;13;14;16;18;19;20;21;22;23;24;25;27;28;29;31;32;33;35;36;37;38;39;40;41;44;45;46;47;49;53;54;55;57;58;59;60;61;62;63;64;67;68;69;72;73;75;76;77;79;80;81;82;83;84;86;87;88;89;92;93;94;95;96;100,100
A0A5N0UWA7,0.41818181818181815,4;6;8;9;13;16;17;18;20;21;22;27;28;29;31;33;37;38;42;43;45;50;55,55,2.266806623339653,1.2706464401053896,0.45,3;4;8;9;10;12;14;18;19;21;25;26;29;35;36;37;39;40;41;43;47;49;52;54;55;56;57;58;61;62;69;70;71;72;75;76;77;83;85;89;91;93;95;96;97,100
A0A5N5VEC4,0.0,,46,2.697556318640709,1.3755944175699757,0.0,,100
A0A5Q5BJ80,0.10909090909090909,10;24;37;38;49;50,55,2.320768099427223,1.4430802683125363,0.25,3;15;23;25;26;29;30;33;37;40;43;44;46;55;56;60;67;70;79;80;84;89;91;94;96,100
A0A5Q5CFF7,0.4444444444444444,2;3;6;7;9;10;11;22;23;24;26;27,27,2.854392704963684,1.0216385394985836,0.61,1;4;5;6;8;9;10;12;14;16;17;18;19;20;21;22;23;28;29;30;32;33;34;38;40;43;45;47;48;49;51;52;53;54;55;58;59;62;64;65;66;67;69;70;71;72;73;75;78;79;80;81;85;86;87;88;89;93;95;97;100,100
A0A5R8NPV3,0.5857142857142857,1;3;4;6;10;11;13;14;16;17;18;20;21;23;24;25;26;27;28;29;30;32;34;35;37;41;42;44;47;48;50;52;54;55;56;58;59;60;65;66;68,70,1.8486026865243912,0.9276191681551564,0.99,1;2;3;4;5;6;7;8;9;10;11;12;13;14;15;16;17;18;19;20;21;22;23;24;25;26;27;28;29;30;31;32;33;34;35;36;37;38;39;40;41;42;43;44;45;46;47;48;49;50;51;52;53;54;55;56;57;58;59;60;61;62;63;64;65;66;67;68;69;70;71;73;74;75;76;77;78;79;80;81;82;83;84;85;86;87;88;89;90;91;92;93;94;95;96;97;98;99;100,100
A0A5R8PAY8,0.140625,9;11;12;30;42;47;49;53;55,64,1.922082886695862,1.094715029576541,0.64,1;2;3;4;5;6;7;8;9;10;11;12;14;16;17;18;19;22;23;24;25;26;27;28;30;31;32;33;34;38;40;42;47;48;49;54;56;57;58;59;61;65;66;67;69;71;72;73;74;75;77;78;84;86;88;90;91;92;93;95;96;97;99;100,100
A0A5S9NMT1,0.017241379310344827,19,58,2.340955220460892,1.1365055187926827,0.05,13;25;37;42;100,100
A0A640SD75,0.03571428571428571,16;56,56,2.2656676924228667,1.2388056861282861,0.04,4;47;73;81,100
A0A640UJM0,0.11320754716981132,7;12;19;23;36;39,53,2.202938163280487,1.2621417651235727,0.07,9;24;41;66;69;78;93,100
A0A653EJG9,0.35185185185185186,10;13;14;15;18;20;21;26;28;30;32;35;37;38;40;41;43;44;53,54,2.319557903409004,1.4135580109152095,0.49,1;2;4;7;10;11;12;13;14;15;16;17;18;20;21;22;23;25;27;28;30;31;34;36;38;39;43;50;51;54;55;56;58;60;62;63;66;68;74;78;85;86;88;89;90;94;95;99;100,100
A0A653FAQ0,0.9565217391304348,1;2;3;4;5;6;7;8;9;10;11;12;13;15;16;17;18;19;20;21;22;23,23,3.099398134946823,1.1066898603632884,0.75,1;2;5;7;8;10;11;13;14;15;16;17;19;20;22;24;25;27;28;30;31;32;33;34;38;39;40;41;42;43;44;45;47;48;50;53;54;56;57;59;60;61;62;63;65;66;67;68;69;70;71;72;73;74;75;76;77;78;80;82;83;84;85;86;89;90;91;92;93;94;95;96;98;99;100,100
A0A653FCI4,0.13636363636363635,8;9;14;26;34;40,44,2.5966608083248137,1.2129086908340516,0.46,1;6;8;12;14;16;17;18;19;20;21;22;24;26;33;36;38;39;41;45;47;51;53;54;57;62;63;64;65;66;68;69;70;71;72;74;78;79;81;83;85;89;91;94;97;99,100
A0A6A0AQ11,0.30612244897959184,3;12;15;20;21;23;24;25;29;36;39;41;42;47;49,49,2.425291142463684,1.034428407849492,0.95,1;2;3;4;5;6;7;8;9;10;11;12;13;14;15;16;17;18;19;20;21;22;23;24;25;26;27;28;29;30;31;32;33;34;35;36;37;39;40;41;42;43;45;46;47;48;49;50;51;52;53;54;55;56;57;58;59;60;61;62;63;64;65;66;67;69;70;71;72;74;75;76;77;78;79;80;81;82;83;84;85;86;87;88;89;90;91;92;93;94;95;96;97;99;100,100
A0A6G3SLA6,0.17543859649122806,11;18;19;24;34;36;41;42;44;45,57,2.387693154811859,1.2959919733323704,0.49,2;3;4;5;7;8;9;10;12;13;18;19;20;24;26;28;29;31;32;33;35;40;46;49;51;52;53;54;57;59;62;66;67;72;73;74;75;77;85;86;87;88;89;90;91;92;93;99;100,100
A0A6G4AHJ1,0.36,2;3;4;5;7;10;12;14;15;20;24;25;31;35;44;47;48;50,50,2.483138439655304,1.238985857831814,0.51,1;4;5;6;7;9;10;13;14;17;18;20;21;23;24;25;27;28;29;31;37;38;43;45;46;48;49;50;52;54;56;58;66;71;72;73;74;75;78;79;80;81;82;84;89;90;91;92;93;94;98,100
A0A6G9XS88,0.05555555555555555,2;24,36,2.6527048444747923,1.081077424459508,0.01,27,100
A0A6G9XT36,0.21052631578947367,2;3;7;8;11;14;23;31;45;48;54;56,57,2.2938540107011796,1.295209452067361,0.27,1;2;4;13;14;15;17;19;20;26;38;40;50;56;63;64;65;66;68;69;75;76;77;82;86;94;98,100
A0A6G9YM63,0.7121212121212122,1;2;3;5;6;7;8;9;10;11;14;15;16;19;20;21;23;24;25;27;28;29;30;31;33;34;35;36;37;38;40;41;42;43;44;45;47;51;52;53;54;56;57;58;60;62;66,66,1.8433460134267807,1.2234333445679573,0.18,24;26;33;47;49;55;59;62;64;66;67;74;77;78;84;90;93;99,100
A0A6G9YNU3,0.17073170731707318,4;9;11;18;19;23;40,41,2.8532051956653595,1.4248324464789395,0.42,1;2;3;9;10;11;14;18;20;22;24;25;26;27;28;30;31;33;34;37;39;42;47;48;50;52;56;58;62;70;71;77;78;85;86;87;88;90;93;94;95;100,100
A0A6G9Z057,0.1864406779661017,7;15;16;25;26;27;34;36;39;44;56,59,2.1895790231227874,1.194273837775487,0.09,19;24;49;56;60;63;71;85;94,100
A0A6G9Z0E6,0.1875,13;24;26;33;37;38;43;51;52;57;62;64,64,2.027856317162514,1.2358691887946442,0.45,2;5;6;9;10;11;12;14;17;18;21;24;26;27;28;30;31;33;35;37;38;40;41;42;43;44;48;53;54;59;60;61;64;70;73;75;76;77;82;85;89;90;94;95;97,100
A0A6G9Z2E5,0.8448275862068966,1;2;3;4;5;6;7;8;9;10;11;12;13;14;15;16;17;18;19;20;21;22;23;24;26;27;28;30;32;34;35;37;38;40;41;42;43;44;46;47;48;49;50;51;52;53;54;55;57,58,2.1836969673633577,1.193693620839001,0.88,1;2;3;4;5;6;7;8;9;10;11;12;13;14;15;16;17;18;19;20;21;22;23;25;26;27;28;29;30;31;32;33;34;35;36;38;39;40;41;42;43;44;45;46;47;48;49;52;53;54;55;56;57;58;59;60;62;63;64;65;67;69;70;71;72;73;75;76;78;79;80;81;82;83;84;86;87;88;89;90;91;92;94;95;96;97;98;100,100
A0A6G9ZF28,0.34615384615384615,2;3;7;9;10;11;20;22;23,26,2.8703638279438017,1.0097267991409402,0.25,5;7;10;17;19;25;31;33;35;47;50;51;52;54;58;63;68;69;79;81;86;87;89;91;99,100
A0A6H0S7C9,0.2857142857142857,3;5;16;18;20;21,21,3.2128075909614564,1.0447552945631682,0.35,6;20;21;23;25;32;35;37;42;49;50;56;61;63;65;67;68;69;70;72;73;79;82;83;84;86;87;88;91;92;93;94;95;99;100,100
A0A6I3L2J0,0.43137254901960786,2;3;6;7;8;16;17;18;19;20;21;22;25;27;28;32;34;39;40;43;46;47,51,2.3153938496112825,1.2056746202744235,0.71,1;2;4;5;6;7;9;10;11;12;13;16;17;18;19;23;24;25;26;27;32;33;35;36;39;40;43;44;45;46;48;49;50;52;53;54;55;57;58;59;61;62;64;65;67;68;69;70;71;72;73;74;75;76;78;80;81;82;83;85;86;87;88;89;90;91;92;95;96;97;100,100
A0A6J5A950,0.07894736842105263,4;15;38,38,2.6440964382886887,1.2242223813999609,0.02,46;92,100
A0A6N4URH6,0.21621621621621623,1;2;7;8;22;27;33;34,37,2.5649350440502166,1.1428236342761475,0.05,41;71;72;89;100,100
A0A6N4VDZ9,0.0,,37,2.7532219272851943,1.1646576140157787,0.0,,100
A0A6N4W3I8,0.16666666666666666,3;5;8;12;20,30,2.9319996142387392,1.0454786607941928,0.16,10;17;20;24;28;29;31;37;53;65;66;84;87;96;97;98,100
A0A6N4W768,0.05128205128205128,7;22,39,2.6787947273254393,1.1516318017335452,0.04,14;15;59;62,100
A0A6P1CTQ2,0.43548387096774194,1;2;3;5;6;7;9;14;16;17;18;20;23;30;33;34;35;36;38;39;40;41;45;46;54;55;61,62,2.0542192780971527,1.039814102596751,0.26,5;6;7;9;11;12;13;22;23;26;36;41;43;46;50;60;64;68;74;82;84;86;92;93;95;99,100
A0A6P1D575,0.6557377049180327,2;3;4;5;7;10;11;13;15;18;19;20;23;24;26;27;28;29;31;32;33;34;35;37;38;40;41;42;43;44;45;46;48;49;50;52;53;55;58;61,61,2.237400411963463,1.2582690100454383,0.87,1;2;3;4;5;6;7;8;9;10;11;12;13;14;15;16;17;18;19;20;21;22;23;25;26;27;28;29;30;31;32;33;34;36;37;38;39;40;41;42;44;45;46;48;49;50;51;52;53;54;55;56;57;58;59;60;61;62;63;64;65;66;67;69;70;72;74;75;76;78;79;80;81;82;84;85;86;87;89;90;91;93;94;95;96;97;99,100
A0A6S6NYQ7,0.2631578947368421,6;9;18;19;20;28;32;34;39;40;42;48;50;53;54,57,2.3017203259468078,1.3878259878579786,0.11,13;16;25;42;51;53;67;70;73;82;89,100
A0A6S6P6D8,0.15384615384615385,10;12;13;14,26,2.9658685290813445,0.9952449989267075,0.04,11;17;24;62,100
A0A7D6E1I6,0.30357142857142855,2;9;11;15;17;20;22;24;26;33;34;37;39;40;42;45;48,56,2.1660065120458603,1.3229822188974665,0.5,1;2;3;4;5;6;13;14;16;17;18;20;21;22;24;25;27;31;33;34;35;37;40;42;46;47;50;54;55;57;59;60;61;65;69;71;73;74;75;77;78;79;82;86;87;89;91;96;97;100,100
A0A7D6ZHA2,0.02631578947368421,33,38,2.9138627648353577,1.2744944820073363,0.02,18;87,100
A0A7G1KQI6,0.26785714285714285,11;17;19;22;23;27;31;32;33;34;37;41;44;45;49,56,2.31326869904995,1.3321552088978503,0.71,1;2;3;4;5;6;7;9;11;12;13;14;15;16;17;18;20;21;23;24;25;26;29;31;32;33;38;40;41;42;43;44;45;46;47;48;49;50;51;52;55;57;58;61;63;64;67;69;70;71;73;75;77;79;80;81;83;84;86;87;88;89;90;92;93;95;96;97;98;99;100,100
A0A7G8PBZ5,0.5777777777777777,1;4;5;7;9;10;13;14;15;19;22;23;26;27;28;29;31;32;33;35;36;37;38;41;43;45,45,2.650491976737976,1.1938605754364722,0.9,1;2;3;4;5;6;7;8;9;10;11;12;14;15;16;17;18;19;20;21;22;23;24;25;26;27;28;29;30;31;32;33;34;35;36;38;39;40;41;42;43;44;45;46;47;48;49;50;51;52;53;55;56;57;58;59;60;61;63;65;66;70;71;72;73;74;75;76;77;78;79;80;81;82;83;84;85;86;87;88;90;91;92;93;94;96;97;98;99;100,100
A0A7G8PH04,0.0425531914893617,19;26,47,2.6414538979530335,1.2848055517930281,0.21,3;5;7;14;16;22;30;34;39;42;48;55;59;62;63;67;73;75;77;96;97,100
A0A7G8PH05,0.4339622641509434,7;11;13;15;16;17;19;25;26;27;29;31;32;34;35;36;37;38;41;42;44;45;48,53,2.3467784863710404,1.261718240079184,0.55,1;3;4;5;7;8;9;11;13;15;18;25;28;34;38;39;40;44;45;46;47;48;52;53;56;57;58;59;60;61;63;64;66;68;69;70;71;72;74;75;76;77;78;79;81;82;83;86;87;89;91;93;94;99;100,100
A0A7H0I6F1,0.1,1;2;4;15;18,50,2.3305401664972307,1.2277041747450315,0.12,3;26;35;59;66;75;76;78;85;86;90;99,100
A0A7H1Q5K4,0.02857142857142857,17,35,2.673693011403084,1.201967252140528,0.01,26,100
A0A7I7JNU6,0.44285714285714284,2;4;6;7;8;9;10;11;15;18;19;23;25;29;30;31;32;33;37;40;42;43;45;50;53;54;56;59;61;63;64,70,1.8941239660978317,1.3702989494313214,0.37,1;3;4;5;6;8;11;12;15;18;21;22;23;26;28;31;32;34;38;45;46;50;53;54;55;56;62;63;64;67;73;77;81;82;88;90;97,100
A0A7I7KQ88,0.3050847457627119,1;3;7;19;20;21;22;24;27;28;31;34;37;38;39;42;44;56,59,2.145230073928833,1.438306402927341,0.27,11;14;19;21;22;23;33;34;35;39;44;47;53;54;59;61;63;65;66;69;75;82;88;89;93;94;97,100
A0A7I7LJC3,0.21428571428571427,2;12;13;17;21;23;26;29;42,42,2.59863312125206,1.1477442625621959,0.04,2;20;26;55,100
A0A7I7MPF4,0.4528301886792453,1;2;3;4;5;6;7;10;11;13;15;16;18;19;24;25;30;31;32;38;40;42;44;49,53,2.4639031362533568,1.4541362242507674,0.85,1;2;3;4;5;6;7;8;9;10;11;12;13;14;15;16;17;18;20;21;22;23;25;26;27;28;29;31;32;33;34;35;36;38;39;40;41;42;43;44;45;46;47;49;50;51;52;53;56;57;60;61;63;65;66;67;68;70;71;72;73;74;75;76;77;78;79;80;81;82;83;84;86;87;88;89;90;91;92;93;94;95;96;98;99,100
A0A7I7NVN0,0.02040816326530612,5,49,2.427947506904602,1.3427829300780638,0.04,33;40;47;52,100
A0A7I7P449,0.5490196078431373,1;3;4;5;6;8;9;10;11;12;15;16;21;24;25;26;27;29;33;34;36;37;38;39;40;41;42;47,51,2.228040457367897,1.0071904790661965,0.68,1;2;5;7;8;9;10;11;12;16;20;21;22;24;26;27;28;29;31;33;34;35;37;38;40;41;42;43;45;48;49;50;52;53;54;55;56;57;59;61;62;63;64;65;66;67;70;71;72;73;75;76;78;79;81;82;84;85;87;88;89;91;93;96;97;98;99;100,100
A0A7I7PH49,0.14035087719298245,7;18;20;24;33;40;51;53,57,2.215514262318611,1.234610636184618,0.18,1;3;5;10;28;34;37;44;50;51;58;59;60;72;75;86;88;91,100
A0A7I7PIE9,0.32142857142857145,3;6;8;11;14;16;18;19;22;26;31;39;43;45;47;48;52;53,56,2.1511931651830674,1.19634385300339,0.37,1;3;5;7;10;12;13;14;15;17;18;22;27;32;33;34;38;42;43;45;46;59;60;64;67;68;69;71;73;75;84;85;88;89;96;98;99,100
A0A7I7Q331,0.01818181818181818,11,55,2.18468750834465,1.2920383273863991,0.0,,100
A0A7I7Q4Z2,0.20512820512820512,1;2;3;9;16;22;23;36,39,2.8178493583202364,1.404915599761784,0.23,1;9;10;11;12;13;24;26;37;44;47;51;53;58;61;63;70;71;82;87;89;95;96,100
A0A7I7QB07,0.4857142857142857,1;6;7;11;14;15;16;17;18;19;21;23;26;28;31;32;35,35,2.6485463881492617,0.9189653441428125,0.94,1;2;3;4;5;6;7;8;9;10;11;12;13;14;15;16;17;18;19;20;21;22;23;24;25;26;27;28;29;30;31;32;33;34;35;36;38;39;40;41;42;43;44;45;46;47;48;49;50;51;52;53;54;55;56;57;58;59;60;61;62;63;64;65;66;67;68;69;70;71;72;73;74;76;77;79;80;81;82;83;84;85;86;87;88;89;90;91;92;93;95;96;98;100,100
A0A7I7QL20,0.375,4;7;8;13;14;16,16,3.0459535455703737,0.9161358078710844,0.29,2;8;10;12;15;16;18;24;26;30;52;54;57;59;62;64;66;68;72;76;78;80;82;85;88;90;92;95;96,100
A0A7I7QP40,0.4186046511627907,1;4;6;9;11;14;15;16;18;20;26;28;31;35;36;39;40;41,43,2.6664830827713013,1.3568912066344274,0.03,46;47;54,100
A0A7I7QP46,0.7,1;2;3;4;5;6;7;8;9;10;11;12;13;16;17;19;20;21;22;23;24;27;28;29;30;32;33;34;35;36;37;40;41;42;43;44;45;46;50;52;54;59,60,2.1404783689975737,1.1122799317270102,0.58,2;4;5;6;8;9;10;11;12;13;15;16;18;19;20;21;23;27;29;30;31;32;33;36;37;39;41;43;44;45;48;49;50;53;55;56;58;61;63;65;66;69;70;73;74;76;78;80;84;85;86;90;91;93;94;95;98;100,100
A0A7I7R3J2,0.5740740740740741,1;4;5;6;7;8;9;12;13;14;15;18;20;22;23;24;25;28;30;32;33;35;36;38;39;40;45;46;47;49;51,54,2.3140922087430953,1.128255695901541,0.62,1;2;4;5;7;8;9;11;14;17;18;19;20;21;22;23;25;28;29;30;31;33;34;35;37;38;39;40;42;45;49;50;51;52;53;55;57;58;60;61;62;63;65;66;70;74;77;78;79;81;84;85;86;87;88;89;91;95;96;97;99;100,100
A0A7I7RUI0,0.22,3;4;8;11;13;14;15;21;34;37;50,50,2.3062101763486864,1.2292640382074453,0.03,9;82;89,100
A0A7I7RZ78,0.171875,6;10;15;16;21;25;27;39;42;51;53,64,2.1285280656814574,1.258504712099688,0.33,2;3;5;10;11;13;14;15;23;28;31;39;40;43;47;50;54;55;60;63;64;65;66;67;77;79;81;82;83;84;87;91;95,100
A0A7I7S1X3,0.0425531914893617,14;31,47,2.4501116383075714,1.1914391275518663,0.07,31;35;50;60;81;82;90,100
A0A7I7SCY4,0.0625,5;28,32,2.8227440559864045,1.0402937620797965,0.22,5;8;20;24;45;48;50;57;58;59;62;69;74;75;83;84;85;89;90;96;97;98,100
A0A7I7SXJ5,0.11627906976744186,3;9;17;31;42,43,2.682774540185928,1.4025915579734811,0.08,12;21;23;35;63;90;92;94,100
A0A7I7TD11,0.559322033898305,1;3;5;6;7;8;10;11;12;14;15;17;20;21;24;26;27;28;29;30;31;32;34;36;37;39;40;41;46;47;48;52;56,59,2.1582288050651552,1.097931473398715,0.5,1;2;3;6;7;9;11;12;13;15;16;18;19;22;24;26;27;28;30;31;33;36;37;45;50;51;55;57;58;61;62;63;64;66;69;71;77;78;79;80;81;83;85;87;89;90;92;93;97;99,100
A0A7I7UBW3,0.5428571428571428,2;8;11;13;16;19;20;21;22;23;24;27;28;29;30;31;33;34;35,35,2.8271059453487397,1.1696963844709491,0.79,1;2;3;4;5;6;7;8;9;10;11;12;13;14;16;17;18;19;20;21;22;23;24;25;26;27;28;29;30;31;33;34;35;36;37;39;40;41;42;43;44;45;52;53;54;55;56;57;58;59;60;61;62;63;65;66;68;71;72;73;74;75;76;77;78;82;83;85;86;88;89;90;91;92;93;96;97;98;100,100
A0A7I7VZ71,0.2916666666666667,3;4;7;17;21;22;23;24;30;31;33;36;40;44,48,2.5252617478370665,1.1737058257548145,0.04,63;83;87;88,100
A0A7I7WCE0,0.373134328358209,1;4;6;10;13;14;18;19;22;23;24;25;31;32;33;35;40;42;44;46;50;53;54;55;67,67,1.9616183567047119,1.1451095206636501,0.69,1;2;3;4;5;6;8;9;10;11;13;14;15;16;17;18;19;20;22;23;24;26;27;28;30;31;32;34;35;38;42;44;45;46;47;48;54;56;57;58;59;61;62;66;67;68;69;70;71;72;73;75;76;77;79;81;83;85;87;88;90;91;92;94;96;97;98;99;100,100
A0A7I7WJN8,0.06666666666666667,2;15;26;39,60,2.1713973265886306,1.3274533545160743,0.22,3;7;10;11;18;19;20;23;24;27;34;37;38;50;52;54;70;71;77;85;93;96,100
A0A7I7X9D1,0.45,4;5;7;8;9;11;13;15;16;17;20;28;33;34;36;37;38;40,40,2.679781674742699,1.157119573347249,0.87,1;2;3;4;5;6;7;8;11;12;13;14;15;16;17;18;19;20;21;23;24;25;26;27;28;29;30;31;32;33;35;36;37;40;41;42;43;44;46;47;48;49;50;51;52;53;55;57;58;59;60;61;62;64;65;66;67;68;69;70;71;72;74;75;76;77;78;79;80;81;82;83;84;85;86;87;88;89;90;91;92;94;95;96;97;98;100,100
A0A7I7X9S1,0.13114754098360656,3;6;12;16;19;27;29;37,61,2.1419407081604005,1.140385434498471,0.1,1;2;5;7;15;33;53;61;64;88,100
A0A7I7X9S2,0.38636363636363635,1;2;6;9;12;23;24;30;31;34;35;36;37;38;39;41;42,44,2.4984327256679535,1.3555305278888936,0.34,1;2;5;7;9;12;17;20;21;23;25;28;30;33;34;35;37;45;51;55;56;59;62;63;64;68;75;76;77;78;89;96;99;100,100
A0A7I7XP41,0.06666666666666667,1;11;17,45,2.6717588585615157,1.366341009063606,0.12,22;30;31;32;37;39;48;54;61;82;93;99,100
A0A7I7XXG0,0.3611111111111111,3;8;9;14;15;18;20;22;25;26;28;31;34,36,2.742794234752655,1.1103492540324638,0.03,12;50;66,100
A0A7I7YUU0,0.07692307692307693,10;11;48;60;65,65,2.037373498082161,1.2035305729002002,0.33,3;4;5;10;12;14;15;16;21;23;28;29;34;37;39;41;43;50;53;54;57;61;62;65;67;81;89;92;94;95;96;97;100,100
A0A7I7YXB1,0.1794871794871795,20;23;28;29;31;32;34,39,2.663462986946106,1.032956004294664,0.03,37;49;99,100
A0A7I7ZRH7,0.5434782608695652,1;2;3;4;5;6;10;12;13;14;15;17;18;19;23;27;29;30;31;33;34;35;37;41;45,46,2.5319230377674105,1.3228585424057744,0.78,2;3;5;6;7;9;10;11;12;13;14;15;16;19;20;21;22;23;24;25;26;27;28;29;30;31;32;35;36;37;38;39;40;41;42;43;44;45;46;47;48;49;51;53;54;55;59;60;61;62;63;64;66;67;68;69;70;71;72;73;74;76;78;79;80;81;82;83;84;86;87;88;89;91;92;97;98;99,100
A0A7I9WQZ1,0.023255813953488372,7,43,2.5613514190912245,1.2895207425580515,0.02,7;34,100
A0A7I9XMW5,0.2926829268292683,5;11;19;20;25;31;32;33;34;37;40;41,41,2.739022813439369,1.3317695934540321,0.28,2;7;8;11;13;14;19;22;23;25;35;36;45;47;48;50;55;60;62;66;67;70;73;82;85;89;93;100,100
A0A7I9Y2B3,0.27419354838709675,1;2;3;5;6;7;8;14;16;18;21;22;26;29;32;43;55,62,2.0497601878643037,1.2717376086676297,0.22,9;15;16;17;18;24;28;30;32;36;41;42;44;51;52;58;66;69;70;82;95;99,100
A0A7I9YES0,0.603448275862069,2;3;6;8;9;10;12;13;14;18;19;20;21;22;23;25;26;27;28;30;31;34;35;37;39;40;41;43;44;45;47;49;51;53;58,58,2.255884724855423,1.3657795045861978,0.49,1;2;3;6;9;10;15;17;19;23;24;25;27;28;29;33;35;36;38;39;41;42;45;47;49;50;53;57;59;61;63;66;67;70;71;72;73;77;78;80;81;83;84;85;88;92;94;96;97,100
A0A7I9YMY6,0.32142857142857145,2;4;7;9;12;18;21;23;25;27;29;30;33;38;41;44;47;52,56,2.4538164740800856,1.3440562309900623,0.45,3;5;6;7;11;12;15;20;21;22;26;31;33;38;39;40;43;44;48;49;50;51;52;54;55;56;57;59;61;62;63;64;66;69;70;71;76;78;85;88;91;93;95;96;100,100
A0A7I9YZ18,0.5,1;5;7;8;13;14;15;16;17;20;25;27;31;32;33;35;36;37;38,38,2.461089153289795,0.8967157887306803,0.91,1;2;3;4;5;6;7;8;9;10;11;12;13;14;15;16;17;18;19;20;21;22;23;24;25;26;27;28;29;30;31;32;33;34;35;37;38;40;42;43;45;46;47;48;49;50;51;52;53;54;55;56;57;58;59;60;61;62;63;64;65;66;69;70;71;72;73;74;75;76;77;78;79;80;81;83;84;85;86;87;88;89;91;92;94;95;96;97;98;99;100,100
A0A7I9Z5A6,0.35,2;3;7;17;18;21;26;27;31;34;36;37;39;40,40,2.5672134733200074,1.0805970941965661,0.73,1;2;3;5;7;8;9;10;12;14;15;16;17;18;19;20;22;23;27;28;29;30;32;33;34;35;36;37;38;39;40;41;42;43;44;45;46;47;49;51;53;55;57;59;60;61;65;67;68;69;70;71;72;73;76;78;80;81;82;83;84;86;87;88;90;91;92;93;94;95;96;97;98,100
A0A7I9Z705,0.4528301886792453,1;5;9;10;14;18;19;22;27;28;29;30;31;33;35;36;39;40;43;45;46;49;50;51,53,2.379074786901474,1.1966754547584335,0.58,1;4;9;10;11;12;15;16;18;19;21;22;23;24;26;27;28;30;32;35;36;38;41;42;44;46;47;49;50;51;52;54;55;59;60;61;62;63;64;66;67;68;71;72;73;77;79;80;84;86;87;91;92;93;94;98;99;100,100
A0A7I9ZAR1,0.12280701754385964,2;3;9;14;37;42;46,57,2.1968520921468735,1.2103254071018004,0.04,6;62;90;93,100
A0A7I9ZCH7,0.45588235294117646,2;5;9;10;11;13;15;17;18;19;24;25;27;29;30;31;36;37;39;41;42;44;47;48;49;51;56;58;60;62;64,68,1.8144026523828507,0.9619901647964878,0.52,1;2;3;5;6;9;10;11;13;15;16;17;18;19;23;26;27;29;31;32;33;34;36;37;38;41;42;43;45;50;51;54;56;58;59;60;62;63;64;70;74;75;77;78;79;80;82;83;90;94;96;99,100
A0A7I9ZRY4,0.24,3;11;12;14;16;22;25;26;27;34;41;42,50,2.3345211136341093,1.119321830074918,0.4,10;13;16;21;22;26;28;29;30;31;35;38;42;43;44;45;46;54;57;59;61;63;64;65;69;72;74;75;76;79;80;82;84;87;88;89;90;91;92;95,100
A0A7K0D4H1,0.4745762711864407,1;4;7;8;10;11;13;19;21;22;23;26;27;28;30;31;32;34;38;41;42;43;44;47;50;55;56;59,59,2.1382368284463884,1.1512859175218122,0.93,1;2;3;4;5;6;7;8;9;10;11;13;15;16;17;18;19;20;21;22;23;24;25;26;27;28;29;30;31;32;33;34;35;36;37;38;39;40;41;42;43;44;45;46;48;50;51;52;53;54;55;56;57;58;59;60;61;62;63;64;65;66;67;68;69;70;71;72;73;74;75;76;77;78;79;80;81;82;83;84;85;86;87;88;89;90;91;93;94;95;97;98;100,100
A0A7K0DM07,0.0,,62,2.034533051252365,1.2143835431686074,0.0,,100
A0A7K1VB93,0.31746031746031744,2;5;13;15;18;19;22;24;28;30;34;36;39;40;42;51;54;57;61;62,63,2.0443949085474014,1.1860278101495696,0.64,1;2;3;4;5;6;7;8;9;10;11;13;15;16;18;20;21;23;24;25;26;27;28;29;30;32;33;36;37;39;40;42;45;46;47;48;49;51;52;53;55;59;60;61;62;64;65;66;68;69;70;71;72;73;75;77;82;83;88;89;90;92;98;99,100
A0A7K3LE40,0.2608695652173913,1;2;5;8;10;12;15;16;22;29;41;43,46,2.5963086599111556,1.4781734949783965,0.24,5;16;17;21;35;39;41;54;58;60;61;65;66;67;69;73;76;81;87;90;92;93;95;97,100
A0A7K3R588,0.32653061224489793,2;6;8;13;14;19;21;23;29;30;31;32;35;44;45;47,49,2.4486050951480864,1.2334857088221876,0.65,1;3;4;7;8;9;10;11;12;13;14;16;17;18;19;22;23;25;26;27;29;30;31;33;34;36;37;38;40;41;42;46;47;48;49;50;51;52;53;54;55;59;60;62;63;67;68;69;71;72;73;76;78;80;81;82;83;85;87;90;93;94;96;97;98,100
A0A7R7MY24,0.2830188679245283,2;4;7;12;16;21;23;27;36;41;43;46;49;50;51,53,2.3613731503486632,1.1213012258159338,0.48,3;5;8;10;13;14;15;16;19;20;22;24;25;27;28;29;31;32;33;34;35;36;37;40;42;46;48;51;52;53;54;57;59;62;63;65;69;70;75;76;77;87;90;91;93;94;95;96,100
A0A7T1TD85,0.28125,5;6;8;10;12;15;16;20;27,32,2.777671995162964,1.067898939287494,0.08,37;38;53;62;63;73;76;79,100
A0A7U5MR51,0.5522388059701493,1;3;4;9;11;12;13;15;16;18;20;22;25;26;27;28;30;31;32;35;36;37;38;40;41;42;43;44;45;48;53;54;55;56;58;62;64,67,1.8835228365659713,0.9902821656303584,0.71,1;2;3;4;5;7;8;9;11;12;14;16;17;19;20;21;23;25;26;28;31;34;35;36;37;38;39;41;42;44;45;46;50;51;52;53;54;56;58;59;60;61;63;64;66;68;70;71;72;73;74;75;76;79;80;81;82;83;84;86;87;89;90;92;93;95;96;97;98;99;100,100
A0A7U5RWM8,0.4489795918367347,3;4;5;6;8;12;14;17;19;20;22;23;28;29;30;31;33;36;38;40;47;48,49,2.437474883198738,1.285387072592394,0.62,1;2;3;4;5;6;7;9;11;12;13;14;15;16;19;20;22;23;24;26;27;28;33;34;35;36;40;42;43;45;47;49;50;51;53;54;55;59;62;63;64;66;67;69;74;75;76;77;79;80;81;82;84;85;86;88;89;90;92;94;96;97,100
A0A7U5RXC1,0.453125,1;2;5;10;11;12;13;14;15;20;22;24;27;29;30;35;36;40;41;42;43;44;45;47;48;49;51;53;62,64,2.01186861038208,1.1331401481065533,0.78,1;3;4;5;6;7;8;9;10;12;13;14;15;16;17;18;19;20;21;22;23;24;26;27;29;30;31;32;34;35;36;38;39;42;43;44;45;46;47;48;49;50;51;52;53;54;57;58;59;60;62;63;64;65;66;69;70;71;73;74;77;78;81;82;83;85;86;87;89;90;91;92;93;94;96;97;98;100,100
A0A7U9Q384,0.5862068965517241,2;3;4;7;10;12;13;16;18;19;22;23;25;26;27;31;32;34;35;36;37;38;40;43;44;45;48;50;51;52;54;56;57;58,58,2.10127699136734,1.2446013937433895,0.76,1;2;4;5;6;7;8;9;10;11;12;13;14;15;16;17;18;19;20;21;22;23;24;25;26;27;28;29;30;31;32;33;34;36;37;38;40;41;43;44;45;47;48;49;50;51;52;54;55;57;58;59;60;61;62;63;64;66;67;69;70;71;72;73;74;75;76;79;84;86;87;88;91;96;97;98,100
A0A7V8LNU0,0.6515151515151515,2;4;5;6;7;8;9;12;13;14;17;19;20;21;22;23;24;25;26;27;28;29;30;33;38;40;43;44;46;49;50;51;53;55;56;58;59;61;62;63;64;65;66,66,1.9701102429628372,1.0113011776778709,0.98,1;2;3;4;5;6;7;8;9;10;11;12;13;14;15;16;17;18;19;20;21;22;23;24;25;26;27;28;30;31;32;33;34;35;36;37;38;39;40;41;42;43;44;45;46;47;48;49;50;51;52;53;54;55;56;57;58;59;60;61;62;63;64;65;66;68;69;70;71;72;73;74;75;76;77;78;79;80;81;82;83;84;85;86;87;88;89;90;91;92;93;94;95;96;97;98;99;100,100
A0A7V8RXZ3,0.07407407407407407,14;20;28;36,54,2.272073833346367,1.1686067154314654,0.49,1;4;5;6;7;8;9;10;11;12;13;14;15;17;19;23;24;26;27;28;34;37;38;39;41;43;45;47;50;54;55;56;57;60;66;68;69;72;74;78;80;82;86;88;89;93;96;97;99,100
A0A7V8RXZ7,0.41509433962264153,1;3;4;6;8;9;10;11;12;14;16;18;19;21;22;23;28;32;35;37;45;52,53,2.4690363574028016,1.2795925416873735,0.62,1;2;3;5;6;7;9;10;11;13;17;18;20;21;22;23;25;27;31;32;33;36;38;39;40;41;42;43;44;47;48;51;53;54;55;56;57;63;64;67;70;71;74;76;77;78;79;81;82;83;86;87;89;90;91;92;94;95;96;97;98;100,100
A0A7V8RYM6,0.4027777777777778,4;7;10;11;14;15;20;21;31;32;35;36;37;38;42;46;47;53;54;56;57;59;60;61;64;65;67;70;71,72,1.762630416750908,1.1957037258736822,0.9,1;3;4;5;6;7;8;9;10;11;12;13;14;16;17;18;19;20;21;22;23;24;25;26;27;28;29;30;31;32;34;35;36;37;40;41;42;43;44;45;46;47;48;49;50;51;52;53;55;56;57;58;59;60;61;62;63;64;66;67;68;70;71;72;73;74;75;76;77;78;80;81;83;84;85;86;87;88;89;90;91;92;93;94;95;96;97;98;99;100,100
A0A7W6BWA9,0.2923076923076923,5;8;15;17;18;19;25;26;32;33;40;42;43;44;46;50;53;57;58,65,2.054759573340416,1.0951272810215673,0.63,3;5;6;7;11;13;15;16;17;19;20;21;22;23;24;27;30;32;33;34;35;36;37;38;39;40;42;43;45;46;49;52;56;58;59;60;62;63;64;65;67;69;72;73;74;75;76;81;82;83;86;87;89;90;91;92;93;95;96;97;98;99;100,100
A0A7W7VZ67,0.38636363636363635,3;8;9;11;14;15;17;19;23;24;25;28;29;31;35;37;42,44,2.5285293042659758,1.098986562518015,0.27,1;2;4;9;12;22;23;25;26;27;28;30;38;40;42;45;48;53;54;57;75;76;77;79;82;86;99,100
A0A7W8BW88,0.4722222222222222,4;7;8;11;14;15;17;20;21;22;23;24;25;26;27;34;36,36,2.702784863114357,1.1931627450260491,0.74,1;2;3;4;6;7;8;9;11;12;13;15;16;17;18;19;22;23;24;26;27;28;29;30;31;32;35;37;40;41;42;43;44;45;46;47;48;49;50;51;52;53;55;57;59;60;62;63;65;66;67;68;69;70;71;72;75;76;77;79;80;81;82;83;84;86;87;90;91;92;93;94;95;98,100
A0A7W9NKR9,0.19298245614035087,7;15;18;25;26;27;31;35;37;42;50,57,2.1192537373304368,1.2170805601655366,0.52,1;3;5;6;7;9;10;11;12;13;14;15;19;20;21;22;27;28;29;31;32;34;39;41;43;44;45;48;49;51;53;55;59;60;62;63;64;66;67;69;70;71;72;74;79;82;83;85;87;88;92;95,100
A0A7W9PLQ8,0.22807017543859648,3;5;9;11;15;22;23;24;29;37;44;55;56,57,2.1794138836860655,1.2644247919510767,0.7,1;2;3;4;7;8;10;11;12;13;16;17;18;19;20;21;23;24;25;27;28;29;30;31;33;34;35;39;40;41;42;44;45;46;49;51;52;53;54;55;56;57;58;59;60;63;66;67;68;69;70;72;75;77;78;79;81;82;83;84;88;89;90;91;93;94;96;98;99;100,100
A0A7X5R533,0.4666666666666667,2;3;4;6;7;9;10;11;12;13;16;17;19;21;27;30;32;35;38;39;44,45,2.5623671758174895,1.4087984269013694,0.63,2;3;5;6;9;10;12;13;14;16;19;22;23;24;25;28;29;30;32;34;35;36;39;42;43;45;46;47;48;49;50;52;53;56;58;61;62;63;64;65;66;67;69;70;71;74;75;76;77;78;79;80;81;82;87;88;89;91;92;93;95;97;98,100
A0A7X5TUU1,0.41379310344827586,1;2;8;11;12;13;15;17;18;22;23;27,29,2.9910606932640076,1.0863663530426788,0.16,10;12;15;32;34;36;45;54;58;62;64;65;75;80;85;95,100
A0A7X6M5C6,0.03333333333333333,20;35,60,2.1469517147541044,1.3813086573923472,0.04,47;95;96;98,100
A0A7X6MIZ0,0.375,1;2;3;4;5;7;9;10;11;16;25;36;37;38;41;45;46;47,48,2.4286395645141603,1.207920871609239,0.85,1;2;3;4;5;6;7;8;9;10;12;13;14;15;16;17;19;20;21;22;23;24;25;26;27;28;29;30;31;32;33;34;35;36;37;38;39;40;41;42;43;44;45;47;48;49;50;51;52;54;55;56;58;59;60;61;62;63;64;66;67;68;69;70;71;72;73;74;75;76;77;78;80;81;83;85;87;89;90;92;95;96;98;99;100,100
A0A7X6MKH2,0.6,1;2;4;5;6;8;9;10;11;13;15;16;18;19;20;21;22;23;24;25;30;31;33;37;43;44;45,45,2.665044918656349,1.2260203444480682,0.62,1;2;3;6;8;9;10;11;13;14;16;17;19;22;23;25;28;29;30;31;33;35;36;37;40;42;44;45;46;47;49;50;51;52;55;56;57;58;59;60;62;63;64;67;68;69;70;73;74;75;76;79;80;83;84;85;89;90;93;97;98;100,100
A0A7X6R1D2,0.09523809523809523,9;12;16;51;53;55,63,2.1137371134757994,1.2271878671059975,0.18,26;28;37;39;41;43;45;56;75;81;84;88;90;93;96;97;98;100,100
A0A7Y9XV54,0.24,5;9;11;20;23;24,25,3.0674808764457704,1.087015969323396,0.58,1;4;5;6;7;8;9;11;14;15;16;17;18;19;20;21;22;23;25;26;28;29;30;31;32;33;36;37;41;42;43;46;47;50;51;52;53;58;59;60;62;65;67;68;69;72;74;76;78;79;81;84;85;86;89;92;93;95,100
A0A7Z0IKF1,0.46938775510204084,2;3;12;15;17;18;20;22;25;27;30;31;33;34;35;37;38;40;41;42;45;47;48,49,2.3590025532245638,1.2919685808877919,0.66,1;2;3;4;6;7;8;10;11;12;13;14;16;17;18;20;21;23;24;26;27;29;31;32;33;34;37;39;41;42;43;44;46;47;48;49;50;53;56;58;59;60;62;64;65;66;68;69;72;73;74;75;78;79;81;83;86;88;89;92;93;94;96;97;99;100,100
A0A7Z7ILT5,0.35185185185185186,2;3;6;7;8;9;10;13;15;18;26;28;29;31;34;35;39;43;47,54,2.3882077664136885,1.3203775790038808,0.28,6;11;26;27;30;34;36;39;43;49;50;52;54;55;66;68;73;76;78;79;83;86;87;88;89;90;97;99,100
A0A829HQL8,0.7457627118644068,2;3;4;5;6;8;9;10;12;13;14;15;16;19;20;21;22;23;25;26;27;29;30;31;33;34;35;36;37;38;39;40;41;42;44;45;47;48;51;52;53;54;57;59,59,2.0541377592086794,1.2438431951423221,0.8,1;2;3;4;6;7;8;9;10;11;12;13;15;16;17;18;19;20;21;22;23;24;25;26;28;29;30;31;33;34;35;37;38;39;40;41;42;43;44;45;46;47;49;50;51;52;53;54;55;57;58;59;60;62;64;65;66;68;69;70;71;72;73;74;75;76;77;78;80;81;85;89;90;92;93;96;97;98;99;100,100
A0A829HTG5,0.5084745762711864,4;5;6;7;9;10;12;16;17;19;20;22;23;25;27;28;29;31;32;33;34;36;39;40;42;45;49;54;55;56,59,2.083555701971054,0.9808009893318888,0.94,1;2;3;4;5;6;7;8;9;10;11;12;13;14;15;16;17;18;19;20;21;22;23;24;25;26;27;28;30;31;32;33;34;35;36;37;38;39;40;41;43;44;45;46;47;48;49;50;51;52;53;54;56;57;58;59;60;61;62;63;64;65;66;67;68;69;70;71;72;73;74;75;76;77;78;79;80;81;82;84;85;86;87;89;91;92;93;94;95;96;97;98;99;100,100
A0A829HWH3,0.5263157894736842,1;2;5;6;7;8;9;11;12;15;16;19;20;21;22;23;24;25;28;30;31;32;33;34;35;37;38;40;44;49,57,2.3499163782596586,1.1859029157434797,0.48,2;3;4;5;6;8;9;10;14;16;18;20;23;24;26;27;30;32;33;35;36;38;39;40;41;44;46;49;52;54;59;60;63;64;65;67;72;79;81;83;86;88;89;90;91;94;95;97,100
A0A829MDQ7,0.3898305084745763,2;4;8;10;12;13;14;15;26;27;30;31;37;39;41;43;44;47;48;49;51;53;58,59,2.0986583638191223,1.080331988450232,0.96,1;2;3;4;5;6;7;8;9;10;11;12;13;14;15;16;17;18;19;20;21;22;23;24;25;26;27;28;29;30;31;32;33;34;35;36;37;38;39;40;41;42;43;44;45;46;47;48;49;50;51;52;53;54;55;56;57;58;59;60;61;62;63;64;65;66;67;68;69;70;71;72;73;74;75;76;80;81;82;83;84;85;87;88;89;90;91;92;93;94;95;96;97;98;99;100,100
A0A829MIB4,0.5208333333333334,2;3;4;5;6;7;9;10;13;15;19;21;25;27;30;31;32;33;35;37;40;41;42;46;47,48,2.5008639085292814,1.0803567637720561,0.33,3;7;9;11;12;17;18;19;23;24;26;30;31;44;52;55;56;57;60;61;63;68;70;72;74;80;81;84;87;90;93;98;100,100
A0A829PKA2,0.5192307692307693,8;11;13;16;17;18;20;22;23;26;28;29;30;31;33;34;35;38;39;40;43;44;45;46;47;48;51,52,2.2108071118593218,1.3472129632670906,0.49,5;9;14;15;16;17;18;19;23;24;27;29;30;31;32;36;38;40;41;42;46;47;48;49;53;54;55;56;57;59;62;65;66;74;76;77;78;80;82;83;84;85;87;93;94;95;96;98;100,100
A0A829PS24,0.09090909090909091,11;30;47;49;50,55,2.2558229607343674,1.2510973037117812,0.54,3;4;5;6;7;8;9;10;11;13;17;19;20;22;23;24;26;28;29;30;31;33;34;41;42;43;45;46;48;54;56;59;60;62;63;65;66;68;73;74;78;79;80;81;82;83;87;88;90;93;94;95;99;100,100
A0A829PS58,0.2830188679245283,3;4;5;8;9;10;15;16;18;19;30;34;36;38;46,53,2.334732174873352,1.2550691908908804,0.6,1;2;4;5;6;7;8;9;10;12;13;14;17;19;20;21;25;28;30;31;32;33;36;40;42;44;46;48;49;50;51;53;54;56;58;59;60;63;64;66;70;71;73;75;76;77;78;79;80;81;82;87;89;90;91;92;94;96;98;100,100
A0A829PSZ5,0.5,2;4;5;6;11;12;13;14;15;16;17;18;21;23;26;28;29;30;31;39;41;43;45;46;47,50,2.3322298491001128,1.103470892476509,0.64,1;2;4;5;6;7;8;9;10;12;13;18;20;21;22;25;26;27;28;29;31;33;34;35;36;38;40;41;42;43;44;46;48;49;50;51;52;53;54;55;56;58;59;60;61;62;65;71;73;74;76;78;80;83;84;85;86;88;91;95;96;98;99;100,100
A0A829PY25,0.5454545454545454,1;2;3;5;6;8;9;10;11;13;14;17;19;23;24;25;27;28;31;32;33;35;41;42,44,2.577957425713539,1.2177814778611555,0.36,2;10;12;22;25;30;31;37;38;39;40;41;43;44;48;51;54;57;58;59;60;66;70;72;73;74;80;82;85;88;92;93;94;96;97;100,100
A0A829Q102,0.44776119402985076,3;5;6;9;10;12;13;15;16;17;18;19;20;21;23;26;28;32;33;35;39;42;43;44;48;51;53;59;63;67,67,2.0207842874526976,1.1613380843731997,0.95,1;2;3;4;5;6;7;8;9;10;12;13;14;15;16;17;18;19;20;21;22;23;24;25;26;27;28;29;30;31;32;33;34;35;36;37;38;39;40;41;42;43;44;45;46;47;48;49;50;51;52;53;54;55;56;57;58;59;60;61;62;63;65;66;67;68;69;70;71;72;73;74;75;76;77;78;79;80;81;82;84;85;86;87;89;90;91;92;93;94;95;96;97;98;99,100
A0A829Q1V2,0.4782608695652174,1;3;4;7;13;14;20;22;24;27;28;29;30;33;34;35;36;37;40;42;43;46,46,2.6705633968114855,1.4018488041177635,0.72,1;2;4;5;7;8;9;11;12;14;15;17;18;19;20;21;23;24;26;28;29;30;31;33;34;35;36;37;39;40;41;42;44;45;46;47;49;50;51;52;53;55;56;57;58;59;60;61;62;63;64;65;66;70;71;72;73;75;76;79;80;81;83;85;86;87;90;91;95;96;97;98,100
A0A829QF13,0.6551724137931034,1;2;3;4;5;7;8;9;11;12;14;15;16;18;20;24;25;27;28,29,2.8567945086956024,0.9681244852078924,0.98,1;2;3;4;5;6;7;8;9;10;11;12;13;14;15;16;17;18;19;20;21;22;23;24;25;26;27;28;29;30;31;32;33;34;35;36;37;38;39;40;41;42;43;44;45;46;47;48;49;50;51;52;53;54;55;56;57;58;59;60;61;62;63;64;66;67;68;69;70;71;72;73;74;75;76;77;78;79;80;81;82;83;84;85;86;87;88;89;90;91;92;93;94;95;96;97;98;100,100
A0A829QG83,0.0,,48,2.418536145091057,1.2719669046412327,0.0,,100
A0A829QKT7,0.0,,51,2.2772831112146377,1.3004329127515788,0.0,,100
A0A839Q3V9,0.03389830508474576,10;18,59,2.13439204454422,1.2638122619792806,0.0,,100
A0A840Q103,0.47692307692307695,4;5;6;8;9;11;15;18;19;20;21;23;24;26;27;29;33;35;36;37;38;39;40;41;42;45;46;48;55;57;65,65,2.061566796898842,1.155567039312749,0.6,1;2;3;4;5;6;8;9;10;12;13;14;16;17;18;19;20;23;25;27;28;29;30;31;32;36;42;43;44;46;47;48;49;50;53;56;58;59;60;63;64;66;68;70;75;77;78;79;80;81;82;85;86;88;92;95;96;98;99;100,100
A0A846MH08,0.5294117647058824,1;2;3;5;7;10;12;13;14;17;18;20;21;22;27;30;32;33,34,2.792342886328697,1.2195348352481117,0.88,1;2;3;4;5;6;7;9;11;12;13;14;15;16;17;18;19;20;21;22;23;24;25;26;27;28;29;30;31;32;34;35;36;37;38;39;40;41;42;43;44;46;47;48;49;51;52;53;54;55;56;57;58;59;60;61;62;63;64;65;66;67;68;69;71;72;73;75;77;78;79;80;81;83;84;85;87;89;90;91;92;93;94;96;97;98;99;100,100
A0A846VZQ1,0.5932203389830508,1;3;8;10;11;12;13;15;16;18;20;21;22;23;24;26;28;29;33;35;36;37;38;41;42;44;45;46;47;48;49;52;53;57;59,59,2.1517693543434144,1.244079938952449,0.89,1;2;3;4;5;6;7;8;9;10;11;13;14;15;16;17;18;19;20;22;23;24;25;26;28;29;30;31;32;33;34;35;36;37;39;40;41;42;43;44;45;46;47;48;50;52;53;54;55;56;57;58;59;60;61;62;64;65;66;67;68;69;70;71;72;73;74;75;76;77;78;80;81;82;83;84;85;86;90;91;92;93;94;95;96;97;98;99;100,100
A0A846XPH2,0.5555555555555556,1;3;5;6;7;11;12;14;15;16;17;18;19;20;21;22;23;24;27;29;30;31;33;35;37;40;43;46;49;50,54,2.2619226348400114,1.3049249465765547,0.58,1;2;3;4;5;6;7;8;9;10;11;12;13;14;15;18;20;21;23;24;25;26;28;29;31;32;33;35;36;39;41;44;45;46;47;48;51;53;54;55;57;61;68;70;71;73;78;79;86;87;88;89;90;91;92;94;95;100,100
A0A846XYC4,0.2608695652173913,1;6;12;14;15;20;26;29;35;36;38;39;41;59;60;61;63;67,69,1.8408639693260194,1.141286639037133,0.62,1;3;5;6;7;8;9;12;13;14;15;16;17;18;19;20;22;23;24;26;27;28;30;31;33;34;35;36;37;38;39;41;42;43;44;46;49;52;54;55;57;60;61;62;63;65;66;70;73;74;76;78;80;81;84;85;86;87;91;96;99;100,100
A0A846YJB4,0.19672131147540983,4;11;12;17;22;28;33;34;41;42;46;55,61,2.0812600803375245,1.0370785849162512,0.47,2;8;9;11;13;16;17;20;21;22;26;29;31;39;42;43;44;45;47;51;53;55;57;58;59;61;62;64;65;66;67;69;70;75;80;81;83;84;86;87;88;89;90;92;94;97;100,100
A0A848KDK6,0.4067796610169492,4;5;7;8;9;12;14;15;17;19;22;23;24;33;34;35;36;41;42;43;44;47;49;53,59,2.1702561062574386,1.27346933553596,0.71,1;2;3;5;6;7;8;9;10;11;12;13;14;15;16;17;18;19;20;22;23;25;26;28;29;31;33;34;35;37;38;40;41;43;45;47;48;51;54;55;56;57;59;61;62;63;64;65;67;69;70;71;72;74;76;77;78;79;81;83;84;85;87;89;91;93;94;95;96;98;100,100
A0A849CGR7,0.25,1;4;10;13;14;20;30;31;33;34;45;49;50,52,2.4682182425260546,1.257662184820035,0.16,1;2;4;5;9;21;24;26;53;60;64;75;81;83;96;100,100
A0A850PMX4,0.1875,1;9;10;11;14;18;19;41;42,48,2.3768914663791656,1.2200392833988993,0.01,19,100
A0A853LX37,0.30434782608695654,4;6;8;9;15;17;18;20;26;31;32;39;42;44,46,2.434586223363876,1.0827334334917693,0.62,1;3;4;6;7;8;9;10;13;14;15;17;18;21;22;23;24;25;26;27;29;32;34;35;36;39;40;42;43;44;45;46;49;52;53;55;56;57;58;59;60;61;62;63;64;66;68;69;70;74;76;79;80;84;85;87;88;89;90;92;94;99,100
A0A853LXB5,0.6226415094339622,2;5;6;8;10;12;13;16;17;20;21;22;24;25;26;28;30;31;32;33;34;35;36;37;38;39;41;42;44;46;47;49;51,53,2.489908236861229,1.2567887818723156,0.7,1;2;3;4;5;6;7;8;10;11;12;13;14;15;19;20;21;22;23;24;26;27;28;29;30;31;32;33;34;35;37;40;41;43;44;45;46;51;52;53;54;55;56;58;59;60;61;63;65;66;67;68;70;72;73;76;77;78;79;80;82;84;86;87;88;90;93;95;96;100,100
A0A853LYQ8,0.20454545454545456,4;6;8;12;15;20;22;40;41,44,2.600360411405563,1.2097081390597961,0.17,6;11;23;25;49;62;64;70;72;74;76;80;82;85;88;92;100,100
A0A853M2B7,0.5625,1;2;4;9;10;11;12;14;16;18;19;20;21;24;29;30;31;32;34;36;38;39;40;42;43;44;46,48,2.268001275062561,1.0154924846934774,0.85,1;2;3;4;5;6;7;8;9;11;12;13;14;15;16;18;19;20;21;22;23;24;25;26;27;28;29;30;31;33;34;36;37;39;40;41;42;43;44;45;46;47;49;50;51;52;53;54;56;57;58;59;61;62;63;64;65;68;69;70;71;72;73;74;76;77;78;79;80;81;82;83;86;87;88;89;90;92;93;94;95;96;97;99;100,100
A0A8E2LPD0,0.06666666666666667,1;2;30,45,2.554302461147308,1.0973170555719765,0.0,,100
A0A8H2PI19,0.36065573770491804,6;8;9;10;12;14;16;20;26;28;29;30;37;40;42;50;55;56;57;59;60;61,61,2.278813111782074,1.1964509428902137,0.81,1;2;3;4;5;6;8;10;11;12;13;15;17;18;19;22;23;24;25;26;28;29;30;31;32;33;34;35;36;37;38;39;40;41;42;43;44;45;46;48;49;50;51;53;55;56;57;58;59;60;61;63;66;67;68;69;70;71;72;73;74;76;77;78;79;80;81;83;84;85;86;87;88;89;90;91;93;96;97;98;99,100
A0A8H2PIF1,0.3958333333333333,1;3;4;12;13;18;19;20;24;25;26;27;28;30;34;37;39;46;48,48,2.3673019194602967,1.1209206265209501,0.52,1;3;4;6;7;8;9;12;14;15;17;18;19;22;25;26;28;31;33;34;35;37;39;42;47;48;52;53;55;57;58;62;63;64;65;68;69;71;77;78;79;81;82;84;85;87;89;90;92;93;94;98,100
A0A8J3FU84,0.35,2;5;7;10;11;12;20;22;23;27;29;30;32;40;47;48;50;54;55;56;57,60,2.0579555761814117,1.1818903244483967,0.86,1;2;3;4;5;6;7;8;9;10;11;12;13;14;15;16;17;18;19;20;21;22;23;24;25;27;28;29;30;31;32;33;34;35;36;37;38;40;41;42;43;44;46;47;48;49;51;52;53;54;55;56;57;60;61;62;64;65;66;68;69;70;71;72;73;74;75;76;77;78;80;81;82;83;85;87;88;90;92;93;94;95;96;97;98;100,100
A0A8J4A7U7,0.32075471698113206,1;2;12;14;20;21;25;27;33;34;35;40;41;44;48;50;51,53,2.334407329559326,1.2417733900725365,0.05,3;11;17;37;46,100
A0A917FVC2,0.32608695652173914,3;4;8;10;12;14;16;23;26;27;33;39;40;41;44,46,2.263168478608131,1.1583946867581738,0.7,1;3;4;5;6;7;8;10;11;14;15;16;17;18;20;21;22;23;24;26;27;28;29;30;31;32;33;34;35;38;39;41;42;43;45;46;48;49;50;51;52;53;54;56;57;58;59;61;62;63;64;66;67;69;70;73;74;76;78;80;81;82;84;86;89;90;92;95;97;98,100
A0A917RUF6,0.4444444444444444,3;5;9;15;16;18;20;21;23;24;26;27;28;29;30;39;41;42;44;45;47;50;51;52,54,2.4186738216876984,1.2387863574393327,0.41,1;3;8;9;11;13;15;17;19;21;24;26;28;30;36;37;39;40;44;46;50;55;56;57;59;60;69;72;75;76;77;78;79;84;85;88;89;93;94;97;98,100
A0A918CWM2,0.25,1;2;6;8;11;13;17;26;30;32;34;35;39,52,2.3079273504018785,1.1792036705535405,0.06,21;36;49;59;76;82,100
A0A919J5R3,0.08620689655172414,5;23;28;39;42,58,1.9768364852666855,0.9807932714259744,0.16,10;19;22;29;35;37;38;46;62;65;74;76;80;87;92;94,100
A0A927EY10,0.6222222222222222,1;3;5;6;8;11;12;16;17;18;19;22;24;26;27;28;30;31;32;33;34;36;37;38;40;42;43;45,45,2.5982917499542237,1.3576915124649196,0.98,1;2;3;5;6;7;8;9;10;11;12;13;14;15;16;17;18;19;20;21;22;23;24;25;26;27;28;29;30;31;32;33;34;35;36;37;38;39;40;41;42;43;44;45;46;47;48;49;50;51;52;53;54;55;56;57;59;60;61;62;63;64;65;66;67;68;69;70;71;72;73;74;75;76;77;78;79;80;81;82;83;84;85;86;87;88;89;90;91;92;93;94;95;96;97;98;99;100,100
A0A927JBF8,0.16981132075471697,2;3;5;6;9;29;37;40;42,53,2.412119970917702,1.3376783489511452,0.06,12;17;22;62;78;81,100
A0A927MND6,0.05172413793103448,16;18;21,58,2.1662994170188905,1.2177878731392868,0.01,52,100
A0A934NT38,0.3220338983050847,7;9;17;20;23;25;28;32;33;34;37;40;45;48;52;53;54;55;59,59,2.2373370802402497,1.1572489619295765,0.79,1;2;3;4;5;6;7;8;9;10;11;12;13;14;15;17;19;20;21;22;23;24;25;27;28;29;30;31;32;33;35;36;38;39;40;42;44;45;46;47;48;49;50;51;53;56;57;58;59;60;61;62;64;65;66;67;69;71;72;73;75;76;77;79;82;83;84;85;86;89;90;91;93;94;95;96;97;98;100,100
A0A937RSP3,0.5757575757575758,1;2;4;5;7;8;9;10;11;13;15;16;20;22;24;26;27;28;30,33,2.945811607837677,1.2034599158953934,0.54,5;6;7;8;10;12;13;14;18;20;21;22;23;25;26;27;28;29;30;33;34;36;38;40;41;42;43;49;50;51;52;53;55;58;59;60;61;64;65;66;67;69;73;74;75;77;78;81;82;86;87;91;93;97,100
A0A939FJS2,0.15151515151515152,2;6;7;19;33,33,2.931822580099106,1.2432597327192472,0.08,11;16;23;30;68;83;90;96,100
A0A975JWU9,0.32075471698113206,1;3;4;7;8;16;17;18;19;21;24;26;41;44;46;52;53,53,2.2769978404045106,1.037066549158209,0.36,1;6;11;13;14;15;18;19;23;26;28;30;31;35;39;41;44;46;49;54;55;57;60;62;63;72;73;78;79;84;85;87;91;93;95;100,100
A0A9N7QL79,0.47619047619047616,1;4;5;7;17;18;20;21;22;24;25;28;29;30;36;37;38;39;40;41,42,2.4433139085769655,1.2172885716357482,0.72,1;2;3;4;5;6;7;8;9;10;11;12;13;16;17;18;20;21;22;23;24;26;29;30;32;34;35;36;37;38;39;40;41;44;45;46;47;48;49;51;52;54;55;56;58;59;60;61;62;64;66;67;69;70;71;72;73;76;77;79;80;81;82;84;85;86;87;89;90;93;96;99,100
A0A9N7QNJ2,0.10714285714285714,2;4;16;35;50;52,56,2.2528801077604292,1.3359736989868474,0.18,3;6;16;36;38;42;45;48;55;65;66;69;87;89;91;98;99;100,100
A0A9P3UYS2,0.4782608695652174,4;7;8;10;12;13;14;17;19;20;21;24;26;28;29;31;32;34;35;36;41;44,46,2.5091209983825684,1.2613666027071562,0.68,3;4;5;6;9;10;12;13;14;15;16;17;18;20;22;23;24;25;26;27;28;29;30;33;34;35;38;39;40;41;43;45;46;47;52;53;54;57;58;60;62;64;65;66;68;69;70;71;74;75;77;78;79;80;81;82;83;85;86;87;88;89;91;92;93;95;97;98,100
A0A9Q7SE40,0.15,4;15;16;17;21;32;36;41;56,60,2.144076920747757,1.1742360880612168,0.46,2;6;9;10;11;12;15;17;18;19;20;22;23;26;30;32;33;35;36;37;44;46;47;51;52;55;56;61;62;63;64;65;68;75;77;79;80;81;88;89;90;92;93;94;96;100,100
A0A9Q7SI49,0.417910447761194,10;11;12;13;16;21;22;23;24;25;31;33;36;41;42;45;46;47;48;49;51;52;53;58;61;62;64;66,67,1.8576573729515076,1.2969217021298882,0.95,1;2;3;4;5;6;7;8;9;10;11;12;13;14;15;16;17;18;19;20;21;22;23;24;25;26;27;28;29;30;31;32;33;34;35;36;37;38;39;40;41;42;43;45;48;49;50;51;52;53;54;55;56;57;58;59;61;62;63;64;65;66;67;68;69;70;71;72;73;74;75;76;77;78;79;81;82;83;84;85;86;87;88;89;90;91;92;93;94;95;96;97;98;99;100,100
A0A9Q7WGW0,0.421875,1;5;6;7;10;11;12;16;17;18;21;22;32;34;35;39;40;41;42;43;45;47;49;52;53;60;61,64,2.1041613745689394,1.0682251947622423,0.98,1;2;3;4;5;6;7;8;9;10;11;12;13;14;15;16;17;18;19;20;21;22;23;24;25;26;27;28;29;30;31;32;33;34;35;36;37;38;39;40;41;42;43;44;45;46;47;48;49;50;51;52;53;54;55;56;57;58;59;60;61;62;63;64;65;66;67;68;69;70;71;72;73;74;75;76;77;78;79;80;81;83;84;85;86;87;89;90;91;92;93;94;95;96;97;98;99;100,100
A0A9Q7WIY4,0.6097560975609756,1;4;6;7;8;9;11;13;16;17;19;21;22;25;27;28;29;30;31;32;33;34;35;38;39,41,2.707212972640991,1.2737864113236026,0.84,1;2;3;4;5;6;7;8;9;10;11;12;13;14;15;16;18;20;21;23;24;25;26;27;28;29;30;31;32;33;34;36;38;41;43;44;45;46;47;48;49;50;51;52;53;54;55;56;57;58;59;60;62;63;64;65;66;67;68;70;72;73;74;75;76;78;79;80;81;82;83;84;85;86;87;88;90;92;93;94;95;96;97;100,100
A0A9W4AZG8,0.19230769230769232,6;14;16;19;23;24;30;32;36;37,52,2.192906486392021,1.1956280974293527,0.27,14;18;19;20;29;30;31;35;37;48;50;55;58;60;61;62;71;73;77;79;81;84;86;91;92;95;98,100
A0A9X2E3D3,0.04411764705882353,27;29;60,68,1.8664863127470017,1.2586233264468425,0.02,14;64,100
A0A9X2E3I2,0.390625,2;3;4;5;6;13;15;16;17;18;20;23;24;27;30;31;32;38;39;47;51;54;56;59;61,64,2.079548904299736,1.342185021151156,0.4,1;5;6;8;9;11;13;14;17;18;19;21;24;25;27;29;31;37;38;40;41;44;46;48;50;51;52;58;61;68;70;75;79;83;85;86;87;91;97;98,100
A0A9X2E4R0,0.03125,28,32,2.9044206166267394,1.0852429083941315,0.04,3;45;71;90,100
A0A9X2YIQ0,0.058823529411764705,10;24;37,51,2.4344820231199265,1.3006491675356302,0.44,1;3;6;7;8;12;13;18;22;29;30;31;32;33;40;41;43;47;49;52;53;54;56;57;58;59;63;66;68;69;73;74;75;77;79;80;81;86;87;90;91;94;96;99,100
A0A9X2YRI8,0.2413793103448276,1;6;8;10;11;14;16;23;30;37;40;53;57;58,58,2.159758149385452,1.2295351292259848,0.09,3;20;22;37;46;50;59;99;100,100
A0A9X2Z2J6,0.1276595744680851,2;4;7;12;27;32,47,2.4601586973667144,1.313937897522645,0.01,14,100
A0A9X3BRH0,0.22413793103448276,2;3;8;19;21;22;25;26;28;32;33;36;38,58,2.2060557234287264,1.0929385473866702,0.31,1;4;5;9;11;16;24;28;29;31;34;38;39;47;49;51;52;54;59;69;78;79;81;83;84;89;90;92;95;97;100,100
A0A9X3C2T0,0.058823529411764705,6;11;18,51,2.487463364601135,1.365850659439501,0.47,1;2;3;5;6;7;10;15;16;17;21;22;23;25;29;31;36;39;40;41;42;44;45;47;49;51;52;53;55;57;60;65;69;72;73;75;76;80;81;82;85;87;88;90;91;93;98,100
A0A9X7ILG2,0.44642857142857145,3;5;7;9;10;12;14;16;17;19;22;24;27;28;29;30;35;36;39;44;47;48;51;52;55,56,2.30836709022522,1.3112560312571804,0.78,1;2;3;4;6;7;9;10;11;12;13;14;17;18;19;21;22;23;24;25;26;27;29;31;32;33;34;35;36;37;38;39;40;41;42;43;44;47;48;49;50;51;52;53;54;55;57;58;59;60;64;66;67;68;69;70;71;73;74;76;77;78;79;80;83;84;85;86;87;88;89;90;91;92;93;95;98;99,100
A0A9X7WHR6,0.4909090909090909,4;5;7;13;14;15;17;18;20;21;23;24;27;28;29;30;32;35;37;38;42;44;46;49;51;52;55,55,2.266094545125961,1.2449601634614318,0.9,1;2;3;4;5;6;7;8;9;10;11;12;13;14;16;18;19;20;21;22;24;27;28;29;30;31;32;33;34;35;36;37;38;39;40;41;42;43;44;45;46;47;48;49;50;51;52;53;54;55;56;57;58;60;61;62;64;65;67;68;69;70;71;72;73;74;75;76;77;78;79;80;81;83;84;85;86;88;89;90;91;92;93;94;95;96;97;98;99;100,100
A0A9X8QZ54,0.14285714285714285,1;5;10;15;23,35,2.7739604461193084,1.1116529049067472,0.33,2;7;9;25;26;27;30;31;37;39;43;45;48;49;51;58;60;62;63;67;68;76;77;79;81;85;86;92;93;94;96;98;99,100
A0A9Y2IBK6,0.375,1;2;3;8;10;12;13;17;23;24;25;27;32;37;39;40;41;44,48,2.548552737236023,1.2503719071673467,0.06,30;32;68;71;72;85,100
A0A9Y2N0A1,0.21951219512195122,1;3;4;9;11;18;22;27;29,41,2.4691989815235136,1.0387764724925679,0.24,2;5;8;19;20;21;24;36;41;44;47;52;55;59;60;64;66;68;70;81;90;95;97;100,100
A0AA37PJ36,0.038461538461538464,5;38,52,2.314740869998932,1.0448504608902387,0.07,8;43;45;46;67;72;95,100
A0AA37PJQ2,0.0975609756097561,2;3;17;35,41,2.6742957800626757,1.2221216424287578,0.2,1;12;25;26;34;36;41;53;54;55;59;60;62;65;67;73;76;81;86;93,100
A0AA37PNY0,0.5263157894736842,1;5;7;8;9;10;11;12;14;15;16;18;20;21;22;25;26;27;35;37,38,2.6871290051937105,1.1254779521126905,0.64,1;2;4;5;6;7;8;9;10;11;14;15;16;17;19;20;21;23;24;25;27;28;30;33;35;36;37;39;40;42;43;44;47;49;51;52;53;54;55;57;58;59;60;62;63;65;67;69;71;72;75;77;78;81;82;83;86;89;91;94;95;96;99;100,100
A0AA37PRM7,0.40384615384615385,3;4;5;7;8;9;12;16;20;21;22;24;25;30;35;39;44;45;46;49;50,52,2.404980125427246,1.1147628498521616,0.88,1;2;4;5;6;7;8;9;10;11;12;13;14;15;16;17;18;20;21;22;23;24;25;26;27;28;29;31;32;33;35;37;38;39;40;41;42;43;44;47;49;50;51;52;53;54;55;56;57;58;59;60;61;62;63;64;65;66;67;68;69;70;71;72;73;75;76;77;79;80;81;82;83;84;85;86;87;88;89;90;91;92;93;94;95;96;98;100,100
A0AA42BYT1,0.43902439024390244,1;2;5;6;7;10;11;14;16;18;21;23;24;25;27;29;35;36,41,2.5900475257635116,1.2653028664019572,0.13,18;24;25;34;60;63;64;66;73;76;89;92;98,100
A0AA91EXD2,0.3442622950819672,1;2;5;6;7;8;10;12;14;16;24;36;39;41;44;46;48;50;52;55;60,61,2.1455925154685973,1.215943347799003,0.51,2;4;5;6;7;8;9;13;15;16;17;20;21;25;31;32;34;38;39;43;44;45;46;47;49;50;51;52;53;55;58;59;60;62;66;67;68;69;73;75;77;80;81;83;84;85;86;93;94;95;99,100
A0AA91M3B5,0.3492063492063492,2;3;5;12;14;16;17;19;20;22;24;27;28;32;38;51;55;56;57;60;61;62,63,2.0705614656209947,1.3343511042054277,0.5,2;3;4;5;6;12;14;15;18;19;20;21;23;24;26;27;28;34;35;37;41;42;44;46;48;51;52;54;55;56;57;59;60;62;67;68;73;74;76;78;82;83;87;91;93;94;96;97;98;99,100
A0AA94UBA0,0.2631578947368421,9;14;16;20;21;25;30;33;36;37,38,2.739983779191971,1.1262562338449613,0.59,1;3;4;6;7;8;9;10;12;14;15;17;19;20;21;22;23;24;25;26;27;29;32;33;34;35;36;37;39;40;41;43;46;48;49;50;55;57;58;61;64;65;70;73;74;76;77;79;81;83;85;86;87;88;89;93;94;95;100,100
A0AAC9VV50,0.2413793103448276,3;7;20;21;24;25;29,29,2.8978662061691285,1.2017388200653454,0.22,5;6;15;19;23;24;29;33;41;48;49;54;58;63;65;67;68;78;79;80;88;90,100
A0AAC9YL18,0.21818181818181817,1;2;6;7;9;10;22;34;46;48;54;55,55,2.310560750365257,1.2043812849148579,0.15,33;38;43;47;53;54;59;68;71;76;86;90;94;97;99,100
A0AAC9YPU9,0.16393442622950818,4;8;11;12;20;24;26;47;54;57,61,2.076518345475197,1.0983608477972877,0.23,3;4;6;8;9;12;14;17;18;22;23;33;37;39;46;48;54;60;67;88;90;92;98,100
A0AAD1H459,0.27586206896551724,1;4;11;12;17;18;19;20;24;25;27;32;36;47;54;57,58,2.011239575743675,1.1597315072664791,0.66,1;3;4;7;9;10;11;14;15;16;18;19;20;21;22;23;24;26;28;29;30;31;32;33;34;36;37;39;40;41;43;44;47;48;51;53;55;56;58;59;60;62;63;64;65;66;67;68;71;72;73;75;77;78;79;80;81;83;85;89;91;92;94;95;96;97,100
A0AAD1HCQ5,0.4489795918367347,2;5;6;7;8;9;11;13;14;16;17;18;19;20;22;24;25;31;36;39;47;49,49,2.3073285299539568,1.1667762856411212,0.34,6;8;10;11;13;16;22;24;25;26;27;30;33;34;36;47;49;50;51;54;57;59;60;61;63;64;65;67;77;78;82;84;91;94,100
A0AAD1HL52,0.34615384615384615,1;2;3;5;7;14;16;19;21;22;24;25;29;32;33;37;40;48,52,2.401881289482117,1.2162441552078211,0.69,1;2;3;4;5;6;7;10;12;14;15;17;18;19;20;21;22;23;24;25;26;27;28;30;31;32;33;35;36;37;39;41;43;44;45;46;48;49;50;52;54;56;57;58;59;60;62;64;67;68;69;71;73;75;76;77;78;79;80;81;82;83;86;87;90;91;97;98;100,100
A0AAD1I0L4,0.15151515151515152,6;8;9;18;31,33,2.7974534571170806,0.9577268382394442,0.13,21;22;49;55;57;60;62;63;64;65;72;87;92,100
A0AAD1I1H5,0.23684210526315788,1;3;9;12;16;20;24;25;29,38,2.7752139270305634,1.3002156917997143,0.64,1;2;5;6;7;8;9;12;13;14;15;16;18;20;23;24;25;27;30;31;32;33;35;36;38;41;43;47;48;49;51;52;54;57;58;62;63;65;66;69;70;71;74;75;78;79;80;81;82;83;84;85;86;89;90;91;92;93;95;96;97;98;99;100,100
A0AAD1IMP5,0.30357142857142855,1;6;8;10;16;20;26;29;31;33;34;36;42;45;47;48;50,56,2.1772748643159865,1.1334015410046112,0.27,1;2;14;17;21;22;24;27;32;34;35;40;41;45;54;58;61;64;65;66;68;72;78;84;91;94;96,100
A0AAD1IMS5,0.2619047619047619,7;8;14;16;26;29;30;31;32;40;41,42,2.723176072239876,1.2933476968877065,0.35,4;5;9;11;21;23;26;28;31;32;34;35;36;39;41;49;51;52;55;59;60;62;67;69;72;73;78;79;81;84;85;86;87;92;95,100
A0AAE4RDM5,0.7714285714285715,3;4;5;6;7;8;11;12;13;14;15;16;17;18;19;23;24;25;26;28;29;30;31;32;33;34;35,35,2.846244649887085,1.1605240542890694,0.88,1;2;3;4;5;7;8;9;10;11;12;13;14;15;16;17;18;19;20;21;22;23;24;25;26;27;28;29;30;31;33;35;36;38;39;41;42;43;44;45;46;48;49;50;51;52;53;54;55;56;57;58;59;61;62;64;65;67;68;69;70;71;72;73;74;75;76;77;78;79;80;81;82;83;84;85;86;87;88;89;90;92;94;95;97;98;99;100,100
A0AAE4UCZ3,0.6101694915254238,2;3;4;6;7;8;9;10;11;12;14;15;16;17;19;20;22;23;24;25;27;29;33;37;38;42;43;44;45;46;48;49;53;56;57;59,59,2.014843213558197,1.025159515301094,0.87,1;2;3;5;7;8;9;10;11;12;13;14;15;16;17;18;20;21;22;23;24;25;26;27;28;30;31;32;34;35;36;37;38;39;40;42;43;44;45;46;47;48;49;50;51;52;53;54;55;56;58;59;60;61;62;63;64;65;66;67;68;69;70;72;73;74;75;77;78;79;80;83;85;86;87;89;90;91;92;93;94;95;96;97;98;99;100,100
A0AAE4UD82,0.17543859649122806,2;3;6;16;28;32;41;44;47;50,57,2.342817236185074,1.3211988836463873,0.26,3;4;15;16;22;24;26;29;30;31;33;37;44;48;53;65;66;70;74;86;92;93;95;96;98;99,100
A0AAE4VIV1,0.4888888888888889,1;6;7;8;9;10;11;12;13;14;16;17;21;22;25;26;29;33;34;36;39;41,45,2.6142843693494795,1.211603554913694,0.77,1;2;3;4;5;6;7;8;9;10;11;12;13;14;15;16;17;18;20;21;22;23;24;25;27;28;29;30;31;32;34;35;36;37;38;39;41;42;43;44;46;47;48;49;50;51;54;55;58;59;60;61;67;68;69;70;71;72;73;74;75;76;77;78;79;80;81;84;87;89;90;91;93;94;95;99;100,100
A0AAE6TQG2,0.1702127659574468,2;17;19;24;29;41;43;46,47,2.4916497707366942,1.270177205961522,0.5,1;5;6;10;12;14;15;16;17;18;19;21;24;25;26;28;33;35;37;38;40;43;45;47;49;53;58;60;61;66;67;68;69;70;72;73;74;75;78;83;84;85;86;87;89;91;92;98;99;100,100
A0AAI8TZQ7,0.3488372093023256,1;8;9;11;12;14;17;18;24;25;28;30;32;34;38,43,2.622084279060364,1.2219334982714996,0.67,1;2;3;4;5;7;8;9;10;11;13;14;15;16;17;19;20;21;22;23;24;25;26;27;29;30;34;37;40;43;44;45;49;50;52;53;55;56;57;60;61;62;63;66;67;69;70;71;73;74;76;78;79;80;81;82;83;84;85;87;90;92;93;94;95;96;100,100
A0AAI8U017,0.2553191489361702,6;7;10;14;20;27;28;34;36;40;43;45,47,2.5575866895914077,1.450734052014439,0.37,7;11;12;13;20;22;24;26;32;34;35;36;38;39;40;41;42;45;47;49;50;51;54;61;62;63;64;70;71;74;75;79;80;81;90;92;96,100
A0AAJ1W4G5,0.3442622950819672,1;2;7;10;11;15;16;17;18;21;24;31;34;38;44;45;49;54;56;57;58,61,1.892517651319504,0.9828610938458177,0.41,1;3;4;11;12;14;15;18;22;26;27;30;31;35;38;40;44;46;47;49;50;51;54;56;57;60;62;66;67;68;73;78;81;83;84;93;94;95;97;98;99,100
A0AAJ3NLH7,0.1320754716981132,2;10;11;17;23;32;41,53,2.347769978046417,1.2181993632240224,0.22,5;6;11;12;25;27;32;34;37;41;50;51;55;61;70;73;79;80;83;87;93;95,100
A0AAJ3NT49,0.36,1;4;5;7;10;12;13;16;17;19;22;29;31;32;33;36;44;48,50,2.2989325022697447,1.0423820059655655,0.69,1;2;5;6;7;9;10;11;13;17;18;19;20;21;22;23;24;25;29;31;32;35;36;38;39;40;42;44;46;48;49;51;53;55;58;59;61;62;63;65;66;67;68;72;74;75;76;77;79;80;81;82;83;84;85;86;87;88;89;90;91;92;94;95;96;97;98;99;100,100
A0AAJ3TVZ5,0.2037037037037037,9;12;14;15;17;18;25;34;41;44;49,54,2.3954370641708373,1.3571564080919825,0.41,1;6;7;8;9;10;13;15;19;21;22;24;27;28;29;30;32;35;41;50;53;55;56;57;62;63;67;70;74;77;78;79;82;83;86;87;89;92;95;97;98,100
A0AAP6BDL8,0.19230769230769232,12;15;23;31;40;41;45;48;49;52,52,2.2910691756010055,1.3699223716668467,0.99,1;2;3;4;5;6;7;8;9;10;11;12;13;14;15;16;17;18;19;20;21;22;23;24;25;26;27;28;29;30;31;32;33;34;35;36;37;38;39;40;41;42;43;44;45;46;47;48;49;50;51;52;53;54;55;56;57;58;59;60;61;62;63;64;65;66;67;68;69;70;71;72;73;74;75;76;77;78;79;80;81;82;83;84;85;86;87;88;89;90;91;93;94;95;96;97;98;99;100,100
A0AAU4K3W1,0.3,1;2;3;9;11;12;23;24;30;32;35;38;42;45;48,50,2.510006127357483,1.1101129661860822,0.68,1;3;4;6;8;9;10;11;12;13;14;16;17;19;21;22;23;24;25;27;28;29;31;33;34;36;37;38;42;45;46;48;49;51;53;54;57;59;60;65;66;67;68;69;70;74;75;78;79;80;81;82;83;84;85;86;87;88;89;90;91;92;93;94;95;97;99;100,100
A0AAV2WH99,0.45454545454545453,1;2;6;9;13;14;15;16;17;19;21;23;24;31;32,33,2.7462775599956513,1.0003693673285843,0.24,2;3;4;8;9;10;11;15;18;26;34;35;53;56;62;66;72;73;79;89;92;94;96;99,100
A0AAW5S5J5,0.024390243902439025,31,41,2.5855909466743467,1.2215000365205126,0.0,,100
A0AAW5SKH5,0.05555555555555555,26;30,36,2.726264841556549,1.051593321075299,0.0,,100
A0AAW5TB97,0.5681818181818182,2;3;4;5;7;9;10;11;13;15;16;19;20;21;22;23;24;26;28;29;33;37;39;41;42,44,2.728592894077301,1.25954621968639,0.66,1;2;3;4;5;7;10;12;13;16;17;21;22;27;28;29;30;31;32;34;37;38;39;41;43;44;45;46;47;49;50;51;52;53;54;55;56;57;60;61;63;64;65;66;67;69;72;73;74;75;76;78;79;81;82;86;87;89;92;93;94;96;97;98;99;100,100
A0AAW5THR0,0.2608695652173913,2;3;10;13;17;22,23,2.8672319972515106,0.9177161104366724,0.46,1;3;4;5;6;8;9;10;17;18;21;22;23;24;25;26;28;30;32;37;46;48;53;54;55;62;64;65;66;70;73;74;75;76;77;79;80;82;85;86;88;91;94;95;98;99,100
A0AAX1J9Y8,0.5423728813559322,1;2;6;8;9;12;14;15;18;21;23;26;27;29;30;32;33;35;37;38;39;40;44;45;47;50;51;52;53;54;58;59,59,2.185185585021973,1.2959221824661373,0.18,20;28;37;43;47;48;51;52;53;54;65;66;70;71;74;75;87;92,100
A0AAX1JCS8,0.5192307692307693,5;7;9;13;15;16;18;19;20;21;22;25;26;27;28;31;33;37;38;39;41;42;43;44;46;47;52,52,2.274570047855377,1.089494247395285,0.99,1;2;3;4;5;6;7;8;9;10;11;12;13;14;15;16;17;18;19;20;21;22;23;24;25;26;27;28;29;30;31;32;33;34;35;36;37;38;39;40;41;42;43;44;45;46;47;48;49;50;51;52;53;54;55;56;57;58;59;60;61;62;63;64;65;66;67;68;69;70;71;72;73;74;75;76;77;79;80;81;82;83;84;85;86;87;88;89;90;91;92;93;94;95;96;97;98;99;100,100
A0AAX1JED5,0.6046511627906976,2;4;5;6;7;8;9;10;11;12;13;17;18;19;20;21;23;24;27;28;29;31;32;37;39;40,43,2.615280547142029,1.3108701523007686,0.93,1;2;3;4;5;6;7;8;9;10;11;12;13;14;15;17;18;19;20;21;22;23;24;25;26;27;28;29;31;32;33;34;36;37;38;39;40;41;42;43;44;45;46;47;48;49;50;51;52;53;54;55;56;57;58;59;60;61;62;63;65;66;69;70;71;72;74;75;76;77;78;79;80;81;82;83;84;85;86;87;88;89;90;91;92;93;94;95;96;97;98;99;100,100
A0AAX1JEG7,0.12727272727272726,5;7;12;18;21;35;53,55,2.1311822110414504,1.2901737041845212,0.0,,100
A0AAX2ZQB8,0.8918918918918919,2;3;4;5;6;7;9;10;11;12;13;14;15;16;17;18;19;21;22;23;24;25;26;27;28;29;30;31;33;34;35;36;37,37,2.780069056749344,1.1378253565014944,0.96,1;2;3;4;5;6;7;8;9;10;11;12;13;14;15;16;17;18;19;20;21;22;24;25;26;27;28;29;30;31;32;33;34;35;36;37;38;39;40;41;42;43;44;45;46;47;48;49;50;51;52;53;54;55;56;57;58;59;60;61;62;63;64;65;66;67;69;70;71;72;73;75;76;77;79;80;81;82;83;84;85;86;87;88;89;90;91;92;93;94;95;96;97;98;99;100,100
A0AAX2ZQD4,0.6578947368421053,2;3;5;6;7;8;9;10;12;13;15;16;17;20;21;23;24;26;27;29;31;32;35;36;38,38,2.673886842727661,1.176391761498906,0.39,4;8;9;11;13;24;27;28;30;32;36;38;39;40;46;47;48;50;52;53;55;57;59;63;66;67;69;70;71;75;77;78;79;80;90;92;93;94;99,100
A0AAX3A495,0.5423728813559322,4;6;7;9;11;13;15;17;19;20;23;26;28;29;32;33;35;36;37;40;41;42;43;46;47;48;49;52;53;57;58;59,59,2.094454952478409,1.1479776467527587,0.74,1;2;3;4;5;6;7;8;9;11;12;13;15;17;18;19;21;23;24;25;27;28;29;30;32;34;35;36;37;38;39;40;41;42;43;44;45;46;47;48;50;51;52;53;54;55;56;57;58;59;60;61;63;64;67;69;73;74;77;78;79;80;81;82;84;85;86;87;88;91;92;93;96;98,100
A0AB33ACF4,0.7547169811320755,1;2;5;6;7;8;9;10;12;13;14;16;17;18;20;21;22;23;24;25;26;27;28;29;30;33;34;35;36;38;40;41;42;44;46;47;48;49;50;53,53,2.42387347638607,1.236267699838777,0.98,1;2;3;4;5;6;7;8;9;10;11;12;13;14;15;16;17;18;19;20;21;22;23;24;25;26;27;28;29;30;31;32;33;34;35;36;37;38;39;40;41;42;43;44;45;46;47;48;49;50;51;52;53;54;55;56;57;58;59;60;61;62;63;65;66;67;68;69;70;71;72;73;74;75;76;77;78;79;80;81;82;83;84;85;86;87;88;89;90;91;92;93;94;96;97;98;99;100,100
A0AB33ACN0,0.29310344827586204,1;2;18;19;21;25;26;32;37;42;44;45;46;48;49;51;54,58,2.269838164448738,1.2145503608839248,0.89,1;2;3;4;5;6;7;8;10;11;12;13;15;16;17;18;19;20;21;22;23;24;25;26;27;28;29;30;31;32;33;34;35;36;37;38;39;40;41;43;44;45;47;48;49;51;52;53;54;55;56;57;58;59;60;61;62;63;64;65;66;67;68;69;70;71;72;74;75;76;79;80;81;82;83;84;86;87;88;89;91;92;93;94;95;96;97;99;100,100
A0AB33ADN5,0.5714285714285714,2;3;4;5;7;8;10;15;21;22;23;24;26;27;28;30;31;32;33;34;35;36;37;40;43;45;46;47;49;51;53;55,56,2.182332775592804,1.0652572917753846,0.77,1;2;3;4;5;6;7;8;10;11;12;13;14;15;16;17;18;19;20;21;22;23;24;27;29;30;31;32;33;35;37;38;40;41;42;44;45;46;47;48;49;50;51;52;53;55;56;58;60;62;64;65;67;68;70;71;72;73;74;75;77;78;81;82;83;84;85;87;90;91;93;94;95;96;97;98;99,100
A0AB33AHW7,0.4727272727272727,2;3;5;7;8;9;11;15;16;17;18;19;21;25;26;27;28;29;35;36;41;42;46;47;48;53,55,2.3298207318782804,1.487495815735222,0.43,2;4;6;8;10;11;12;13;18;19;20;25;27;30;31;32;34;39;42;43;44;46;47;48;49;50;53;60;61;63;67;68;69;71;74;77;78;79;82;85;87;89;90,100
A0AB33TCW4,0.39344262295081966,2;3;5;6;11;12;15;21;23;26;28;29;30;31;39;40;41;42;46;47;50;53;58;60,61,2.0799740892648697,1.377227134028659,0.29,1;6;10;11;17;20;27;30;31;32;33;37;41;43;44;45;48;53;59;73;80;82;84;87;89;90;91;94;95,100
A0AB33TD28,0.4444444444444444,1;8;9;10;11;12;13;15;16;19;20;24;25;26;28;33;34;35;36;37;40;43;45;53,54,2.216254444718361,1.1327149436081745,0.5,4;5;7;8;16;17;22;23;24;25;26;28;30;31;33;34;35;38;42;43;44;45;49;52;53;54;55;58;64;65;66;67;70;71;73;76;77;78;79;80;81;83;84;85;87;89;91;97;98;99,100
A0AB38CYE9,0.8260869565217391,1;2;3;4;6;9;10;11;12;13;14;15;16;17;18;19;22;23;24;25;26;27;28;29;30;31;32;33;34;35;36;37;38;40;41;42;45;46,46,2.440882887840271,1.0856070348169,1.0,1;2;3;4;5;6;7;8;9;10;11;12;13;14;15;16;17;18;19;20;21;22;23;24;25;26;27;28;29;30;31;32;33;34;35;36;37;38;39;40;41;42;43;44;45;46;47;48;49;50;51;52;53;54;55;56;57;58;59;60;61;62;63;64;65;66;67;68;69;70;71;72;73;74;75;76;77;78;79;80;81;82;83;84;85;86;87;88;89;90;91;92;93;94;95;96;97;98;99;100,100
A0AB38CZ04,0.5555555555555556,3;4;6;7;8;9;11;16;18;20;21;22;23;24;31;32;33;35;36;38;39;41;43;44;45;46;48;49;52;54,54,2.192631970047951,1.1818411402018063,0.91,1;2;3;4;5;6;7;8;10;11;12;13;14;15;16;17;18;19;21;22;23;24;25;26;27;28;29;30;31;32;33;34;35;36;37;38;39;40;41;42;43;44;45;46;47;48;49;50;51;52;53;54;55;56;57;58;59;60;61;62;63;64;65;66;67;68;69;70;71;74;75;77;78;79;82;83;84;85;86;87;88;89;90;91;93;94;95;96;98;99;100,100
A0AB38D5A4,0.16666666666666666,2;11;12;14;16;23;44;45;53,54,2.1485606634616854,1.3117443029735862,0.22,4;8;12;13;17;19;27;31;40;43;45;52;56;62;64;66;67;73;80;84;88;93,100
A0AB38USB2,0.6904761904761905,1;3;4;5;6;8;9;11;13;15;16;17;18;19;21;22;23;26;28;29;30;31;32;33;35;36;37;40;42,42,2.6982798159122465,1.2159284695825283,0.84,1;2;3;4;5;7;8;9;10;11;12;13;14;15;16;17;18;19;20;22;23;24;25;28;29;30;31;32;33;35;37;38;39;40;41;42;43;44;45;48;49;50;51;52;53;54;55;56;57;58;59;61;64;65;66;67;69;70;71;73;74;75;76;77;78;79;80;81;82;84;85;86;88;89;90;91;92;94;95;96;97;98;99;100,100
A0AB72XQA2,0.5294117647058824,4;6;7;9;11;13;14;15;22;23;24;26;27;29;30;32;34;35;36;37;43;45;46;47;48;50;51,51,2.383888669013977,0.9603049744306386,0.5,4;5;6;7;8;9;10;13;14;18;19;22;23;24;25;26;27;28;31;34;36;37;43;45;46;49;50;51;53;58;60;61;62;72;75;76;77;78;79;83;84;85;87;89;90;93;97;98;99;100,100
A0AB73LE91,0.7931034482758621,1;3;4;5;6;7;8;9;10;11;12;13;15;16;19;20;21;22;23;24;26;27;28,29,2.9263995838165284,1.0545877438137474,0.95,1;2;3;4;5;6;7;8;9;10;11;12;13;14;15;16;17;18;19;20;21;22;24;25;26;27;28;29;30;31;32;33;34;35;36;37;38;39;40;41;42;43;44;45;46;48;49;50;51;52;53;54;55;56;57;58;59;60;61;62;63;64;65;66;67;68;69;70;71;72;73;74;75;76;77;78;79;80;81;82;83;84;85;86;87;88;92;93;94;95;96;97;98;99;100,100
A0AB73LM64,0.0784313725490196,8;12;27;39,51,2.580021023750305,1.3516422828009413,0.65,1;2;4;5;6;8;9;10;11;14;15;16;17;19;20;21;22;23;24;25;26;27;29;30;32;33;34;35;37;38;39;43;44;45;50;51;52;55;56;57;59;60;61;62;64;65;69;70;72;73;76;77;78;79;81;85;86;87;89;91;93;95;96;97;98,100
A0AB73MHS4,0.06153846153846154,6;14;45;52,65,2.0914965891838073,1.0198676490690606,0.9,1;2;3;4;5;6;7;9;10;11;12;13;14;15;16;17;18;19;20;21;22;23;25;26;27;29;30;31;32;33;34;35;36;37;38;39;41;42;43;46;47;48;49;50;51;52;53;54;55;56;57;58;59;60;62;63;64;65;66;67;68;69;70;71;72;73;74;75;77;78;79;80;81;82;83;84;85;86;87;88;90;91;92;93;94;95;96;97;99;100,100
A0AB73N8J1,0.5373134328358209,1;4;5;7;11;13;14;16;17;18;20;25;26;28;30;31;32;33;35;37;40;41;48;49;50;51;53;54;55;57;58;59;60;62;63;65,67,1.8518577766418458,1.2797572661094752,0.9,1;2;3;4;5;6;7;8;9;10;12;13;14;15;16;17;18;19;20;21;23;24;25;26;27;28;29;30;31;32;33;34;35;36;37;38;39;40;41;42;43;44;45;46;47;48;49;50;51;52;53;54;55;57;58;60;61;62;63;65;66;67;68;69;70;71;73;75;76;77;78;79;80;81;82;85;86;87;88;89;90;91;92;93;94;95;96;97;99;100,100
A0AB73U2P7,0.6428571428571429,1;2;4;7;8;10;11;13;14;16;17;18;21;22;24;25;27;29;30;31;32;33;36;37;38;39;42,42,2.7509079647064207,1.1259758572148058,0.81,1;2;3;4;6;7;8;9;10;11;13;14;15;16;17;18;19;20;21;22;23;25;26;29;30;31;32;33;35;36;37;38;40;41;42;43;44;45;46;47;48;49;50;51;52;53;55;56;57;58;59;61;62;63;64;65;66;67;68;69;70;71;73;75;76;77;78;79;80;84;85;86;89;90;91;92;95;96;97;98;100,100
A0AB73U621,0.16,11;13;19;22;29;38;40;43,50,2.457031991481781,1.2615040612082116,0.81,1;2;3;4;5;6;7;8;9;10;11;12;13;14;15;16;17;18;19;20;21;22;23;24;25;26;28;29;31;32;33;35;36;37;39;41;42;43;44;45;46;47;48;49;50;51;53;54;56;57;58;59;60;61;63;64;65;66;67;68;69;70;73;75;77;78;79;81;82;83;84;85;87;89;90;92;94;96;97;99;100,100
A0AB73U7U3,0.26229508196721313,4;6;7;14;20;25;32;37;38;39;43;44;45;46;47;49,61,1.9301153594255447,1.2105948017869554,0.63,1;2;3;4;6;7;8;9;11;14;15;18;19;20;21;22;23;24;25;27;29;30;31;32;33;34;35;36;37;38;39;40;44;45;46;49;53;54;55;56;59;60;63;64;65;69;70;71;72;73;74;76;77;79;81;86;87;88;90;91;96;97;99,100
A0AB73U9A3,0.031746031746031744,19;44,63,2.094297660589218,1.1463552351806172,0.39,2;4;8;10;11;12;13;14;16;17;25;26;27;30;31;33;39;40;44;47;48;52;57;58;59;62;63;64;67;69;70;74;78;79;82;85;87;91;95,100
A0AB74F9U6,0.4696969696969697,4;7;8;10;11;12;15;17;21;22;26;28;29;30;33;36;42;44;46;47;48;49;51;52;53;54;55;56;57;60;66,66,2.037550104856491,1.1276871189093194,0.81,1;2;4;5;6;7;8;9;10;11;12;13;14;15;16;17;18;20;21;22;23;24;25;26;27;28;29;30;31;32;33;34;35;36;37;38;39;40;41;42;44;45;46;47;48;49;52;53;54;55;56;58;59;60;62;63;66;67;69;70;71;72;73;75;76;77;80;81;84;85;86;87;88;89;91;92;93;94;95;97;98,100
A0AB74FEB0,0.2857142857142857,2;4;6;17;22;30;32;33;34;36;39;42;46;47;48;56,56,2.1535229188203813,1.17316041757791,0.92,1;2;3;4;5;6;7;8;9;10;11;12;13;14;15;16;17;18;19;20;21;22;23;25;26;27;28;29;30;31;32;33;34;35;36;37;38;39;40;41;42;43;44;45;46;47;48;49;50;52;53;54;55;57;59;60;61;62;63;65;67;68;70;71;72;73;74;75;76;77;78;79;80;81;82;83;84;86;87;88;89;90;91;92;93;94;95;96;97;98;99;100,100
A0AB74FGQ8,0.05,12;17;54,60,2.0701777637004852,1.2549626071046358,0.01,23,100
A0ABD6QL27,0.6078431372549019,1;2;3;4;5;8;9;11;12;13;14;15;19;20;23;24;25;26;27;28;29;31;32;35;36;39;40;41;47;48;49,51,2.438470290899277,1.2360357052954045,0.63,1;3;5;6;7;11;12;13;14;15;16;17;19;20;21;23;27;30;32;35;37;38;40;41;42;45;47;49;50;51;52;53;54;55;56;57;58;60;61;62;63;66;72;73;74;76;77;78;79;80;81;83;84;85;86;87;90;92;94;95;96;97;99,100
A0ABD6QS80,0.4074074074074074,2;3;4;7;8;9;12;14;16;20;24,27,2.988826587200165,1.1285369740716424,0.08,19;33;48;53;69;75;79;92,100
A0ABD7HN08,0.4393939393939394,7;9;10;16;23;24;25;27;28;29;32;34;35;37;40;41;46;47;48;50;51;52;53;55;57;58;59;61;65,66,1.94856483399868,1.1610943635480877,0.96,1;2;3;4;5;6;7;8;9;10;11;12;13;14;15;16;17;18;19;20;21;22;23;24;25;26;27;28;29;30;31;32;33;34;35;36;37;38;39;40;41;42;43;44;45;46;47;48;49;50;52;53;54;55;56;57;58;59;60;62;63;64;65;66;67;68;69;70;71;72;73;74;75;76;77;78;79;80;81;82;83;84;85;86;87;88;89;90;92;94;95;96;97;98;99;100,100
A0ABF7PG24,0.2153846153846154,15;21;29;31;35;38;45;48;49;55;56;58;61;65,65,1.9980462270975112,1.286612857978753,0.12,10;18;32;44;47;49;55;60;61;82;87;97,100
A0ABM7I197,0.4918032786885246,1;5;6;8;9;10;11;14;15;16;19;20;22;24;28;30;34;38;39;40;41;42;46;48;49;50;51;52;57;59,61,2.0772807478904722,1.2744702940274986,0.52,1;3;4;5;6;8;9;10;11;12;13;15;18;20;21;23;24;30;31;32;33;34;35;38;39;40;41;42;46;48;51;52;55;57;58;59;60;62;65;66;68;70;71;73;74;75;77;85;86;89;93;99,100
A0ABM7J8Q1,0.10869565217391304,4;11;23;41;44,46,2.5006532394886016,1.0774129897252762,0.13,18;21;38;39;44;47;49;76;78;87;90;92;99,100
A0ABM7JWD3,0.31343283582089554,3;5;9;12;14;16;17;18;20;23;25;26;27;29;33;37;41;43;53;58;65,67,1.8538451331853867,1.0535260478511377,0.1,5;7;8;10;14;29;46;59;64;81,100
A0ABM7K1P0,0.4067796610169492,2;3;9;10;11;15;18;24;25;28;30;32;33;34;40;44;47;48;49;50;55;57;58;59,59,2.154514427781105,1.2432679318530195,0.6,1;4;5;7;9;10;11;12;15;18;19;20;21;22;23;24;25;27;28;29;30;31;34;35;36;37;38;39;43;47;48;49;51;52;54;57;64;65;67;71;73;74;75;76;77;78;79;82;83;84;85;86;87;90;92;93;95;97;98;99,100
A0ABM7SIW3,0.08333333333333333,16;31;40;50;59,60,2.1903229761123657,1.337138370301908,0.32,4;5;14;15;26;27;28;29;31;35;39;41;42;47;50;51;54;55;56;58;60;63;75;77;80;81;83;86;88;90;96;99,100
A0ABM7SN96,0.6545454545454545,2;3;5;7;8;10;11;12;14;15;16;17;18;19;20;21;22;23;24;25;27;28;33;36;37;38;40;41;42;43;44;45;46;48;52;55,55,2.1593092888593675,1.1874931798754236,0.97,1;2;3;4;5;6;7;8;9;10;11;12;13;14;15;16;17;18;19;20;21;22;23;24;25;26;27;28;29;30;31;32;33;34;35;36;37;38;39;40;41;42;43;44;45;46;47;48;49;50;51;52;54;55;56;57;58;59;60;61;62;63;64;65;66;67;68;69;70;71;72;73;74;75;76;77;78;79;80;82;83;84;86;87;88;89;90;91;92;93;94;95;96;97;98;99;100,100
A0ABM7SX73,0.3968253968253968,1;4;6;10;11;12;14;16;17;18;20;21;22;23;26;29;31;35;37;42;45;48;51;55;63,63,1.9939375042915344,1.1391808278960025,0.34,3;10;12;13;14;18;20;21;22;23;27;32;40;44;46;50;51;54;58;61;66;68;71;72;73;76;79;81;88;90;91;93;94;100,100
A0ABM9LWN3,0.5263157894736842,1;2;3;8;10;11;12;14;15;16;17;19;20;22;25;29;30;31;34;35;36;37;40;41;42;43;45;47;56;57,57,2.241685345172882,1.302947972377987,0.8,1;3;4;5;6;7;8;9;10;11;12;13;14;15;16;17;18;19;20;21;22;23;25;26;27;28;29;30;31;33;34;36;37;39;40;42;43;44;45;46;49;50;52;53;54;55;57;59;60;61;63;65;66;67;68;71;72;73;74;75;76;77;78;79;80;81;83;84;85;87;88;89;90;92;93;94;95;96;97;100,100
A0ABN0UZZ3,0.05405405405405406,20;24,37,2.559666409492493,0.9499470891942443,0.02,81;98,100
A0ABN1T3W5,0.5,3;4;5;6;8;10;12;13;14;16;17;18;19;22;26;27;28;29;30;32;33;34;36;42;43,50,2.2904934561252595,1.0025688023530315,0.92,1;2;3;4;5;6;7;8;9;10;11;12;13;14;15;16;18;19;20;21;22;23;24;25;26;27;28;29;30;31;32;33;34;35;36;37;38;39;40;41;42;43;45;46;47;48;49;50;51;52;53;55;56;57;58;59;60;61;62;63;64;65;66;67;68;69;70;71;72;74;75;76;77;78;79;80;83;84;85;86;87;88;89;90;92;93;94;95;96;97;98;99,100
A0ABN1UVC2,0.4642857142857143,2;6;10;15;18;19;21;22;24;26;27;28;29;30;31;34;36;38;40;43;45;47;49;50;51;56,56,2.2515908879041673,1.1565708740892986,0.99,1;2;3;4;5;6;7;9;10;11;12;13;14;15;16;17;18;19;20;21;22;23;24;25;26;27;28;29;30;31;32;33;34;35;36;37;38;39;40;41;42;43;44;45;46;47;48;49;50;51;52;53;54;55;56;57;58;59;60;61;62;63;64;65;66;67;68;69;70;71;72;73;74;75;76;77;78;79;80;81;82;83;84;85;86;87;88;89;90;91;92;93;94;95;96;97;98;99;100,100
A0ABN2Q9Z6,0.3877551020408163,2;4;7;9;11;14;17;18;19;22;26;29;31;34;35;41;42;45;46,49,2.4572797554731367,1.3340547883631675,0.33,1;3;4;5;6;14;15;16;17;18;24;28;31;32;34;37;42;43;44;47;49;50;51;53;56;69;75;78;87;91;96;97;100,100
A0ABN3KZK6,0.5,1;5;6;7;8;9;10;17;20;21;22;23;24;25;28;29;30;32;36;39;41;43;47;50;51;52,52,2.328308187127113,1.342632554441223,0.37,1;2;4;6;9;10;11;15;18;20;30;32;33;34;36;39;43;45;46;47;53;54;57;58;64;65;67;69;72;75;83;90;92;93;94;95;97,100
A0ABN5YF31,0.2549019607843137,5;7;8;9;12;14;15;19;36;38;44;45;50,51,2.440958685874939,1.3272371396751692,0.36,2;4;7;9;10;13;14;16;18;20;21;22;23;35;36;37;41;42;45;50;52;53;54;55;57;63;66;71;75;77;78;82;85;92;94;98,100
A0ABN5YVZ6,0.0,,49,2.4757201111316682,1.2796589129740925,0.0,,100
A0ABN5YWL7,0.23076923076923078,1;3;7;8;15;19;25;36;37;39;41;43,52,2.3475586557388306,1.088714470367164,0.34,1;7;8;9;15;20;21;23;25;26;30;35;37;38;42;43;46;51;53;55;62;66;69;72;73;75;77;78;82;86;90;92;97;99,100
A0ABN5ZR55,0.39622641509433965,1;2;5;7;13;14;15;21;23;25;26;27;30;35;36;37;38;39;50;52;53,53,2.3635534226894377,1.1649804180606738,0.8,1;2;3;5;6;7;8;9;10;11;12;14;15;16;18;19;22;23;24;25;26;27;29;30;32;33;34;36;37;38;39;40;42;44;45;46;47;48;49;50;52;53;54;56;58;59;60;61;62;63;64;65;66;68;69;71;72;75;76;77;78;79;80;81;82;84;85;86;88;89;90;91;92;94;95;96;97;98;99;100,100
A0ABN5ZWQ7,0.2,4;12;13;18;26;30;31;33;45,45,2.4160144937038424,1.1570557042304461,0.46,1;2;5;8;9;11;12;14;15;16;21;23;24;25;26;27;28;33;34;35;36;37;39;42;43;44;46;48;49;55;56;61;62;69;70;71;75;80;81;83;85;87;89;92;97;100,100
A0ABN6AMT8,0.49056603773584906,2;3;6;10;13;19;21;22;23;24;31;33;35;37;38;40;41;42;43;45;46;47;48;49;50;52,53,2.226033678650856,1.2345261272186516,0.61,1;2;3;4;6;8;9;10;11;13;14;19;21;22;23;24;27;28;30;31;32;33;34;35;36;38;39;41;42;45;46;52;53;57;62;63;64;65;66;68;69;70;71;72;73;75;76;79;81;82;83;85;87;88;92;93;95;97;98;99;100,100
A0ABN6AP09,0.28888888888888886,2;4;5;7;9;10;12;14;29;31;33;39;45,45,2.293742132782936,1.1168690349866421,0.41,1;2;5;6;9;12;16;17;20;21;23;25;27;30;31;34;37;38;44;45;46;48;51;52;54;56;57;61;63;64;65;66;69;73;74;75;79;80;83;90;95,100
A0ABN6IEF7,0.5102040816326531,1;2;4;6;7;9;12;15;17;18;20;21;22;23;27;28;30;35;36;38;39;40;44;45;47,49,2.460211094021797,1.2890649610035563,0.64,1;2;3;4;5;6;8;9;10;11;13;14;15;17;20;21;24;26;27;28;29;30;33;34;35;37;38;39;42;43;44;45;47;48;51;52;55;56;58;61;62;63;65;66;69;71;72;73;74;77;79;80;83;85;86;89;90;91;92;93;94;97;98;99,100
A0ABN6IL17,0.17391304347826086,4;7;13;20;26;28;32;35,46,2.5906945776939394,1.2420588149461553,0.45,2;3;7;8;13;14;15;16;20;22;29;30;31;33;35;36;38;44;50;52;54;55;56;58;64;65;67;68;69;70;73;74;75;76;77;82;83;88;90;91;92;93;95;97;100,100
A0ABN6U5V0,0.28125,1;5;7;10;13;19;25;26;30;41;43;46;48;49;53;58;60;61,64,2.0552488422393798,1.134296051787894,0.25,10;16;18;19;30;34;37;39;40;42;47;48;50;51;57;60;61;62;65;74;76;82;83;97;98,100
A0ABN9NWH6,0.2777777777777778,1;2;4;7;9;11;16;20;24;26;31;36;37;48;51,54,2.2959752267599107,1.180326712104611,0.2,2;5;7;11;19;20;23;30;32;34;39;43;45;46;56;66;71;76;91;99,100
A0ABP6W264,0.047619047619047616,2;36;58,63,1.9206865513324738,1.1404396158780095,0.13,1;2;3;15;25;28;39;48;63;68;86;96;99,100
A0ABP7F641,0.2,5;14;17;20;23;24;26;29;42;45,50,2.4942443305253983,1.2660869506906351,0.19,8;10;18;24;25;33;37;40;46;47;50;55;60;64;67;70;72;75;90,100
A0ABP8EZM2,0.24242424242424243,9;10;14;16;17;19;26;30,33,2.8996633815765382,1.151068204278605,0.21,4;12;17;26;31;43;44;46;52;53;56;61;63;65;66;68;72;76;82;91;100,100
A0ABP8RAE2,0.37254901960784315,1;4;5;6;11;12;16;22;24;25;28;29;31;35;37;41;44;47;48,51,2.380043892264366,1.2425305960689477,0.89,1;2;3;4;5;6;7;8;11;12;13;14;15;16;17;18;19;20;21;22;23;24;25;26;27;28;29;30;31;32;33;34;35;36;37;39;40;41;42;43;44;45;46;47;49;50;51;52;53;54;55;57;60;61;62;63;65;66;67;68;69;70;71;72;73;74;75;76;77;78;79;80;81;82;83;85;86;87;88;89;90;91;93;95;96;97;98;99;100,100
A0ABP9K210,0.5076923076923077,1;2;3;5;8;18;19;20;24;26;28;33;34;35;36;38;39;41;43;45;46;47;48;49;50;53;54;56;57;58;61;63;65,65,2.1260025125741957,1.214678750438721,0.53,1;2;3;9;10;11;12;13;15;16;18;19;20;21;23;24;25;26;27;29;31;35;36;37;38;39;40;41;43;44;45;46;49;53;60;62;63;66;67;69;70;73;74;75;78;79;81;83;89;94;95;96;97,100
A0ABQ1C2G9,0.2191780821917808,6;8;9;10;14;17;19;23;26;29;39;40;43;45;46;60,73,1.830266073346138,1.0994866778235444,0.31,2;3;6;10;18;20;23;25;30;32;33;34;35;36;39;41;42;44;46;49;50;53;54;60;66;69;71;76;86;88;92,100
A0ABQ1CET0,0.5769230769230769,1;3;6;7;8;10;11;13;14;15;18;19;20;21;22;24;25;26;27;29;33;35;36;40;41;44;45;46;47;52,52,2.341634359955788,1.150183881367238,0.22,7;8;10;11;17;18;21;24;27;32;37;45;49;59;61;70;75;83;88;90;93;97,100
A0ABQ1V3W2,0.5272727272727272,3;4;5;6;7;9;10;12;14;16;17;18;19;20;24;26;30;31;33;34;38;39;43;46;47;48;53;54;55,55,2.3207032114267347,1.2139024112413273,0.62,1;2;3;4;5;6;7;8;11;12;13;14;15;19;20;21;22;23;25;26;30;35;36;37;38;41;43;45;46;49;50;51;53;54;55;57;58;60;61;62;63;65;66;67;68;70;72;74;77;78;81;83;84;85;87;88;90;95;96;97;98;100,100
A0ABQ2KKB0,0.18840579710144928,4;6;9;15;19;27;38;42;43;49;58;59;66,69,1.8399117916822434,1.2150225039062992,0.97,1;2;3;4;5;6;7;8;9;10;11;12;13;14;15;16;17;18;19;20;21;22;23;24;25;26;27;28;29;30;31;32;33;34;35;36;37;38;39;40;41;42;43;44;45;46;47;48;49;50;51;52;53;54;55;56;57;58;59;60;61;62;63;64;66;67;68;69;70;71;72;74;75;76;77;78;79;80;81;82;83;84;85;86;87;88;89;90;91;93;94;95;96;97;98;99;100,100
A0ABQ3MHH6,0.5365853658536586,1;4;6;8;9;11;13;14;15;17;18;20;24;25;26;29;30;31;34;36;37;41,41,2.4650453424453733,0.9081028838944959,0.39,1;2;3;4;6;8;15;16;19;22;23;24;25;31;35;36;37;40;41;44;48;52;55;56;57;59;62;63;69;71;72;74;76;77;82;86;89;90;99,100
A0ABQ3SCS9,0.017241379310344827,22,58,2.2995339077711106,1.2333500832977704,0.03,57;62;82,100
A0ABQ4FMS5,0.3076923076923077,4;7;9;12;14;16;19;22;33;37;41;44;46;48;51;52,52,2.2001137936115267,1.1996072048994122,0.24,2;8;10;11;13;14;17;18;23;27;41;47;52;55;63;67;68;71;72;73;74;81;86;87,100
A0ABR4YVY6,0.038461538461538464,9,26,3.040007280111313,1.247491573481882,0.1,19;30;34;38;40;56;59;63;64;97,100
A0ABR4YVZ6,0.5094339622641509,1;2;3;4;6;7;8;9;12;14;15;16;17;19;20;21;22;24;25;26;28;35;36;43;47;51;52,53,2.491922141313553,1.3214141869824585,0.64,1;3;5;6;8;9;12;13;14;18;19;20;22;23;24;25;26;27;29;30;31;32;35;36;39;40;43;44;47;48;49;51;52;53;54;55;57;60;65;66;67;68;70;71;72;73;74;75;76;78;80;82;84;86;87;90;91;92;93;94;95;96;98;99,100
A0ABR4ZAR7,0.061224489795918366,24;31;45,49,2.485068564414978,1.2568018768609106,0.01,39,100
A0ABR4ZEC0,0.02,29,50,2.4413977324962617,1.1452401621404404,0.0,,100
A0ABR5FFS4,0.20754716981132076,7;13;19;21;22;28;29;34;38;41;46,53,2.2732756006717683,1.3469200452165138,0.39,1;2;5;7;10;11;13;20;23;24;27;30;33;37;38;41;42;43;46;47;49;50;58;63;64;65;66;70;72;74;76;79;86;87;88;92;93;94;98,100
A0ABR5FS25,0.5689655172413793,1;2;3;4;6;7;8;9;13;15;16;17;18;19;21;23;24;25;27;28;29;31;32;34;35;36;38;40;43;45;46;53;54,58,2.1541813772916796,1.0945118427361262,0.15,5;14;17;42;49;52;55;57;67;69;70;71;74;79;86,100
A0ABR5ICW2,0.47619047619047616,2;3;4;5;6;9;10;13;15;16;17;18;24;25;26;27;28;29;30;33,42,2.7436009180545806,1.4315507508004377,0.96,1;2;3;4;5;6;7;8;9;10;11;12;13;14;15;16;17;18;19;20;21;22;23;24;25;26;27;28;29;30;31;32;33;34;35;36;37;38;39;40;41;42;43;44;45;46;47;48;50;51;52;53;54;55;56;57;58;59;60;61;62;63;64;65;66;68;69;70;71;72;73;74;75;76;77;78;79;80;82;83;84;85;86;87;88;89;90;91;92;93;94;95;96;97;98;100,100
A0ABR6BBF3,0.7419354838709677,3;5;7;8;12;13;14;16;17;18;20;21;23;24;25;27;28;29;30;32;33;34;35;36;37;38;39;40;41;42;43;44;46;47;48;49;51;52;53;54;56;57;59;60;61;62,62,2.12107383787632,1.1018218943123252,0.75,1;2;3;5;6;7;8;9;10;11;12;13;14;15;16;17;18;19;20;21;23;24;25;26;28;29;30;31;33;34;35;36;37;38;39;41;43;44;45;46;47;48;50;51;52;53;54;55;56;57;58;60;61;62;64;65;66;68;69;70;71;74;75;77;78;79;80;81;83;84;85;88;96;97;99,100
A0ABS1MF83,0.14285714285714285,1;11;16;25;27;30;43;46,56,2.320153044462204,1.2382128061778452,0.07,6;17;24;26;37;41;82,100
A0ABS1N1S8,0.5641025641025641,7;10;11;13;15;16;17;19;20;21;23;24;25;26;27;28;30;31;33;36;38;39,39,2.6741134727001192,0.9987482059241733,0.84,2;3;4;5;6;8;12;13;14;15;16;18;19;20;21;23;24;25;26;27;28;29;30;31;34;35;36;37;38;39;40;41;42;43;44;46;47;48;49;50;51;52;54;55;57;58;59;60;61;62;63;64;65;66;67;69;70;71;74;75;77;78;79;80;81;82;83;84;85;86;87;88;89;90;91;92;93;94;95;96;97;98;99;100,100
A0ABS2KQI4,0.5263157894736842,1;3;5;6;7;8;9;10;12;14;15;19;21;28;29;30;34;35;36;38;40;41;43;45;47;48;49;50;51;53,57,2.2199386131763457,1.232823748275354,0.41,1;3;4;5;8;11;13;16;17;18;19;20;21;22;24;25;29;30;33;34;35;36;37;38;40;46;50;51;54;56;57;59;61;64;68;70;76;77;88;95;99,100
A0ABS4QNX2,0.4603174603174603,3;4;8;9;13;15;16;17;18;19;21;22;23;24;26;30;32;34;38;39;43;45;47;52;53;54;55;56;61,63,1.943631546497345,1.0400025880294714,0.12,19;27;32;43;48;62;65;76;84;90;92;93,100
A0ABS4ZTS0,0.32075471698113206,3;4;5;6;13;14;15;18;20;24;26;30;31;33;42;48;51,53,2.3859523046016693,1.326321810394475,0.07,7;26;29;54;66;82;96,100
A0ABS4ZW31,0.55,1;2;3;6;7;9;10;11;14;15;16;17;18;19;20;21;22;23;24;25;26;27;36;38;39;42;43;44;47;48;50;51;60,60,2.1737675392627716,1.2390886501952598,0.48,4;7;12;13;14;17;18;19;21;22;23;24;25;26;29;32;33;35;36;37;38;39;41;42;43;45;47;49;51;55;56;57;58;61;62;63;66;68;72;74;76;77;80;82;83;84;85;93,100
A0ABS5AT52,0.05555555555555555,27;33;53,54,2.416299731731415,1.2101174938444246,0.03,67;94;96,100
A0ABS5RPE8,0.3548387096774194,7;9;12;20;22;23;25;27;29;30;31,31,2.8355998170375822,1.020116375381919,0.46,1;4;5;7;9;15;16;19;20;21;24;29;31;33;38;39;41;45;46;47;48;54;55;56;58;59;64;65;71;72;75;79;82;83;86;87;88;89;90;91;92;94;96;97;98;99,100
A0ABS5RSN2,0.7777777777777778,1;2;3;4;5;6;7;8;9;10;11;12;13;14;15;16;17;18;19;20;21;22;23;25;26;27;28;29;30;31;32;35;36;37;40;42;43;44;45;47;50;54,54,2.211667186617851,1.1540918126201078,0.77,1;2;3;4;5;6;7;8;9;10;12;13;14;15;16;17;18;19;20;21;23;25;26;29;30;31;32;33;34;35;36;39;40;41;42;44;46;47;48;49;50;51;52;53;54;56;57;59;60;62;63;68;70;71;72;74;77;78;81;82;83;84;85;86;87;89;90;91;92;93;94;95;96;97;98;99;100,100
A0ABS6B2B6,0.05172413793103448,7;15;47,58,2.237181025147438,1.2600387196929765,0.01,65,100
A0ABS6B304,0.15384615384615385,3;5;8;11;39;48;50;52,52,2.283642599582672,1.267322581858342,0.2,10;15;26;27;28;30;32;35;37;41;42;48;56;59;63;64;68;72;75;94,100
A0ABS6B561,0.4666666666666667,2;5;7;11;12;14;16;17;19;20;21;22;23;24;26;27;29;30;32;33;45,45,2.7000766372680665,1.3308514121983743,0.11,20;31;39;45;59;74;78;82;95;97;100,100
A0ABS6B8N5,0.07017543859649122,8;9;33;51,57,2.1775275897979736,1.0764232393312176,0.01,46,100
A0ABS6HLI0,0.29411764705882354,1;3;4;11;14;18;22;24;26;27;29;31;34;40;44,51,2.2192683374881743,1.0793795212346022,0.72,2;3;4;5;6;8;9;10;12;15;16;18;19;20;22;23;25;26;28;30;31;32;33;34;35;36;37;39;40;41;42;43;46;47;48;49;50;51;53;54;55;56;57;58;59;61;62;63;64;66;67;69;70;71;74;75;77;78;81;82;84;85;87;88;89;90;92;95;96;97;98;99,100
A0ABS6HWS9,0.6,1;2;4;5;6;9;10;11;12;13;15;18;19;21;24;25;26;28,30,2.97033105134964,1.2727165556043532,0.32,6;9;12;25;28;30;32;34;35;36;42;44;47;51;55;61;64;73;74;75;77;81;82;83;85;87;88;89;90;92;98;99,100
A0ABS6KMF6,0.25,1;5;7;11;12;13;16;17;18;20;42,44,2.548816155195236,1.2053502308520616,0.19,3;5;23;24;27;29;36;41;53;59;67;72;83;84;86;87;89;90;94,100
A0ABS6KMP2,0.32558139534883723,1;2;8;18;19;22;23;24;28;31;32;35;40;42,43,2.6735249561071397,1.2984584097709704,0.11,8;24;27;33;48;49;53;56;61;63;84,100
A0ABS7NQE0,0.20512820512820512,3;8;11;15;16;26;32;38,39,2.850346071720123,1.1574731981628996,0.44,1;2;3;4;5;7;11;12;13;17;19;21;22;24;27;31;34;36;42;43;45;46;48;51;52;53;54;55;61;63;64;66;68;72;74;75;78;79;87;88;89;91;92;93,100
A0ABS7P1E6,0.5428571428571428,3;4;5;7;8;10;13;14;15;17;18;19;22;24;27;28;29;31;33,35,2.900163151025772,1.0930471840407467,0.6,6;7;9;10;11;13;14;16;17;18;19;20;22;23;25;26;28;29;32;33;34;35;36;38;39;40;42;44;46;47;48;50;51;52;55;61;64;66;67;68;70;72;73;74;76;77;80;81;82;83;86;88;89;90;91;93;94;96;98;100,100
A0ABS7R0Q3,0.06666666666666667,3;16;41,45,2.521569393873215,1.1072555762525644,0.02,52;58,100
A0ABS8Z8Y9,0.1,10;14;18;28,40,2.686237828731537,1.0917209276362994,0.18,12;13;19;21;34;35;36;41;45;48;58;59;64;65;70;71;73;98,100
A0ABT0DZ76,0.15555555555555556,4;5;10;16;23;33;37,45,2.4432072925567625,1.3019302697231974,0.0,,100
A0ABT1GWJ1,0.37735849056603776,1;2;3;9;12;15;16;23;24;25;27;28;32;33;39;40;42;43;47;52,53,2.117151808142662,1.143562432845636,0.54,1;3;5;9;10;16;17;18;19;21;22;23;26;28;30;31;32;33;34;35;39;41;42;48;49;50;51;53;54;57;58;59;60;61;62;64;65;66;67;68;69;73;75;78;79;83;85;87;89;90;91;92;96;97,100
A0ABT1H9N7,0.14893617021276595,4;5;6;14;22;24;34,47,2.670485563278198,1.194069551107284,0.08,17;27;64;65;77;84;86;98,100
A0ABT1I9G9,0.27586206896551724,5;10;11;14;15;17;18;19;20;21;22;28;30;46;53;56,58,2.1672995781898496,1.21770637747625,0.83,1;2;3;4;5;6;7;8;9;10;12;13;14;15;16;17;19;20;21;22;25;27;28;30;31;33;34;35;37;38;39;41;42;43;44;45;46;47;48;49;51;52;53;54;55;56;57;58;59;60;61;63;64;65;67;68;69;70;71;72;73;75;76;78;79;80;81;82;83;84;85;86;87;88;89;90;91;92;93;94;96;98;99,100
A0ABT1M7B6,0.673469387755102,3;5;6;7;8;9;10;11;12;13;14;16;17;19;20;21;23;24;26;27;29;30;32;33;34;40;41;42;43;44;46;48;49,49,2.400292626619339,1.2492997187238348,0.62,1;2;6;7;8;13;15;17;19;20;21;22;23;25;31;32;33;35;36;38;39;40;45;46;49;50;52;53;54;57;58;60;62;64;65;67;68;69;70;71;72;73;75;76;77;78;79;80;82;83;85;86;87;88;90;91;94;95;96;98;99;100,100
A0ABT2MBH6,0.20967741935483872,12;13;15;16;22;24;33;36;37;42;44;51;55,62,2.119676006436348,1.2891655594751417,0.41,2;3;5;7;10;13;18;20;21;22;23;24;26;27;34;35;37;38;39;40;45;46;47;48;49;50;51;58;59;61;66;67;69;71;75;79;82;87;89;92;99,100
A0ABT3CFH2,0.2641509433962264,1;4;7;10;11;15;16;22;26;28;36;38;47;48,53,2.139604006409645,1.15927733939531,0.31,6;11;21;25;26;27;32;34;37;42;44;45;49;54;55;57;58;59;61;62;72;76;83;84;85;86;88;93;97;99;100,100
A0ABT3CH10,0.26,3;11;15;16;21;24;25;30;33;34;35;46;50,50,2.3539191085100173,1.2254909998938013,0.21,3;6;8;10;23;26;29;33;43;48;56;58;65;72;81;88;89;90;91;99;100,100
A0ABT3S7W5,0.1956521739130435,5;6;13;19;21;25;27;30;31,46,2.5084505116939546,1.1485136440691348,0.19,5;10;12;18;24;28;30;31;39;41;45;47;48;49;55;56;58;67;71,100
A0ABT3SKC9,0.6857142857142857,2;4;5;6;7;9;10;11;12;15;16;17;18;19;20;21;23;24;26;28;30;32;33;34,35,2.783073239326477,1.0976012618218705,0.98,1;2;3;4;5;6;7;8;9;10;11;12;13;14;15;16;17;18;19;20;21;22;23;24;25;26;27;28;29;30;31;32;33;34;35;36;37;38;39;40;41;42;43;44;45;46;47;48;49;51;52;53;54;55;56;57;58;59;60;61;62;63;64;65;66;67;68;69;70;71;72;73;74;75;76;77;78;79;80;81;82;83;84;85;86;87;88;89;90;91;92;93;94;95;96;97;98;100,100
A0ABT4HB77,0.4666666666666667,1;3;8;13;17;18;20;22;23;24;26;28;29;33;34;38;39;40;41;42;43;44;45;46;47;50;53;57,60,2.2213736039400103,1.2212453633986042,0.12,16;23;33;37;46;49;59;65;72;80;94;99,100
A0ABT4MHH0,0.5423728813559322,3;6;8;10;11;12;13;14;15;16;21;22;23;24;26;27;28;32;33;34;42;43;45;46;47;48;49;50;52;53;54;56,59,2.072680354118347,1.0820304757276644,0.84,1;2;3;4;5;6;8;9;10;11;12;13;14;15;17;18;19;20;21;22;23;25;26;27;28;29;30;31;32;33;34;35;36;38;39;40;41;42;43;44;45;46;47;48;49;51;52;53;54;55;56;57;59;60;61;64;65;66;67;68;69;71;73;74;75;76;77;78;79;80;81;82;83;84;86;87;89;91;92;94;95;96;98;99,100
A0ABT4PYE8,0.16279069767441862,4;10;29;31;34;35;40,43,2.571305000782013,1.0507718395006151,0.25,5;11;13;14;19;23;24;31;33;39;43;45;50;54;55;65;68;72;73;77;80;82;93;95;98,100
A0ABT5G3U5,0.07317073170731707,5;20;24,41,2.5559342455863954,1.068379955840475,0.06,18;41;52;64;70;77,100
A0ABT6CN04,0.24193548387096775,1;3;5;9;10;13;17;19;22;25;31;37;46;48;60,62,2.1207793802022934,1.2023454121615484,0.09,7;8;31;32;43;45;53;68;92,100
A0ABT6GXB0,0.1,4;6;17;18;33,50,2.4373376893997194,1.2978711549307071,0.12,2;3;29;37;41;43;48;59;60;79;81;99,100
A0ABT6KSA3,0.1111111111111111,14;18,18,3.0423227417469025,0.9731659333951075,0.11,8;14;25;26;41;42;54;79;81;83;94,100
A0ABT6KTL6,0.75,2;3;4;5;6;7;8;9;10;11;15;16;17;18;19;20;21;22;23;24;25;26;28;32;34;35;36,36,2.9456073373556135,1.356899542467937,0.92,1;2;3;4;5;6;7;8;9;10;11;12;13;14;15;16;17;18;19;20;21;22;23;24;25;26;27;28;29;30;31;32;33;34;35;36;38;39;40;42;43;44;45;46;47;48;50;51;52;53;55;56;57;58;59;60;61;62;63;64;65;66;68;69;70;71;72;73;74;75;76;77;78;79;80;81;82;83;85;86;87;88;89;90;91;92;93;94;95;96;97;98,100
A0ABT6MJ18,0.21739130434782608,2;3;5;13;18;19;23;26;27;39,46,2.5272585600614548,1.2070073720070178,0.04,34;45;90;92,100
A0ABT6PWS8,0.3448275862068966,3;4;9;11;16;33;34;39;41;43;44;46;47;48;49;51;52;54;56;58,58,2.1570121389627457,1.2730730998748547,0.66,1;2;3;4;6;8;9;10;11;12;14;15;17;18;20;21;22;23;26;27;28;30;31;32;34;35;38;39;40;41;42;45;46;47;48;50;51;53;54;58;60;61;62;63;65;66;67;71;72;75;76;77;78;80;82;83;85;86;88;90;91;92;94;97;99;100,100
A0ABT8HAL2,0.3870967741935484,3;5;6;8;10;13;18;20;25;27;30;31,31,2.739315482378006,0.9477246727094968,0.2,4;8;11;18;25;27;28;39;41;43;49;57;59;62;74;78;84;85;92;99,100
A0ABT8UIQ8,0.2,2;8;10;11;18;26;28;30;33,45,2.51013393163681,1.2435820470907113,0.37,2;8;11;15;17;19;22;23;24;25;27;33;35;40;41;46;47;48;49;51;56;60;61;68;72;74;76;79;80;81;84;85;86;91;93;96;97,100
A0ABU1J6J1,0.12195121951219512,3;4;7;9;14,41,2.632033990621567,1.3403208674695442,0.11,30;37;52;60;65;67;83;85;91;92;99,100
A0ABU1XFG9,0.3387096774193548,1;10;15;19;21;22;23;25;26;33;34;38;42;43;45;46;47;51;55;56;58,62,2.105086169242859,1.1519517010500313,0.96,1;2;3;4;5;6;7;8;9;10;11;12;13;14;15;16;17;18;19;20;21;22;23;24;25;26;28;29;30;31;32;33;34;35;36;37;38;39;40;41;42;43;44;45;46;47;49;50;51;53;54;55;56;57;58;59;60;61;62;63;64;65;66;67;68;69;70;71;72;73;74;76;77;78;79;80;81;82;83;84;85;86;87;88;89;90;91;92;93;94;95;96;97;98;99;100,100
A0ABU2T218,0.0,,50,2.3642305374145507,1.131839796823758,0.0,,100
A0ABU2TUM7,0.125,1;3;12;15;23;27,48,2.548125658631325,1.32081010361482,0.14,6;13;19;32;33;45;61;62;75;77;79;83;86;93,100
A0ABU2UT33,0.36065573770491804,3;7;12;13;15;20;22;26;32;35;37;38;44;46;47;50;51;52;53;54;57;59,61,2.0752749598026274,1.149237108132536,0.96,1;2;3;4;5;6;7;8;9;10;11;12;13;14;15;16;17;18;19;20;21;22;23;24;25;26;27;28;29;30;31;32;33;34;35;36;37;38;39;40;41;42;43;44;46;47;48;49;50;51;52;53;54;55;56;57;58;59;61;62;63;64;65;66;67;68;69;70;71;72;73;74;75;76;77;78;79;80;81;82;83;84;85;86;87;89;90;91;92;93;94;95;96;97;99;100,100
A0ABU4B4H7,0.23255813953488372,2;4;6;11;12;19;26;31;33;39,43,2.7089484125375747,1.3847443685334204,0.33,6;9;10;13;14;16;17;23;24;26;30;34;38;42;45;48;50;55;61;63;64;65;67;68;69;70;78;81;83;86;88;91;94,100
A0ABU4BCL6,0.4,5;7;8;9;14;15;16;17;18;24;28;29;30;31;33;36;37;41;44;45,50,2.460390346646309,1.2403907443070235,0.56,1;4;5;6;7;8;9;13;14;15;16;17;18;20;21;22;23;24;26;28;30;31;32;34;37;38;41;42;43;45;46;49;50;51;52;56;59;62;63;64;68;69;70;71;78;79;80;81;87;89;90;92;94;96;97;99,100
A0ABU4D5Q4,0.4222222222222222,1;4;7;9;14;15;17;18;24;26;27;28;31;33;35;36;41;43;44,45,2.5091708451509476,1.2844999650782905,0.94,1;2;3;4;5;6;7;8;9;10;11;12;13;14;15;16;17;18;19;20;21;22;23;24;25;26;27;28;29;30;31;32;33;34;35;36;37;38;39;40;41;42;43;44;45;46;47;48;49;50;51;52;53;54;55;56;58;59;60;61;62;63;64;65;66;67;69;70;71;72;73;74;75;76;78;79;80;81;82;83;84;85;87;88;89;90;91;92;93;94;95;96;97;99,100
A0ABU5XGE3,0.56,3;4;5;6;7;8;12;13;15;18;19;21;22;23;24;25;31;32;34;35;39;40;41;42;43;44;47;49,50,2.4560724610090254,1.282326119112179,0.44,2;5;6;9;13;16;19;22;24;25;27;31;32;33;39;41;42;43;44;45;47;48;49;50;51;52;56;60;61;67;68;69;72;73;79;83;84;88;90;91;92;93;96;99,100
A0ABU5XMQ5,0.52,2;3;6;9;10;12;17;18;19;21;22;23;25;26;29;34;35;36;38;39;41;42;43;44;45;48,50,2.4163353449106215,1.3631239099268035,0.18,1;2;11;18;19;26;30;36;38;44;48;49;55;62;73;79;83;95,100
A0ABU5XT42,0.84375,1;3;5;6;7;8;9;10;11;13;14;15;16;17;18;19;20;21;22;23;25;27;28;29;30;31;32;33;34;35;36;38;39;40;41;42;43;44;45;46;47;48;50;51;52;53;54;55;57;59;60;61;62;64,64,1.9722936964035034,1.145539053738222,0.32,2;3;4;7;15;16;18;20;23;28;29;34;41;42;43;45;48;55;56;58;63;64;67;69;75;77;82;88;90;92;96;98,100
A0ABU5Y1S8,0.6078431372549019,6;9;10;11;12;13;14;15;18;19;21;24;25;26;27;28;30;31;32;34;36;37;38;39;40;42;44;45;47;49;51,51,2.344009436368942,1.3119993764196323,0.61,1;2;3;4;5;6;7;8;10;11;12;13;14;15;16;18;19;20;23;24;26;28;29;31;35;36;37;38;39;41;43;44;47;49;50;51;52;53;54;56;58;59;60;62;64;66;67;68;71;72;77;79;85;86;87;90;92;93;95;97;98,100
A0ABU5YQP4,0.38333333333333336,4;5;6;7;9;11;15;16;18;21;22;25;26;28;30;34;43;46;48;49;52;55;60,60,2.1383122354745865,1.3058730748133294,0.72,3;4;7;8;9;10;11;12;13;14;16;17;18;19;20;21;22;26;28;30;32;33;34;36;38;42;43;44;45;46;47;48;50;51;52;53;55;56;57;58;59;60;61;62;63;64;65;66;69;70;71;73;74;75;77;79;80;81;82;83;84;86;87;88;89;90;91;93;95;96;97;100,100
A0ABU5YW85,0.3404255319148936,4;5;6;10;12;15;17;18;20;23;24;29;34;36;38;41,47,2.537123582959175,1.297199269259129,0.31,1;4;8;9;14;15;27;30;32;35;36;40;41;43;44;45;46;52;53;59;68;70;74;75;79;82;83;84;89;91;98,100
A0ABU6ARK2,0.3333333333333333,1;2;7;8;21;24;25;26;28;36;41;42;44;46;47;48;51,51,2.4551070708036424,1.2838678027584793,0.52,1;4;7;8;9;12;13;14;15;16;18;19;21;22;24;25;26;28;29;31;32;33;34;37;41;44;46;47;49;53;55;56;57;58;59;62;63;64;67;68;69;73;75;83;85;87;88;92;95;97;98;100,100
A0ABU7WS67,0.6551724137931034,2;4;5;7;8;9;10;11;13;15;16;18;19;21;22;24;26;28;29;30;31;36;38;40;43;44;45;46;47;48;49;50;51;52;53;54;55;56,58,2.279221020936966,1.238785612542599,0.93,1;2;3;4;5;6;7;9;10;11;12;13;14;15;16;17;19;20;21;22;23;24;26;27;28;29;30;31;32;33;34;35;36;38;39;40;41;42;44;45;46;47;48;49;50;51;52;53;54;55;56;57;58;59;60;61;62;63;64;65;66;68;69;71;72;73;74;75;76;77;78;79;80;81;82;83;84;85;86;87;88;89;90;91;92;93;94;95;96;97;98;99;100,100
A0ABU7WS89,0.4186046511627907,1;3;4;7;8;9;10;11;13;14;16;19;20;22;28;35;38;42,43,2.4381645184755327,1.1534147881910155,0.36,1;4;6;7;10;11;12;15;17;18;19;21;23;24;28;29;30;33;34;35;39;40;45;49;58;59;60;61;65;66;76;85;86;88;96;98,100
A0ABU8RZH5,0.26666666666666666,2;4;5;10;16;17;20;27,30,2.6815667581558227,0.9213315179300984,0.27,2;15;17;21;24;26;32;34;35;42;44;47;48;52;56;65;69;70;72;77;78;79;80;81;83;93;95,100
A0ABU9CVT7,0.5961538461538461,1;3;6;7;8;9;10;13;14;15;18;19;21;24;25;26;27;28;29;30;31;33;34;37;39;40;41;42;49;51;52,52,2.440923660993576,1.1991569254956205,0.7,1;2;3;4;5;6;7;8;9;10;11;12;13;14;15;17;19;20;21;22;23;24;25;26;27;28;29;32;33;35;36;38;40;41;43;44;45;46;47;48;49;50;51;53;54;56;57;58;59;60;63;64;65;66;67;68;69;72;73;75;77;78;80;84;89;91;92;93;96;99,100
A0ABV1XJ74,0.54,2;4;7;8;9;10;11;14;16;19;20;21;22;23;25;26;27;30;32;33;34;37;38;39;40;44;47,50,2.535763438940048,1.2124577302194894,0.98,1;2;3;4;5;6;7;8;9;10;11;12;13;14;16;17;18;19;20;21;22;23;24;25;26;27;28;29;30;31;32;33;34;35;36;37;38;39;40;41;42;43;44;45;46;47;48;49;50;51;52;53;54;55;56;57;58;59;60;61;62;63;64;65;66;67;68;69;70;71;72;73;74;75;76;77;78;79;80;81;82;83;84;85;86;87;88;89;90;91;92;94;95;96;97;98;99;100,100
A0ABV2WK41,0.64,4;5;6;7;8;11;12;13;14;15;17;19;20;21;23;25;26;29;30;31;33;37;38;39;40;41;43;44;45;47;48;49,50,2.4456725871562957,1.0975347925432806,0.15,12;22;33;36;38;44;52;53;74;75;81;86;87;97;100,100
A0ABV2XGH3,0.1320754716981132,4;7;8;9;23;39;51,53,2.3669830667972565,1.2209131175346046,0.24,5;8;11;15;19;20;29;33;36;41;43;49;50;65;68;69;75;76;78;88;92;93;95;100,100
A0ABV3F2R5,0.5476190476190477,1;2;3;6;7;10;12;13;15;16;18;19;20;22;23;25;27;28;29;31;33;38;39,42,2.456943640708923,1.021416201123084,0.44,1;2;3;4;7;8;9;10;11;12;13;15;18;20;23;24;25;28;30;31;32;33;34;38;41;43;44;45;50;53;57;58;62;64;68;69;70;73;78;81;83;85;91;92,100
A0ABV3VAG8,0.2962962962962963,4;11;12;18;23;25;27;33;34;39;41;42;43;44;45;51,54,2.2520003747940063,1.128125248668238,0.83,1;2;3;5;6;7;8;9;10;11;12;14;15;16;18;19;20;21;22;23;24;25;26;27;28;29;30;31;32;33;34;35;36;38;39;40;41;44;47;49;51;52;54;55;56;57;58;59;60;61;62;63;64;65;66;67;68;69;70;71;72;73;74;75;77;78;79;81;83;84;86;87;88;89;91;92;93;94;95;96;97;98;100,100
A0ABV3VN90,0.4090909090909091,4;7;8;9;10;11;14;15;16;17;18;20;21;26;27;28;29;34,44,2.5446894532442093,1.137741591135413,0.18,5;13;14;17;22;28;35;57;68;71;72;73;76;80;82;85;86;98,100
A0ABV4C2Z2,0.36363636363636365,2;6;7;10;13;14;18;20;21;32;34;35;37;38;41;43,44,2.5716417521238326,1.2901903414293148,0.29,7;12;14;16;17;18;19;20;22;28;29;32;39;44;54;58;60;67;68;73;80;82;83;84;85;89;91;95;96,100
A0ABV6MMA8,0.4,3;6;7;8;9;10;13;22;23;26;27;28;30;31;34;38;40;43;44;48;52;53,55,2.182331013679504,1.132988368395778,0.75,1;2;3;4;5;6;7;8;9;10;12;13;14;16;17;18;20;21;22;24;25;26;27;28;29;30;31;33;34;35;36;37;38;39;41;42;43;44;45;46;47;48;50;51;52;53;55;56;57;58;59;60;63;64;65;66;67;68;69;70;71;72;73;74;75;79;80;81;83;84;85;87;90;91;100,100
A0ABV6V4L7,0.7169811320754716,1;2;3;4;5;6;8;9;10;12;13;14;15;16;17;18;19;21;23;25;26;27;30;32;34;35;36;37;38;40;41;42;43;45;47;50;52;53,53,2.225794987678528,1.1084632429441543,0.98,1;2;3;4;5;6;7;8;9;10;11;12;13;14;16;17;18;19;20;21;22;23;24;25;26;27;28;29;30;31;32;33;34;35;36;37;38;39;40;41;42;43;44;45;46;47;48;49;50;51;52;53;54;55;56;57;58;59;60;61;62;63;64;65;66;67;68;69;70;71;72;73;74;75;76;77;78;79;80;81;83;84;85;86;87;88;89;90;91;92;93;94;95;96;97;98;99;100,100
A0ABV6XEA6,0.7,1;2;4;5;6;7;8;9;10;13;14;15;16;17;18;20;21;24;26;27;29;30;32;33;35;36;37;39;41;43;44;46;48;49;50;51;53;55;56;57;58;60,60,2.0622873944044113,1.1013465371594084,0.98,1;2;3;4;5;6;7;8;9;10;11;12;13;14;15;16;17;18;19;20;21;22;23;24;25;26;27;28;29;30;31;32;34;35;36;37;38;39;40;41;42;43;44;45;46;47;48;49;50;51;52;53;54;55;56;57;58;59;60;62;63;64;65;66;67;68;69;70;71;72;73;74;75;76;77;78;79;80;81;82;83;84;85;86;87;88;89;90;91;92;93;94;95;96;97;98;99;100,100
A0ABV8VFU1,0.2898550724637681,3;16;18;20;21;31;36;39;40;41;43;44;46;47;50;52;57;58;60;66,69,2.0154775381088257,1.2935055104504019,0.53,1;2;3;4;5;6;8;9;10;11;12;13;14;17;19;20;22;26;27;28;29;30;34;38;39;40;42;49;51;52;56;58;59;60;61;63;64;66;68;70;71;77;79;82;84;85;86;89;90;92;97;98;99,100
A0ABV9A5N2,0.5538461538461539,6;8;13;15;16;17;20;22;23;24;25;26;30;31;33;34;37;39;41;42;43;45;46;50;51;52;55;56;57;58;59;60;61;62;64;65,65,1.9495351189374923,1.020191635347596,0.77,1;3;4;5;6;7;8;10;11;12;13;14;15;16;17;19;20;22;23;24;25;26;27;29;30;32;33;34;35;36;37;38;39;40;41;42;43;46;47;48;50;51;52;53;54;55;56;57;58;59;61;64;66;68;69;70;71;73;75;77;78;79;81;82;83;84;85;87;88;90;91;92;93;96;97;98;99,100
A0ABV9EQP6,0.07407407407407407,1;3;13;32,54,2.2219955909252165,0.777351602989888,0.61,2;4;6;10;11;15;18;19;20;22;24;28;29;32;33;34;36;38;39;40;41;42;43;45;47;48;50;52;53;56;57;58;59;60;62;63;64;65;67;68;70;72;75;76;77;78;80;81;82;83;84;85;86;87;91;94;95;96;97;99;100,100
A0ABW0AKB8,0.34,7;9;12;15;18;21;24;25;27;31;32;33;35;38;43;44;46,50,2.4257836866378786,1.1245172926177929,0.32,2;4;5;8;11;14;17;21;22;24;25;26;28;30;31;32;38;42;48;51;54;55;59;64;65;66;73;75;80;82;83;87,100
A0ABW1EUK8,0.10909090909090909,1;8;17;43;47;51,55,2.295414281487465,1.1949858572788687,0.28,1;2;3;7;8;11;13;14;15;30;31;34;37;38;39;42;46;54;64;70;72;73;74;77;81;85;94;95,100
A0ABW1JN02,0.01818181818181818,29,55,2.1861897641420365,1.1571647135428675,0.0,,100
A0ABW2P8T1,0.4888888888888889,1;6;7;8;9;10;11;16;18;19;25;28;33;34;35;36;37;39;40;41;42;45,45,2.332030410170555,1.1120740279964798,0.61,5;6;7;8;9;15;17;19;25;26;28;29;30;31;32;33;34;36;37;38;39;40;41;42;43;44;45;47;48;52;53;54;55;58;59;61;62;63;66;68;69;73;74;75;76;78;79;80;81;82;83;84;85;89;90;92;93;95;96;97;98,100
A0ABW3GAX3,0.2857142857142857,5;7;9;12;27;30;31;32;36;37;40;42;46;47,49,2.434879837036133,1.2936896930768815,0.4,1;2;3;4;5;6;7;8;10;11;12;13;14;16;18;19;21;23;24;26;29;30;31;36;38;44;45;46;47;48;51;52;55;60;73;79;80;83;85;86,100
A0ABW6NT79,0.06060606060606061,3;22;42;55,66,1.874056413769722,1.1826835520608072,0.01,53,100
A0ABW6P5Z0,0.5223880597014925,6;7;8;9;16;20;24;26;27;28;29;31;33;36;37;38;42;43;45;46;48;50;51;52;53;54;55;56;57;58;59;61;63;64;65,67,1.9695604318380355,1.1644509835956427,0.93,1;2;3;4;5;6;7;9;10;11;12;13;14;15;16;17;18;19;20;21;22;23;24;26;27;28;29;30;31;32;33;34;35;36;37;38;39;40;41;42;43;44;45;46;47;48;49;50;51;52;53;54;56;57;58;59;60;61;62;63;64;65;66;67;68;69;70;71;72;73;74;75;76;77;78;80;81;82;83;84;87;88;89;90;92;93;94;95;96;97;98;99;100,100
A0ABW6PLC4,0.6415094339622641,1;2;4;5;7;8;9;10;11;13;15;16;17;18;21;22;23;24;26;28;31;33;34;35;36;39;40;41;43;47;48;49;50;51,53,2.3857778668403626,1.3810414208634556,0.85,1;2;3;4;5;6;7;8;9;10;11;12;13;14;15;16;17;18;19;20;21;22;23;24;25;28;29;30;31;33;35;36;37;38;40;41;42;43;44;45;46;47;48;49;50;52;53;54;55;56;57;58;60;61;62;64;67;68;69;70;71;73;74;75;76;77;79;80;81;82;83;84;85;86;87;89;91;92;93;94;95;96;97;99;100,100
A0ABW6R4U0,0.3333333333333333,1;2;8;10;11;12;22;23;25;27;36;37;38;39;40;42;43;46;50;60,60,2.293564991950989,1.2025989126807128,0.7,1;2;3;5;6;7;9;10;11;12;13;14;15;16;20;21;22;25;26;27;30;33;34;35;37;38;39;41;43;44;45;47;48;49;50;52;53;54;55;56;58;61;62;63;64;65;68;69;70;71;73;76;77;80;81;82;84;86;87;88;89;90;92;93;94;95;96;97;98;100,100
A0ABW6RDE0,0.5333333333333333,2;3;5;6;7;8;9;10;11;12;13;14;15;16;17;18;19;21;25;26;27;29;30;36,45,2.4898682671785353,1.1313578841476684,0.29,5;6;8;11;12;16;18;20;27;29;30;32;35;40;45;47;48;49;51;52;56;58;62;72;79;85;87;88;94,100
A0ABW6RV11,0.6727272727272727,4;5;6;7;9;10;11;12;13;14;15;17;19;20;21;22;24;25;27;28;29;30;31;34;35;36;38;39;42;43;44;46;48;51;52;53;54,55,2.2465484696626663,1.218905632107579,0.79,1;2;3;4;5;6;7;9;10;11;12;13;14;15;17;20;21;23;24;25;27;28;29;30;31;32;34;35;36;37;38;39;40;41;43;44;45;47;49;50;51;52;53;54;55;56;58;59;62;63;64;65;66;67;68;69;71;72;73;74;75;76;77;79;81;83;85;87;88;89;90;91;92;93;94;95;98;99;100,100
A0ABW6S3H3,0.11864406779661017,5;9;18;22;25;29;56,59,2.253126369714737,1.2029164787510214,0.12,1;3;21;36;42;61;63;68;69;82;89;97,100
A0ABW6S8I6,0.08108108108108109,4;8;16,37,2.530015798211098,1.172773165263012,0.0,,100
A0ABW6S9H6,0.4883720930232558,1;2;3;5;6;7;8;9;10;12;15;20;21;23;24;28;32;36;38;39;42,43,2.640571572780609,1.163247436657815,0.24,1;5;6;17;19;22;24;26;28;32;40;41;50;59;62;66;68;71;73;78;82;96;98;100,100
A0ABW6S9K2,0.48484848484848486,3;4;6;8;9;11;12;13;14;15;16;21;23;25;26;32,33,2.762563738822937,1.237663125833031,0.97,1;2;3;4;5;6;7;8;9;10;11;12;13;14;15;16;17;18;19;20;21;22;23;24;25;27;28;29;30;31;32;33;34;35;36;37;38;39;40;41;42;43;44;45;46;47;48;49;50;51;52;53;54;55;56;57;58;59;60;61;62;63;64;65;66;67;68;69;70;71;72;73;74;75;76;77;78;79;80;81;82;83;84;85;86;87;88;89;90;91;92;93;94;95;97;98;99,100
A0ABW6TDD8,0.16071428571428573,6;34;41;47;49;50;52;53;55,56,2.170119700431824,1.187498789336086,0.12,1;2;5;8;31;40;65;76;79;91;95;100,100
A0ABW7R617,0.3157894736842105,1;2;4;12;14;15;16;21;22;26;28;35,38,2.521481339931488,1.0285307652060605,0.2,6;17;20;27;29;33;47;51;53;54;57;58;59;69;81;92;95;96;97;99,100
A0ABW7VTR0,0.5,5;9;11;12;14;15;18;20;22;25;26;27;28;30;31;32;35;36,36,2.6977765381336214,0.9890639262491382,0.63,2;3;4;5;6;7;8;9;10;11;13;16;19;21;23;24;26;27;31;32;33;34;35;38;41;42;43;45;46;47;49;50;52;54;55;59;60;61;63;64;65;67;71;72;73;74;76;79;80;82;83;86;87;88;89;90;91;92;93;95;96;99;100,100
A0ABW7WFK0,0.36,1;2;3;10;11;14;18;24;28;30;32;37;39;41;44;46;48;49,50,2.3263485461473463,1.2706597352241216,0.68,1;2;4;5;7;8;9;10;11;12;13;14;16;17;18;20;22;23;25;26;27;28;29;30;31;32;34;35;37;38;39;40;41;42;44;46;47;48;49;50;51;52;53;58;59;60;62;65;66;67;68;69;71;76;77;78;79;80;82;84;85;86;87;88;91;94;95;100,100
A0ABW7X529,0.2727272727272727,5;8;12;14;15;16;20;22;28;34;42;48;52;53;55,55,2.2056894850730897,1.2194506265081169,0.29,5;6;9;13;17;19;22;24;25;29;33;36;40;42;48;51;52;54;67;73;74;77;84;85;88;89;90;95;99,100
A0ABW9FXS8,0.3333333333333333,1;2;3;9;13;17;18;20;21;25;31;35;37;41;43;47,48,2.2942773693799974,1.0770866902608534,0.12,1;7;17;20;34;35;42;53;56;58;88;89,100
A0ABW9HJC1,0.125,4;6;10;11;13;17;35,56,2.055234906077385,1.1400363560142652,0.07,3;28;67;82;83;93;99,100
A0ABW9L2Z5,0.8245614035087719,2;3;4;5;6;7;8;9;10;11;12;13;14;16;17;18;19;20;21;22;23;24;25;26;27;28;31;32;33;34;35;36;37;38;39;40;42;43;44;46;48;49;50;51;52;53;57,57,2.322569237947464,1.3222004123793953,0.89,1;2;3;4;5;6;7;8;9;10;11;12;13;14;15;16;17;18;19;20;22;23;24;25;26;27;28;29;30;31;32;33;34;36;37;38;39;40;41;42;43;44;45;46;47;48;49;50;51;52;53;54;55;56;58;60;61;62;63;64;65;67;68;69;70;71;72;73;74;76;77;79;80;81;83;84;85;86;87;88;89;90;92;93;94;95;97;98;99,100
A0ABW9L5T4,0.022727272727272728,7,44,2.526282783746719,1.314901141139639,0.01,10,100
A0ABW9M0T7,0.6060606060606061,2;4;5;6;7;8;11;12;13;14;20;21;22;24;26;27;28;29;30;33,33,2.769146704673767,1.0799645841196686,0.42,2;5;7;8;9;11;14;15;16;17;19;20;21;25;26;28;32;33;34;37;38;40;43;46;47;50;52;55;58;59;61;62;63;73;76;77;78;82;84;90;92;96,100
A0ABW9M0U1,0.0975609756097561,9;11;24;38,41,2.4976338559389113,1.202829940294865,0.1,35;37;40;50;62;64;71;75;76;97,100
A0ABX0CLH8,0.09090909090909091,14;28;48;49;56;57,66,1.991592788696289,0.9909899418097053,0.78,1;2;3;4;5;7;9;11;12;13;14;15;16;17;18;19;20;21;22;23;24;25;26;27;28;30;31;32;33;34;36;37;38;39;40;41;42;43;44;45;46;47;48;49;50;51;53;54;55;57;58;59;61;62;64;65;66;67;68;69;70;71;72;73;74;75;78;79;82;86;87;91;93;94;95;96;99;100,100
A0ABX2JV81,0.29411764705882354,4;7;9;10;12;15;17;18;19;20;22;24;31;35;41,51,2.304362664818764,1.321611356512907,0.22,3;4;8;10;12;16;19;21;25;41;52;55;56;57;62;64;68;70;79;82;87;89,100
A0ABX3BV59,0.6,2;3;4;5;6;8;10;12;13;14;15;16;17;18;19;21;23;25;26;28;30,35,2.8879984325170516,1.177485017152028,0.27,2;5;7;11;12;19;33;37;46;47;50;51;55;56;61;62;63;67;68;70;71;72;88;90;91;98;100,100
A0ABX3BV79,0.4107142857142857,8;10;11;13;18;21;25;28;29;30;32;35;36;37;40;44;45;46;49;51;52;53;54,56,2.401164103746414,1.3748202647641847,0.81,1;2;3;4;5;8;9;10;11;12;13;14;15;16;17;18;19;20;22;25;26;28;29;30;31;32;33;34;36;37;38;40;41;43;44;46;47;48;49;50;51;52;53;54;55;56;58;59;60;61;62;63;64;65;66;67;68;69;70;71;72;74;75;76;78;80;81;82;85;86;87;88;91;92;94;95;96;97;98;99;100,100
A0ABX3C2C3,0.6440677966101694,2;3;4;7;8;9;10;11;14;15;16;18;19;20;21;22;23;25;26;27;29;31;33;34;39;40;41;43;46;50;52;53;54;55;56;57;58;59,59,2.027733650803566,1.2680057551723782,0.84,1;2;5;6;7;8;9;10;11;12;13;14;15;17;19;20;21;22;23;24;28;29;31;32;33;34;35;36;37;38;39;40;41;42;43;44;45;46;47;50;51;52;53;55;56;57;58;59;60;61;62;63;64;65;66;67;69;70;71;72;73;75;76;77;78;79;80;81;83;84;85;86;87;88;89;90;91;92;93;95;97;98;99;100,100
A0ABX3C6K0,0.3709677419354839,2;5;7;11;12;15;18;21;23;25;28;29;30;31;32;33;35;36;38;45;49;59;61,62,2.099181388616562,1.0638810568168302,0.36,4;7;8;14;15;16;22;23;25;28;30;31;33;41;43;47;51;52;55;57;58;59;61;62;65;67;70;72;75;83;86;89;95;98;99;100,100
A0ABX3RCA5,0.2127659574468085,4;6;10;16;19;22;27;30;37;47,47,2.612523810863495,1.3535838232912105,0.19,5;19;25;44;46;50;51;55;68;73;76;77;81;85;86;91;93;94;99,100
A0ABX3RX86,0.03508771929824561,27;51,57,2.2922161650657653,1.2914318073745021,0.62,1;3;4;5;6;7;8;10;11;12;14;15;16;18;20;24;25;26;28;29;31;33;34;36;37;39;41;42;44;45;46;49;50;51;53;55;56;58;59;61;63;65;66;67;68;69;71;72;73;74;75;79;83;84;88;89;93;94;96;97;98;100,100
A0ABX3SQI7,0.375,1;3;4;7;8;11;14;15;16;17;19;23;24;26;28;31;36;40;43;49;53,56,2.16941725730896,1.226223005322155,0.11,18;25;26;28;37;47;56;66;70;71;75,100
A0ABX3T0P8,0.4838709677419355,2;6;7;10;11;12;13;14;16;17;18;21;25;26;29;30;31;35;36;37;38;44;45;49;50;52;53;55;56;62,62,2.048006811141968,1.1221860792713232,0.41,3;4;7;10;12;13;15;17;19;20;23;24;25;27;32;33;34;35;38;41;42;44;51;56;60;63;67;70;71;73;75;80;83;85;86;87;91;92;94;95;98,100
A0ABX3T954,0.2545454545454545,1;4;9;14;17;22;26;29;32;35;39;42;47;48,55,2.2969092327356337,1.3690881119768405,0.61,1;3;4;5;6;7;8;9;10;11;12;14;16;17;18;19;21;23;24;26;28;29;32;33;34;35;36;37;39;41;42;45;46;47;53;56;57;58;59;60;61;62;63;65;66;68;69;70;71;73;75;78;81;82;85;86;87;88;92;93;96,100
A0ABX3TLS6,0.32,2;6;7;10;11;13;18;19;23;25;31;32;36;41;46;50,50,2.4462098759412765,1.3080903112599729,0.19,7;11;12;13;17;20;32;35;46;47;56;57;63;69;71;73;89;98;99,100
A0ABX3VAQ3,0.717391304347826,3;4;5;6;8;9;10;11;12;13;14;15;16;18;19;20;22;23;25;26;27;28;29;30;31;32;33;34;38;39;41;45;46,46,2.5667435324192045,1.1997839241884423,0.76,1;2;3;4;5;6;7;8;9;10;11;12;13;14;16;17;18;19;20;21;23;25;27;28;31;32;34;35;37;38;39;41;42;44;45;46;49;50;51;52;54;55;56;57;59;60;62;64;65;67;68;70;71;72;73;74;75;77;78;79;81;82;84;86;87;88;89;90;91;92;93;94;96;97;99;100,100
A0ABX3VJI1,0.5,1;2;3;6;7;8;12;13;15;17;18;19;21;22;23;24;28;31;34;41;42;45;46,46,2.458667804598808,1.2621663402900878,0.37,3;5;8;9;13;14;16;20;24;25;27;29;34;39;41;48;49;50;52;55;56;57;59;67;69;72;74;76;77;81;82;83;89;96;98;99;100,100
A0ABX4V4X1,0.20408163265306123,1;4;5;8;19;21;33;39;40;48,49,2.4355454552173614,1.2834373368376708,0.13,2;9;28;32;40;42;46;57;62;77;86;89;95,100
A0ABX6HJR3,0.5081967213114754,4;6;7;8;9;14;15;16;21;22;24;25;30;32;33;34;37;39;40;44;45;46;47;48;49;50;51;52;54;58;61,61,2.081469245553017,1.1942330749033545,0.91,1;2;3;4;5;6;7;8;10;11;12;13;14;15;16;17;19;20;21;22;23;25;26;27;28;29;30;31;32;33;34;35;36;37;38;39;40;41;42;43;45;46;47;48;49;51;52;53;54;55;56;58;59;60;61;62;63;64;65;66;67;68;69;70;71;72;73;74;75;76;77;78;79;80;81;82;84;85;86;87;88;89;90;91;93;94;95;96;97;98;100,100
A0ABX7RQ37,0.06976744186046512,2;18;21,43,2.558533645272255,1.0989586955541386,0.0,,100
A0ABX8CHF2,0.46153846153846156,1;2;4;5;6;11;13;14;16;17;20;21;22;23;24;28;30;31;33;34;39;42;43;47;53;54;56;57;59;63,65,1.9390320640802383,1.1847503796218855,0.4,1;4;6;7;8;9;12;13;15;16;17;19;20;22;23;25;28;29;31;32;33;34;35;44;46;49;51;56;57;58;61;70;71;75;79;80;83;84;85;94,100
A0ABX8QPS0,0.037037037037037035,13;52,54,2.3578497517108916,1.4203853596204747,0.02,11;25,100
A0ABX8REJ1,0.6610169491525424,2;3;5;6;7;8;10;11;12;13;14;16;17;18;19;20;22;23;24;25;26;27;29;31;32;33;34;35;37;38;40;41;42;48;49;50;52;55;57,59,2.1233417505025862,1.243072383204351,0.48,1;2;3;5;7;8;9;11;12;15;16;19;27;34;35;37;42;43;44;46;47;49;52;53;56;57;58;61;63;65;66;67;68;70;74;79;80;81;83;84;86;87;88;89;91;93;96;99,100
A0ABX8REM5,0.4909090909090909,5;6;8;10;13;14;15;16;17;19;20;26;29;30;31;32;35;36;38;39;43;45;46;47;51;54;55,55,2.2803587943315504,1.1622695887752446,0.88,1;3;4;5;6;7;8;9;10;11;12;13;14;15;16;18;19;20;21;22;23;24;25;26;27;28;29;30;31;32;33;34;35;36;37;38;39;40;41;42;44;45;46;47;49;50;51;52;53;55;56;57;59;61;62;63;64;65;66;67;68;69;71;74;75;76;77;78;79;81;82;83;84;85;86;87;88;89;90;92;93;94;95;96;97;98;99;100,100
A0ABX8VN38,0.44776119402985076,1;2;3;4;6;7;9;10;12;16;17;21;22;23;25;27;30;31;32;34;35;36;39;46;49;51;52;61;63;65,67,2.0489410370588304,1.1549365298984784,0.47,1;3;6;9;10;11;12;13;14;15;17;20;23;24;25;27;28;29;32;33;34;35;42;45;48;49;51;57;61;64;65;68;69;71;72;74;75;77;79;80;81;84;87;91;96;99;100,100
A0ABY2G9V5,0.2765957446808511,2;4;13;14;18;21;22;25;26;27;33;35;43,47,2.3109311699867248,1.115817082557292,0.47,4;9;11;12;15;17;18;23;24;27;28;29;31;36;43;44;45;46;49;52;58;60;61;62;64;65;68;69;70;71;73;74;75;76;78;79;81;82;85;86;88;93;95;96;97;98;100,100
A0ABY3TX45,0.18518518518518517,2;3;5;15;23;31;37;43;46;52,54,2.307164942622185,1.300405234541149,0.32,1;6;9;10;12;14;20;25;27;32;33;37;41;43;48;49;50;52;56;60;66;68;69;71;74;78;81;82;90;93;99;100,100
A0ABY3TZG2,0.6037735849056604,1;2;4;5;6;7;9;10;12;15;18;19;20;23;24;26;29;31;33;34;35;36;39;41;42;43;44;45;46;48;49;51,53,2.445562958717346,1.2432115452946846,0.85,1;2;4;5;6;7;8;9;10;12;14;15;16;18;19;20;21;22;23;24;25;27;28;29;30;31;32;33;34;35;36;37;38;39;40;41;42;43;44;45;46;47;49;50;51;52;53;54;55;56;58;59;60;61;63;65;66;67;68;69;70;72;73;74;75;76;77;78;82;83;84;85;86;87;88;89;90;91;92;93;94;96;97;98;99,100
A0ABY3USZ0,0.673469387755102,1;2;3;4;5;6;7;10;11;12;14;15;16;17;20;21;27;28;29;30;32;33;34;35;37;38;39;40;41;43;44;46;47,49,2.5989427852630613,1.2461637105675167,0.98,1;2;3;4;5;6;8;9;10;11;12;13;14;15;16;17;18;19;20;21;22;23;24;25;26;27;28;29;30;31;32;33;34;35;36;37;38;39;40;41;42;43;44;45;46;47;48;49;50;51;52;53;54;55;56;57;58;59;60;61;62;63;64;65;66;67;68;69;70;71;72;73;74;75;76;77;78;79;80;81;82;83;84;85;86;87;88;89;90;91;92;93;94;95;96;97;98;100,100
A0ABY3UXN4,0.6764705882352942,1;2;4;5;6;7;9;10;11;12;13;14;15;16;17;20;21;22;24;29;30;31;32,34,2.7252787518501282,1.0438867314899696,0.4,2;3;4;5;6;11;13;17;19;22;25;27;28;29;31;36;43;45;50;51;58;59;60;62;64;66;68;70;76;78;81;83;84;86;87;90;92;93;96;97,100
A0ABY3UYZ5,0.02040816326530612,10,49,2.4685617518424987,1.1280787205980016,0.0,,100
A0ABY3V8K0,0.06451612903225806,3;22;29;36,62,2.1128521579504014,1.3043244858805643,0.05,3;10;34;48;52,100
A0ABY3VE79,0.3333333333333333,4;5;8;11;16;18;19;26;28;32;34;36,36,2.7093541693687437,1.2469034420442626,0.5,1;4;5;6;8;11;12;13;14;17;19;20;21;22;23;24;26;28;29;33;36;37;39;44;48;49;50;54;55;61;62;63;64;66;68;73;75;77;78;80;81;83;84;85;89;90;93;94;97;98,100
A0ABY3VMA4,0.5106382978723404,1;3;4;6;10;11;12;13;16;18;20;21;23;25;26;27;28;29;30;32;33;37;44;45,47,2.4394941461086272,1.0008938372856784,0.68,1;3;5;6;7;8;11;12;13;14;16;18;19;20;21;22;25;28;29;30;31;33;36;37;38;39;41;42;43;44;45;46;47;48;49;50;51;53;54;55;56;57;59;63;64;66;67;68;69;71;72;73;74;76;80;82;83;86;89;90;91;92;94;95;96;97;98;100,100
A0ABY4M3X2,0.43548387096774194,3;5;7;9;10;11;12;14;15;16;18;20;22;24;27;29;32;34;39;40;41;49;50;55;56;57;58,62,2.0517985141277313,1.1482835876702437,0.53,2;4;5;6;8;9;15;16;17;20;21;22;24;27;28;29;32;37;38;39;41;43;44;49;51;53;54;57;59;60;61;62;68;69;70;72;73;74;75;80;81;82;83;86;87;91;92;94;95;96;97;98;100,100
A0ABY4QIH6,0.26666666666666666,1;4;6;10;12;14;19;23;25;29;37;42,45,2.750362145900726,1.2195782003686275,0.46,1;5;8;9;10;12;13;14;20;27;28;29;34;35;37;38;39;41;42;44;46;47;49;51;52;58;59;60;62;64;65;68;70;71;72;73;74;75;78;79;82;85;86;88;89;94,100
A0ABY6RGT5,0.6764705882352942,1;2;4;8;9;10;13;14;15;16;17;18;19;20;21;22;23;24;29;30;31;33;34,34,2.758963865041733,1.0710559085691633,0.78,1;2;4;5;6;7;8;10;11;12;13;14;16;17;18;20;21;22;24;25;26;27;28;30;31;32;34;36;37;39;40;41;42;43;44;45;46;47;49;50;51;52;53;55;57;58;61;62;63;64;65;66;67;69;70;71;73;74;75;76;77;78;80;81;82;84;85;86;87;88;89;90;91;92;93;94;96;99,100
A0ABY7PX64,0.49206349206349204,3;5;13;14;15;16;21;22;23;24;26;27;28;29;32;33;34;38;39;40;42;43;44;46;50;51;53;54;56;58;61,63,2.083254386782646,0.9713431917590467,0.9,1;2;3;4;5;6;7;8;9;10;11;12;13;14;15;16;18;19;20;21;22;23;24;25;26;27;28;29;30;31;32;33;34;35;36;37;38;39;40;41;42;43;44;45;46;47;48;49;50;51;52;53;54;55;56;57;58;59;60;61;62;63;64;65;66;67;68;69;71;72;73;74;75;78;79;80;81;83;84;88;89;90;91;92;93;94;95;97;99;100,100
A0ABY8W257,0.21428571428571427,5;11;16;21;22;27;28;30;41,42,2.5064595484733583,1.216468376225654,0.28,2;3;4;14;16;21;27;28;30;35;36;39;49;51;57;60;62;63;70;72;74;82;85;86;87;94;96;97,100
A0ABY9FP74,0.2978723404255319,1;4;7;11;14;15;20;23;27;29;31;34;43;46,47,2.575301923751831,1.0996075437873307,0.2,7;13;17;20;34;38;39;43;46;57;59;62;68;70;75;78;80;92;96;98,100
A0ABY9HWL0,0.18421052631578946,2;3;5;9;12;16;17;21;28;35;36;40;66;69,76,1.774449816942215,0.8545947794484219,0.14,3;4;5;12;33;40;49;52;55;63;89;90;93;100,100
A0ABY9WDG4,0.6666666666666666,3;4;5;6;8;9;10;11;14;17;18;19;20;22;23;25;27;28;29;30;31;32;33;34;35;36;37;41;43;45,45,2.47438660800457,1.2235263525710993,0.9,1;2;3;4;5;6;7;8;10;11;12;13;14;15;16;17;18;19;20;21;22;23;24;25;26;27;28;29;30;31;33;34;35;36;37;39;40;41;42;43;44;45;46;47;48;49;50;51;52;53;54;55;56;57;59;60;61;62;65;66;69;70;71;72;74;75;76;77;78;79;80;81;82;83;84;86;87;88;89;90;91;92;93;94;95;96;97;98;99;100,100
A0ABZ1F9Z2,0.12,2;7;12;21;36;47,50,2.3229279816150665,1.2035391739630914,0.06,36;38;43;55;81;87,100
A0ABZ1HYA1,0.38636363636363635,2;4;9;12;13;14;16;17;18;19;21;24;30;33;38;41;43,44,2.676073496341705,1.1484541892532365,0.74,1;2;3;4;5;6;7;8;9;10;11;12;13;14;15;17;19;20;21;22;23;24;25;26;27;28;29;30;31;32;33;34;35;36;37;39;41;42;43;44;45;49;50;52;53;54;56;57;58;59;60;61;62;63;65;68;69;70;72;75;76;77;79;80;84;85;87;88;89;91;92;95;96;100,100
A0ABZ1N1W0,0.6122448979591837,1;2;5;8;9;10;11;12;14;15;16;17;18;19;21;22;23;24;28;31;33;36;37;38;39;40;41;45;46;48,49,2.464204480648041,1.3747456666801299,0.91,1;2;3;4;5;6;8;9;10;11;12;13;14;15;16;18;19;20;21;22;23;24;25;26;27;28;29;30;31;32;33;34;35;36;37;38;39;40;41;42;43;44;45;47;48;49;50;52;53;55;57;58;59;60;61;62;64;65;66;67;68;69;70;71;72;73;74;75;76;77;78;79;80;81;82;83;85;86;87;88;89;90;91;92;94;95;96;97;98;99;100,100
A0ABZ1VXB9,0.016666666666666666,4,60,2.166079565882683,1.16573376395311,0.05,42;66;67;85;89,100
A0ABZ1YLN8,0.7,1;2;3;4;6;7;9;10;11;12;15;17;19;20;21;23;25;26;27;29;30,30,2.8914667785167696,1.030530056607111,0.81,1;2;3;4;6;8;9;10;11;12;13;14;15;16;17;18;19;20;21;22;23;24;25;26;27;28;29;31;33;34;35;36;38;39;40;41;42;43;44;45;46;50;51;52;54;56;57;58;59;60;61;62;64;65;67;68;70;71;72;73;75;76;77;79;80;81;82;83;84;85;86;87;88;91;92;93;95;96;97;98;100,100
A0ABZ1YUC5,0.4307692307692308,5;6;8;12;17;18;19;20;21;24;26;27;28;29;30;33;34;37;38;42;43;45;48;50;53;54;57;63,65,1.9646603184938431,1.077644622955993,0.95,1;2;3;4;5;6;7;8;9;10;12;13;14;15;16;17;18;19;20;21;22;23;24;25;26;27;28;29;30;31;32;33;34;35;36;37;38;39;41;42;43;44;45;46;48;49;50;51;52;53;54;55;56;57;58;59;60;61;62;63;64;65;66;67;68;69;70;72;73;74;75;76;78;79;80;81;82;83;84;85;86;87;88;89;90;91;92;93;94;95;96;97;98;99;100,100
A0ABZ2PCG2,0.3488372093023256,2;8;14;19;23;25;27;32;34;35;36;38;39;42;43,43,2.584498817920685,1.0395616443661437,0.5,1;2;3;4;5;6;7;9;10;11;13;14;15;16;20;22;23;24;25;29;31;32;35;37;41;42;44;45;46;47;48;50;53;54;55;56;57;64;66;67;70;78;82;83;90;93;94;96;98;99,100
A0ACC6MKA3,0.0,,34,2.7103100073337556,1.0367959808029776,0.0,,100
A0ACD1FAL4,0.2692307692307692,1;3;6;9;10;12;24,26,2.9774079442024233,1.0718093237586621,0.24,9;17;20;21;24;29;32;33;34;37;39;41;48;49;54;55;65;71;77;81;86;90;93;98,100
A0ACD1FAN4,0.5813953488372093,3;4;5;7;8;9;11;12;13;14;15;17;21;22;23;24;25;27;30;32;33;34;35;36;39,43,2.6286450624465942,1.2254004344367888,0.34,5;6;8;12;19;21;25;27;31;32;33;37;42;44;47;48;51;52;60;61;69;70;73;77;79;80;83;84;85;89;90;93;95;100,100
A0ACD2EK82,0.3783783783783784,1;3;6;7;12;13;14;16;18;22;24;25;28;29,37,2.806580308675766,1.4291933908540928,0.56,1;2;3;5;7;8;10;11;12;13;15;16;17;19;21;23;24;33;35;36;39;41;42;46;47;48;49;52;53;56;57;58;59;62;66;67;68;69;70;72;73;74;75;77;80;81;82;83;85;87;91;92;93;96;98;99,100
A0ACD2ERW5,0.56,1;2;3;4;6;10;11;13;15;16;17;18;23;26;29;32;33;34;35;36;38;40;41;42;43;45;46;47,50,2.3419494462013244,0.9076543547029422,0.98,1;2;3;4;5;6;7;8;9;10;11;12;13;14;15;16;17;18;19;20;21;22;23;24;25;26;27;28;29;30;31;32;33;34;35;36;37;38;39;40;41;42;43;44;45;46;47;48;49;50;51;52;53;54;55;56;57;58;59;60;61;62;63;64;65;66;67;68;69;70;71;72;73;74;75;76;77;78;79;80;81;82;83;84;85;86;87;88;90;91;92;93;94;95;96;97;99;100,100
A0PPD8,0.36,10;12;13;14;20;22;26;27;28;32;34;35;40;41;43;44;48;50,50,2.4703335255384444,1.2660478960055266,0.14,2;9;12;17;20;31;39;44;58;62;64;75;89;90,100
A1T887,0.32608695652173914,1;2;7;9;16;21;22;23;25;28;31;36;37;41;45,46,2.3851563429832456,1.0329055960201095,0.24,6;7;15;18;24;26;34;38;39;42;43;44;45;58;60;62;64;65;75;79;80;88;94;98,100
A8M8D3,0.16666666666666666,4;17;27;28;29;34;38;40;41,54,2.36024861574173,1.3337466228745187,0.1,15;25;40;56;60;61;64;66;81;95,100
B1VMZ4,0.44680851063829785,1;2;3;10;15;16;18;19;24;26;27;29;30;31;32;33;34;35;36;42;46,47,2.4340390956401823,1.0010574451127616,0.59,1;2;3;4;5;6;7;8;9;13;14;17;19;21;22;24;26;27;28;30;32;34;35;36;38;40;45;47;50;51;52;53;54;55;57;58;59;61;62;65;66;70;71;74;75;77;81;82;83;84;86;87;89;91;92;93;94;95;98,100
B2HE95,0.28125,1;3;6;10;15;16;17;24;28,32,2.8187113463878632,1.1658244238023872,0.09,32;46;47;55;79;84;93;94;95,100
B2HN69,0.673469387755102,1;2;4;5;7;9;10;11;12;15;16;18;20;21;22;23;24;25;26;28;29;30;32;33;35;36;37;38;39;41;43;45;48,49,2.4380682706832886,1.1108453712814896,1.0,1;2;3;4;5;6;7;8;9;10;11;12;13;14;15;16;17;18;19;20;21;22;23;24;25;26;27;28;29;30;31;32;33;34;35;36;37;38;39;40;41;42;43;44;45;46;47;48;49;50;51;52;53;54;55;56;57;58;59;60;61;62;63;64;65;66;67;68;69;70;71;72;73;74;75;76;77;78;79;80;81;82;83;84;85;86;87;88;89;90;91;92;93;94;95;96;97;98;99;100,100
D5PAD3,0.37209302325581395,2;3;5;13;16;19;20;23;26;30;31;32;39;41;42;43,43,2.5636797600984575,1.2312742839176338,0.37,1;4;7;10;16;19;21;24;27;31;32;33;34;38;43;44;50;51;52;53;54;57;59;62;64;65;66;68;69;73;78;79;85;89;95;96;99,100
D5PI48,0.25,1;3;4;5;8;10;18;22;24;28;32;33;46,52,2.3694738185405733,1.2809356073110227,0.14,7;10;22;24;28;41;45;54;63;64;70;80;84;85,100
D6Z860,0.6551724137931034,5;6;12;13;15;16;17;19;20;22;24;25;26;27;29;30;31;32;33;35;36;38;39;40;41;43;45;46;47;48;49;50;51;52;53;54;55;57,58,2.126079729795456,1.235649106695905,1.0,1;2;3;4;5;6;7;8;9;10;11;12;13;14;15;16;17;18;19;20;21;22;23;24;25;26;27;28;29;30;31;32;33;34;35;36;37;38;39;40;41;42;43;44;45;46;47;48;49;50;51;52;53;54;55;56;57;58;59;60;61;62;63;64;65;66;67;68;69;70;71;72;73;74;75;76;77;78;79;80;81;82;83;84;85;86;87;88;89;90;91;92;93;94;95;96;97;98;99;100,100
D6ZDT1,0.2037037037037037,4;12;21;24;27;29;32;33;35;39;45,54,2.2159934866428377,1.1602559215901271,0.06,56;78;86;87;94;100,100
E3J9G9,0.16666666666666666,3;13;16,18,3.1455214226245882,1.0187392079118462,0.12,1;29;30;38;41;55;65;75;80;83;92;96,100
E5XP76,0.4166666666666667,1;3;8;9;10;13;22;23;24;26;28;29;30;32;33;34;36;37;39;40;46;47;48;52;56,60,2.1511735385656356,1.23257265251773,0.51,4;7;9;12;14;16;17;20;21;23;25;26;28;30;31;33;34;35;36;37;38;39;40;42;45;46;48;51;53;54;55;56;58;59;61;62;64;67;69;72;73;79;80;81;83;85;91;93;94;95;98,100
E5XUS9,0.01694915254237288,5,59,2.078797001838684,1.1653683996788604,0.0,,100
F5YUX6,0.5818181818181818,1;2;3;4;6;7;8;9;10;12;13;14;15;19;21;24;26;27;29;30;31;32;33;37;38;41;43;44;46;47;48;50,55,2.3179543656110764,1.4476541578571642,0.68,2;3;4;5;6;8;9;10;13;14;15;16;17;19;20;22;23;24;26;28;30;31;32;33;34;39;40;42;45;46;47;48;50;51;52;53;54;55;56;59;60;62;63;64;65;69;70;71;72;73;74;76;79;80;81;83;85;87;88;89;92;94;95;96;97;98;99;100,100
G8RIP0,0.28,5;8;9;10;17;24;25;26;27;37;43;46;47;49,50,2.4733659732341766,1.3235618486330354,0.29,14;16;17;20;22;23;30;45;52;53;56;57;59;60;63;67;78;79;80;81;83;86;87;90;92;95;96;97;98,100
H5U1W4,0.5,1;2;3;4;5;6;8;9;10;11;12;13;14;15;16;19;20;21;22;23;29;31;38;40;41;47;51;53,56,2.2787112641334533,1.028762441085562,0.73,1;2;3;4;5;6;8;9;10;11;12;16;17;18;19;20;21;22;25;28;29;31;32;33;34;35;36;37;38;39;41;42;43;45;46;47;48;49;50;52;53;55;56;57;59;60;61;62;63;65;66;69;70;71;72;73;74;77;80;81;83;84;85;86;87;89;90;91;92;93;95;96;98,100
H6R914,0.15384615384615385,3;12;16;17;26;35;39;49;51;62,65,1.9742470109462738,1.038360892722155,0.3,1;5;7;8;9;17;20;21;22;28;30;32;33;43;46;47;49;55;56;61;63;65;67;71;79;83;85;91;92;93,100
H8IJH7,0.5111111111111111,2;3;5;7;8;10;13;14;15;16;20;21;25;26;28;30;31;32;33;34;36;37;40,45,2.3602383637428286,1.086160924829653,0.83,1;2;3;4;5;6;8;9;11;12;13;17;18;19;20;21;22;23;24;25;26;27;28;29;30;31;32;33;34;35;36;37;38;39;40;41;42;43;44;45;46;47;48;49;50;52;53;55;56;57;58;59;61;63;64;65;66;67;69;70;71;72;74;75;77;78;81;82;83;84;86;87;88;89;90;91;92;94;95;97;98;99;100,100
H8ITF4,0.26,3;16;17;24;25;26;31;36;39;40;42;43;45,50,2.4163441818952562,1.3242128497400623,0.41,4;6;10;11;14;18;21;26;28;31;32;34;36;38;39;40;47;49;50;52;53;55;58;59;62;64;70;72;74;75;78;80;82;87;88;89;90;91;93;94;100,100
H8IU56,0.1346153846153846,6;10;12;21;24;27;43,52,2.5295117247104644,1.3852635239282662,0.05,8;35;60;74;79,100
I4BIH7,0.2692307692307692,2;12;13;14;15;17;18;25;26;28;33;34;40;48,52,2.4035021585226057,1.3113311052799042,0.38,3;4;7;8;9;10;12;20;25;26;28;29;30;37;40;41;42;45;46;47;49;52;56;57;58;59;61;69;71;72;73;77;84;85;87;92;97;98,100
I7C367,0.02702702702702703,27,37,2.7401900660991667,1.1100010619281357,0.06,4;40;60;71;93;97,100
I7GER2,0.07142857142857142,20;27,28,2.8188985550403594,1.0690125349729,0.5,2;3;4;5;8;9;11;12;17;19;20;22;25;26;29;31;32;33;34;36;37;38;39;40;42;47;50;55;56;57;61;62;64;66;67;68;69;74;76;77;78;80;83;85;88;90;91;92;95;96,100
J5E0P6,0.16666666666666666,5;15;17,18,3.1672045612335205,1.0377085597031903,0.17,6;14;19;31;35;39;40;42;44;46;59;65;70;84;90;92;96,100
J7U6E9,0.06557377049180328,6;11;32;43,61,2.1932314014434815,1.135117961587237,0.17,2;3;8;9;15;17;18;27;31;42;44;46;50;57;66;74;82,100
J9WJ93,0.09259259259259259,5;12;21;40;47,54,2.452048549056053,1.3800259023692987,0.02,41;67,100
J9WJC3,0.45652173913043476,3;5;6;7;11;13;14;16;18;20;25;26;27;28;29;35;36;38;40;43;44,46,2.3898022198677062,1.1836134794339743,0.66,1;3;8;9;11;12;13;15;16;17;21;23;24;25;27;28;29;30;31;33;34;35;36;37;38;40;43;45;49;50;51;52;53;56;57;58;60;61;62;63;64;67;68;69;70;71;73;74;75;77;78;79;80;81;82;84;86;87;88;89;91;92;93;95;96;98,100
J9WML3,0.38095238095238093,4;6;7;9;17;19;22;25;26;29;32;33;35;36;37;42,42,2.609029130935669,1.1620910268970674,0.97,1;2;3;4;5;6;7;8;9;10;11;12;13;14;15;16;17;18;19;20;21;22;23;24;25;26;27;28;29;30;31;32;33;34;35;36;38;39;40;41;42;43;44;45;46;47;49;50;51;52;53;54;55;56;57;58;59;60;61;62;63;64;65;66;67;68;69;70;71;72;73;74;75;76;77;78;79;80;81;82;83;85;86;87;88;89;90;91;92;93;94;95;96;97;98;99;100,100
K0EPZ9,0.03125,2,32,2.864058870077133,1.1328045673609384,0.01,69,100
K0EY54,0.3,9;11;12;14;17;20;24;26;35;39;40;46;47;51;56;59;60;63;64;65;68,70,2.0759454447031023,1.296245662391401,0.94,1;2;3;4;5;6;7;8;9;10;11;12;13;14;15;16;17;18;19;20;21;22;23;24;25;26;27;28;29;30;31;32;33;34;35;37;38;39;40;41;42;43;44;45;46;47;48;49;50;51;52;53;54;55;56;57;58;59;60;62;63;64;65;66;67;68;70;71;72;73;74;75;76;77;78;79;80;81;82;83;85;86;87;88;89;90;93;94;95;96;97;98;99;100,100
K0UL90,0.16129032258064516,1;4;22;23;24,31,2.928162719011307,1.0467088380808125,0.02,74;91,100
K0V6S4,0.6346153846153846,2;5;7;8;10;11;12;14;15;17;18;20;21;22;23;24;25;26;27;30;31;32;33;35;36;37;39;43;45;48;49;51;52,52,2.5549084866046905,1.2076082114550235,0.41,2;4;5;6;8;10;11;12;16;17;18;19;22;23;24;26;27;28;32;34;37;38;41;46;52;53;54;59;60;64;67;69;73;79;84;89;90;94;95;98;99,100
K0V789,0.5957446808510638,2;5;6;8;10;11;14;15;16;18;20;22;23;26;27;29;30;31;32;36;37;38;39;41;43;44;46;47,47,2.3866614472866057,1.0696154262577497,0.58,1;2;3;4;6;7;8;10;11;13;14;16;17;18;19;20;27;28;29;30;32;34;37;38;40;43;45;46;47;48;49;54;55;57;58;59;62;63;68;69;70;71;72;73;74;79;81;83;84;85;87;90;91;92;93;95;96;97,100
K0VFF7,0.3389830508474576,3;6;7;12;15;18;21;24;25;27;30;32;39;43;46;49;50;53;56;58,59,2.1017154628038406,1.2118762842773148,0.37,1;4;8;9;21;22;23;25;31;33;37;38;39;40;41;42;44;51;52;58;65;66;68;69;70;72;73;75;76;77;81;89;91;94;95;98;99,100
L7V833,0.2727272727272727,5;6;7;11;14;18;21;22;24;32;36;37,44,2.4501446974277497,0.9279133214178286,0.09,21;26;51;71;76;86;88;92;99,100
L7V8G3,0.40425531914893614,3;4;7;8;10;12;15;19;20;23;24;25;29;32;36;38;43;46;47,47,2.4008851826190947,1.1818128526027079,0.74,1;2;3;4;6;7;9;10;11;13;15;16;17;18;19;21;22;24;26;27;28;29;30;31;32;34;35;36;37;38;39;40;41;42;43;44;45;46;47;49;52;53;56;57;58;59;60;62;65;66;69;70;72;73;75;77;78;79;80;82;83;84;85;86;87;88;89;90;91;94;95;96;99;100,100
O69484,0.17647058823529413,2;5;8;9;19;20;31;44;49,51,2.5366134309768675,1.193710256896446,0.08,44;45;46;65;68;77;81;98,100
Q5YY80,0.1,5;10;24;29;42;52,60,2.157051617503166,1.2879284883174327,0.03,13;63;77,100
Q6RKB1,0.5892857142857143,1;2;3;6;8;14;15;17;18;19;20;22;24;25;26;29;30;32;33;35;37;39;40;41;43;45;46;47;48;50;51;52;54,56,2.15193206012249,1.160754563267657,0.42,1;2;4;6;8;11;12;13;15;16;18;24;25;26;28;29;32;37;42;44;45;52;56;57;58;62;68;69;71;73;74;78;79;80;83;86;91;93;94;95;99;100,100
Q741P9,0.7096774193548387,2;3;4;5;6;7;9;11;12;13;14;15;16;17;21;22;23;24;25;26;27;28;29;30;31;32;33;35;36;37;38;39;40;41;43;45;46;48;54;55;56;57;59;62,62,2.0385601997375487,1.2917964907930597,0.88,1;2;3;4;5;6;7;8;9;10;11;12;13;14;15;16;17;18;19;20;21;23;24;25;26;27;29;30;31;32;33;34;35;36;37;39;40;41;43;44;45;46;47;49;51;52;53;54;55;56;57;58;59;60;61;62;63;64;66;67;69;70;71;73;74;75;77;78;79;80;81;83;84;85;86;87;88;89;90;91;93;94;95;96;97;98;99;100,100
Q7D6X4,0.2553191489361702,3;10;12;13;17;19;20;22;23;28;32;43,47,2.58725092113018,1.2720522406662358,0.42,3;6;7;10;14;16;19;20;25;26;27;29;32;34;39;40;44;45;48;49;52;53;54;58;59;62;64;69;70;73;76;81;83;86;87;88;90;92;93;95;96;100,100
U5ELY0,0.3181818181818182,8;9;15;19;21;23;27;28;29;34;35;38;41;42,44,2.5909901803731916,1.382623245623798,0.77,1;2;3;4;5;6;8;9;11;12;14;15;16;17;18;19;20;22;23;25;26;27;29;30;31;32;34;35;36;38;40;41;42;43;44;46;47;48;49;50;51;52;53;54;55;56;57;58;59;60;62;63;64;65;66;67;69;70;71;72;73;74;75;76;77;79;81;82;83;85;87;88;90;91;94;98;100,100
V5X749,0.3888888888888889,1;5;8;9;12;13;18;21;23;26;27;30;35;36,36,2.739330531358719,1.0992725063116786,0.23,15;16;18;25;34;35;38;40;53;59;66;68;70;71;76;77;78;79;81;83;86;91;100,100
V5XIA1,0.5208333333333334,2;4;5;8;9;10;11;12;13;14;17;18;19;20;22;24;25;31;34;36;37;38;39;41;44,48,2.3529944479465486,1.2077542341448877,0.79,1;6;7;10;11;12;14;16;17;18;19;20;21;22;23;24;25;26;28;29;30;31;33;37;38;39;40;41;42;43;44;45;46;48;50;51;52;53;54;55;56;57;59;61;62;63;64;65;66;67;68;69;70;71;72;73;74;75;76;78;79;80;81;82;83;84;87;88;89;90;91;92;93;95;96;97;98;99;100,100
W5WC87,0.8620689655172413,2;4;5;6;7;8;9;10;11;13;14;15;16;17;18;19;20;21;22;24;25;26;27;28;29;30;31;32;33;34;36;37;38;39;40;41;42;43;44;45;46;47;48;49;50;52;54;55;57;58,58,2.093095672726631,1.2466491931770451,0.9,1;2;3;4;5;6;7;8;9;10;11;12;13;14;15;16;17;18;19;20;21;22;23;24;25;27;28;29;30;31;32;33;34;36;37;38;39;40;41;42;43;44;45;46;47;48;49;50;51;52;53;54;55;56;57;58;59;60;62;63;64;65;66;68;69;70;71;72;74;75;76;77;78;79;80;81;82;84;85;86;87;88;89;91;92;94;96;98;99;100,100
W7J139,0.41379310344827586,1;3;5;6;13;16;17;22;26;29;30;35;37;38;39;40;43;45;46;47;51;52;54;58,58,2.2025774520635606,1.215969190552661,0.73,1;2;4;5;7;8;9;11;12;13;15;16;17;18;19;21;23;24;25;26;28;30;31;34;35;36;37;38;39;40;41;42;43;44;45;47;49;52;53;56;57;58;59;60;62;64;65;66;67;68;69;70;71;72;73;76;78;79;80;81;82;85;86;87;88;89;90;91;92;93;94;96;98,100
W9AKH0,0.3953488372093023,4;7;9;12;13;16;18;19;24;25;26;28;30;31;34;39;40,43,2.537076988220215,0.9855998490050933,0.77,1;2;3;4;5;6;7;8;9;10;11;12;13;14;15;18;19;21;22;23;25;26;27;28;30;31;32;33;34;35;37;38;40;41;42;44;45;47;49;52;53;54;55;56;57;58;59;60;61;62;63;64;65;67;69;70;71;72;73;74;75;76;77;82;83;84;85;89;91;92;93;94;95;96;97;98;99,100
W9AZM3,0.2698412698412698,2;4;5;15;17;23;28;29;35;37;38;40;44;47;49;60;61,63,2.0058664911985398,1.189968072237559,0.49,2;4;6;7;9;10;12;13;14;18;19;20;21;22;26;28;29;30;31;38;40;41;42;43;44;46;48;52;53;58;62;63;68;69;74;76;77;78;79;80;82;83;86;87;89;91;94;99;100,100
W9B0J1,0.55,1;3;4;5;6;7;9;10;13;15;16;19;21;22;28;29;30;31;32;33;34;38,40,2.6266195905208587,1.0702659014694584,0.97,1;2;3;4;5;6;7;8;9;10;11;12;13;14;15;16;17;18;19;20;21;22;23;24;25;26;27;28;29;30;31;32;33;34;35;36;37;38;39;40;41;42;43;44;45;46;47;48;49;50;51;53;54;55;56;57;58;59;60;61;62;63;64;65;66;68;69;70;71;72;73;74;75;76;77;78;79;80;81;82;83;84;85;86;87;88;89;90;91;92;93;95;96;97;98;99;100,100
X0Q040,0.1,8,10,3.2240314221382143,0.9455852940454684,0.14,5;8;15;22;24;35;47;54;67;75;83;84;95;96,100
X8A9W7,0.09803921568627451,27;32;33;39;48,51,2.4223199754953386,1.2370118835600987,0.07,47;50;57;58;67;86;97,100
X8CEN6,0.3829787234042553,1;2;4;5;9;12;15;21;23;25;31;32;33;38;39;41;42;45,47,2.351027821302414,1.1202122678524575,0.55,1;2;3;4;6;7;8;10;13;14;15;17;18;19;20;22;24;25;26;29;30;33;34;35;36;37;39;42;45;47;48;49;50;51;52;53;56;57;58;59;61;62;63;65;67;68;74;76;82;86;88;90;91;95;99,100
X8DPU6,0.6818181818181818,1;2;3;4;5;6;7;8;12;13;14;15;16;17;18;20;21;22;23;24;25;26;28;29;31;34;35;36;41;43,44,2.633943601846695,1.2746766329947996,0.88,1;2;3;4;5;6;7;8;9;10;11;12;13;14;15;16;17;18;19;20;21;22;23;24;25;26;27;28;29;30;32;33;34;35;36;37;38;39;40;41;42;43;44;45;46;47;48;49;50;52;53;54;55;56;57;58;59;61;64;65;66;67;68;70;71;72;74;75;76;78;79;81;82;83;84;85;86;88;89;90;91;92;94;95;96;97;98;100,100
X8DWH6,0.3384615384615385,13;14;17;18;27;33;34;35;36;37;45;46;47;50;51;55;59;60;61;62;63;65,65,2.044566206932068,1.0800989224976776,0.96,1;2;3;4;5;6;7;8;9;10;11;12;13;14;15;16;17;18;19;20;21;22;23;24;25;26;27;28;29;30;31;32;33;35;36;37;38;39;40;41;42;43;44;45;46;47;48;49;50;51;52;53;54;55;56;57;58;59;60;61;62;63;64;65;66;67;69;70;71;72;73;74;75;76;77;78;79;80;81;82;83;84;85;86;87;88;89;90;91;92;93;94;95;97;98;100,100
