uniprot_id,apo_entropy_norm_mean,apo_entropy_norm_std,apo_dom_occ_mean,apo_dom_occ_std,apo_fraction_locked,apo_prmsd_mean,apo_prmsd_std,holo1_entropy_norm_mean,holo1_entropy_norm_std,holo1_dom_occ_mean,holo1_dom_occ_std,holo1_fraction_locked,holo1_prmsd_mean,holo1_prmsd_std,holo2_entropy_norm_mean,holo2_entropy_norm_std,holo2_dom_occ_mean,holo2_dom_occ_std,holo2_fraction_locked,holo2_prmsd_mean,holo2_prmsd_std
J9WJC3,0.08816488287722471,0.11163919490370112,0.914,0.15127458477880545,0.9,0.9299956345558167,0.022549281773816,0.2072950184942201,0.184269146552774,0.7966666666666666,0.21063396370639437,0.6111111111111112,3.414939856529236,1.3297305215555442,0.19109733555181627,0.17513758078434152,0.7899999999999999,0.22421290902048563,0.6428571428571429,4.868626379966736,1.6351166653317089
A0A5C7YBR3,0.0982414959811732,0.1585450126029548,0.8953846153846153,0.18449996391975398,0.7692307692307693,0.9426834857463837,0.025660666353711902,0.20720343543244177,0.18934697490332486,0.7894736842105263,0.2166120394236403,0.5789473684210527,2.6508091473579407,1.2227897991761132,0.14499838090445427,0.13663982541375982,0.88125,0.14873949542740825,0.875,3.1066193699836733,2.0824181256713707
B2HE95,0.10295004681450648,0.1804825657856676,0.9116666666666666,0.1686136280244143,0.8333333333333334,0.9634959650039673,0.035205425298326085,0.12825245119251139,0.1476365607538116,0.88,0.1638596960817394,0.8125,3.8077466464042664,1.3719922040606032,0.16068197169297488,0.16073228973342066,0.8426666666666667,0.1873131661742501,0.7333333333333333,4.74245689868927,1.8941614756481284
A0AB33ACF4,0.10301555787856173,0.11223712009240389,0.9175,0.1598241220842461,0.875,0.9876524031162262,0.03382360385931615,0.2448734126085803,0.26078814573592685,0.8242857142857142,0.2077331490746958,0.7857142857142857,5.0180213832855225,1.9289333308179613,0.20693521413011917,0.27866729778932164,0.8323076923076923,0.21633854687481224,0.6923076923076923,4.181238317489624,1.6364111501563352
A0A5R8YUR2,0.10310849997989635,0.1670025734362598,0.8963636363636364,0.2028556462688197,0.8181818181818182,1.0576579141616822,0.03471149269670366,0.2140221647687609,0.2193574464659624,0.8133333333333334,0.21406125810669763,0.6666666666666666,3.520886387825012,1.1505480181420302,0.1706794891173409,0.17785385152500566,0.845,0.19215878850575632,0.75,3.3100949478149415,2.0120555787578733
A0A0F4ES51,0.10369185336756424,0.11838158281740037,0.9076923076923078,0.15913969896597846,0.8461538461538461,0.9488443613052369,0.034240990257527484,0.2337295552716119,0.213373361019468,0.7705263157894738,0.22843802992935644,0.5789473684210527,3.1336370420455935,1.3311395973394087,0.19665312239450838,0.213804638386022,0.8099999999999999,0.2266053838724932,0.6875,3.6052974605560304,1.9001541077837076
A0AAJ1W4G5,0.10895537241958193,0.13510316690306948,0.9066666666666666,0.15563490039905,0.8333333333333334,0.8733250486850739,0.030065476602181583,0.15897216373326428,0.15495747472429766,0.8333333333333333,0.18726095873584186,0.7222222222222222,3.806790599822998,1.7347186218232868,0.14549969311224906,0.14971404175490347,0.8506666666666667,0.17295342982690134,0.8,4.005225598812103,1.7389334908930465
A0A1A2VM45,0.11046310206480942,0.1338866904312564,0.8927272727272726,0.15309479589106095,0.7272727272727273,0.9216863346099854,0.028838328485538627,0.21150521357856142,0.192259739455337,0.7800000000000001,0.20488160139025488,0.5882352941176471,3.6023100280761717,1.5002380544038614,0.20345856337974597,0.18916080935877808,0.7986666666666665,0.20752081555566634,0.7333333333333333,4.500821061134339,1.505725037130825
A0A0F5MSZ2,0.11078250363691244,0.15673917270600282,0.9014285714285714,0.1634388108680407,0.7857142857142857,0.9273657250404358,0.026017204274334776,0.21076341841717303,0.19277923208268596,0.7963636363636364,0.2007835889378832,0.6363636363636364,2.5893525671958924,1.157160543407646,0.20064463607463964,0.16441154556603393,0.8226666666666667,0.1784177370355562,0.7333333333333333,2.3967819035053255,1.7497349927262096
A0A0Q2M080,0.11230580740560259,0.14254920395986587,0.8983333333333333,0.170383554240295,0.8333333333333334,0.8839738178253174,0.030952495827367137,0.17323442732620636,0.15874356514530205,0.8117647058823529,0.20603355792108083,0.6470588235294118,3.350303337574005,1.5974240911114324,0.1786198431962962,0.14920048438883782,0.8053333333333333,0.20218363490209149,0.6666666666666666,4.354274477958679,1.625274894057327
A0A1A0VBY7,0.11316218846358839,0.12859966029844863,0.8983333333333334,0.14752589226603202,0.8333333333333334,0.9212402594089508,0.025089892296136944,0.1919936999235958,0.1719528462432125,0.8322222222222222,0.17915094676946328,0.7222222222222222,3.84510986328125,1.7985864267390368,0.17150446439092007,0.17226432584405116,0.8186666666666667,0.2070061727474704,0.6666666666666666,5.439784069061279,1.765694364991027
H8IJH7,0.11359163760353722,0.11027615192531223,0.9019999999999999,0.15269577597301112,0.8,0.9585661327838898,0.0314038878342726,0.20381800500658875,0.18516930205505747,0.7835294117647059,0.2207191768227243,0.5882352941176471,3.1617683506011964,1.5663057058724519,0.22239057019759512,0.16098881932698203,0.7626666666666666,0.20705769458991105,0.6,4.495825901031494,1.751493101410805
A0A0U1D4T9,0.11373166461171816,0.133480819361206,0.8859999999999999,0.18178008691823205,0.8,0.9687254083156586,0.023383158203195115,0.18293344767145583,0.183954010255356,0.8235294117647058,0.1996744755690412,0.7058823529411765,2.9760511326789856,1.4462848175765004,0.2152351595340127,0.17489821031620098,0.78,0.21725560982400433,0.6666666666666666,4.043206400871277,1.7731886228079226
A0A1Y5Y6P3,0.11382887997853684,0.14669964246897002,0.8945454545454545,0.18032110935589,0.8181818181818182,1.0265548956394195,0.03647171900250424,0.20793658773105153,0.1926624547797124,0.8052631578947369,0.20732299796396092,0.6842105263157895,3.640196304321289,1.7585263955235424,0.11877324730961014,0.12505212059583187,0.88,0.17218321295506542,0.8235294117647058,2.6187799525260926,1.8506186605354233
A0A1A3KPW7,0.11413859843122286,0.13512609334599526,0.903076923076923,0.14672761867773987,0.8461538461538461,0.8578161442279816,0.02402762577302052,0.15628934500113514,0.1505533619146147,0.8400000000000001,0.17061978522759635,0.7222222222222222,3.6506966280937196,1.4709251337902716,0.14726573313199234,0.13776847680218443,0.8253333333333333,0.19818734122597795,0.6666666666666666,4.652599399089813,1.571959076458684
A0A1T3NUL4,0.11456116715958446,0.17194155187942478,0.903076923076923,0.16767113486660612,0.8461538461538461,0.918765835762024,0.0286316001297506,0.16796241048638944,0.1725568743488281,0.8514285714285714,0.19218755012166813,0.8095238095238095,2.962131097316742,1.5077823725220962,0.11426561171312999,0.11608988857819515,0.8946666666666665,0.15413702417726322,0.8,2.904577097892761,1.466422982097366
A0AAD1HCQ5,0.11772156624412329,0.12392872421362425,0.9016666666666667,0.1617525545049873,0.8333333333333334,0.9920392882823944,0.020851146524126618,0.25378841662766294,0.19280559960746527,0.7811111111111111,0.1907263568830395,0.6111111111111112,3.6104617857933046,1.487348017640562,0.2048922718587145,0.19095899471942093,0.8270588235294117,0.17715943985017474,0.7058823529411765,3.351689293384552,1.8157608538338974
A0A9X7JMG6,0.11918715932085923,0.14089035782729317,0.9018181818181819,0.15665933984391284,0.8181818181818182,0.9020529949665069,0.03640595811234862,0.17770542487872149,0.14463104626994197,0.8589999999999998,0.16352064089893972,0.8,2.5010933113098144,0.7585389954086601,0.17120116899273657,0.15347454134222058,0.844,0.178018725606793,0.8,3.198535723686218,1.9116489185447452
A0A7I7QP46,0.12043595667469369,0.147392590175617,0.8876923076923077,0.166878760512113,0.8461538461538461,0.9379363858699798,0.04063727552997394,0.20757978104030936,0.19563991214377038,0.7778947368421053,0.23132521985447288,0.631578947368421,2.91907719373703,1.4907548402982667,0.20855299320247916,0.14855607557512768,0.7941176470588235,0.19106693694740506,0.6470588235294118,3.8117166900634767,1.986974420363243
A0A1W9ZN90,0.12065244061756286,0.15850736769736432,0.8733333333333332,0.18463176565501638,0.75,0.8909570682048797,0.031352074490019075,0.2006047067941014,0.1461586022018254,0.7894117647058825,0.1929483499383828,0.5882352941176471,3.465535662174225,1.626723877255816,0.197154811724264,0.16608204208353283,0.7866666666666667,0.21374959389175194,0.6666666666666666,4.8479647564888,1.8399273900859114
A0A1X0I595,0.12092681819363063,0.13220556256041863,0.8969230769230769,0.13963604424385204,0.8461538461538461,0.9026793825626374,0.027757761483204368,0.14379388451845018,0.1668376338339887,0.8421052631578947,0.20124818266242986,0.6842105263157895,3.1971089673042297,1.484734728734365,0.21530185092339474,0.15663589826095115,0.7866666666666667,0.21374959389175194,0.6666666666666666,4.9522710299491886,1.8928990230509337
A0A1X0FZ49,0.12315435546279253,0.13500716876788885,0.8733333333333334,0.1746106780494506,0.8333333333333334,0.8966444277763367,0.021598373402487086,0.21534885831359896,0.16377282476188493,0.8022222222222223,0.18653434463496274,0.7222222222222222,3.0556278800964356,1.3802854421796884,0.18911181168052124,0.18081213262398965,0.7866666666666666,0.22787911025122265,0.6666666666666666,4.551248724460602,1.856910744631982
A0A927MND6,0.12365000548929639,0.14235790653239322,0.9139999999999999,0.13507035203922435,0.9,0.9314306211471558,0.02854238257788399,0.237155853684168,0.2532852818134883,0.79,0.21667948680020452,0.5625,3.770355501174927,1.2814443880089912,0.19181772322584764,0.19929397378432448,0.8300000000000001,0.17879224442538513,0.6666666666666666,3.2506260681152344,1.8222702598181255
A0A7H0I6F1,0.12371001974579439,0.1530828437910728,0.9066666666666666,0.14654540441636357,0.8666666666666667,0.9817845869064331,0.041453125640802974,0.19204506720240003,0.18699241859604845,0.838095238095238,0.19002804423655967,0.7142857142857143,2.8743510174751283,1.091479426421231,0.14351207225301646,0.17192706883180942,0.8928571428571429,0.16276313075968366,0.7857142857142857,2.412429270744324,1.598182037482949
A0A1A2STK0,0.12449257507085405,0.18622841831916995,0.86,0.22656860623955236,0.75,0.941282377243042,0.034782019246191336,0.18026578048348826,0.1539497890160273,0.8077777777777778,0.1983418921278092,0.6666666666666666,3.8006207036972044,2.024047676877401,0.1954427064278631,0.1683265850633675,0.7987500000000001,0.1999335827218629,0.625,4.082593159675598,1.8602400622957413
A0A401YST3,0.12544986394787194,0.18621080227564865,0.8983333333333333,0.16999182986903286,0.8333333333333334,0.9234525620937347,0.04103964086894114,0.14666596038065874,0.18074349479420868,0.8677777777777778,0.1994591452335138,0.7777777777777778,2.554697015285492,0.6431310913408752,0.11913348094578759,0.13855976138218207,0.8600000000000001,0.191710566157608,0.7647058823529411,3.3063560342788696,1.9802447918339896
A0A329KUN3,0.1269024683449219,0.1315659192584885,0.8700000000000001,0.18046236911518884,0.75,0.9428122520446778,0.029120654188734118,0.1950700210340579,0.1662003790211086,0.8066666666666666,0.19652537297311568,0.7222222222222222,3.7636163210868836,1.8863836402117844,0.23802933787372157,0.1509476772013006,0.7528571428571428,0.1948782979718577,0.5714285714285714,4.212486546039582,2.032906755183651
A0AB73U621,0.1279642301046232,0.20060346873396212,0.8620000000000001,0.20850899261182956,0.7,0.9111073279380798,0.0339529522301881,0.17446427586110463,0.16957194492435418,0.8175,0.2049237663132317,0.6875,3.685998544692993,1.2033350818728192,0.20048124187489869,0.18338932091172452,0.7938461538461539,0.18963683760681835,0.6153846153846154,4.202028408050537,1.7889853673039022
A0A1B9CJD7,0.1279942920119783,0.13147208664059457,0.875,0.1714885807665727,0.75,0.9451526856422424,0.03369223455283416,0.20644619445924922,0.1643743547874079,0.7905263157894737,0.1958913147697367,0.6842105263157895,4.109652552604675,2.0352379328715937,0.2158100799932243,0.16732022426610285,0.7586666666666666,0.21571174181197358,0.6,4.699834749698639,1.6992444369656288
A0A0J6Z0M9,0.128543823735623,0.16745880275977468,0.8766666666666666,0.18363611361119092,0.75,1.0665834474563598,0.033760694638159984,0.16383784435504092,0.16308188003417054,0.818,0.2057085316655583,0.65,2.9608620405197144,0.8734591101899266,0.13858960850627963,0.13783044819984117,0.8542857142857143,0.1811753012855736,0.7857142857142857,3.2256712794303892,1.8070837604912522
A0A5N0E0J5,0.12921625948509827,0.1421739801027362,0.8933333333333334,0.17556258776351588,0.8333333333333334,0.9755640208721161,0.04254556134099754,0.246650280256757,0.1976180639969683,0.78125,0.19804907851338263,0.5625,3.7774133777618406,1.2893330845785538,0.24206215574561843,0.178664728804434,0.7906666666666667,0.1796094528569016,0.5333333333333333,5.299776453971862,1.4679027220729104
A0A1A2P0A6,0.12949837297585198,0.1709452645389339,0.8492307692307693,0.22029565931899997,0.6923076923076923,1.020668762922287,0.03937302683682561,0.188364153053116,0.21783091901074658,0.8390476190476189,0.19736127766839798,0.7142857142857143,3.4085919141769407,2.0791667931065887,0.20428824308219784,0.2274950827283003,0.8105882352941176,0.2275307500416875,0.7058823529411765,4.05614068031311,2.173543251071955
A0A7I7P449,0.13001388748708384,0.13077738283934334,0.8892307692307694,0.1413376501889951,0.8461538461538461,0.9227417254447937,0.024299942215957597,0.20116628100211323,0.1854406639232793,0.7957894736842106,0.18711988246980188,0.631578947368421,3.824866981506348,1.445382590443236,0.20537215359077385,0.16144949834981592,0.7849999999999999,0.19124591498905277,0.5625,5.282102513313293,1.400937225970169
A0AAE4UCZ3,0.1314235407321912,0.13549321417860408,0.8854545454545453,0.1722769248709043,0.8181818181818182,1.0163277566432953,0.029267140040970984,0.19563480592897667,0.18347114649025087,0.7944444444444444,0.21476659739825624,0.6111111111111112,3.959873659610748,1.6094009843047534,0.23657670678811366,0.1836009819103056,0.7542857142857143,0.22327799090929182,0.5714285714285714,4.398197345733642,1.7888221295587148
A0A7I9ZRY4,0.13153338729354624,0.14465550050728085,0.865,0.1958953802415973,0.75,0.9611744606494903,0.02786429604526722,0.19797597449124948,0.14729923920389534,0.8214285714285714,0.17557485757432612,0.7142857142857143,3.9840980529785157,1.4592953005333225,0.23615984707186002,0.16633885355892272,0.7833333333333332,0.20829999733290658,0.6666666666666666,3.1838678550720214,1.7697264028119994
A0A7I9ZCH7,0.13246764144115555,0.1410725271443422,0.8849999999999999,0.1637325054267885,0.8333333333333334,0.9079060733318329,0.028013507532797497,0.18095157443545873,0.1693781859318813,0.8266666666666667,0.186785676348292,0.6666666666666666,4.489890723228455,1.8780781412305576,0.19662533450791955,0.16260508803581497,0.8028571428571428,0.21298653785186156,0.7142857142857143,5.0261483669281,1.9170836386017354
A0A0D2EWW5,0.13426648347794076,0.2157480803447507,0.8672727272727272,0.20928844424038798,0.7272727272727273,1.137261393070221,0.03265952406664132,0.1679639693730416,0.21653503798331883,0.8411111111111111,0.20357605428080977,0.6666666666666666,4.713493552207947,1.392513582353115,0.2337932413998928,0.22538835042046393,0.7917647058823529,0.2236655931918333,0.6470588235294118,4.49273446559906,1.429687859391297
A0AB73U9A3,0.13525749802371168,0.14017329818723762,0.8879999999999999,0.15574337867145427,0.8,1.0937536001205443,0.03692864001087171,0.112165917369196,0.14316646933622826,0.8999999999999999,0.15748015748023622,0.8235294117647058,3.766976926326752,1.378935447563168,0.11216223369167017,0.11107168192784783,0.9011764705882354,0.13292555868699266,0.9411764705882353,2.6957259798049926,1.5550175117641267
A0A024JZE3,0.13552074656794724,0.15393100450460884,0.916,0.12268115856425009,0.9333333333333333,0.9285402941703796,0.03345291921127932,0.1422455405680912,0.15918688635580028,0.8780000000000001,0.17063411147833252,0.85,2.9202977633476257,1.2641104230498592,0.12340493556022726,0.14719905982066978,0.8814285714285715,0.18212464894983885,0.7857142857142857,3.3110181999206545,1.6909204846355497
A0A1Q4HNQ9,0.13783219057837204,0.127766902164956,0.88,0.1518771433319269,0.75,0.941444708108902,0.032226818118114973,0.19876212622002887,0.1777634280201321,0.7929411764705881,0.20487484575258458,0.6470588235294118,3.391215102672577,1.3545015691265057,0.201049363829269,0.20945738339643089,0.784,0.2260619384151167,0.6,3.7648868465423586,1.8487844240845803
A0A2A7NAH8,0.1386225556199492,0.14629576956502827,0.8636363636363636,0.17327186873773762,0.8181818181818182,1.0227084052562714,0.03673523611885899,0.12484753957580258,0.13643131235425843,0.8622222222222223,0.18641517450022846,0.7222222222222222,2.9056647348403932,0.9131882629499837,0.11663033214578845,0.1191414876911505,0.8917647058823529,0.15538321864563817,0.8823529411764706,3.2927852773666384,1.5006597183559975
A0A1Z4EZ40,0.1398500590335312,0.16987992698699395,0.8720000000000001,0.1889338508579127,0.8,1.1051879954338073,0.04424485029874304,0.1069873204225242,0.1447133258480638,0.92,0.12574483967894012,0.8823529411764706,3.8454993915557862,1.4232676014758534,0.14723891325341631,0.152634546123888,0.8644444444444446,0.16634042143288305,0.8333333333333334,3.86606228351593,1.7803155340127181
A0A178CV43,0.14118614843709323,0.14457347719079672,0.855,0.19716744153130353,0.75,0.9458703768253326,0.0366427813469004,0.2514260471989623,0.2317845862448241,0.7642105263157895,0.20688964232102824,0.631578947368421,5.172275440692902,1.5112899552952266,0.24156722752608245,0.21757785584988054,0.7705882352941176,0.19812267703549066,0.5882352941176471,4.9734154796600345,0.8152443020681932
A0A1A3C4T0,0.1416680266142484,0.13647314710870553,0.8583333333333334,0.17672168954476286,0.6666666666666666,0.9907618999481201,0.03338744687287418,0.1433598978334099,0.17974426325466225,0.8540000000000001,0.21138590303045282,0.75,2.515965173244476,0.8316565892692888,0.1646718720006603,0.15223455261190988,0.8188235294117647,0.18917412933874617,0.6470588235294118,2.690051009654999,1.940005167734088
L7V833,0.141999350266666,0.17219519365854977,0.8733333333333334,0.1876758434701233,0.75,0.9918635058403015,0.04107955110536425,0.13927770676959164,0.1821206257308372,0.8544444444444443,0.2094230758330085,0.7222222222222222,3.2859952592849733,1.1848239334859147,0.14657879183286782,0.14256087508851695,0.8557142857142858,0.16939869647475725,0.7857142857142857,3.0345455384254456,1.859276000361953
A0A0K0X557,0.14232877644829653,0.16398942376266656,0.8799999999999999,0.1697056274847714,0.8333333333333334,0.8390120947360993,0.029302951906933106,0.2552052601521934,0.19741022492302956,0.7400000000000001,0.2050474199897293,0.4444444444444444,3.1600595808029173,1.5185823002687826,0.20126169752557535,0.17066984119172424,0.808,0.1892863791542681,0.6666666666666666,3.7967699813842772,1.9762434924897818
A0A7K1VB93,0.14245125419520152,0.1485751792417278,0.874,0.17321662737739701,0.8,0.9662309658527374,0.02984488391873599,0.18288656819247848,0.19397703353927664,0.8223529411764706,0.2157212092920126,0.7058823529411765,3.400979619026184,1.2392274472156386,0.12943419629036856,0.1285787796538813,0.8876923076923078,0.15680236684604196,0.7692307692307693,3.2690424799919127,1.6217024415711656
A0A0U1Z2H3,0.14376402066413044,0.13171755179417594,0.883076923076923,0.16131119544268438,0.8461538461538461,0.9846155941486359,0.033477920896117376,0.27267553093920976,0.21512446560245568,0.756842105263158,0.21277743824744863,0.5263157894736842,3.6634012722969054,1.3695285655597205,0.20123287858522856,0.17855600425287557,0.8075,0.20553284409067082,0.625,3.8812475633621215,1.7202723931679995
A0A6H9YKW3,0.1439975923731926,0.23781219952675167,0.8784615384615384,0.20776636856172231,0.7692307692307693,0.8887987506389617,0.03245675448442356,0.15722848926755753,0.2171671449048948,0.8780952380952382,0.17510864784114127,0.7142857142857143,2.925387876033783,1.1792652801751307,0.16488552817422286,0.22485196632330345,0.84875,0.21919953809257903,0.75,2.728341042995453,1.414355387875013
A0A370HBB6,0.14405835248425353,0.17854268584693028,0.8699999999999999,0.1784936973677222,0.8,0.8426451635360718,0.021805180676043978,0.21238001421026237,0.20035368382326305,0.7866666666666667,0.23558909614458437,0.6666666666666666,2.89186635017395,1.35818082202522,0.1802303803936577,0.14547779426939933,0.7883333333333334,0.20727732362438706,0.6666666666666666,2.4715411865711214,1.8923883464222007
A0A426SF14,0.14455917646552893,0.16576827711042927,0.8676923076923078,0.20419273874507146,0.7692307692307693,1.0026764404773711,0.03320933698755027,0.2335676845464127,0.19396403777635307,0.8070588235294117,0.1835520348047628,0.7058823529411765,3.9937496256828307,1.2387226927275152,0.18661482797660753,0.1784049001406235,0.8257142857142858,0.1821190460626661,0.7142857142857143,4.3321955156326295,1.7785921819732322
A0A1E5P3C7,0.14504881790326338,0.1917688761074112,0.8933333333333332,0.1635712552851373,0.8333333333333334,0.945954521894455,0.0380841530104382,0.19861178574880953,0.18562394661791662,0.83,0.17866791044343194,0.7777777777777778,2.793346347808838,1.0102098136972624,0.1812294520779128,0.16527505492523545,0.8493333333333334,0.16715129540495804,0.7333333333333333,3.4474150204658507,1.8486176219679948
A0A401VU81,0.14506723943197103,0.18052283454853008,0.8745454545454545,0.18509769589271874,0.7272727272727273,0.9811248660087586,0.029428691720472445,0.20533488938136824,0.19636284783404184,0.82,0.20554225611201957,0.7142857142857143,3.876223790645599,1.7368921722629347,0.1955664937386628,0.1666749468213279,0.8189473684210525,0.190232399056968,0.6842105263157895,3.7705864334106445,1.9761465003280116
A0A1A3U7T4,0.14519032706144594,0.1884097122616864,0.8583333333333334,0.20040930339904103,0.75,1.0659702587127686,0.036506214056594696,0.28566860812061246,0.25489394718782754,0.741904761904762,0.2441626906411661,0.6190476190476191,3.2597539734840395,1.709445035481224,0.2531142825553823,0.24307603929488353,0.7666666666666666,0.24531159323965468,0.6666666666666666,4.1574783873558045,2.068187884074707
A0A1X1XH13,0.14554257073315932,0.17380844543724522,0.8254545454545454,0.22499954086270876,0.6363636363636364,1.1056137371063233,0.040977542213841124,0.25352729983670075,0.2611177847119174,0.7666666666666666,0.255255862921022,0.6111111111111112,3.163646059036255,1.5633651835648956,0.21590021952091903,0.263034984696723,0.77625,0.2650677979310199,0.625,3.591056787967682,2.218093804400958
A0A1X1XQZ1,0.1455839323092418,0.23686122981574953,0.9054545454545455,0.15773185741306414,0.8181818181818182,0.9414120435714721,0.023706136023457787,0.15894612918145767,0.21785465785311645,0.8893333333333334,0.16245888368719297,0.8,4.154653005599975,1.5029294732207,0.24311895129445207,0.21821540092552338,0.8016666666666666,0.19974289029205075,0.6666666666666666,3.564553985595703,1.683648785762907
A0A7X6M5C6,0.1457047240181326,0.15450166292535783,0.88,0.1716232660642066,0.7272727272727273,0.9581583750247955,0.03386987784746395,0.20774803297842054,0.1903168317078757,0.8305263157894737,0.1906629344435806,0.7368421052631579,3.2824176788330077,1.4749725220639083,0.16416477050020822,0.16466146104156576,0.8685714285714285,0.15394141477741935,0.7857142857142857,3.45280992269516,1.9434548461590024
A0A9X2YIQ0,0.14572084040661684,0.1600343050777829,0.8646153846153845,0.2024699554013797,0.7692307692307693,0.9776997911930084,0.031611265828731076,0.13162038106845653,0.15637941400490074,0.8670588235294118,0.18710691205776547,0.7647058823529411,2.68810781955719,1.0050631162087544,0.1315601204244942,0.16366967100318913,0.8571428571428571,0.20960604446807113,0.7857142857142857,3.204804036617279,1.2219121084192608
A0A1X1TAZ5,0.14580240536940087,0.14653232212528575,0.8733333333333332,0.1848482861399826,0.8,0.9848545551300049,0.025544898068820824,0.15637794093117774,0.1793842352173799,0.86,0.1759186414825121,0.7894736842105263,2.46604234457016,0.6058859609030528,0.12707856260943698,0.1491264178322599,0.8674999999999999,0.19504807099789528,0.75,3.122950942516327,1.5656815841556142
A0AAX1JEG7,0.14623029305224639,0.16365480781064953,0.828,0.21747643550509096,0.7,1.0541408789157867,0.05403363868605613,0.23965162419580097,0.25625652118526565,0.7766666666666666,0.24406283343980634,0.6111111111111112,3.260067207813263,1.3533494858857462,0.24400758868443168,0.22111292183072495,0.78,0.22932394921640986,0.5789473684210527,5.315152297019958,1.6352134503651825
R4MGK8,0.14635332042822408,0.15925039479528522,0.8671428571428572,0.18151853787378502,0.7857142857142857,0.9915396285057068,0.03671453291838576,0.20578456619803634,0.20600544594592338,0.8242105263157895,0.20800596624726858,0.6842105263157895,3.465614686012268,1.8019141834229269,0.24491669538228666,0.19907270590303397,0.775,0.19956202043475105,0.5625,2.9569169783592226,1.5502109770837857
A0AAC9YPU9,0.14660430898064503,0.1369334382704018,0.8723076923076923,0.17480335528173216,0.7692307692307693,0.949227694272995,0.031004394411470654,0.19313562805052456,0.1749902251367031,0.8126315789473685,0.19327760523914975,0.631578947368421,3.9844192361831663,1.876820433597014,0.19313373372842496,0.17182749089381796,0.7866666666666666,0.22326864734863444,0.6,4.20706109046936,2.028959676623452
A0A7Y9XV54,0.14695371852614159,0.1542777543777323,0.8685714285714284,0.17931843753729376,0.7857142857142857,0.9323767137527466,0.040114544210923336,0.16958508964360114,0.2108384080860731,0.8347368421052631,0.21204191296341768,0.6842105263157895,4.2242811894416805,1.4247467971835401,0.15249014145923426,0.18787658032610102,0.8614285714285714,0.18631222423115235,0.7857142857142857,4.564671368598938,1.271364053767419
A0A286MPQ6,0.1471225708377885,0.15344848609122422,0.881818181818182,0.16721342822426788,0.8181818181818182,0.9619343173503876,0.031514754964854126,0.21037783705912635,0.2249934348862692,0.8389473684210526,0.18586624327136875,0.6842105263157895,3.8244861865043642,1.6424627915495087,0.16348501876844315,0.15251519301321648,0.8875,0.13506942659240098,0.875,2.5457055807113647,1.3827399529606257
A0A7U5MR51,0.14718668243144933,0.1359812571544277,0.8707692307692307,0.1657830620679901,0.7692307692307693,0.9658831572532653,0.028335432588431186,0.2066087889281126,0.1956195364571112,0.7877777777777779,0.20786094592180168,0.6111111111111112,3.2258874940872193,1.3149415281849937,0.2402951682726955,0.18322589276666879,0.7453333333333333,0.20297345201336606,0.5333333333333333,4.750946772098541,1.8928548253598805
A0A918CWM2,0.14723323429994534,0.17349809641294536,0.8492307692307691,0.2092647031305838,0.6923076923076923,1.0032202470302582,0.02629761055094944,0.24985511620074904,0.248198404084326,0.7711111111111111,0.21911156186566214,0.5,3.8795007634162904,1.5073346469411106,0.22650182645462938,0.2008864136320822,0.7957142857142857,0.20426573328857284,0.5714285714285714,3.681259572505951,1.9650276385138314
A0A7I7PH49,0.14739620865395475,0.1625516904873312,0.916,0.11620671237067161,0.9,1.0412308144569398,0.02639604776548588,0.18911682038898026,0.1406497318911743,0.7966666666666667,0.19756855350316593,0.6111111111111112,3.4724136924743654,1.1160681815670208,0.17468454939468614,0.14738216290261694,0.831764705882353,0.1848444590688152,0.7058823529411765,5.119218864440918,1.6765994679883798
A0A378WN66,0.1487579022641636,0.20816436353582143,0.8822222222222221,0.21280025990887314,0.8888888888888888,1.0436495351791382,0.035171713194946067,0.17013660706021436,0.1732237918032239,0.8452631578947369,0.1957272113790983,0.7368421052631579,3.4034388399124147,1.1575626273173285,0.18622999556405057,0.1759953993829165,0.8285714285714285,0.19297879760878034,0.7142857142857143,3.751110897064209,1.899420976894687
A0A1Y2NRV5,0.14899401542954932,0.17295999476504423,0.874,0.16614451540752104,0.8,0.9733613181114197,0.03499925279452019,0.19519415927986178,0.2266468374472711,0.8433333333333333,0.20464060637561104,0.7222222222222222,3.805581603050232,1.6062584797032409,0.13802208503429603,0.1613878026363941,0.8773333333333332,0.16778822631188664,0.8666666666666667,2.654254825115204,1.559998410400362
A0A846VZQ1,0.1490009394182127,0.15472024751624117,0.88,0.1606237840420901,0.8333333333333334,0.9780605268478394,0.03860927729000741,0.23361988964935537,0.1766692743663886,0.7835294117647059,0.1897658363993895,0.6470588235294118,4.080209939479828,1.680805722570403,0.15511178256559496,0.14414415133900324,0.8523076923076923,0.17690300889530686,0.7692307692307693,4.1661160683631895,1.8355461676324918
A0A7R7RPY0,0.14908919520616457,0.17523047896602426,0.8727272727272727,0.1825621144154359,0.8181818181818182,0.9428372871875763,0.034738464389131495,0.23146359461630114,0.18327922415457382,0.7644444444444445,0.2144300513304519,0.5555555555555556,3.4967544054985047,1.762144947708763,0.25386510652098304,0.1766579101116032,0.7525,0.19414878315353923,0.5625,4.023367099761963,1.918573534938333
X8DT62,0.1491679691119926,0.17105997667202377,0.8833333333333333,0.16141733350404333,0.8333333333333334,0.9783240234851838,0.04477597073708803,0.13874750245856843,0.1499662863624682,0.8894117647058823,0.14602459858189462,0.8235294117647058,4.00463237285614,2.452107847641532,0.1739210473200485,0.16203543988332472,0.8413333333333332,0.17969851294753542,0.7333333333333333,3.3695303845405578,2.090783176563956
A0A1D8GAR9,0.14930547607116232,0.1947032821058646,0.8600000000000001,0.19296726052976867,0.7272727272727273,0.978532634973526,0.026243652259561854,0.2036304311586116,0.23747478100623953,0.83,0.2088327347690278,0.6666666666666666,3.7427088737487795,1.6826753459703687,0.17081113875935036,0.1835867418054657,0.868,0.1632666530556684,0.7333333333333333,3.359616138935089,1.7518715190624214
A0A1X1TX55,0.14944873521506208,0.21519865340848232,0.838181818181818,0.2540514687230337,0.7272727272727273,0.9505784463882446,0.04183458763267469,0.16180198826115705,0.18646349844246313,0.85,0.20387904911164037,0.7222222222222222,3.3292796349525453,1.5368699387727136,0.1375801862985578,0.183562546526823,0.8573333333333333,0.21477016138705632,0.7333333333333333,3.8545333909988404,1.5614850966225384
A0A1A3BEU1,0.14947240530145442,0.14210571371893915,0.8723076923076923,0.16087041350362843,0.8461538461538461,0.8924322807788849,0.035658704519649025,0.18014275504662997,0.16642657761741123,0.7952941176470589,0.20835822227338985,0.5882352941176471,3.18911817073822,1.6598158279778055,0.1730160792204466,0.1513597382248929,0.8025,0.20626136332333306,0.6875,3.530170521736145,1.6475158239657146
A0A1H8UHI3,0.15034150254317546,0.1843402332367741,0.8566666666666668,0.1945650419668332,0.75,0.8458928906917572,0.037096514916041975,0.24157684624021275,0.175847299043043,0.7911111111111111,0.18441766873922324,0.6111111111111112,3.3727537107467653,1.4857190653733165,0.13471704324866246,0.14409088354073069,0.8542857142857143,0.18584610706227903,0.7142857142857143,2.592469401359558,1.4645598671516882
A0AB74F9U6,0.15096546736119085,0.1889168317005841,0.858,0.20385288813259428,0.7,0.9384601342678071,0.03187077419936867,0.18906817095961334,0.19385003410632554,0.8099999999999999,0.19504578217141005,0.7142857142857143,3.934825415611267,1.2178076384796737,0.18795729823179266,0.14305462669250948,0.8123076923076924,0.16998433620840778,0.6923076923076923,4.438148744106293,1.7603123206798763
A0AAP6BDL8,0.15136061872918857,0.1352449543506785,0.8745454545454546,0.1688659304872917,0.8181818181818182,1.0038074743747711,0.023977319557334103,0.202839442688913,0.19575156764457724,0.8400000000000001,0.1864911455496508,0.7368421052631579,3.3941656446456907,1.1567100038903348,0.14152676781832924,0.1363549907191068,0.8799999999999999,0.16422980415085617,0.8571428571428571,3.120397720336914,1.6374769224964698
A0A1X2KZQ2,0.15145416834653894,0.14635034129847507,0.8509090909090908,0.19076184797969456,0.7272727272727273,0.8904419732093811,0.01915587138116385,0.17844821616412365,0.17128480529429901,0.8233333333333334,0.19485036994233976,0.7222222222222222,3.492937843799591,1.717116216375184,0.21269049106122934,0.16381810806050773,0.7706666666666667,0.21477016138705632,0.6,4.4647415733337406,1.9848471142556858
A0A1X1RT79,0.151466685875986,0.13883831543021444,0.8766666666666666,0.16244657241348273,0.75,1.0666837799549103,0.030696063931641177,0.226384690446053,0.18036441688571542,0.7889999999999999,0.18487563387315267,0.55,3.628491518497467,1.0100798830924496,0.19959877636221138,0.19492657181689357,0.7976470588235295,0.22417244968379105,0.6470588235294118,4.6432261514663695,1.7980723869435435
A0A6G9Z2E5,0.1515524361952816,0.1455494843997332,0.8727272727272727,0.1718927207243417,0.8181818181818182,1.0407717216014862,0.03040752976198026,0.2238825684895469,0.20527988690474575,0.7849999999999999,0.21065374432940895,0.625,3.6211810541152953,1.2430164388654237,0.18769735684635583,0.14190080369511274,0.8585714285714285,0.14252103317741976,0.8571428571428571,3.927448585033417,2.0959472049324126
I4BIH7,0.15174876194495215,0.19850973284655643,0.8633333333333333,0.21084486134491293,0.75,1.0338194584846496,0.038140618857163515,0.10469434104695267,0.15166828421686007,0.8873684210526316,0.18662774953770114,0.7894736842105263,2.7669339060783384,0.8702256914074158,0.09245762019786394,0.13502480189806876,0.912,0.15505697877447072,0.8666666666666667,3.412553186416626,1.1743475566585717
A0A9X2YRI8,0.15213728328511955,0.17019405019955328,0.8584615384615385,0.19461386439053552,0.6923076923076923,0.9933845913410186,0.04876145609534836,0.16682360485388667,0.1963333274575166,0.8376470588235294,0.20162660339655536,0.7058823529411765,2.9405928874015808,0.8227484561920098,0.17075496643305013,0.15572051808469042,0.8200000000000001,0.20733226151920173,0.6666666666666666,2.949145243167877,1.5932778810835995
A0AAX1JCS8,0.15313860518612626,0.1791504982946818,0.8430769230769232,0.2244783565165664,0.7692307692307693,0.9255721783638,0.02735316366556061,0.17508162955498718,0.18069624359563877,0.8055555555555556,0.21341722887397566,0.6111111111111112,3.7142775869369506,1.787830823493702,0.16942367076790923,0.16245270196318148,0.8164705882352942,0.20490862171366817,0.6470588235294118,4.092822697162628,1.851541424326351
A0A7I7YXB1,0.15387603576408918,0.1764951493340328,0.87,0.17691806012954134,0.75,0.9451653552055359,0.030046917288154777,0.17537219681520924,0.18101210177360894,0.8388235294117647,0.18064858160141217,0.7647058823529411,3.816597275733948,2.0610907417221305,0.18702506574935288,0.17115847361632583,0.8188235294117647,0.17907876521868565,0.7647058823529411,3.6652384924888612,1.9538166738764489
Q7D6X4,0.15403075122951118,0.15920781551148197,0.9,0.13894843168120566,0.9333333333333333,1.0117590534687042,0.044619410663477604,0.25441059717686193,0.22764909501236752,0.7852173913043478,0.20010583211233154,0.6086956521739131,3.543621702194214,1.521491946172372,0.2486865531004504,0.21263581865971642,0.79625,0.1992760334310175,0.6875,3.6301161789894105,1.9234058742309597
A0A373A520,0.15422634433123517,0.17468118769908436,0.8639999999999999,0.21181123671797963,0.8,0.9833176589012146,0.051264413153251316,0.3121218129309425,0.26255364397714703,0.7133333333333334,0.249336898370235,0.4666666666666667,3.136936776638031,0.8754546534225922,0.24854267091277576,0.22809942115795326,0.7661538461538461,0.23355244713367954,0.6153846153846154,3.5366149806976317,1.3837094086887012
A0A653FCI4,0.15482688736770386,0.1444875202263663,0.88,0.14869126036553362,0.8181818181818182,0.8485545694828034,0.0400931431153349,0.243830094089346,0.20766442676050392,0.7484210526315789,0.21757668116865295,0.5789473684210527,3.7186680698394774,1.5749548034848786,0.2218496812087055,0.14662577332088933,0.7828571428571429,0.18575823655757392,0.5714285714285714,2.9283246111869814,1.4594960693303387
A0A1W9ZU79,0.15545950765773597,0.1865220057422987,0.8763636363636362,0.1520330542572136,0.7272727272727273,0.896709965467453,0.03220914757274359,0.17722996459417237,0.19151408417490995,0.8226666666666667,0.19181472542244737,0.6,3.3014642286300657,1.1256060856541923,0.2721509013210129,0.18852182476010293,0.7314285714285713,0.20251480167622113,0.5,4.9374929761886595,1.5234277903863342
A0A9X2E3I2,0.15550149339588928,0.1603368372990886,0.8622222222222222,0.17924395404511806,0.7777777777777778,0.9087434720993042,0.03201312967595977,0.2261455474944212,0.2038586040024289,0.8025,0.21399474292608217,0.625,3.3618289685249327,1.1326489498148948,0.230874228109498,0.18312989900919815,0.7753846153846153,0.20978433558209558,0.6153846153846154,4.52421466588974,1.7515757053292593
A0A266LQ04,0.1556099767678438,0.20390529545471697,0.8716666666666667,0.18008485654145256,0.8333333333333334,0.9636830151081085,0.04354164479426853,0.22484154927573874,0.23187440197292833,0.8029999999999999,0.21102369535196752,0.65,2.988757255077362,1.188426378310611,0.22879818118723952,0.20553893074727458,0.7733333333333334,0.20141720107500474,0.6,2.9039318490028383,1.8318171935334142
A0A4R8S8U4,0.15634297847255224,0.15287973077791112,0.8672727272727273,0.18035777116563262,0.8181818181818182,1.0637886106967926,0.042270013399597225,0.12551383395685128,0.1330388596629887,0.8884210526315789,0.1509710030678508,0.8421052631578947,3.9322656273841856,1.588338335367553,0.10742021461124894,0.13556741806676728,0.9079999999999999,0.15192980835460393,0.8666666666666667,3.3016643476486207,1.8133240299169164
A0A0H5BB76,0.15636894933060203,0.1745968574551953,0.8745454545454546,0.17269856220718732,0.8181818181818182,1.0084543740749359,0.033312821329147264,0.1999381532057186,0.1935200400220648,0.8258823529411764,0.20622828081092168,0.7058823529411765,3.919834306240082,1.8623844684246593,0.13612733898428997,0.15811594826990338,0.8700000000000001,0.181138375589247,0.8333333333333334,2.8596314764022828,1.5635790901457833
A0A7I9Z5A6,0.15652078973719358,0.2343642307460669,0.8490909090909091,0.24633512079185377,0.7272727272727273,0.9801461076736451,0.029648638766898362,0.18270426837273857,0.19318168319552087,0.8488888888888889,0.1752740358818755,0.7777777777777778,3.2621482968330384,1.5933820383613753,0.22166801792076465,0.19426668604396072,0.791764705882353,0.2090942735344837,0.6470588235294118,3.72106214761734,1.9451250771824333
A0A0I9Z3I8,0.15714275794194849,0.13471714750422825,0.8320000000000001,0.19843386807699936,0.7,1.0972884321212768,0.03804389428543861,0.1835441278412281,0.16114781793800514,0.8087500000000001,0.19273929931386594,0.6875,3.36891960144043,1.2319485004760093,0.16457700373062048,0.12862505056497725,0.8442857142857142,0.16127679337596174,0.7857142857142857,2.825796582698822,1.7807457335759167
A0A2U3NPT1,0.1572662641621056,0.17269035756979498,0.86,0.17611185256928227,0.7692307692307693,1.0425585365295411,0.03502712004905502,0.20511657469821287,0.19366389856199448,0.797,0.21838269162184076,0.7,3.6689132046699524,1.9521871998685836,0.22062124166148026,0.19764598777157308,0.7855555555555556,0.22229165581936175,0.6666666666666666,3.0389889681339266,1.7413793311531707
D5PAD3,0.15728906733932432,0.1632421149020497,0.8563636363636363,0.1854367192858635,0.7272727272727273,0.9498842096328736,0.023727898649151598,0.19694747707144178,0.18716542685213122,0.7855555555555556,0.22566499807906562,0.5555555555555556,3.7465690898895265,1.8448965353145974,0.18821946759637262,0.1627993912567133,0.7933333333333333,0.20677416559027764,0.6,3.887225031852722,2.0258015772013227
A0A9X2Z2J6,0.1573842635219217,0.17299485319744445,0.8433333333333333,0.21351554718307722,0.6666666666666666,0.9675652623176575,0.03575777219697324,0.17916923350082187,0.17179184502379893,0.8419999999999999,0.17943243853885504,0.7,2.818559124469757,1.221853319954709,0.1937586261628264,0.17564891756359552,0.8099999999999999,0.1991370270832513,0.7222222222222222,2.6971808767318723,1.1948402711220643
A0A1G4V447,0.1574649178863428,0.1458279802456701,0.84,0.1820256392196806,0.6666666666666666,0.926411610841751,0.03135179530871005,0.22492584795489326,0.1625193921656361,0.7694736842105263,0.19492167615171743,0.5789473684210527,3.8003945350646973,2.158982676275992,0.2719783664441135,0.18283720325466882,0.7026666666666667,0.20550642055393034,0.4666666666666667,4.5735138988494874,2.071181073258575
A0A1X1WD57,0.1584223386217938,0.16500538778138668,0.8642857142857144,0.18317494704377507,0.7857142857142857,0.9875047278404235,0.03400723299002609,0.17946552946412772,0.18326851768223637,0.837,0.20496585081422705,0.7,3.340874903202057,0.9941328838739033,0.16874138566641442,0.13566953509157212,0.8500000000000001,0.16616591440819356,0.7777777777777778,3.7594310235977173,1.4539580895667277
A0A1S1M9C0,0.15861454852235496,0.21302769577168826,0.8418181818181818,0.21139442590992114,0.7272727272727273,0.9572355818748474,0.040419468343459664,0.19415726285120935,0.19393366188379724,0.7925,0.20926956300427443,0.5,3.9542902278900147,1.2667667947273191,0.20008075967657743,0.1719062241350762,0.8015384615384615,0.1760177505841671,0.6153846153846154,4.080221252441406,1.675690084467725
A0A1A3N5H1,0.15978466088750076,0.13798261529541767,0.8769230769230768,0.15268794800984006,0.8461538461538461,0.8962552607059479,0.030979586972660268,0.15044404349131202,0.16082062142850564,0.8177777777777778,0.21185832675937938,0.6111111111111112,2.9421565175056457,1.398376802846124,0.16441296145629614,0.1524840088798526,0.8162499999999999,0.20411011121451086,0.6875,3.7100553250312807,1.8170478477955514
A0A7I7QB07,0.1598780107199731,0.19943962228335899,0.8914285714285715,0.16348250858194247,0.8571428571428571,0.9254542994499206,0.03611610110675669,0.2332057969533831,0.1887882682214839,0.8190000000000002,0.1754394482435464,0.65,3.3518947744369507,1.5794266612464438,0.18849323608833338,0.16914268315899647,0.8266666666666667,0.1887973634467506,0.7222222222222222,3.307667350769043,1.859004238177147
A0A917Q703,0.1599306259690334,0.20529642303625115,0.8566666666666666,0.21799592248989938,0.8333333333333334,0.9448790204524994,0.0454211172106385,0.23218849875312633,0.20410122828387894,0.7905882352941176,0.20060117260332,0.5294117647058824,3.078754289150238,1.2066001093624172,0.19026801553460718,0.1833891426539302,0.8173333333333335,0.1960770823483005,0.7333333333333333,4.0398212957382205,1.4738183535360172
A0A853LX37,0.1605975667451456,0.19361206512588539,0.8483333333333333,0.20711644604478474,0.75,0.8875260078907012,0.04631906837238223,0.18276813300492656,0.16938358825376515,0.8447058823529412,0.19128413258073088,0.7647058823529411,3.385799231529236,1.3100148532110256,0.13218603990650338,0.17393263843556445,0.868,0.2052380731410882,0.8,3.4281173658370974,1.352732613961105
A0A7U9Q384,0.16067622483661223,0.15803021200379813,0.8654545454545454,0.18450738523596166,0.8181818181818182,0.9509230124950409,0.03714930686399043,0.16647225719127606,0.17135532482497254,0.843,0.19506665527454964,0.7,3.2525417184829712,1.7171528755857548,0.16272631681177563,0.13008661585870857,0.8525,0.16384062377810943,0.8125,3.7759959173202513,1.8400690806842712
A0A848KDK6,0.16076459045752925,0.20065171215400138,0.8433333333333334,0.2057236549894596,0.6666666666666666,0.8538425123691559,0.037227998214816344,0.2226277270035435,0.19391443297379823,0.7941176470588235,0.18645481469749028,0.6470588235294118,3.1352372097969057,1.175494463628746,0.1553514079829164,0.16542942066883198,0.8471428571428571,0.178342710669597,0.6428571428571429,3.429777879714966,1.9316640724980412
A0A449GAD2,0.16110256197752962,0.1765266597335456,0.856923076923077,0.1924491787213771,0.6923076923076923,0.8780931305885314,0.02524340701319111,0.24358085614698224,0.2194127837721105,0.7894736842105263,0.201819974083484,0.5789473684210527,3.343417773246765,1.1045527280365233,0.26442727262284615,0.22616321545202958,0.7871428571428571,0.19266657251133448,0.6428571428571429,3.6570209002494813,1.877309544916291
A0AAX3A495,0.16139565904648995,0.20938988609457854,0.8377777777777777,0.22636145027994387,0.6666666666666666,0.9735590434074402,0.040672987237730884,0.22018330859685992,0.17112703503004914,0.7685714285714287,0.20166652611452907,0.5714285714285714,4.293032469749451,1.722904425779743,0.21773107503439276,0.1815166690056437,0.7538461538461539,0.21011126947912664,0.5384615384615384,3.1521921133995057,1.6706295504456992
A0A0J6WR15,0.16216286826073756,0.1515361975665921,0.8766666666666666,0.17978382080215732,0.8333333333333334,0.9907356691360474,0.039061627436145115,0.11578594554528861,0.14516770013656283,0.8777777777777778,0.17636942149790644,0.7777777777777778,3.0222764825820922,1.0123167309421963,0.10838022557759751,0.11924474786159675,0.8928571428571429,0.15558316891289878,0.8571428571428571,3.0399806189537046,1.209685513328494
A0ABD7HHW4,0.16217640148292192,0.1968545539810527,0.8527272727272727,0.20221909401308044,0.8181818181818182,1.0603202688694,0.03997556237008894,0.14751961706036631,0.18138346953404705,0.85,0.20355179521029365,0.7777777777777778,3.3581676650047303,1.2902613821479536,0.15258024103195061,0.15930823330600258,0.8623529411764705,0.17010479163859055,0.8235294117647058,3.1652429723739623,1.6495158770362786
A0A147DRP6,0.1625678251518456,0.2653208242714523,0.88,0.1851125783588643,0.8333333333333334,0.9587887370586395,0.024616764103904593,0.16215732734425614,0.20043135539696985,0.8788888888888889,0.15541660460727588,0.8333333333333334,2.6472481155395506,0.8549688863081121,0.20685372905993782,0.24580079455572618,0.82875,0.20210996388105165,0.75,2.1568723583221434,1.4117687551393165
A0A0J6VW20,0.16265753778855124,0.15376583327927118,0.8342857142857143,0.1824325427467951,0.7142857142857143,0.9180272042751312,0.04673650393990337,0.21574224811284004,0.1738807979296734,0.776470588235294,0.2180378050455144,0.6470588235294118,3.223285059928894,1.6714294157866307,0.20829318317154707,0.15562178524216147,0.78,0.20579115627256678,0.625,4.18733635187149,1.9625258590150563
A0A1S1LZ61,0.16330687514335274,0.15070459223063157,0.8999999999999999,0.13498971154211056,0.8888888888888888,1.0956218147277832,0.04486416526680869,0.09374583636554007,0.14367003283544127,0.9188235294117648,0.1542298648481307,0.8823529411764706,3.7990511298179626,1.4517373304372287,0.14176375971460126,0.1441872554485471,0.8887499999999999,0.1394576548634029,0.875,3.6699447584152223,1.844693521683811
A0A829MDQ7,0.16400258019213945,0.1512200302520522,0.8626666666666666,0.1734153652041505,0.8666666666666667,1.0474818110466004,0.039530093062631014,0.12638012811583377,0.17369970698556095,0.8915789473684211,0.15712091079617088,0.8421052631578947,3.7239835906028746,1.2974923405189427,0.13284769782399997,0.13154273494224814,0.8866666666666667,0.1565744409396232,0.8666666666666667,3.5353083562850953,1.7464672964662604
A0A1S1LFP5,0.16474765522997045,0.16795630149106686,0.8490909090909091,0.1945369581832037,0.7272727272727273,1.1024558448791504,0.04591314812253178,0.11676739840112597,0.12109686409043478,0.8936842105263159,0.14510288641315638,0.8947368421052632,3.801364140510559,1.463759981116,0.15181091045512035,0.14997130992583807,0.8811764705882353,0.15021092436739733,0.8823529411764706,3.7369888067245483,2.2241873474427765
A0A1X0J866,0.16588198620168862,0.19768413037765994,0.8533333333333333,0.2270584848790187,0.7777777777777778,0.9611644291877747,0.03120495756550698,0.16143203613791168,0.18916122543198174,0.8426666666666666,0.1847328401292586,0.7333333333333333,3.898497471809387,1.1704163003953438,0.21802336265564146,0.1820150441271604,0.7749999999999999,0.21104896746174018,0.5833333333333334,3.385555934906006,1.6641656262330038
A0A829PSZ5,0.16644505242092178,0.190569172091227,0.8177777777777777,0.24082163882922783,0.6666666666666666,0.9609936749935151,0.03355202026641887,0.18256023764597154,0.16659195778462763,0.7973333333333332,0.21377454375008156,0.6,3.8882304763793947,1.173812729991705,0.2093022135683114,0.20590870500164654,0.78,0.22104646222352997,0.5384615384615384,3.5909238028526307,1.4668972973399252
A0A2I2L057,0.16644906525916947,0.22560673362844594,0.82,0.24966644414765338,0.6666666666666666,0.9538659572601318,0.03073501590772052,0.20657721538323215,0.19610161580242363,0.8084210526315789,0.19929515688241572,0.6842105263157895,3.1769868206977843,1.5919683811140075,0.17949409369651462,0.21975190023508012,0.8094117647058824,0.22618239875960844,0.7058823529411765,2.860746877193451,1.8510253875407396
A0A853M2B7,0.16651272655560712,0.19283261719033432,0.826153846153846,0.23381578750205706,0.6923076923076923,0.95375736951828,0.02734063963487035,0.2038505100867264,0.19006706057518263,0.7899999999999999,0.226789182575654,0.6666666666666666,2.5722993135452272,1.2329008999835878,0.20584423440340133,0.17346158421927305,0.8039999999999999,0.18231108944146357,0.6666666666666666,3.843423054218292,2.2103390735682176
J7U6E9,0.16661114994492612,0.17189276979056317,0.8633333333333333,0.16609903337734658,0.75,0.8560647475719452,0.0343505145772469,0.2032282173945973,0.17866623047997957,0.796470588235294,0.2028311722321442,0.6470588235294118,3.90099000453949,1.8950173174198013,0.18321072169802335,0.1636506216490129,0.8013333333333333,0.21509274485414165,0.6666666666666666,4.192881338596344,1.9500825445915868
Q5YY80,0.16662873472162873,0.1876498973455842,0.8566666666666666,0.18181186857726192,0.75,0.9251858246326446,0.02446273992130609,0.2494365288287905,0.21884189090091133,0.7922222222222222,0.20299303643107114,0.6666666666666666,3.1198486161231993,1.198917267348781,0.22063687741333388,0.19978642346178643,0.8186666666666668,0.17745860237124472,0.6666666666666666,4.314346306324005,2.0522139045291206
A0A1A1WCA4,0.16685772557337258,0.2177151757804303,0.8584615384615385,0.2144705880443626,0.8461538461538461,0.9682184278964996,0.035378135142654504,0.15577448045688194,0.21284290493544375,0.8473684210526314,0.21756649570970632,0.6842105263157895,3.3976664400100707,1.2623121785086424,0.16796849610446388,0.19241903006714653,0.86,0.18613477333951828,0.7692307692307693,3.6191907024383543,1.5852700492322416
A0A4Q7KNW3,0.167238484383911,0.17952061575619693,0.8436363636363636,0.2162184386751983,0.7272727272727273,0.8398574447631836,0.03227016892428227,0.2625638808642244,0.19261234789328963,0.7494736842105262,0.2082881021998269,0.5263157894736842,3.2374724769592285,1.3544495392481357,0.20173078556216914,0.1685854225042961,0.8066666666666666,0.19344824171395877,0.7333333333333333,3.1207103872299196,1.7570628583573251
A0AAU4K3W1,0.16755757470918103,0.1342364693763508,0.868,0.1659397481015323,0.8,0.9224654185771942,0.04455644118066066,0.2658702830123636,0.2237600508608503,0.7788235294117647,0.21545798970732025,0.6470588235294118,3.675206170082092,1.2090986555181937,0.23938781967412054,0.22673350905959683,0.7973333333333333,0.2248396959811343,0.6666666666666666,4.193232877254486,1.7353264004270395
A0A6N4VDZ9,0.16782352691635985,0.17352203133649388,0.8528571428571429,0.18167587195051407,0.7857142857142857,0.9640505480766296,0.021560284556912307,0.13584771614530852,0.1758235639127575,0.874736842105263,0.18050713416583994,0.7368421052631579,2.989901795387268,0.9058759112438445,0.12542136246355873,0.16113788836979778,0.8976470588235294,0.15909780239413615,0.8235294117647058,3.2857599782943727,1.1611012312964129
A0A7Z0IKF1,0.16891340143982728,0.18195785811443477,0.8830769230769231,0.1650820129690608,0.8461538461538461,0.9057806420326233,0.03788334863814414,0.19034538827530348,0.20197086376895196,0.8058823529411764,0.21241077915290932,0.5882352941176471,3.892193319797516,1.5121395817575511,0.16115913843559113,0.17968789196291698,0.8514285714285714,0.18247728402098018,0.7142857142857143,3.848848240375519,1.7879373125408846
A5CM59,0.16905201080838697,0.20873712745210735,0.84,0.21863211109075448,0.6666666666666666,0.9337393164634704,0.02893568507080014,0.18079849995451716,0.20874205289356887,0.8366666666666668,0.1894143019356716,0.6666666666666666,3.5619848012924193,1.842486208457063,0.18830360488277972,0.19755094445887453,0.7919999999999999,0.2202786114598207,0.5333333333333333,3.628688690662384,2.3704951758472985
A0A318K9K9,0.16923177356624006,0.16484597010085852,0.8646153846153847,0.1592586374720927,0.8461538461538461,0.8931916272640228,0.02909952350094966,0.2034421256872009,0.16534414067222775,0.7885714285714285,0.20762341629305034,0.6190476190476191,2.7585232305526732,1.2008027156455885,0.19162527750519345,0.15379320803994023,0.8082352941176469,0.19184047582846003,0.6470588235294118,2.851949667930603,1.6034227785645108
A0A164L8S1,0.1697890680897532,0.10763132687864273,0.844,0.18478095139921755,0.7,0.9520006048679351,0.028852258864106115,0.2491134692661498,0.19618090883131487,0.7657142857142858,0.19411757430243462,0.5714285714285714,3.8678358364105225,1.6702624802783355,0.22494473481598046,0.15335883175313222,0.7946666666666665,0.18278828068439057,0.6666666666666666,3.817404580116272,1.799788817444189
A0A4R8SET2,0.170050484619689,0.20516038607778175,0.86,0.21643577440997233,0.7777777777777778,0.9277053809165955,0.02992836197490734,0.1852930988152942,0.1960998820611321,0.8213333333333334,0.19259168090952306,0.7333333333333333,3.921106176376343,1.2251732857969995,0.20293246567778725,0.1773476257747601,0.7953846153846154,0.19598333463746684,0.6153846153846154,3.4024885153770446,1.4333219422285173
A0A829QG83,0.17023025889104307,0.16186242773391485,0.8516666666666666,0.17558631938609442,0.75,1.036244729757309,0.041852883413103344,0.1362808772675077,0.1564068307138132,0.86,0.18547236990991406,0.8333333333333334,3.4494825792312622,1.3236523348294855,0.12268996474585463,0.13366705627578462,0.8957142857142858,0.1458332847424603,0.8571428571428571,3.3608881568908693,1.783951584568245
A0A179VA95,0.17037582616151095,0.1940914014050125,0.826,0.21634232133357542,0.7,0.9440220820903779,0.031252744306424704,0.18881786053774718,0.16817789322096555,0.7917647058823529,0.21099861427249586,0.6470588235294118,3.800928707122803,1.3457231056468366,0.18278535950323582,0.20153206760590575,0.8085714285714286,0.2013829735623554,0.5714285714285714,4.226212754249572,1.5584062991793213
A0AB38CZ04,0.17038205556980593,0.16026859853408348,0.8666666666666667,0.15238839267549947,0.75,1.040941252708435,0.03272521402897334,0.12025481532560064,0.13300537737858903,0.8966666666666667,0.15000000000000002,0.8888888888888888,3.7905725240707397,1.3314287107652572,0.14022639087957023,0.15083089515449574,0.8853333333333334,0.1630487316383936,0.8666666666666667,3.3733161020278932,1.8012982423096493
A0A0E4GX90,0.17082330796227588,0.16504778250621943,0.8371428571428571,0.21028649068179656,0.7142857142857143,1.0910500741004945,0.031399684809414456,0.1980498914696024,0.19281724241378187,0.8315789473684211,0.19491599156383504,0.7368421052631579,3.5227662658691408,1.2318848562553042,0.21290021487535052,0.18125589516342924,0.8186666666666667,0.18510777641387433,0.6666666666666666,4.634934320449829,1.8813699759130036
A0A4R8T0X1,0.17104882586011827,0.24621181980199056,0.8533333333333333,0.2050474199897293,0.6666666666666666,0.937169120311737,0.03006857790904213,0.18226273811072136,0.18341536657903706,0.7975,0.22736259586836177,0.625,4.0425439548492434,1.345256673347478,0.20753789062828185,0.18925901231673684,0.7846153846153844,0.19582627248171489,0.6153846153846154,4.734565556049347,1.5314182425366845
A0A178LTI6,0.17145932664822372,0.17540465364905838,0.8766666666666666,0.15975675955095678,0.8333333333333334,1.1073978543281555,0.035274931801374185,0.17389230855008023,0.16088178559785246,0.8362499999999999,0.18777895915144485,0.6875,3.7269159364700317,1.2228953379349032,0.1555681172314565,0.15715810658226378,0.856923076923077,0.18561269085360826,0.7692307692307693,3.937194130420685,1.6125192769806365
X8CEN6,0.1714932213244563,0.1540828316689242,0.84,0.18430743546919306,0.7692307692307693,0.9407118403911591,0.0299091510724525,0.18644840643610858,0.1627144904199113,0.8033333333333332,0.1939358427705181,0.6666666666666666,3.5822648000717163,1.475775988485042,0.22027355336426124,0.18079399337490334,0.7928571428571429,0.18997851650829856,0.7857142857142857,4.598079519271851,1.6295215452417622
A0A0L0JTI1,0.17150948604217767,0.17917266855902492,0.8600000000000001,0.18230842996516544,0.7272727272727273,0.9745398509502411,0.030243328078820984,0.1607148234763327,0.15785605012591078,0.8757894736842106,0.15581080934983074,0.8421052631578947,3.4584185671806336,1.3427578073703708,0.14907647462365178,0.13862627073093947,0.8557142857142856,0.18916033583460679,0.7857142857142857,3.4423808002471925,1.5582264772115282
A0A1Z4F080,0.1717633597328055,0.22654012149676955,0.836,0.21868699092538632,0.7,0.9623409557342529,0.03356059956263731,0.1774124846184777,0.17828048465760293,0.8212499999999999,0.19893073543321554,0.6875,3.741662540435791,1.1683962381040929,0.21788530217968485,0.19235878068480572,0.7733333333333333,0.20837999477450378,0.6666666666666666,3.208939719200134,1.3353611356051427
A0A0D1LMF4,0.17231800127365074,0.24775443418466908,0.8249999999999998,0.2478070485949367,0.6666666666666666,1.0014494252204895,0.028310612234118432,0.16421465711501734,0.21390348886229424,0.8311111111111111,0.22980399592524467,0.7222222222222222,3.1326707077026366,1.152854817825134,0.1651278974071872,0.21507089256884487,0.8369230769230769,0.21552742518277612,0.6923076923076923,3.6421715378761292,1.9418464433769453
A0A846XYC4,0.17233844951857233,0.21081820008904067,0.8769230769230769,0.16301885758707207,0.7692307692307693,0.9553701698780059,0.03166567428817828,0.21272541748325705,0.2626088390181128,0.8270588235294118,0.22111388351021483,0.7058823529411765,2.721064741611481,0.8996136364905534,0.1141114834003491,0.16345126946839764,0.8833333333333333,0.1821781789591961,0.8333333333333334,2.493284285068512,1.8384527612961408
A0A3A4K4S5,0.17251278777103482,0.19982133407799338,0.8763636363636365,0.1770091280272254,0.8181818181818182,0.9828052973747253,0.027655819624239405,0.20419804800730487,0.190869023085786,0.8306666666666666,0.2116433057974877,0.7333333333333333,3.58492436170578,1.413719638854965,0.17965874432459042,0.19143426381768391,0.8276923076923077,0.19931242757786644,0.6153846153846154,3.3138947439193727,1.722258761546786
A0A9X8QZ54,0.17257462900163123,0.22011282922950867,0.85,0.1982422760159901,0.6666666666666666,1.0234552419185639,0.030460737866282252,0.2460340327131908,0.20828463722951138,0.7833333333333333,0.19991664929831798,0.6111111111111112,3.708533947467804,1.557176801027965,0.2063461849422829,0.1727085577696534,0.8146666666666668,0.18980223625892526,0.7333333333333333,4.016961100101471,2.1090907230797953
A0A917RUF6,0.17266822002109536,0.18717240162256463,0.8353846153846155,0.2048870377179876,0.6923076923076923,0.8965479183197022,0.027903384560269556,0.15721505211567485,0.19659556615410442,0.8547368421052632,0.2007189294577352,0.7368421052631579,3.519029893875122,1.6234611665923981,0.1333254944516362,0.1311996184358429,0.8528571428571426,0.19236975450673005,0.7142857142857143,3.236967372894287,1.5289988436371496
A0A3B0ALY4,0.1728975749101509,0.20840531948502725,0.8636363636363636,0.2015969303190145,0.8181818181818182,1.0134850358963012,0.03898185580221074,0.18940680685359199,0.19076744047812105,0.8247058823529412,0.21249547115060025,0.7058823529411765,3.743698363304138,1.9323520138237682,0.1403893388435989,0.13650907410692262,0.8520000000000001,0.18443427013437608,0.8,2.9858328819274904,1.8792690302439492
A0A2A7NH78,0.172932652063053,0.20324730825539958,0.8614285714285714,0.17638663469197202,0.7857142857142857,0.8292280292510986,0.041510368927616545,0.22583237474033688,0.20931748742481035,0.8073684210526316,0.1916367755406362,0.631578947368421,2.7423331809043883,1.1944688661051723,0.19396440621165234,0.18857197086999394,0.8011764705882354,0.2040150615241917,0.6470588235294118,3.640787079334259,1.9936767176675938
A0A1X0J5R4,0.1729356294726754,0.19597986041957088,0.8666666666666667,0.1763204154058426,0.8333333333333334,0.9785915410518646,0.04035820260025,0.212438667193484,0.19509650912863824,0.791111111111111,0.2133564802257503,0.6111111111111112,3.514609706401825,1.343903511991114,0.19709897071948906,0.18243743573973367,0.8494117647058824,0.17151472542630933,0.8235294117647058,3.468027241230011,2.1367617092650955
A0A1X2DPB1,0.17299336705524368,0.19528242923333608,0.8672727272727273,0.1647637928612246,0.8181818181818182,0.9296471226215363,0.03899212242448637,0.21812464600997994,0.20947798157145536,0.77125,0.22203251451082565,0.5,3.036704318523407,1.374004358764526,0.237099145205964,0.19961058376241203,0.74625,0.21350863565673403,0.5625,4.261236565113068,1.8230342783880373
H0QVY8,0.17310002337828265,0.18240716130857698,0.8233333333333333,0.23033791601808754,0.75,1.000486671924591,0.03131802352750497,0.15303785348124843,0.1904337677056518,0.8494117647058823,0.19452719719830175,0.7058823529411765,2.7784576392173768,1.3132605274040954,0.22242812537306653,0.19861919304520462,0.7893333333333333,0.21151727011181748,0.6666666666666666,2.757681543827057,1.6821880720990838
A0AB73LM64,0.17356129046787538,0.13700280166545845,0.8685714285714284,0.1556028434764583,0.8571428571428571,1.0429634249210358,0.037454538271880534,0.12793673994013943,0.1473529296697732,0.883,0.17067805951556866,0.85,3.513603916168213,1.4591466995123785,0.15825712898801692,0.16397098965293164,0.8650000000000001,0.16484841521834534,0.75,3.6213166165351867,1.9377626689472518
A0A829PS24,0.17365038773580163,0.15089200635437702,0.8616666666666667,0.16154634697888473,0.8333333333333334,1.0312523293495177,0.04166615207397378,0.12878389141738011,0.15148998328166793,0.8833333333333333,0.162651638650078,0.8333333333333334,4.145249285697937,1.3447989516472008,0.13425805440396268,0.15712878941112696,0.8853333333333333,0.1693070845797331,0.8666666666666667,3.2251234960556032,1.7266349168792285
A0A177XU71,0.1737885466052582,0.1939795444418652,0.8654545454545454,0.18351931463193513,0.7272727272727273,0.9231523144245147,0.04148242484201796,0.19396818771337032,0.2158288595424819,0.8458823529411764,0.1943634806998418,0.7058823529411765,3.2435819029808046,1.515996807935797,0.14601055529624574,0.18342923408746564,0.876470588235294,0.1824326201633194,0.7647058823529411,2.5168575060367586,1.7144715582181347
K0EPZ9,0.17389304945767783,0.21083979504404815,0.835,0.2148061141277563,0.6666666666666666,1.0662220120429993,0.03330475836072821,0.2070219206555593,0.20011819569227798,0.81,0.19324710720847657,0.6111111111111112,3.8301475834846497,1.3501771872520285,0.30517701555102733,0.2459896349405635,0.7371428571428572,0.20505847846854988,0.42857142857142855,4.029329667091369,1.3973176755363539
A0A542DCL6,0.1744461749324449,0.1877798574766,0.8379999999999999,0.1978787507540918,0.7,0.8999890196323395,0.026046476910764196,0.17741616566831286,0.21721844541365345,0.8378947368421054,0.20145729460917153,0.6842105263157895,3.4115877652168276,1.3154863467122486,0.1954565650704026,0.21762026797521233,0.84,0.18220867158288598,0.7857142857142857,3.798779809474945,1.9962031566772045
A0A829Q1V2,0.17464512225409942,0.15102704007084822,0.8545454545454544,0.1697251058925813,0.8181818181818182,1.0489915418624878,0.042781810703258226,0.0946956253409995,0.1460552713863891,0.9122222222222223,0.15436448769625866,0.8333333333333334,3.8242739176750185,1.5302708666195899,0.1369879068688805,0.1589741055485196,0.8719999999999999,0.18225257199831227,0.8,4.065802297592163,1.8569790280022398
A0ABD7HN08,0.17488569250277688,0.19296024499225362,0.82,0.23532483459630388,0.6666666666666666,0.995231271982193,0.03653768897204228,0.16674174626286523,0.17083953554748443,0.8133333333333332,0.21623032986969137,0.6666666666666666,3.727790501117706,1.2846745167881624,0.1973472365322052,0.1969225707541533,0.8076923076923076,0.19287915093110847,0.6923076923076923,3.173694145679474,1.3605760328875462
D6ZDT1,0.17531661928068923,0.20207188353556713,0.8181818181818182,0.2178330545840587,0.6363636363636364,0.8449313247203827,0.03914337424297802,0.24397269018490927,0.22428920266521618,0.7505882352941178,0.2259742460139909,0.47058823529411764,2.7917183589935304,1.3907748693108846,0.21066454394797446,0.19529034005647355,0.7839999999999999,0.2094055077276304,0.6,2.58830491065979,1.8391595306447968
A0A318JYA7,0.175543278444336,0.1619626620075482,0.8581818181818183,0.16937415182307222,0.7272727272727273,0.927442182302475,0.033189466587198915,0.23741308260542024,0.21733998981867086,0.8077777777777777,0.18916646271811488,0.6111111111111112,3.7500376319885254,1.3830541996328218,0.19526572653305982,0.14676776485214935,0.8366666666666667,0.17091258324392358,0.7222222222222222,3.0323216247558595,1.4828807336664123
A0A179V396,0.1756264864419683,0.16332865114310144,0.8654545454545454,0.17079299732098005,0.8181818181818182,1.0541943633556365,0.03699857012114491,0.09365201913234603,0.12911477283769782,0.9105882352941177,0.1466677152106799,0.8235294117647058,3.6337598991394042,1.340369278161545,0.11299391016629469,0.1265849283898476,0.91875,0.1225701329851608,0.9375,3.8208453845977783,1.7948481454709662
A0A7I7R3J2,0.17603588787722546,0.211528546278655,0.8366666666666666,0.21630739443876829,0.6666666666666666,0.9573447823524475,0.03180288897311493,0.1979517195275885,0.2022320888065486,0.8136842105263158,0.2061223583039884,0.631578947368421,3.42642263174057,1.7906656068104474,0.21548571611103456,0.19839677114459225,0.8111111111111111,0.1862163881345478,0.7222222222222222,2.4217068195343017,1.5402116787714524
A0A4R1FSR2,0.17603605291909036,0.172218548130723,0.8471428571428571,0.18214705877506826,0.7857142857142857,0.9000729274749756,0.04211730363693303,0.22217703579547396,0.1854415026435739,0.7873684210526316,0.20346581518805193,0.5789473684210527,3.1549686861038206,0.880503500741678,0.20543330157441558,0.17829591032702308,0.8173333333333335,0.19195369812072446,0.7333333333333333,3.988000078201294,2.196166188005754
A0A7I7TD11,0.17603796750661657,0.1797632081957074,0.8861538461538461,0.14128740275592439,0.8461538461538461,0.973809403181076,0.03955190264193613,0.22239439347423445,0.20871843376891935,0.8088888888888888,0.19220616503261076,0.6666666666666666,3.442650468349457,1.5399153756693682,0.2647393790167293,0.2126572653250636,0.7625,0.23461404476288283,0.6875,2.8677728533744813,1.8260344042255494
A0A1X0YC10,0.17609126886493653,0.17824099348705605,0.8516666666666667,0.1680195094492171,0.8333333333333334,0.985149906873703,0.02885470418893339,0.17665658749945778,0.18430236697822883,0.83375,0.2036809699014613,0.6875,4.0711615896224975,1.4245755216466167,0.274679553192047,0.17306842382293497,0.7566666666666667,0.18633899812498245,0.5,3.2199223756790163,1.4011073313809994
A0A9Q7SE40,0.17625434876431104,0.16981356089300895,0.8539999999999999,0.1777751388693031,0.8,1.048145787715912,0.044170822190716254,0.11757317225915093,0.15709838780243637,0.8823529411764706,0.17244025092306117,0.7647058823529411,3.6210479068756105,1.2109209237117906,0.17125164224094594,0.15839610469003623,0.8373333333333334,0.17310754524925312,0.6666666666666666,2.9153951311111452,1.3674596449030736
A0A934NT38,0.1762672727030241,0.17568416762684683,0.8366666666666666,0.1868748838721304,0.75,0.9265571796894073,0.04409443178404771,0.1750390240209335,0.2024406513902896,0.8370000000000001,0.19720801200762608,0.65,3.2252108812332154,1.060303976097864,0.18984613380602988,0.1648015365647089,0.816923076923077,0.1900358110132288,0.6923076923076923,4.1128468775749205,1.6420718951499638
A0A829HWH3,0.1765032057246319,0.19217874009261335,0.8384615384615385,0.21172718853955416,0.6923076923076923,1.0461594676971435,0.04331351834156021,0.11986924508032883,0.18208786410105937,0.8884210526315789,0.17122663214811737,0.7894736842105263,3.7774812626838683,1.4494645576849674,0.1382215417837755,0.150908069014046,0.8733333333333334,0.16308143841515366,0.8,3.14479930639267,1.5857491232009484
A0A375YKM9,0.17663636267423707,0.20773502061788576,0.835,0.22629258346957226,0.6666666666666666,0.9831221580505372,0.02585796349199538,0.14074339704269206,0.1653241442805408,0.8655555555555555,0.1930809335837701,0.7777777777777778,3.1684120059013368,1.3568936604003368,0.1531821329705986,0.1352939092703953,0.8586666666666667,0.1688339091796695,0.8,3.286059494018555,1.4127566033364767
A0A511M4D4,0.1770138149885459,0.19493306267863045,0.8472727272727273,0.17894086931370318,0.6363636363636364,0.9043928146362304,0.027823456007652257,0.2162766071404799,0.20853310157077493,0.8019999999999998,0.19948934808655824,0.65,2.7428833079338073,1.040445445876494,0.1972482125063484,0.15590734290883532,0.8033333333333332,0.19313207915827965,0.6666666666666666,3.500461082458496,1.4282133005933235
A0A1S1NIB3,0.17702954455096076,0.16822064269622586,0.8216666666666667,0.2185495112986732,0.6666666666666666,1.0722600221633911,0.04123942168321137,0.2495079912488982,0.24022468008047837,0.7636363636363637,0.23117379244639644,0.6363636363636364,2.8448399758338927,1.6445711190764987,0.24446615961386137,0.24997677365794996,0.7688888888888888,0.24487840267930006,0.6666666666666666,3.501956524848938,1.9845214889978082
A0A9Q7SI49,0.17755840966800088,0.2163276952648137,0.84,0.21738708070431154,0.7142857142857143,0.949517070055008,0.03612183982418203,0.18797800843213588,0.2009179119031035,0.8442105263157896,0.18336950872841956,0.7368421052631579,2.9095276737213136,1.1249583522039783,0.14348722685465232,0.19138956722028608,0.8875,0.15602483776629925,0.8125,3.793802719116211,1.975248027958222
A0A2U3P697,0.17772898776781407,0.23712578268167506,0.8571428571428573,0.18759487395633676,0.7857142857142857,0.9587748420238494,0.04700205548222085,0.22985454282838025,0.18370916804454057,0.7831578947368422,0.20357470196411537,0.631578947368421,3.8868038725852965,2.0809969533434005,0.17738249187656047,0.13125557440823274,0.81125,0.19377419203805238,0.6875,3.4763043308258057,1.9533009495146911
A0A1A2SGC1,0.17901533747621917,0.16414336614380037,0.8599999999999999,0.1565001843203633,0.7692307692307693,0.9680906963348389,0.03226405047190771,0.18833696828687876,0.17115733751672188,0.8055555555555556,0.20185864752407046,0.6111111111111112,2.949716649055481,1.6151519995668056,0.20723981796219032,0.16518346435194967,0.785,0.19678668654154427,0.625,4.440959975719452,2.005488773981481
A0A6G9XT36,0.17927276947010218,0.2072293917146476,0.8472727272727273,0.1829600507359168,0.7272727272727273,0.823859680891037,0.0370601991684909,0.24547754207143183,0.21135600817890654,0.7694117647058824,0.20853750088019277,0.5882352941176471,2.992486481666565,1.1266580911444686,0.20554526036408516,0.19211124680072206,0.8119999999999999,0.19180545699571044,0.6666666666666666,3.1519501280784605,2.020170025563875
A0A1A3KI76,0.1793861451439733,0.17199273664390918,0.8214285714285714,0.20247952781373596,0.7142857142857143,1.0097548377513885,0.028740727721902882,0.20016406382978466,0.20483373621068224,0.8230000000000001,0.1902918810669546,0.7,2.385969407558441,1.0441225319324083,0.19175870181332516,0.16476356749259988,0.8022222222222222,0.1977528074124516,0.6111111111111112,2.4727543711662294,1.8352355981506494
A0A1S1L7L3,0.17966902612008925,0.15245865987368476,0.855,0.16874537030686204,0.8333333333333334,1.0028932476043702,0.046139510136566114,0.11166003192511849,0.14616363584562328,0.9033333333333332,0.14776106839534336,0.8333333333333334,3.659078691005707,1.2731407267167631,0.1493831602689765,0.13607599790897287,0.8880000000000001,0.13059862173851605,0.9333333333333333,2.947288875579834,1.562882382570442
A0A3M2LDY9,0.17986685555188425,0.17329648897318298,0.8327272727272728,0.20525332060611032,0.7272727272727273,0.8956670331954956,0.036923089620249976,0.21757034592566415,0.187045713675219,0.8133333333333334,0.19321835661585918,0.7222222222222222,4.433586139678955,1.5299057974751928,0.22220685848042904,0.20765872202667818,0.8215384615384616,0.17195017855566605,0.6923076923076923,4.277898454666138,1.8669307828840953
A0A4Z0LXD8,0.18002104007277533,0.1923637470996897,0.8436363636363636,0.2165545376310435,0.7272727272727273,0.9044294846057892,0.029540284302827773,0.21512220893259712,0.19679042231644386,0.8352941176470589,0.18026508738550515,0.7058823529411765,3.1183814358711244,1.2812363426029765,0.22153145726723222,0.26495346099534944,0.8188235294117648,0.2226546350408864,0.6470588235294118,3.568966202735901,1.7777451002974192
A0A7I7Q331,0.18007183215883274,0.1847544533414429,0.8542857142857142,0.16893423427536552,0.8571428571428571,0.9232970297336578,0.023780633186235977,0.16302421879440807,0.1704685047679113,0.8326315789473684,0.19360410242671586,0.6842105263157895,2.657015743255615,0.7178924523793347,0.24817687781626518,0.17855675735048057,0.7042857142857143,0.20524251459168583,0.35714285714285715,3.1861863803863524,1.6450180755188732
X8DWH6,0.18018195537751333,0.2266609439704414,0.8460000000000001,0.2137381575666825,0.8,0.9916368734836578,0.036015606943833316,0.16190850445198324,0.17271138125131633,0.8475,0.1791472857734663,0.75,4.030261669158936,1.116146569690001,0.25134879159241474,0.20880021627744647,0.753846153846154,0.21631666465689606,0.6923076923076923,3.284119825363159,1.293517864974694
A0A7G1KQI6,0.18100752884594565,0.1995447571798608,0.8311111111111111,0.193703349620808,0.7777777777777778,0.945466343164444,0.025644830495256794,0.19909682418050795,0.17995339120351803,0.8230769230769232,0.1901976548987765,0.6923076923076923,3.5702177405357363,1.3079531358485763,0.20375697633759635,0.14144127520339345,0.7871428571428573,0.19590189131401506,0.5714285714285714,4.001565251350403,1.7827585953478895
A0A1E3SKI4,0.18104840396098923,0.18614510768183273,0.8649999999999999,0.16352879461020517,0.75,0.9103308415412903,0.03046650535707069,0.20998396115784357,0.18682691016679867,0.8117647058823529,0.19379295483211084,0.7058823529411765,3.078485209941864,1.737365709201792,0.1772135587589579,0.16535360603801796,0.8141176470588235,0.196769761651393,0.7058823529411765,3.8387590551376345,2.116440207863326
A0A7V8LNU0,0.18138595140270614,0.22672901190318684,0.84,0.21840329667841557,0.75,0.9710185253620147,0.026873281795530588,0.22874224160319628,0.188941793339427,0.7471428571428572,0.228611603612158,0.5,3.6177583169937133,1.2590876303956755,0.18131871716645717,0.17919973522615273,0.8030769230769229,0.2239294056130745,0.6923076923076923,3.5753209233283996,1.5911463301385895
A0A4R8R2S8,0.18151027869070382,0.21326359837255346,0.8246153846153846,0.21514272130970263,0.6153846153846154,0.9312964415550232,0.03797796560607848,0.1852591993594993,0.17114714975885928,0.8470588235294118,0.1680253729397947,0.7647058823529411,2.892852392196655,1.2484732137353458,0.13005430110193952,0.1693609194550812,0.9047058823529411,0.13399375082262446,0.8823529411764706,3.4578736066818236,1.9927203503468718
A0A2K4YB80,0.18162959369214673,0.24537156833991763,0.8133333333333334,0.2511750164504601,0.6666666666666666,1.0030770373344422,0.027392389863145832,0.1750202453356666,0.16970591041069572,0.8200000000000001,0.21270741511391755,0.7222222222222222,2.917937912940979,1.4615914810565527,0.19293861900790754,0.19074136620023002,0.8146666666666668,0.21987471179944473,0.7333333333333333,4.15801393032074,2.0184340266464047
A0A1S1L5R7,0.1818874316042972,0.24657666644315396,0.8325,0.22889681081220856,0.75,0.9998163855075837,0.035966924351614464,0.20928633781307776,0.19652575782521023,0.7846153846153846,0.21514272130970266,0.5384615384615384,3.7413278293609618,1.1752618009445026,0.18533417043325115,0.20494732428368928,0.7938461538461539,0.23156784888894497,0.6153846153846154,3.1810099267959595,1.3170785306978703
A0AB33TD28,0.18234408832616159,0.21471698394514194,0.8088888888888889,0.2313460344469319,0.6666666666666666,0.9460677802562714,0.03797935778525478,0.18586979533000847,0.1718144910965989,0.7946666666666667,0.20816232981871516,0.6,3.4351832485198974,1.2081317455250649,0.1847965022510517,0.17983729420439357,0.8123076923076924,0.19047123126821122,0.6923076923076923,4.166577415466309,1.6063549905917518
A0A2K4YB08,0.18289117822596343,0.14101667770603588,0.8583333333333333,0.14775166853729793,0.8333333333333334,0.9149553215503693,0.02818144370744631,0.20558760392843195,0.16038426130680375,0.766,0.2087199080107118,0.55,3.485321319103241,1.9362597898862421,0.21770215535446819,0.16203000477023832,0.7813333333333332,0.19064335521829467,0.7333333333333333,4.2474342679977415,2.00602604598069
A0A3S4RS92,0.1829593007363665,0.18728999318047126,0.8449999999999999,0.17834890897713204,0.6666666666666666,0.970900593996048,0.042816488243777574,0.1861133902152152,0.18329693470830805,0.833,0.18944920163463344,0.75,2.9271600031852723,0.8985137048968846,0.1844950931430534,0.15705599572465512,0.8377777777777777,0.1666518511933571,0.7777777777777778,3.455561065673828,1.7314845411731814
A0A4V3HUY3,0.18309502507032338,0.19777401354407223,0.8377777777777777,0.2225996794336205,0.7777777777777778,0.9914703977108001,0.03912481694004096,0.19134922824948422,0.17854907424045266,0.8157142857142856,0.2037054696549578,0.7142857142857143,4.433057162761688,1.308277133369061,0.19137261530078015,0.19542208832257787,0.804,0.2187479523713689,0.6666666666666666,3.5986484599113466,1.618129935935458
A0AAJ3TVZ5,0.18321736324900678,0.211072802573824,0.8099999999999999,0.21840329667841554,0.6,1.1824490594863892,0.04637855456671432,0.19711231600225174,0.24838403251196103,0.815294117647059,0.21404006351365004,0.6470588235294118,3.017463893890381,0.8690392160724143,0.20717028364587367,0.25928419422074944,0.8092307692307692,0.2215491450415439,0.6153846153846154,2.627639739513397,1.4636750281318236
A0A117I9Z0,0.18339798465810786,0.17551899399178794,0.8276923076923077,0.17550603084767583,0.7692307692307693,0.9229467105865479,0.0275397425122641,0.27043044685745676,0.18922472187719952,0.7155555555555556,0.19602217057778104,0.3888888888888889,3.6373304772377013,2.089015593320677,0.23654900666154102,0.14736247456479284,0.7250000000000001,0.201059692628831,0.5,4.437326853275299,1.9968654936400259
A0A927JBF8,0.1834808619377696,0.19374760659505427,0.8138461538461537,0.21688488479937432,0.6153846153846154,1.0751199662685393,0.039507374056475704,0.2193422694615807,0.2095739195423605,0.7971428571428573,0.22153453685691576,0.6190476190476191,2.6916328835487366,0.7760288726156969,0.18534517151141505,0.21145440836708257,0.8011111111111111,0.24170433933696966,0.6666666666666666,3.4685006666183473,1.9138181232374571
A0AAD1I0L4,0.18354185878165366,0.17264961709433888,0.835,0.17834890897713204,0.75,0.7978492271900177,0.02990262840204391,0.23122005726050654,0.1714392349337282,0.7655555555555557,0.1954829410636989,0.5,3.5439981341362,1.3560573041051176,0.1885532268066377,0.1257614080621438,0.8057142857142855,0.17670452681218543,0.7142857142857143,3.9376395201683043,1.7405228606029428
A0AB73MHS4,0.18362624023857504,0.19886780766137294,0.8480000000000001,0.1984338680769994,0.7,0.9602567851543427,0.02875441683578762,0.17193060925106424,0.16343879174930362,0.8306666666666668,0.18745547619516365,0.7333333333333333,3.841880216598511,1.268804530296223,0.20957791921993138,0.2037571968954627,0.7769230769230769,0.22679657490917396,0.6153846153846154,3.362370324134827,1.5864022232203665
A0A7K0D4H1,0.18367153475933506,0.1991114052292291,0.8583333333333334,0.1859136597694986,0.75,0.9006984210014344,0.031153092747932095,0.2687800345770243,0.21484554587313048,0.7849999999999999,0.1876832437912346,0.625,2.912982521057129,1.3889298590535473,0.21017151322560032,0.20884544092428758,0.8092307692307693,0.20208381880419124,0.6923076923076923,3.1501485085487366,1.8541023808455865
A0A2T2Z8U3,0.18374542801954574,0.20866878990109494,0.842,0.22440142602042437,0.7,1.0106573963165284,0.03806257926901412,0.2314549489571982,0.20664383204317488,0.7905263157894736,0.21347928986722822,0.631578947368421,3.528066999912262,1.421518871348569,0.181755915548243,0.1829263191004709,0.8325,0.20480173339110194,0.6875,5.012026340961456,1.9868877148538913
A0A251Y3Z3,0.18380492071402574,0.2389932372021184,0.868,0.16277591959500642,0.7333333333333333,1.007220106124878,0.027546401787014806,0.1888545115239358,0.19281987796407007,0.857,0.1713796954134299,0.8,3.0716306138038636,1.322258018965401,0.19739580219063857,0.18637127517977517,0.8493333333333334,0.16603078697103804,0.8,2.7367508220672607,1.9114942157969863
A0AB33ACN0,0.1841651829018727,0.16565907651607645,0.8184615384615385,0.19366291705896352,0.6923076923076923,1.0312871432304382,0.04148916087614857,0.13089519614773837,0.1438601389903286,0.8811764705882353,0.16456296320293787,0.8235294117647058,3.4007611083984375,1.3031653461982247,0.1444332635451603,0.14061124429586325,0.875,0.16695807857064,0.8125,3.1175291967391967,1.595907323735685
A0A0U0ZLV7,0.18427382540130197,0.2226872559853489,0.8316666666666667,0.2171724864914727,0.6666666666666666,0.9389182937145233,0.03174080336458259,0.16803223700271466,0.16762994624453117,0.856842105263158,0.17171128251497128,0.7894736842105263,2.6681750869750975,1.0118312402569256,0.14732653347340793,0.17567057952437787,0.8887499999999999,0.14679386056644195,0.8125,3.2733110284805296,1.6990167617947514
A0A0N9XFV2,0.18436022610857497,0.18228406733938726,0.8650000000000001,0.15365003525327722,0.75,1.1174770259857179,0.04084735727571639,0.21860352910761505,0.193815346309732,0.795,0.22332711434127295,0.6875,3.5142625188827514,1.2308005050417838,0.271300452383347,0.17573493536694815,0.7523076923076922,0.19030962003874094,0.5384615384615384,3.1772473192214967,1.8457990087198175
A0A8J3FU84,0.18466590534050287,0.16751927464107327,0.8276923076923077,0.18473073319559538,0.6923076923076923,0.9666009724140168,0.03597669801217699,0.20566493503628006,0.20359466972925624,0.7855555555555556,0.21744021457306428,0.6111111111111112,3.3238495707511904,1.2059798031432893,0.1636427248288452,0.167482153640979,0.84375,0.1808616529284193,0.75,2.9594088530540468,1.7409267768868513
A0A3S3ZSH2,0.18485018594251781,0.20868463132409185,0.7981818181818183,0.2328408813611945,0.6363636363636364,1.0747355949878692,0.03921354294967896,0.22429229726823632,0.24558926203224504,0.7773333333333333,0.23752801004419574,0.5333333333333333,3.90088742017746,2.0198477830920964,0.19320805462585472,0.22243212633480705,0.7985714285714286,0.2309563082631228,0.6428571428571429,4.196975035667419,2.158774511227699
A0A179VCR2,0.1850605441844429,0.19430776855041412,0.8492307692307693,0.1741114381636321,0.6923076923076923,0.9458670175075531,0.04981638323611104,0.17147011846448934,0.1774247430642515,0.8494736842105264,0.17452110969315962,0.7894736842105263,2.4814986038208007,1.1251254512193678,0.17354840917265052,0.18237216829090205,0.8626666666666668,0.15847046692961084,0.8666666666666667,3.2369564890861513,1.7237261160150985
A0A1X1TXE9,0.18519548755109924,0.16533248249354637,0.82,0.1851125783588643,0.75,0.8455395555496216,0.029961586186272524,0.21867982331801286,0.18016301573022894,0.7494736842105263,0.21912442233893958,0.5789473684210527,3.078127281665802,1.6275332761535872,0.19471871574395128,0.1466149628296786,0.7705882352941176,0.19561278041475635,0.5882352941176471,4.230580623149872,2.188829966299364
A0A1A3P7V6,0.18524850524487213,0.21511840983652025,0.8490909090909091,0.2077347323108595,0.7272727272727273,1.049713340997696,0.0454196874093148,0.19941141126255907,0.17355571747532716,0.8110000000000002,0.19271481520630424,0.7,3.9539464211463926,1.232404249806156,0.21445057338847567,0.17996546737805727,0.8040000000000002,0.19172202099219934,0.6666666666666666,4.986531543731689,1.8589683428470811
A0ABD6NXB6,0.18579421434178134,0.20611515882445725,0.8200000000000001,0.2110778201371384,0.6153846153846154,1.117861053943634,0.03169622419125763,0.20727476281283075,0.2033666494169612,0.8141176470588235,0.2016128737582298,0.7058823529411765,2.612912106513977,0.8966107488980366,0.18812250574508252,0.1570492570338389,0.7973333333333333,0.20024873421711198,0.5333333333333333,2.603719048500061,1.8069095157311237
A0A4R4V2D0,0.1858473378898005,0.20199611692430344,0.836,0.21443880245888336,0.7,0.9345444786548615,0.039351708108733216,0.22281373605843532,0.23928014766881736,0.77,0.2613851989348713,0.6111111111111112,3.450089092254639,1.6789783358484198,0.2772021566111246,0.24089148054025858,0.7123076923076923,0.2621260368059564,0.5384615384615384,2.882180416584015,1.6631201807755727
A0AAW5SKH5,0.18609221106582388,0.1874588713774526,0.8654545454545456,0.1770651465300342,0.8181818181818182,0.969367743730545,0.029793643530919862,0.21346890498314106,0.2240510738570603,0.8105263157894738,0.21109922047801738,0.6842105263157895,3.23211008310318,1.0215408838888587,0.18761182597762366,0.17316584527512072,0.825,0.18993419913222578,0.6875,3.7224877166748045,1.596014687863918
A0A1S1LF81,0.1865107113677479,0.21653806175966078,0.8,0.2351169921549695,0.6,0.919970691204071,0.02762668712989053,0.1853147217539788,0.1799020551807813,0.8013333333333333,0.21121447761826256,0.6666666666666666,3.9560612535476682,1.3393556657566004,0.1950289641713332,0.19732733510729608,0.7938461538461539,0.2185806825703026,0.6153846153846154,4.466256237030029,1.739469637307803
A0A7I7X9D1,0.18686741157853698,0.21128170596769905,0.8642857142857144,0.1719100381725564,0.7857142857142857,0.9919303107261658,0.03871883406093714,0.1589148105056493,0.15276528535918352,0.8366666666666667,0.19553345834749952,0.7222222222222222,3.510326797962189,1.3822511018178638,0.16264477913656508,0.16949640173032873,0.8157142857142858,0.2252844007571092,0.6428571428571429,3.9323428511619567,1.7191429745218507
A0A5N0EJT8,0.18688362479377113,0.18284032801269867,0.8369230769230769,0.1827728567368889,0.6923076923076923,0.9542624628543854,0.030356981697521716,0.20962302531330818,0.19270527014894434,0.8094736842105262,0.19176393613559373,0.6842105263157895,2.525133271217346,1.0749181403612273,0.15424933687921116,0.1715753570307763,0.8492307692307693,0.18706072804394666,0.7692307692307693,3.2238157415390014,1.9093442231322137
A0AAE6TQG2,0.18697525046168484,0.19668741433182535,0.8133333333333334,0.19770910168449224,0.6666666666666666,0.9897378647327423,0.03450218312136925,0.20299873344376487,0.17651982225699764,0.7741176470588236,0.196769761651393,0.5294117647058824,3.5284566473960877,1.4100103859231026,0.16963806212425162,0.14906871035430297,0.8173333333333334,0.19729729400633506,0.7333333333333333,3.624706048965454,0.9286606889791073
A0ABD6QS80,0.1875857959248949,0.20790109584469826,0.86,0.17679689719319977,0.7857142857142857,0.9629841005802154,0.04820577991443246,0.20688012082583027,0.2685072097089792,0.8247619047619049,0.2153097225951279,0.6666666666666666,3.302870461940765,1.4852873902504165,0.19295167830161816,0.23892002887321356,0.8786666666666666,0.1683594039217557,0.8,3.049007637500763,1.5054330591362093
A0A051UFG9,0.18761705733220335,0.16240241496192126,0.82,0.19131126469708992,0.75,0.8991979622840881,0.03130434371613499,0.21694748329940458,0.17877671337812412,0.7905882352941176,0.20258536583333703,0.7058823529411765,3.3334724640846254,1.8092787457342219,0.19930561523776244,0.15868625836309477,0.79,0.2054263858417414,0.625,3.6877034378051756,1.963792355037775
A0A0U0ZPX5,0.18774183112416792,0.21989325108380875,0.8133333333333332,0.2260776661041756,0.6666666666666666,0.9880980241298676,0.039530789001924714,0.1699405850196909,0.16936436801376267,0.8160000000000001,0.21481154531356084,0.6666666666666666,3.92396270275116,1.417256532504157,0.19045940809192247,0.1733732055351839,0.7999999999999999,0.19595917942265423,0.6923076923076923,3.9833156752586363,1.5094490225749502
A0A7W9NKR9,0.18787091035322073,0.1816793828930639,0.8618181818181818,0.1621345222516942,0.8181818181818182,0.9178165662288665,0.030234632023722532,0.20322270171000845,0.20635595960271952,0.7933333333333333,0.22080660215572256,0.6111111111111112,2.7047841143608093,1.1715161685118138,0.2366530415035379,0.2139847616781339,0.7700000000000001,0.21643210746757777,0.5714285714285714,3.042266397476196,1.6423782832767786
W9AKH0,0.18787509144276596,0.14974147564090895,0.83,0.16862186493255651,0.6666666666666666,0.8988312077522278,0.023631753803709365,0.26393331632212014,0.17980056679153827,0.7033333333333334,0.21252450839060108,0.3888888888888889,4.0893813371658325,2.1839237828671894,0.22819788450354878,0.160697429343234,0.7433333333333334,0.20776589389663228,0.4444444444444444,4.563775310516357,2.094608831057568
A0A1A2YYV5,0.18788763901160588,0.20247603781304563,0.8072727272727274,0.21341768304903072,0.6363636363636364,1.100874184370041,0.049116528910701,0.22787493255577695,0.23810544917739626,0.7688888888888888,0.24305666666412698,0.5555555555555556,3.315569984912872,1.7248143331480112,0.2300494162537647,0.25697816994909134,0.7505882352941178,0.27043473907189847,0.5294117647058824,3.284495966434479,2.295601765236233
A0A3Q9KMK0,0.18791819222662362,0.19185192693470918,0.8507692307692308,0.18656661167453295,0.7692307692307693,0.9420010221004486,0.03694663431439514,0.18739420346667698,0.2025240185874433,0.8233333333333334,0.2118962010041709,0.6666666666666666,2.4292789983749388,0.581573972861917,0.20890575329635763,0.2158585923526123,0.7742857142857144,0.2269585955226914,0.5,3.9283151388168336,2.350806682530607
A0A561TWL9,0.18820474841112186,0.17330823391253378,0.83,0.19604421270043482,0.75,0.9557234787940979,0.02546906337155953,0.1935999908508405,0.16811818398296188,0.8104761904761905,0.19891314664771922,0.6666666666666666,4.137438902854919,1.3952061279265553,0.22663510909658802,0.18527862799661401,0.78875,0.1976067749344642,0.625,4.515268716812134,1.774803307753797
A0A154V3B3,0.18843469707257401,0.2143825331354677,0.836923076923077,0.1913267288168679,0.7692307692307693,0.9381458926200866,0.022976633332682496,0.2131530609611797,0.2257176260037103,0.8136842105263158,0.18963151321266228,0.6842105263157895,2.8155255031585695,1.4474956699415316,0.17321788762939783,0.18395134811678585,0.8058823529411765,0.22236850241221642,0.6470588235294118,3.585336081981659,2.375207666706088
A0A7I7MPF4,0.18846082703459724,0.1804231248638209,0.85,0.1731638365413353,0.7857142857142857,0.9979694247245788,0.034512844066265,0.17880902522308093,0.20196696215013127,0.8352380952380952,0.20046657594861633,0.7142857142857143,2.8142798781394958,1.5369647783025302,0.2165073655494461,0.16614665781832538,0.80375,0.17538796281387156,0.6875,2.9345950651168824,2.1195423435800267
A0AAD1IMS5,0.18852718670557428,0.21214734593758944,0.8323076923076923,0.2377508018640153,0.6923076923076923,1.0088502478599548,0.04045749690942683,0.15012793397522542,0.19174611423100987,0.8411764705882353,0.2204242527742187,0.7058823529411765,3.0225125408172606,1.331223238523834,0.21047491085969633,0.22953456091206642,0.8341176470588235,0.1809471428680506,0.7647058823529411,2.4884875345230104,1.2676558626503382
A0A329M492,0.18857735284414806,0.24016160881272547,0.828,0.19863534428696217,0.6,0.9011608719825744,0.02020068143287983,0.2163046429219401,0.19591042933434988,0.7905882352941176,0.20339676058023362,0.5882352941176471,3.5284839177131655,1.743679634004824,0.1974849525922376,0.16286229777761474,0.7879999999999999,0.19917161779062129,0.6666666666666666,4.1184273219108585,1.5670380938953534
A0A1X2L0G7,0.18862153170341447,0.217286962506832,0.8381818181818183,0.20879821410844496,0.7272727272727273,1.083581233024597,0.03470503466185395,0.20561515306617406,0.16557930033919466,0.8188235294117647,0.18515120539205648,0.7058823529411765,3.441035530567169,1.093621255297966,0.2068581688847449,0.16412896019934153,0.8328571428571429,0.16135270024871298,0.7142857142857143,2.8751156735420227,1.862675495176656
A0A0L0JLL3,0.18872957929602885,0.19044605405694026,0.8083333333333332,0.2340168559930863,0.6666666666666666,0.9389526450634003,0.04404904937718699,0.226576546149451,0.21858093800625586,0.7844444444444444,0.22286573492232745,0.5555555555555556,3.2951653361320496,1.2950241099143507,0.23197084789549638,0.21052616941275729,0.7813333333333333,0.224673590397764,0.6,3.085768766403198,1.6439322679256243
A0A7H1Q5K4,0.18873534448533613,0.2004290128736764,0.8300000000000001,0.21393145319626722,0.75,0.9677522730827331,0.03655504330139938,0.29056445533015535,0.22105951268538468,0.74375,0.19624203805505078,0.5,4.601880431175232,1.2200026641746502,0.252344778749205,0.20478575781223832,0.7733333333333333,0.1972702601903175,0.6666666666666666,3.9011977910995483,1.4536224013028811
A0AB73U7U3,0.18876227189838157,0.198210445447277,0.8183333333333334,0.2107855677117282,0.75,0.9022501254081726,0.031660311291218324,0.19996036796853114,0.18960742963789995,0.8300000000000001,0.17628890429569802,0.7222222222222222,2.812512719631195,1.3574151082613883,0.1882694122925527,0.21429128222665086,0.8576470588235294,0.16519255829146448,0.8235294117647058,3.1701581120491027,1.6279721640666964
A0A370I008,0.18888032564053822,0.15235745450822613,0.8266666666666665,0.16519348924485155,0.75,0.935311154127121,0.0334993655506389,0.2137792623271628,0.2047320058789647,0.7800000000000001,0.20280387512250814,0.5294117647058824,3.5768757009506227,1.260732028133449,0.14223721604740958,0.15129913916363744,0.84,0.20784609690826528,0.7272727272727273,5.262677805423737,1.7961494063346362
A0A4R8S7U6,0.1892645028623346,0.2493543283602864,0.842,0.20385288813259428,0.7,0.9376521754264832,0.034402933896925156,0.1659524129505017,0.2502432551676096,0.8462500000000001,0.2251353759407881,0.75,4.100294842720031,1.5268501606047535,0.20939490556818396,0.26273165854346625,0.8461538461538463,0.19173453047772795,0.7692307692307693,4.531384046077728,1.6516474101324679
A0A1A3U111,0.1894272211275127,0.1825707627538391,0.8563636363636363,0.16837580949513054,0.8181818181818182,0.7665670180320739,0.02544914126886029,0.21614509816394853,0.17302796008039326,0.7811111111111111,0.1960127231950033,0.6111111111111112,3.3705924487113954,1.4697475055327411,0.19488305020715896,0.15147220253127416,0.7729411764705881,0.19691039185920414,0.5294117647058824,4.283150510787964,2.087182252516385
A0A1G6K7R0,0.18959563802627277,0.18137718634539246,0.8181818181818182,0.191729837475841,0.6363636363636364,0.9350070858001709,0.027587193612928412,0.23706836979329374,0.18534610661550904,0.75,0.20344259359556172,0.5,3.1415076088905334,1.0010648052905573,0.162931479819801,0.14234220801270642,0.7914285714285716,0.20739393650239435,0.5714285714285714,3.604047250747681,1.766772584366573
A0A1Q9LN36,0.19010805541044107,0.15518797351436953,0.8622222222222222,0.1547598697464902,0.7777777777777778,1.0296796071529388,0.028616941487623466,0.20178337678797678,0.2384185912699526,0.82375,0.229370742467299,0.6875,3.5147071504592895,1.2501494746097472,0.21252616203156907,0.23272210213266062,0.8138461538461539,0.19773869554534929,0.5384615384615384,2.541419954299927,1.6673983694755172
E3J9G9,0.19027182105883994,0.2013222691207954,0.8075,0.23301019291009567,0.625,0.9344695365428924,0.022028747911356283,0.17112543814500178,0.1964354302164679,0.8200000000000001,0.21016999921831983,0.7142857142857143,3.633510642051697,1.7062511180810849,0.21013214223177076,0.24054275021738597,0.7969230769230771,0.23229240907444534,0.6153846153846154,4.031058039665222,2.2197715543000243
A0A7V8RXZ3,0.1903240800455486,0.19622578507288857,0.8433333333333333,0.19576062480034698,0.75,1.051106173992157,0.03880258034184814,0.1180043765856213,0.15210744823818378,0.8988888888888888,0.15669818437893376,0.8333333333333334,3.8359873032569887,1.7075308661523225,0.15547944950861287,0.14676331919245847,0.8760000000000001,0.13627423331894647,0.8666666666666667,3.346549093723297,1.622096288437647
X8A9W7,0.19036397760549856,0.18242516305544207,0.8277777777777778,0.18488902243584918,0.6666666666666666,1.1309541034698487,0.03606635767706185,0.23790811676013343,0.22786025504342627,0.7866666666666666,0.2217105219775452,0.6190476190476191,3.1525811886787416,0.7435633628999524,0.21094942814673223,0.2372680207636511,0.8013333333333333,0.22216710427563802,0.6666666666666666,3.6959503173828123,1.8039186825971474
A0A7W9PLQ8,0.19037265809558246,0.18136873301926917,0.8527272727272727,0.17586621511772724,0.8181818181818182,0.8794940030574798,0.024420069183999447,0.2775991996677574,0.22524687295131907,0.7528571428571428,0.21415710426255408,0.5714285714285714,3.052814769744873,1.177412901604556,0.259939212461933,0.19896621127437258,0.7583333333333333,0.18229249999809521,0.5833333333333334,4.0294984388351445,1.9278230776173781
A0AB33AHW7,0.19049472021484185,0.20399973886957545,0.8338461538461538,0.18800730188514003,0.6923076923076923,0.9456807386875152,0.033523460262125444,0.16692533775659443,0.17038103795569975,0.8673684210526316,0.15656988032128885,0.8421052631578947,2.9234539031982423,1.2684456857617168,0.15349746207790754,0.1722183068329737,0.87875,0.15369917859247004,0.875,3.124328713417053,1.8056249999617568
A0A1X0DSG2,0.19064240494541926,0.20609632362341557,0.8276923076923077,0.21028017376654873,0.6923076923076923,0.8616302311420441,0.0371367716416475,0.19682627216303797,0.19045444358208488,0.7952941176470588,0.22244940329032453,0.6470588235294118,2.826334652900696,1.5586783931223034,0.21318872578019074,0.16205689507940077,0.756,0.2139408017809288,0.6,4.281847307682037,1.8185961595290816
A0A291RHD9,0.19112357465476681,0.1955645585140145,0.8183333333333334,0.20743807643621157,0.5833333333333334,0.9401837682723999,0.033365523867711494,0.23531940285559325,0.20972317711824875,0.7613333333333333,0.22360282248268293,0.5333333333333333,2.838330068588257,1.1824429056841324,0.21031030014523555,0.1814645212474756,0.8046153846153845,0.1942486663498574,0.6923076923076923,2.653707692623138,1.5821871738109978
A0AA37PRM7,0.19114382861693915,0.18860746740225173,0.8272727272727274,0.19301864766676674,0.7272727272727273,1.1023933029174804,0.047587339622294986,0.24294105772792607,0.18193071380318157,0.7737499999999999,0.19127450823358558,0.625,3.1212101936340333,1.0853056134800734,0.20931912916758297,0.14366442583615716,0.8228571428571428,0.1715237830834701,0.7142857142857143,2.9547878670692445,2.0196673165502985
A0AB74FEB0,0.19127553502393055,0.18493572897209226,0.8460000000000001,0.19617339269126177,0.7,1.043162271976471,0.041304769549208295,0.11781909307890981,0.16208908405105377,0.8811111111111111,0.18779092656133692,0.8333333333333334,3.398593852519989,1.3462023503616896,0.14697581773731302,0.16640466531370254,0.8685714285714285,0.16348250858194247,0.7857142857142857,4.107297613620758,1.8028475403545061
A0A1W9ZC84,0.1912912871094566,0.19375316692652955,0.8306666666666668,0.19430102647409994,0.7333333333333333,1.02396275639534,0.043720307076574955,0.2118167309313878,0.19269131152862634,0.7968421052631579,0.21997733451615198,0.6842105263157895,2.832707107067108,1.2431726362782471,0.1982689781662581,0.1911608700101847,0.7929411764705881,0.22375839664514077,0.6470588235294118,2.5562685894966126,1.631354122300009
A0AAJ3NT49,0.19144874003614093,0.1863351630598132,0.826,0.18331393836803572,0.7,0.9283070492744446,0.021454367627217752,0.20517745644172608,0.1669111132575039,0.7752941176470589,0.19421387988984853,0.5882352941176471,3.500439248085022,1.2960689318079304,0.16128308396264868,0.12211995127464972,0.8425,0.1692446454101281,0.75,5.166514883041382,1.252549912724052
A0A1X0K0U7,0.1917048014270654,0.1696953474966592,0.8553846153846153,0.16791093722636619,0.7692307692307693,1.0791471743583678,0.039212830705639766,0.2792536896684995,0.20960359821699864,0.7788235294117647,0.18233396485702938,0.7058823529411765,3.4815557980537415,1.4620344820667452,0.2809889030251036,0.2617136684364596,0.78,0.20137030565602268,0.5625,2.67544349193573,1.5327024248386054
A0A544W498,0.19203203707592228,0.1825847496905568,0.8246153846153846,0.19297729577955675,0.7692307692307693,0.9325885355472565,0.025479298602264788,0.24673614599321514,0.17553976034344015,0.7777777777777779,0.18605720612386203,0.6111111111111112,3.3036038303375244,1.6533268311326674,0.2512573204742441,0.15584925532508256,0.7325,0.2033316256758894,0.5,3.8442559933662412,1.8670321311833848
A0A839Q3V9,0.19219701679427098,0.17060529285690385,0.8371428571428571,0.18911177992426184,0.7142857142857143,0.9573595702648163,0.028945887510024717,0.16890457197121284,0.16788073170099327,0.8458823529411764,0.19902878371583552,0.7647058823529411,3.5821583247184754,1.2160568040919324,0.1542462063147445,0.14456144988999284,0.8399999999999999,0.18286607121059936,0.8,4.818211355209351,1.9387968418404582
A0A1A0MX32,0.19220563690258932,0.1857693144442053,0.8383333333333334,0.17252214028607715,0.75,1.034002833366394,0.03282537929299372,0.17273208354860664,0.18417252668222395,0.82375,0.20214088527559188,0.625,3.640114974975586,1.5339274341876687,0.15266116304073643,0.17640814533093296,0.8553846153846154,0.1823190519018529,0.7692307692307693,3.1460145473480225,1.7222435982478386
G8RIP0,0.19240571786672606,0.17010894865847795,0.8492307692307691,0.19321018998694892,0.7692307692307693,1.0248341965675354,0.04195961715642386,0.2084515224441416,0.19297202322071552,0.8295238095238094,0.1833673437841098,0.7619047619047619,3.180088691711426,1.2047385195966696,0.2196223432207601,0.17636342949387518,0.8026666666666666,0.2051167689119758,0.6666666666666666,4.509325342178345,1.8405916821432289
K0UL90,0.19243418562059614,0.21892668346854038,0.8383333333333334,0.20647168221224807,0.6666666666666666,0.9305017650127411,0.022976628580981776,0.1414888267622771,0.22730713012797366,0.88,0.1953202498462461,0.75,3.1330202770233155,0.8859518944528633,0.20827244069489995,0.22951869244410894,0.8371428571428571,0.19359119561697058,0.7142857142857143,3.6933369421958924,1.6048634053912607
A0A0B1ZIQ0,0.1929339686762207,0.2098563167266386,0.8646153846153847,0.1804530786921283,0.7692307692307693,0.9286977589130402,0.03656481243148958,0.2140698487213098,0.19925287374630918,0.8177777777777778,0.19685176474685365,0.6666666666666666,3.0844767260551453,1.2575407079691352,0.22100038593743382,0.16866937393297596,0.7894117647058825,0.19788501082358542,0.6470588235294118,2.7869748067855835,1.516648444370797
A0A1X2AMC4,0.19297751098485869,0.189834356475578,0.84,0.1762573875520305,0.75,1.04597727894783,0.027735687135045057,0.2355209185213934,0.1932276113478189,0.7379999999999999,0.21761433776293324,0.45,3.41198890209198,1.0813648415032515,0.25087850919215726,0.18997116965824154,0.7564705882352941,0.21868433270411078,0.5882352941176471,4.449463376998901,1.7110332755008832
A0A2G5PN19,0.19301990284246512,0.21708085284368797,0.7927272727272726,0.23545279044624978,0.6363636363636364,1.097294602394104,0.0351183457630219,0.2529314854102389,0.2642070971585743,0.7694117647058824,0.23971724982068288,0.5294117647058824,2.934891414642334,1.4383613093243115,0.21944598306068724,0.2573229607303571,0.76125,0.27662869970413406,0.625,3.84910058259964,2.396618731357477
A0A7K3R588,0.19307130278811555,0.22524938876064096,0.8555555555555555,0.21119296658696396,0.7777777777777778,0.9618165457248687,0.05022992567061698,0.2682675544945058,0.23007282895074727,0.7352941176470589,0.2400518975030393,0.5294117647058824,3.6348509573936463,1.0419790445604427,0.24914641005450072,0.2207130358839903,0.7666666666666667,0.2439307734219326,0.6,3.892562913894653,1.4802436106635601
A0A8J4A7U7,0.193137084812,0.20043211018141904,0.8200000000000001,0.2123857158748966,0.6923076923076923,0.9982424688339233,0.02449818441478338,0.18994465393746246,0.17282384315598567,0.8063157894736842,0.19671541095853995,0.6842105263157895,2.382448055744171,0.8243953168563967,0.18662272392369328,0.14552978561791882,0.8200000000000001,0.16701297354796524,0.7333333333333333,2.8198655605316163,2.0377444793916575
A0A829Q576,0.1932178642117516,0.19531616610810984,0.8433333333333334,0.18776462807343547,0.75,0.9287140119075775,0.03830598422981709,0.15002454166856238,0.16563731835474932,0.8677777777777778,0.18380410935907812,0.7777777777777778,3.027751784324646,1.0988395849878767,0.12253606482226592,0.17838562444051215,0.8893333333333333,0.16619132214275073,0.8,2.9326149129867556,1.189394055116081
A0A1T5XJ36,0.1943056841701429,0.22638019813504176,0.8316666666666666,0.2041989770352002,0.6666666666666666,0.9503239464759826,0.0314066193791707,0.17763215706791483,0.17370604655113983,0.8547368421052631,0.1647763530892589,0.7894736842105263,2.990794496536255,1.4405580743346642,0.19484205618004422,0.20963563835944243,0.8211111111111111,0.19084283495672816,0.6111111111111112,2.6175222182273865,1.4526592940787217
A0A2U9PXP1,0.19452258360542835,0.21715391000385476,0.8620000000000001,0.15657586020839864,0.8,0.8050874435901642,0.022388690392730008,0.248357711296567,0.18679543788405908,0.7533333333333334,0.2047003229656031,0.5333333333333333,4.2229004883766175,1.613345922221066,0.225172209260796,0.16224544403966182,0.7733333333333334,0.18756924647239542,0.6,3.441627838611603,1.5977904560814546
A0A4R7IZC0,0.1947271534363853,0.21567809718177344,0.8307692307692308,0.1971513100470155,0.6923076923076923,0.9044802904129028,0.023929462138119202,0.22361314745754685,0.19461665568277084,0.8044444444444445,0.212451882714971,0.7222222222222222,3.88012371301651,1.458876537578243,0.22353030011255698,0.2081174192820622,0.8014285714285714,0.2054214185124654,0.7142857142857143,3.7155226278305054,1.7680787760424215
A0A7U5RXC1,0.1947644706313487,0.22615981618903794,0.7981818181818181,0.2284261639933005,0.6363636363636364,1.1367648816108704,0.04163067943602813,0.2543101000816926,0.26350162795844345,0.7549999999999999,0.25257672101759493,0.6,3.208908658027649,1.4823188915626102,0.20925744987084657,0.24669110708108583,0.7722222222222223,0.25778017240267065,0.5555555555555556,3.897218232154846,2.27949310769099
A0A7I7UBW3,0.19499050177271424,0.21850218877518848,0.8436363636363637,0.1970358863148228,0.7272727272727273,0.9461412608623505,0.03749167871009123,0.13139429239812794,0.1593629663405669,0.8789473684210526,0.18541261913683235,0.7894736842105263,3.1351152420043946,1.16102674655496,0.15620478848113886,0.13427977834125174,0.8466666666666666,0.19427357571790926,0.7333333333333333,3.445990493297577,1.35194339662494
A0A7I9YZ18,0.19521638655365517,0.18824500071885117,0.8166666666666668,0.19005847053531244,0.5833333333333334,0.8924325561523437,0.02553767147938144,0.2035810706815816,0.1824078097907785,0.8177777777777777,0.18641517450022843,0.7222222222222222,3.958293538093567,2.061694084047326,0.2195766003025658,0.15782774853496973,0.7952941176470588,0.1827282664974487,0.5882352941176471,4.60835957288742,2.205424265678916
A0A5R8NPV3,0.19530488662818304,0.2093384660810175,0.8323076923076922,0.19604370965342033,0.7692307692307693,1.012043068408966,0.04945358533255464,0.23775601867289944,0.20876483895216374,0.79,0.20297783130184438,0.625,2.9692580914497375,1.3529841574722288,0.2152498256468929,0.1869425699933996,0.7933333333333333,0.20596655607700542,0.5833333333333334,4.143393166065216,2.1048109820525402
A0A1A2YVQ7,0.19536728818063773,0.22661800395217432,0.7890909090909091,0.23731277962195974,0.5454545454545454,1.0594924437999724,0.04396141672954382,0.2559142424227594,0.2678313892658205,0.764,0.2408817137102773,0.5,3.6528977799415587,1.9874404480324201,0.18746133726128514,0.25535437873228395,0.7946666666666667,0.26102022058751606,0.6666666666666666,3.926114640235901,2.152056435597356
A0A5J5JW77,0.1954657832315358,0.1897021835986439,0.8300000000000001,0.20381364036786154,0.7,1.0177900576591492,0.02666238176790556,0.2486828072860352,0.23074641790489422,0.7863157894736843,0.21364531665739805,0.5789473684210527,3.796233067512512,1.5661158746759802,0.17891742839297733,0.20379886567522643,0.8300000000000001,0.2121657034355122,0.6428571428571429,3.7178723645210265,2.0756155634740336
A0AAE4UD82,0.1958504538152108,0.20275891701807863,0.7969230769230768,0.2155274251827761,0.5384615384615384,1.1129486989974975,0.04780564887745586,0.24906262813938468,0.2374170588511156,0.774,0.22513107293308046,0.6,2.718094675540924,1.4005941199728487,0.20134531557930518,0.23372208209031675,0.7725,0.25979559272628167,0.5625,4.434538235664368,2.312079511323671
A0A4Z0HM23,0.19590036672384825,0.175900265375021,0.8140000000000001,0.20397058611476312,0.7,1.0060308921337127,0.0241193038147556,0.2308363008687891,0.19426747751995274,0.7675000000000001,0.20819161846721881,0.5625,3.2978127121925356,1.405477812423916,0.20321723071703038,0.1751794305566796,0.8028571428571427,0.1941806438576708,0.7142857142857143,2.9802800726890566,1.6124088616142433
A0A829PKA2,0.19627489090569958,0.21962580815062877,0.8439999999999999,0.19516830343748612,0.6666666666666666,0.9289048874378204,0.03447578887123345,0.1655973548474046,0.17027174970226386,0.8619999999999999,0.18032193432857802,0.8,2.5805033922195433,1.1641212274836434,0.12625735172963243,0.18089610911450602,0.89125,0.17116786351415383,0.8125,2.5853474974632262,1.507180867346216
A0A1X2DIF1,0.19627809979833044,0.1749512125105598,0.8413333333333334,0.174885359275409,0.8,1.0440318655967713,0.040330773409034244,0.23268660318703707,0.19987761349650396,0.825,0.16490906585145645,0.7,2.8132849621772764,1.0390778840714645,0.2531489461360295,0.16246757805017006,0.7833333333333333,0.19700535807716274,0.7222222222222222,2.8980223631858824,1.9522945682794548
A0A1N7EPZ8,0.1971139403346115,0.1551140284439924,0.8140000000000001,0.2225398840657557,0.7,0.9983130979537964,0.03240050507430266,0.21111854515422307,0.1887566820963468,0.7966666666666666,0.20453198608856596,0.6666666666666666,4.294043054580689,1.6916106638468174,0.19488453847250473,0.18257264941282947,0.7882352941176471,0.21453740368023164,0.6470588235294118,2.714710924625397,1.981085982714197
W5WC87,0.19712000722389628,0.22137676095786932,0.8272727272727273,0.22759976470234317,0.7272727272727273,0.9288575804233551,0.026565598647147446,0.150893068493287,0.17863683414129203,0.875,0.16344723919356974,0.85,2.713523051738739,0.9977249785010266,0.17141582928297308,0.16552112815610712,0.84625,0.17968288037539915,0.75,3.1587449955940246,1.7436907741467775
A0AB72XQA2,0.19804834160951698,0.20449277238354938,0.8466666666666668,0.1833999878831936,0.7333333333333333,1.0194618272781373,0.04362157001880098,0.27386773856197744,0.21035321587869107,0.7634782608695653,0.20748197817290212,0.6521739130434783,3.475280854701996,1.8482206689986587,0.2758121773763051,0.22474932188288474,0.7675,0.20035905270289137,0.6875,3.731962308883667,2.319375260152915
A0A1X0AYB7,0.19839034647206086,0.19946880041798662,0.8323076923076923,0.20509486908609828,0.7692307692307693,1.0093375444412231,0.040086442502441776,0.18350902563036514,0.22078145178352024,0.81625,0.23056655763575082,0.625,2.635754725933075,1.11123813703618,0.1388691988362322,0.1571478622239127,0.89,0.16711843533426057,0.8571428571428571,2.6892558479309083,1.6453728833908898
A0A7W8BW88,0.19852353899986105,0.15616073030371105,0.8781818181818182,0.13815789266554815,0.9090909090909091,0.9751989078521729,0.036592661270154196,0.18876740448377163,0.22157175304396223,0.8741176470588234,0.17160346985143365,0.7647058823529411,3.362143702507019,1.32768473957957,0.22981501993026685,0.20934921306346868,0.852,0.15051910177781422,0.8,2.784455962181091,1.7110304845768618
E5XUS9,0.19852731547258076,0.23232617098700448,0.7799999999999998,0.24316100165789892,0.5454545454545454,0.9023877489566803,0.030901591574613155,0.19961347414936026,0.2072906186320514,0.8164705882352942,0.19210723648894304,0.5882352941176471,2.554965810775757,1.122888867005722,0.18263426334225125,0.18513723928297704,0.78375,0.23433082917106746,0.5625,2.7057320880889892,1.8203077865433024
A0A9X2E3D3,0.1986747849896715,0.18869050993023348,0.828,0.1852997571504075,0.8,0.8192903912067413,0.02782903981596058,0.21586557204422666,0.2058512711145157,0.8042105263157894,0.2052550605690312,0.631578947368421,2.5418452978134156,0.6994990658618164,0.19549108936966342,0.18081622184254215,0.8144444444444444,0.18959671299958472,0.7222222222222222,3.175138781070709,1.4209493009494665
K0EY54,0.1986841391251227,0.19538166999975679,0.805,0.211482859825566,0.625,0.8787192416191101,0.01917746252239599,0.1768300625363367,0.18652288976892015,0.8039999999999999,0.22348154286204489,0.6,2.80665953874588,0.597582498173902,0.15688128646353708,0.14793478950108646,0.8279999999999998,0.19511364209950396,0.6666666666666666,2.3746294260025023,1.5594517285000764
A0A1E3SV84,0.19903625572006262,0.21113468140725206,0.8072727272727271,0.20489868490153898,0.6363636363636364,0.955635460615158,0.03634915969516287,0.232401694181293,0.1858112662253576,0.7511111111111111,0.2062600540011158,0.5,4.112170014381409,1.5920869418340238,0.25863576466015026,0.18741227251738665,0.725,0.20609463845524947,0.5,4.531403298377991,1.5558591889125377
A0A6G9YNU3,0.19906166359706798,0.1900907918981016,0.8249999999999998,0.18603315116756297,0.75,0.7575627207756043,0.03138751745088028,0.17133404131674534,0.18184030407459126,0.831764705882353,0.19596624241458005,0.7058823529411765,3.003645043373108,1.4538428017733582,0.1879734645987378,0.16964916324287788,0.8200000000000001,0.1882817038376273,0.6875,3.605776388645172,2.093235729001628
A0A7I7KQ88,0.19909515666776745,0.1530278003769071,0.8719999999999999,0.13181805642627265,0.9,1.0518109917640686,0.028715444995539966,0.20534960538090852,0.19159012403417713,0.8373333333333335,0.1752509312069094,0.8,3.5538642692565916,1.202668702819627,0.241941786013782,0.1292533500989686,0.822857142857143,0.14458949633005708,0.7857142857142857,3.5509349846839906,2.003513303844249
A0A829HTG5,0.1991338605848367,0.20693692537560462,0.7945454545454546,0.22836826862701937,0.6363636363636364,0.9946489477157593,0.03861367655564541,0.1818190880093461,0.16650563217492775,0.8025,0.20085753657754543,0.625,4.153318250179291,1.3101599439227323,0.2077586439110627,0.1712445062039413,0.7733333333333333,0.19258475767539054,0.6666666666666666,3.9370487213134764,1.719410164485804
A0A117IEQ2,0.19939335169427522,0.15783906850844437,0.8400000000000001,0.15773395322504283,0.8,1.1142774248123168,0.028749016137088728,0.19594760574955195,0.17479861145655473,0.82375,0.1887086047322697,0.75,3.8116152548789977,1.2617591483017134,0.25379923771191387,0.17077976752358257,0.7653333333333333,0.20854629115751627,0.5333333333333333,5.1712988758087155,1.8826297531027567
A0A1A2Z2J8,0.19990794054218763,0.2594073180988772,0.82,0.2507322609212198,0.6666666666666666,0.9490183866024018,0.03894412418230714,0.1384003228544773,0.17490679503609333,0.8705882352941177,0.1917250049123758,0.7647058823529411,3.256582946777344,1.6921293790451417,0.15279147300456802,0.16705127500338993,0.8423529411764706,0.20486808989214345,0.7058823529411765,3.795888798236847,1.6954037780432647
V5X749,0.20006649104894247,0.1874704865005081,0.8214285714285714,0.22784258798117432,0.7142857142857143,0.9955641341209411,0.03669716362709753,0.15468371915794749,0.1838864213291347,0.858,0.19898743678936112,0.75,3.1501478481292726,1.534767408272174,0.12645207970069017,0.1387515135724123,0.8849999999999999,0.16255768207008858,0.875,2.856845288276672,1.397474909998044
A0A7I7LJC3,0.20017371942737494,0.18616304566671782,0.8140000000000001,0.19556073225471415,0.7,0.9879153120517731,0.04219987236483179,0.2916953591160498,0.20808571159112504,0.7333333333333334,0.20623611064344025,0.5,3.44739018201828,1.6203637670094047,0.22949184088676183,0.1953517204647199,0.79,0.19974984355438177,0.625,2.784751150608063,1.948683555970869
A0A1A3H185,0.20019478308422503,0.22075452224098788,0.8133333333333335,0.22365648262954999,0.6666666666666666,1.038239176273346,0.026710786065601545,0.1690247568059077,0.19272911423979758,0.831764705882353,0.21166664396189108,0.6470588235294118,4.2307274794578555,1.6217446492007737,0.17554525777034055,0.19805498444882635,0.8428571428571427,0.20491909802332695,0.7857142857142857,3.6436649107933046,1.8906578903717604
A0A231H7W5,0.2003343949979108,0.2326823419845279,0.8355555555555555,0.22366200249042012,0.7777777777777778,1.023579043149948,0.03980919493526653,0.2165852302078317,0.20668132968041766,0.82,0.1923812005259076,0.6842105263157895,3.4795568585395813,1.3111431118521533,0.23774341236845495,0.2070791387216244,0.8099999999999999,0.19313207915827965,0.6875,4.521825249195099,2.131777654759541
A0A937RSP3,0.20037418405493898,0.19794225994029033,0.834,0.20843224318708464,0.7,0.9819784796237946,0.029390435667200256,0.17306552829739522,0.17664356472380624,0.852,0.17340511334252326,0.8,4.031821327209473,1.4842943426063082,0.16420441095685673,0.18187465499211505,0.8450000000000001,0.2093044035211236,0.75,4.615096671581268,1.7577191561741983
A0A100WRZ4,0.200425666059588,0.24668536766851332,0.836,0.21703455946000857,0.8,0.9663788008689881,0.04878491114836533,0.1389198581618824,0.1479734793412895,0.8566666666666668,0.18794207145347266,0.6666666666666666,3.545438346862793,1.3152698539141345,0.19523067851445952,0.18583130670887754,0.844,0.18260339536821324,0.8,4.138698883056641,1.1389987703800684
A0A7V8RYM6,0.20059182396483702,0.2224990458947966,0.8307692307692308,0.21506569795732142,0.6923076923076923,0.9279934346675873,0.039883738957594804,0.19648561897482733,0.1970650342581971,0.8284210526315788,0.1868650838353348,0.7894736842105263,3.170688211917877,1.5791199652386922,0.17737716959519267,0.21428843213840224,0.8411764705882353,0.19456988319461668,0.7058823529411765,3.089352524280548,1.8638968157347242
A0A829Q102,0.20106124937162945,0.22748840630194234,0.7872727272727272,0.23714555979171448,0.5454545454545454,0.9411807906627655,0.03535968651894084,0.1986809379774054,0.18831369316663382,0.7788888888888889,0.21181461729249337,0.6111111111111112,3.7838364171981813,1.2113121923239534,0.205022448261367,0.17516716014158185,0.7899999999999999,0.18924662669195905,0.5714285714285714,4.891760611534119,1.721555221638078
A0A4R5WK74,0.20124865521571975,0.20613483680855008,0.8215384615384613,0.20342627293619192,0.6923076923076923,0.9815755462646485,0.02919303299054351,0.1741619576385263,0.18526385083112543,0.83,0.200124960961895,0.6875,3.213176965713501,1.4297688685329364,0.2011035460488117,0.20443073421333424,0.78,0.23455358580798677,0.5384615384615384,3.381803925037384,1.9211698402491788
A0A7G8PH05,0.20132820737086557,0.18087386848498124,0.8446153846153845,0.18181204938555406,0.7692307692307693,1.0735690808296203,0.03937029805874002,0.20030764148438243,0.18489148696324254,0.808,0.19732207175072938,0.6,2.9436160588264464,1.2998853412648335,0.1858281529266395,0.18418908922741195,0.8333333333333334,0.17074997966487598,0.7222222222222222,3.769084062576294,1.7185045661384026
A0A846MH08,0.20138228317456228,0.21495687563484106,0.8160000000000001,0.21758676430334636,0.6,0.923575588464737,0.02712488379160544,0.1979704901475314,0.21116277017216514,0.7917647058823529,0.23714565626158327,0.5882352941176471,3.9516695022583006,1.5844354160026963,0.212752216144058,0.1991881431518589,0.8128571428571428,0.22007883559659028,0.7142857142857143,3.0605090379714968,1.3535920986756536
A0A7I7VZ71,0.20142123662519862,0.2198798947768744,0.772,0.22877062748526086,0.5,1.083325743675232,0.041212268783455096,0.21620460145035852,0.2488011906474312,0.7863157894736842,0.2563757630041414,0.631578947368421,3.1096865558624267,1.596983363369297,0.24252520271789343,0.2640903112099606,0.7635294117647059,0.25825070301073016,0.5882352941176471,3.2874257349967957,1.9268732249754001
A0A7I9W165,0.20170824112153987,0.20162407996477813,0.8414285714285715,0.17344645706784487,0.7857142857142857,1.005921243429184,0.045428686196768785,0.17869932369300331,0.14220247730375563,0.8366666666666667,0.180030861551877,0.7222222222222222,3.2781036639213563,1.0437170010779817,0.1674516813915482,0.14652891178305055,0.8625,0.15998046755776155,0.8125,2.772487099170685,1.408633216741884
A0A7I7RUI0,0.2019137612882302,0.2002777304058271,0.8292307692307692,0.19746320157520833,0.6923076923076923,0.968323028087616,0.04349260554374359,0.22993531429459252,0.2048401869620956,0.80625,0.19257709495160633,0.625,3.7749873661994933,1.969593931405415,0.23703604603893821,0.18834309282637018,0.76875,0.20615149162691013,0.5625,4.538979382514953,1.7758534930031966
A0A850PMX4,0.20193270560663612,0.20358719207632414,0.7833333333333333,0.22178568233519697,0.5833333333333334,1.0152914702892304,0.03350918261201386,0.1538570517847964,0.1635071430528493,0.83125,0.20530084632071052,0.6875,3.448315768241882,1.2207796422708277,0.19558593552215311,0.19397828846320608,0.8462500000000001,0.16862958666853214,0.6875,3.6268965148925782,1.3828740135805613
A0A378UBH7,0.20212177533283737,0.1928860529156646,0.8166666666666668,0.19249819623974546,0.6666666666666666,1.1055451703071595,0.051060529280121225,0.20033209551387704,0.1807766977163829,0.8022222222222222,0.20536026759374082,0.6666666666666666,3.156134407520294,0.9375216557469013,0.21326245445776998,0.1481453791185491,0.8142857142857142,0.17458989848516787,0.7857142857142857,3.375360221862793,2.065193582793269
A0A2A9FBQ2,0.2024146364637188,0.21850045440532267,0.8218181818181818,0.2134486602874621,0.6363636363636364,0.9525948178768158,0.03302707295743716,0.17812572669982785,0.15784698601836727,0.7999999999999999,0.208806130178211,0.625,3.454435176849365,1.219845865698785,0.1914465053099191,0.17756613259821857,0.8066666666666668,0.20365548250797363,0.6,5.182539553642273,1.763705174375646
J5E0P6,0.20248523093407553,0.17912111543495088,0.835,0.1887017046381228,0.75,1.0763456523418427,0.047885247569493326,0.21120460629783633,0.19065253032985965,0.8320000000000001,0.16868906307167636,0.75,3.362858831882477,1.114867513038669,0.23057690593020946,0.16301661579974375,0.804,0.1745393938341714,0.7333333333333333,2.725791449546814,1.791004749081263
A0A1E3S739,0.20252317981893297,0.20067562524005844,0.8153846153846154,0.2220400305078546,0.7692307692307693,1.0322732329368591,0.05418003570761922,0.24757952970151034,0.207348022707406,0.7694736842105263,0.2102998782243191,0.5789473684210527,3.725218644142151,1.430080015379003,0.26096628931072474,0.21657596525313041,0.76,0.2009975124224178,0.5555555555555556,4.180836095809936,2.230577039781497
A0A1I6TMF1,0.20259642691914992,0.20212615141586926,0.8044444444444445,0.23452605214730934,0.6666666666666666,0.9557590126991272,0.04177396876487594,0.24784707374883272,0.24932375494634063,0.7517647058823529,0.25850782885215423,0.5294117647058824,3.279789125919342,1.2741363050129857,0.20009242898747975,0.22001831127718308,0.7923076923076923,0.2400690236050344,0.6153846153846154,3.15523206949234,1.8222907371087989
A0A6N4URH6,0.2029344237739289,0.2578090385603313,0.82,0.2306512518934159,0.75,0.9981325960159302,0.03245815273614232,0.21742337953907093,0.271739351662302,0.8155555555555556,0.22445544527495928,0.6111111111111112,3.1632957887649535,1.5226655100303577,0.15978242587086589,0.2006981303525888,0.8773333333333333,0.1604770665512331,0.8,3.138864748477936,1.3693852700818943
A0A024JZE8,0.2030092108767506,0.16960139879112096,0.7933333333333332,0.20234184496100213,0.6666666666666666,0.8909531378746033,0.0372440365485819,0.21684190235818637,0.18776940402431297,0.7926315789473684,0.21148204117516028,0.6842105263157895,3.1987909364700315,1.5629327290269777,0.2217606959096896,0.19517689900609664,0.7946666666666665,0.19520473582597553,0.6666666666666666,3.763336515426636,2.121517303021763
A0A7I7QL20,0.2031105206744147,0.1697485794696081,0.8430769230769231,0.17591014381844172,0.7692307692307693,1.057608940601349,0.03855067723791786,0.16927390450049887,0.17726673826891193,0.8378947368421052,0.19443789286768534,0.7368421052631579,3.36118079662323,1.6678211803902696,0.17813890862031687,0.17721935445519207,0.8333333333333333,0.18699970291123164,0.7333333333333333,2.455981116294861,1.4239153187692128
A0A7K3LE40,0.2033206095036001,0.19487830511289264,0.8090909090909091,0.19528322301232803,0.7272727272727273,1.1163082504272461,0.05216660630717997,0.26432609775023996,0.2038841937651061,0.7623529411764706,0.2140788588008333,0.5882352941176471,3.865178854465485,1.3873120287664682,0.29175193940103267,0.18711723405203348,0.75,0.18627936010197158,0.5625,3.7497309112548827,1.7469018329565393
A0A9Y2N0A1,0.20344315066625046,0.16912701530248586,0.8454545454545456,0.15796223002889798,0.7272727272727273,0.9448687839508056,0.034528508721865345,0.24569052024189336,0.19530870665491068,0.7755555555555556,0.213703382758601,0.6111111111111112,3.5155214834213258,1.4577290657138282,0.24872298672963528,0.16857699561256978,0.7928571428571428,0.1731402640069841,0.6428571428571429,4.033527963161468,1.8240144475160105
A0A9N7QL79,0.20357261549276684,0.185599898656409,0.8166666666666668,0.19762478477042186,0.5833333333333334,0.9762095725536346,0.03479462775445054,0.1923401559180213,0.1809594908245527,0.8011764705882353,0.22391916485094177,0.6470588235294118,2.8730471992492674,1.292600414105724,0.1739569483003683,0.16905503347288464,0.8333333333333333,0.19399885452124593,0.7333333333333333,2.4905091667175294,1.502695313399228
A0A291RWF7,0.20373077737379489,0.20802416005881924,0.8285714285714285,0.20475968991050192,0.7142857142857143,0.9995394611358642,0.0331500748737501,0.26400584381705705,0.2136528268848093,0.772,0.21198113123577766,0.65,3.6188084959983824,1.4904245474168636,0.17408685190802464,0.14093153647920922,0.8373333333333334,0.179906148372484,0.8,3.9923247504234314,1.7956676295698555
A0A0B8NM02,0.2038025085028766,0.16609372343561607,0.826,0.19820191724602465,0.7,0.9159098422527313,0.03364047085977362,0.199700389684183,0.1558729197311833,0.815,0.18940696924875808,0.6875,3.8527857851982117,1.4757533834228185,0.12486906216319993,0.11233097033261942,0.87375,0.1703993471231624,0.8125,3.9103308582305907,1.9662867240963822
A0A4R6P566,0.2038766921273187,0.18805365221864054,0.8083333333333332,0.1975615234694133,0.75,0.9952107393741607,0.03567647283828847,0.20173088297577768,0.15887942132615088,0.7999999999999999,0.18521847195390953,0.6470588235294118,3.5138484168052675,1.3178429368047115,0.2141291616664461,0.1627169450965365,0.7785714285714286,0.19906413693140432,0.6428571428571429,3.777459001541138,1.9320875767246015
A0A373A3G8,0.2038832881602364,0.24379306281658827,0.8418181818181818,0.1827973633099172,0.7272727272727273,1.0445256626605988,0.044974145021720424,0.19775506130250964,0.21673258923022934,0.825,0.2020519735117675,0.6875,4.146864247322083,1.6184906377216082,0.14478323478326852,0.18792610361168582,0.8553846153846154,0.20458646412159126,0.7692307692307693,4.151114449501038,2.1916792231783306
A0A6G9Z057,0.20409642202631692,0.18874804106392126,0.82,0.20288823613910287,0.6363636363636364,0.9335933673381805,0.042164212334976095,0.2418737396184688,0.18326524605132138,0.76,0.1987460691435179,0.5625,3.328766875267029,1.4288541311079745,0.24239147915412937,0.18639048142661455,0.8028571428571428,0.17035377355158676,0.6428571428571429,3.1429229950904847,1.5654375288245268
A0A4U8W070,0.20415518028321814,0.22392344578630655,0.8083333333333332,0.23670774291424343,0.6666666666666666,1.0137660038471221,0.03836636079260962,0.21059198544674784,0.2236903594388645,0.83375,0.1900945488434637,0.75,3.4266630005836487,1.9936999282398409,0.24694367012314095,0.21860867051381153,0.7815384615384615,0.2044823164762158,0.6153846153846154,3.1464255237579346,2.109941830700463
A0AB73LE91,0.20497603161310263,0.19955837026983742,0.844,0.157175061635108,0.8,0.9495318973064423,0.03694440148009725,0.17699195056770084,0.2383047730649595,0.8458823529411764,0.20137932668969044,0.7058823529411765,3.925756030082703,1.3273718041714662,0.25435325841602585,0.23433163968315215,0.816923076923077,0.1479804880789052,0.7692307692307693,4.838468570709228,1.5112089496527161
A0A640UJM0,0.20527608180963447,0.20986173823940565,0.7781818181818181,0.2258647295021023,0.5454545454545454,0.9965647029876709,0.024974333868348162,0.2403844424204264,0.18954033689277275,0.7946666666666666,0.18409659300366088,0.7333333333333333,3.1427338767051696,0.7214942115763249,0.19043651468259315,0.16300913847573223,0.8046153846153847,0.1915369168921343,0.6153846153846154,4.703450198173523,1.800358165179785
A0A1Z4EBS9,0.205339074920554,0.17953288677363205,0.8557142857142856,0.15309727466615494,0.7857142857142857,1.034297970533371,0.041868416704592286,0.23809802722424808,0.18022922248044201,0.8027272727272726,0.18023171495155943,0.6818181818181818,2.884924416542053,1.4538425309069511,0.1847707878931823,0.1484971705986374,0.8326315789473684,0.17182739519533022,0.7368421052631579,2.960986201763153,2.059074413548238
A0A7W6FYK5,0.20543499231332557,0.1837073387311284,0.834,0.17867288546391139,0.7,1.012660664319992,0.030012031195165063,0.24998251050638126,0.19965070771513863,0.7647058823529412,0.22612119725437257,0.5882352941176471,3.1926215052604676,1.7066092191355355,0.22369735928408344,0.20050971867599385,0.7928571428571428,0.21482313560656527,0.6428571428571429,2.9433186864852905,1.394002221147609
D6Z860,0.20556507381067962,0.18121813389977937,0.8200000000000001,0.17977764043395383,0.7333333333333333,0.8356543385982513,0.04005412366710566,0.21862101257748842,0.17604850803466499,0.7895238095238094,0.19318079837726626,0.6190476190476191,2.622054808139801,1.109869233360498,0.18518482865277303,0.1676449017004424,0.7858823529411765,0.2057713986736512,0.5882352941176471,2.9147274780273436,1.8982109126145943
J9WML3,0.20583779339365096,0.21175593730821982,0.7836363636363636,0.2254398822211096,0.6363636363636364,1.133484604358673,0.035652778048490784,0.2329480387268706,0.2468533511838885,0.7780952380952381,0.23574843427484,0.6190476190476191,2.694584619998932,1.1051978854443438,0.19860530910056315,0.2241822874358383,0.8042857142857143,0.22793214170996112,0.6428571428571429,4.670683944225312,1.8852487502635333
A0A2U3N8I6,0.205954714549227,0.2259613482878898,0.8460000000000001,0.2068912757948,0.7,1.080806279182434,0.03754256586171495,0.2121529013094715,0.1958969838334569,0.815,0.20081085628023201,0.75,3.419097876548767,1.064322035742723,0.2331325249976572,0.1773822698993692,0.7973333333333333,0.18530935096631135,0.6666666666666666,3.1260926032066347,1.7741320040406603
A0A7I9ZAR1,0.2060823326043444,0.20224526458789033,0.7763636363636363,0.2378415334657139,0.5454545454545454,1.1326214003562927,0.042946144360932914,0.24113778111206235,0.2442828564299043,0.7621052631578947,0.24330139306431436,0.5263157894736842,3.1182096791267395,1.5914221952630172,0.2113607046411628,0.2558831863859148,0.7788235294117647,0.2543245345186569,0.5882352941176471,3.8735968542098997,2.1817162849891596
A0AAW5THR0,0.20667468726019428,0.28167678883612024,0.866,0.20120636172845033,0.7,1.0004425382614135,0.03507415605132791,0.13718846653593464,0.20417783060651176,0.8863157894736842,0.18227251218453355,0.7368421052631579,3.352644691467285,1.0267277954487635,0.14702585622927075,0.1987585241052516,0.8773333333333334,0.19689139702440586,0.8,4.0117953944206235,1.5795777256943622
A0A1X1ZUN6,0.20676918983613815,0.25274608073731397,0.8,0.23336054263123163,0.5714285714285714,0.9397395622730255,0.03511945264302972,0.19526104634746566,0.20281767749853913,0.8326315789473684,0.19651816857918622,0.7368421052631579,3.1166712737083433,1.2525170554001248,0.14927091785851027,0.21126454206642487,0.8546666666666666,0.21558808460168252,0.7333333333333333,4.301540625095368,1.9007878166708052
A0A5C7XWH5,0.20678060514475852,0.1853715597687081,0.8236363636363637,0.2017772276218921,0.7272727272727273,1.0597802793979645,0.03867606367651798,0.23238551521396728,0.21027953200481295,0.7644444444444445,0.2249499258408468,0.5555555555555556,3.4399429297447206,0.9800996331578441,0.24784105860568229,0.1903789926819478,0.7494117647058823,0.20500991620881326,0.47058823529411764,4.6148206329345705,1.717070294754518
A0A1G4WIS5,0.2071535013785672,0.20094739313340695,0.8415384615384615,0.18818346832673502,0.7692307692307693,1.0790297555923463,0.04178272151780332,0.2110897324842952,0.19937593758068328,0.8057142857142856,0.208864764371395,0.6666666666666666,3.3876054811477663,0.9862908039298508,0.19582464871428412,0.14976708967972827,0.82875,0.18920475020463942,0.75,5.303805613517762,1.777213576152517
A0A0H3MU55,0.20750435624820288,0.1418062400076885,0.8285714285714285,0.17016198764946394,0.7142857142857143,0.9678745293617248,0.041007343318238715,0.2419653146586464,0.19503776577485055,0.7529999999999999,0.2287596992479226,0.55,3.2649333310127258,1.2176842237384147,0.206530554648428,0.19504196254513526,0.8011764705882354,0.22212562298740604,0.6470588235294118,4.155218982696534,1.6552768966114795
A0A1A2YRQ4,0.20756002239217244,0.2029224459508512,0.83,0.21158134763411135,0.75,0.9447691583633423,0.036520709547245934,0.19897973385354864,0.15985497828370793,0.8094117647058825,0.18687745554508028,0.6470588235294118,3.7222977662086487,1.8429961183278032,0.2239537550599937,0.1751869927337944,0.78125,0.2013043404897172,0.625,4.220584111213684,2.1569896660036103
A0A5C5RJE3,0.2077147677529683,0.22596512753151987,0.8166666666666668,0.20877952219719464,0.6666666666666666,0.9993641376495361,0.04100128887938406,0.18985987491230832,0.16979168304575692,0.8284210526315791,0.18021224790127,0.7368421052631579,3.1767131161689757,1.354496191802415,0.16956927829853027,0.18948009078901604,0.84625,0.1818954026356906,0.75,3.1167582631111146,2.1693142420667115
A0A1X0BWL6,0.20873354021686397,0.22664185903965145,0.82,0.20346989949375807,0.6666666666666666,0.9785976076126098,0.029507071465639526,0.17899428095747383,0.16942016724099696,0.8466666666666666,0.17537261917287875,0.7619047619047619,2.875466692447662,0.934230475129911,0.13701764746371237,0.14118651634502188,0.88,0.15083103128998357,0.875,3.1981392168998717,1.2792335909297965
A0AAC9VV50,0.20873633134003278,0.24504370874885814,0.8030769230769231,0.24303797156267942,0.6153846153846154,0.9548731291294098,0.037657292763506094,0.1897084817881983,0.20375895710321665,0.8288888888888889,0.19609773325475824,0.6666666666666666,3.3380382084846496,1.640952782594283,0.17343092751215128,0.18573810907974242,0.8306666666666666,0.2229339712909532,0.7333333333333333,3.469316782951355,1.68044259983122
A0A1W9ZSJ9,0.2088577997044643,0.226137472012237,0.8015384615384615,0.23487627361086397,0.6153846153846154,1.077642059326172,0.035908496675192025,0.22516125311617471,0.18498461786972387,0.807,0.19791664912280624,0.7,3.3222771954536436,1.7763176218600043,0.34010223129165723,0.19304822039261663,0.6811111111111111,0.20259123840024082,0.3888888888888889,2.515898873806,1.9130872261802947
A0A1A0VZR1,0.20909189622156935,0.23312073512059403,0.7999999999999999,0.23468473123942912,0.6153846153846154,1.0067425310611724,0.027800494664611215,0.2061682896035953,0.2122076029773358,0.8115789473684211,0.22055583271874807,0.6842105263157895,3.2162176728248597,1.3637732686784334,0.20652258081233676,0.23174519170499347,0.818888888888889,0.21514565838284458,0.6666666666666666,3.835077805519104,1.6454422173138086
A0A1X1U6G3,0.2091792490911848,0.2538079818593593,0.8583333333333334,0.1851950923275836,0.75,0.975074098110199,0.038877008845063225,0.2509614175821167,0.15554034442709047,0.7799999999999999,0.18159784629168316,0.6666666666666666,4.09221923828125,1.9084595246052205,0.22333779898253156,0.1636390731551588,0.7835294117647059,0.18739518408246525,0.5882352941176471,4.6654118323326115,1.9681589261845138
A0A0H3MCY6,0.20924564729981082,0.2131852986758165,0.8262499999999999,0.19871068793600408,0.6875,1.0220226013660432,0.03561341870410239,0.26989464283941556,0.2250642776672563,0.7609523809523808,0.20962335297714013,0.5238095238095238,2.7466290330886842,1.3933361570513048,0.27695615479070507,0.2284614046033174,0.7458823529411766,0.21107731573523733,0.5294117647058824,3.254637591838837,2.024961595495529
A0A1X0IRY1,0.2092694207572382,0.22284711591118894,0.7907692307692309,0.23982241950953684,0.6153846153846154,1.030982209444046,0.039741087702869035,0.1549937738491964,0.19412261735087213,0.8611111111111112,0.1883816719348983,0.7222222222222222,3.0881893539428713,1.6540236078399286,0.16096399059757208,0.17940154992967425,0.8611764705882353,0.17616444032381245,0.8235294117647058,3.582235567569733,2.3320898010760134
A0A9Q7WGW0,0.20936330548643184,0.22443612272551478,0.8025,0.22055328154439235,0.75,0.9219635117053986,0.029538574509921686,0.18036824891181896,0.1642075818819547,0.8138461538461539,0.18882382760081548,0.6923076923076923,3.5660976195335388,1.1893278837259005,0.1919108914173681,0.16693258885998796,0.7999999999999999,0.18015866023353652,0.6428571428571429,4.20647714138031,1.6950261154551074
A0A1A2DP38,0.20942044356997497,0.17873033952238904,0.7769230769230769,0.19577792031493294,0.6923076923076923,0.7453042209148407,0.02008065112153019,0.21293962947080333,0.18953005001593784,0.7682352941176471,0.20523258811629672,0.5294117647058824,3.8454616355895994,1.5058978167265265,0.23051217252502085,0.158620972374627,0.7471428571428572,0.1881651467434381,0.5714285714285714,4.964709486961365,1.8676719058496556
A0A0B1ZH49,0.20946222206299706,0.20415976181517534,0.8490909090909091,0.15825494652355596,0.7272727272727273,0.8413618993759155,0.038162935515124945,0.1919847122443018,0.18022851473262147,0.8336842105263158,0.17912684498086204,0.6842105263157895,3.5982320380210875,1.4352473791590838,0.22691894152164976,0.22063939436205499,0.8063157894736842,0.19724978890831982,0.631578947368421,3.356321496963501,1.3299117633261215
A0A163Z098,0.20961632660682925,0.20354343681251277,0.8300000000000001,0.19139836293274126,0.75,1.1901252698898315,0.03954085255962217,0.1973343995151408,0.16673659302588748,0.8093333333333332,0.19083908288281926,0.6666666666666666,3.609018268585205,1.193775049825424,0.17413141540235794,0.1399211749828706,0.844,0.16398373903124255,0.7333333333333333,3.035340745449066,2.190992867396236
A0A329K2Y4,0.20971652705248262,0.1909216936915169,0.8181818181818182,0.19020649935450212,0.7272727272727273,1.0855754137039184,0.029924409961023395,0.2174366565130563,0.17776300032539166,0.796470588235294,0.2004976507555076,0.7058823529411765,3.427613260746002,1.1860742944390608,0.19900662805531472,0.1534141850780694,0.8399999999999999,0.1619523739516387,0.7857142857142857,2.6486530041694643,1.796808612794006
A0A1S1LBB7,0.20976471980789219,0.2096794308638841,0.803076923076923,0.22296548940913619,0.6153846153846154,0.9441418242454529,0.04295139892627333,0.187023342986435,0.19414988039405198,0.848421052631579,0.16874967938822522,0.7894736842105263,2.8241818523406983,1.2992820522285415,0.18097697719781944,0.20463563543162858,0.86,0.16837458240482736,0.75,2.980272281169891,1.7464053967906636
A0A1Y5PCF7,0.20982108117950057,0.22484425542643677,0.8292307692307693,0.19384615384615386,0.6923076923076923,0.9827270841598511,0.028739618303178595,0.23700110347279782,0.2353261444512449,0.7577777777777778,0.22109715198817903,0.5,3.1326226449012755,1.49211371578333,0.2538881142076316,0.19364562897343301,0.7746666666666667,0.2003286189129141,0.6666666666666666,3.1130278968811034,2.0901328715215257
A0A1X1YTK3,0.2099683185500752,0.20283814924395116,0.8138461538461539,0.18537025159802423,0.6923076923076923,1.0201324486732484,0.03488201423325601,0.18818933988842823,0.1907660586311555,0.8189473684210526,0.21299603991480823,0.631578947368421,3.616398928165436,1.9109952679150404,0.20080996402894796,0.17249514490634843,0.7952941176470588,0.2040218456313188,0.6470588235294118,2.752122709751129,1.8840169029466678
A0A1A3KJV4,0.21034605305886067,0.21670623713162954,0.8184615384615385,0.19508759980489054,0.6153846153846154,1.0904192352294921,0.040743880633848616,0.17126593476988783,0.1812083683776054,0.8311111111111111,0.1976778773911652,0.7222222222222222,3.2718368363380432,1.0053075150303417,0.15580480976411717,0.13423565090224385,0.8573333333333333,0.17479384682788146,0.8,2.856197054386139,1.9349161850682248
A0A6P1D575,0.21050393497688621,0.20143827975156153,0.8183333333333334,0.20759870477009779,0.6666666666666666,1.0139433526992798,0.05224330497567402,0.20022549796559874,0.22003953274481614,0.8187500000000001,0.2112426034208062,0.6875,3.318935978412628,1.704459143371568,0.20840220133278714,0.21152395827595824,0.8107692307692308,0.20116818598688616,0.6923076923076923,3.664243321418762,2.2570221264784007
A0AB33TCW4,0.21066274767800947,0.23983010816640232,0.8215384615384616,0.20129756595441387,0.6923076923076923,0.9415434050559998,0.03731627372925707,0.18854812461518158,0.20117573610318124,0.8336842105263159,0.18940934580164812,0.7368421052631579,2.9033980774879455,1.29484165231017,0.20451984257416458,0.22781174876882637,0.8447058823529412,0.16428517698551695,0.7058823529411765,2.6302958583831786,1.4351895659603038
W7J139,0.21112050942350422,0.23817939476009226,0.8307692307692307,0.20238810920002717,0.6153846153846154,0.9788323044776917,0.03890579037243307,0.19872816019773898,0.18317827135457113,0.8073684210526316,0.19533620424022938,0.631578947368421,2.931588089466095,1.2772191846992138,0.19113966959851356,0.21452545716395174,0.8058823529411764,0.210407414975843,0.5882352941176471,2.7541711282730104,1.9598733724247273
E5XP76,0.21143677476008774,0.2760078872924836,0.87,0.16983184961265996,0.7857142857142857,0.9303089880943298,0.035118245841747185,0.16779231031728353,0.22714810484411246,0.8378947368421052,0.2029150443793093,0.6842105263157895,2.4899215149879455,0.5504850842183929,0.18750956855706896,0.1982750620506691,0.8387499999999999,0.18213576666871337,0.75,2.7287905478477477,1.337387701581636
A0A378T271,0.2114623522407056,0.24402898938007864,0.8442857142857143,0.2081453573729627,0.7857142857142857,1.0168113839626312,0.032283550188272024,0.21860834252371847,0.23519394626144244,0.8211111111111111,0.2071469925999648,0.7222222222222222,2.6504779481887817,0.7185450427514277,0.15482307369303153,0.18273070420453516,0.8759999999999999,0.1781684596105607,0.8,3.011276030540466,1.7143751372152505
A0A6G3SLA6,0.21148956471014782,0.25556971340810547,0.8333333333333334,0.21913973218524804,0.6666666666666666,0.9498711752891541,0.03310442809809002,0.2266534938968428,0.22653324769201227,0.7855555555555556,0.2143523118145613,0.6111111111111112,3.611730468273163,1.2607064119436673,0.2817449934391668,0.2543223550148253,0.7293333333333333,0.23887142054995933,0.4666666666666667,2.848431568145752,1.437221464535921
A0A4R5PD40,0.21157729317825155,0.22393468122816476,0.8166666666666668,0.20393354037256572,0.6666666666666666,0.9315165197849273,0.040324302019478786,0.1559463662965376,0.16116408649309547,0.8677777777777779,0.17437365867442872,0.7777777777777778,2.795613081455231,0.944896029147944,0.1294770102859293,0.17477335812597533,0.895,0.15929532322073992,0.8125,3.2263236665725707,1.6011312915898486
A0A853LXB5,0.21165854744448845,0.23280442898534676,0.754,0.2506072624645982,0.5,1.1021515262126922,0.04384174077149914,0.2472109727173194,0.2515183191158814,0.76,0.2514844815181335,0.5555555555555556,3.184016981124878,1.6185871967563978,0.22581482475369674,0.2663379756982196,0.7552941176470588,0.267232387238013,0.5294117647058824,3.493066291809082,2.344389159968655
A0A4R5PF75,0.2120269512076544,0.22999889771048734,0.8088888888888888,0.23402015318934696,0.6666666666666666,0.9731319260597229,0.03951261101285266,0.1949774750158151,0.17609417162009317,0.8053333333333332,0.20506475941895902,0.6666666666666666,3.7963598728179933,1.0520286579859806,0.19383548516906335,0.16177628098670543,0.7999999999999999,0.20033305601755624,0.5833333333333334,3.1220152831077574,1.4898839968394242
A0A5N0UWA7,0.21234246843979193,0.19441502965788926,0.7933333333333334,0.20997354330698165,0.5555555555555556,0.9574017453193665,0.043950637445425766,0.22758953249311697,0.21414591617408973,0.7631578947368421,0.2447996523814815,0.5789473684210527,3.690066890716553,1.068291750513008,0.24012823605969671,0.15040608781688408,0.7557142857142856,0.21423332692965147,0.6428571428571429,4.2869700026512145,2.1066538909060752
A0AA37PJ36,0.21239293861481062,0.17170250302758422,0.8171428571428571,0.167648806882064,0.7142857142857143,0.906157945394516,0.032927535313626674,0.2076158070195866,0.16862480181644007,0.7736842105263159,0.207547344663834,0.5789473684210527,3.1347699856758116,1.4796410923247292,0.21382570820688213,0.16736798403464712,0.7771428571428572,0.19883333190778402,0.6428571428571429,3.9724573707580566,1.9943139940021906
A0A7I7SCY4,0.21241675527241707,0.20673354084015438,0.8583333333333334,0.15501792011104895,0.75,0.9938008892536163,0.046781382613504896,0.19279323780739888,0.18505981848193656,0.82375,0.1941930418423894,0.6875,3.423768653869629,1.1304192896577514,0.19835447811994603,0.1493925109981339,0.8557142857142856,0.15678530751655662,0.7857142857142857,3.2085247230529785,1.8890413611728847
A0A7I7YUU0,0.21251774721321845,0.22359887353780308,0.8166666666666668,0.23048258550750034,0.6666666666666666,1.0643652510643005,0.034796564762007695,0.17098620398491582,0.1649198313363006,0.8377777777777777,0.20362153224809432,0.7222222222222222,3.6019263243675232,1.2407246439633248,0.230052604245096,0.1312933534607713,0.79125,0.1714597255917552,0.6875,4.24511766910553,1.6976647365280644
A0A1A2SQA4,0.21277242314134126,0.23721777845159292,0.7933333333333333,0.2528943565118754,0.6666666666666666,0.9686286342144013,0.03843446144204153,0.18576634206198445,0.1898296076627263,0.83,0.20851325564044548,0.7222222222222222,3.3432498240470885,1.4925114517632565,0.1695000444764512,0.2225653450148073,0.8276923076923077,0.2405811504271031,0.6923076923076923,3.7416973066329957,1.8347789954007616
A0A4R8SIE9,0.2128137831420493,0.2429910081292675,0.8261538461538461,0.20849417854033023,0.6923076923076923,0.8847807335853577,0.035208673547907875,0.17093907977167022,0.18865364037261084,0.8578947368421053,0.1791082867802375,0.7368421052631579,2.5499652338027956,1.1077160053125947,0.22219109410838123,0.22844130026977694,0.8222222222222223,0.18677245679511728,0.6666666666666666,2.8188375854492187,1.7065756420046192
A0A1A2SD60,0.2128878346714398,0.23127323790039236,0.756,0.24605690398767519,0.5,1.1219404172897338,0.04456464026443918,0.2248379379705559,0.2552798040780934,0.78,0.24340718728815183,0.5882352941176471,2.918191394805908,1.3698479345175316,0.24158248610966399,0.24380544561973624,0.7575,0.2622856267506857,0.5625,4.853854193687439,2.0432963982830565
A0A4Q9HZT3,0.21288870075498895,0.24472234141307658,0.8430769230769232,0.18808282199338164,0.7692307692307693,0.9186195576190949,0.0231275088030888,0.25593804926180824,0.239028561111337,0.7655555555555557,0.2124780308178869,0.5555555555555556,3.100874989032745,1.1586952475243628,0.23546370048317863,0.2518800233564186,0.7885714285714285,0.2169548057893672,0.5714285714285714,3.7468283557891846,1.5270778579905926
A0AA37PJQ2,0.21313740256324598,0.25325263871398207,0.7799999999999999,0.26204325342711393,0.5833333333333334,0.9165519011020661,0.03547373051130694,0.1823062806350231,0.18227071902371675,0.8529411764705882,0.17662738132551825,0.7647058823529411,3.086721351146698,1.4925495774672997,0.17073245874967324,0.18203595295701563,0.8152941176470588,0.21513655436541101,0.6470588235294118,3.397353172302246,1.3616694166817611
A0A3E1HFK0,0.21325474651611154,0.18087264189872185,0.8383333333333333,0.18769804355814568,0.8333333333333334,1.126222062110901,0.03815153708651214,0.2680070046950282,0.21817730265357946,0.7423529411764707,0.2193983594706403,0.5294117647058824,3.279348316192627,1.413837407629931,0.2686905946998506,0.17403255630463235,0.7813333333333332,0.1710308614126572,0.6666666666666666,2.971825497150421,1.8135974909955408
A0A1A3P195,0.2133044553806164,0.19331433096488324,0.82,0.17454703282114728,0.75,0.9711332309246063,0.02615529885021555,0.19603010439781746,0.19375950401021377,0.8073684210526316,0.2193013333115961,0.7368421052631579,2.7800799083709715,1.2689684486864088,0.22252274208581235,0.181185585785117,0.7599999999999999,0.20271836828986478,0.5263157894736842,2.296563467979431,1.8198235332250072
A0A1J0VT15,0.21346803136890038,0.20420718995466633,0.8099999999999999,0.20081974860200236,0.6428571428571429,0.9480334603786469,0.03681842757856804,0.23368102364645363,0.20794928518819633,0.7747368421052631,0.19892787428858494,0.5789473684210527,2.808718922138214,0.8081201291166058,0.19257076324349634,0.18797687905606641,0.8119999999999998,0.2016994463717406,0.6666666666666666,3.4647185683250425,1.5158070828472519
A0A1S1MVI3,0.21362222399291986,0.20946473148523695,0.8133333333333335,0.21044925490219463,0.5833333333333334,1.0017084872722626,0.04715113467331686,0.19115903737180812,0.18017586661004445,0.8175,0.20855155237974135,0.6875,3.160241541862488,0.9914281644392356,0.2015786333601388,0.1621027230479171,0.8342857142857143,0.19411757430243462,0.7142857142857143,2.8830643105506897,1.7220893914077768
A0A1X1RMT2,0.21371251881917036,0.22275841622761228,0.8129411764705883,0.2072726168992493,0.7058823529411765,1.1360005021095276,0.04126499838913963,0.18752572126510558,0.2120495732340878,0.8371428571428571,0.2157852295828481,0.7619047619047619,2.5955934262275697,0.7207507284316391,0.1698341808304867,0.2185183988319151,0.828,0.23241342474134322,0.7333333333333333,3.2425189745426177,2.1560577921796327
A0AAX1J9Y8,0.21411138615736852,0.24632544962589012,0.803076923076923,0.23002958389619285,0.6923076923076923,0.9144775128364563,0.04013676340103921,0.19505903737531222,0.2091866824936388,0.8140000000000001,0.20060907257649144,0.65,2.8536493444442748,1.323675890150627,0.26038384543484017,0.2002469011083118,0.7722222222222221,0.1858480728251964,0.5,2.704514148235321,1.8399751602093093
A0A1X2LPX9,0.21432226869816923,0.21303394366830847,0.8093333333333333,0.19891259945569614,0.6666666666666666,1.0635444295406342,0.0420500163039217,0.2692257518066803,0.23347340238369574,0.7510000000000001,0.20243270486756829,0.5,3.043415811061859,1.5771337340095783,0.2544011741672158,0.20224694038407937,0.77,0.20245712852080283,0.6111111111111112,2.2244121158123016,1.9359670009634704
A0A7R7MY24,0.21467457844331642,0.19517491883882943,0.8338461538461538,0.16518234500270212,0.7692307692307693,1.0194789385795593,0.02464411194844897,0.2704541151504889,0.18369084368305266,0.7599999999999999,0.19133615395299397,0.6190476190476191,3.0597400569915774,1.0095312192474015,0.1526932509875345,0.1645819584441835,0.8733333333333333,0.1632448740049405,0.8666666666666667,3.225330333709717,1.5062109370067065
A0A100W5H8,0.21510283327039084,0.20160462811699134,0.8307692307692308,0.19668254540919242,0.7692307692307693,0.9927730417251587,0.038803341364180746,0.24104197374631361,0.22307687092471853,0.7955555555555556,0.20161079728091677,0.6111111111111112,3.361033093929291,1.2998316029968262,0.1351681098939671,0.15404407640066067,0.8615384615384615,0.1957174633081754,0.7692307692307693,2.544965138435364,1.6377590639277217
A0A1A3NWI0,0.21517280637840355,0.17047705530800045,0.8123076923076924,0.21188363446999162,0.6923076923076923,1.0709338688850403,0.03105562097317522,0.2299675106426487,0.19169270571470823,0.7779999999999999,0.21409343754538576,0.6,3.6426937770843506,1.1918062876176876,0.18790031570657872,0.19473388776879447,0.8226666666666667,0.19729729400633506,0.7333333333333333,3.970752773284912,1.7752132293387781
A0A5Q5BJ80,0.2154572137516576,0.19945864237828959,0.8123076923076924,0.21958540816568375,0.6923076923076923,1.0075797879695891,0.034163792648191416,0.22172695176420423,0.24682484997626716,0.8126315789473685,0.22178325372838462,0.6842105263157895,3.0762959027290346,1.4025532526100926,0.1955354704399803,0.24501836546358247,0.84,0.19272482233188631,0.7142857142857143,3.087442045211792,1.4190624423971354
A0A4V3I141,0.2156356122344126,0.2530045901917773,0.8200000000000001,0.2207778456794457,0.6428571428571429,0.8721327519416809,0.03602138904127903,0.16643257369848014,0.18377642833870259,0.8494736842105264,0.18911076353932527,0.7368421052631579,2.693753232955933,1.0145432389197147,0.18813053123366755,0.22719020802074116,0.85875,0.17384889272008608,0.75,3.3017551279067994,1.7078003294808604
A0A7U9L3B0,0.21576364985977436,0.23914477514373128,0.8050000000000002,0.21402881425951348,0.5833333333333334,0.9280633556842804,0.03363559996694205,0.1917238657629927,0.17120406184922696,0.8294117647058823,0.18888124461543035,0.7058823529411765,3.2475093030929565,1.2099875983332204,0.23378764283969444,0.2039394498125437,0.7744444444444443,0.20750427632065327,0.5555555555555556,4.575083842277527,1.5628425799888939
A0A7K0DM07,0.21587364877585918,0.2037798277278779,0.82,0.20234983208654894,0.7272727272727273,0.9508965742588044,0.029660191320630896,0.19310943586032378,0.2077118508643239,0.8277777777777778,0.20277397256703653,0.6666666666666666,3.7510627126693725,1.479316510292458,0.13437979354269547,0.12841515294166467,0.8707692307692307,0.17761070387276073,0.7692307692307693,2.7775241804122923,1.782444648816295
A0A2K4Y436,0.21594854033159297,0.23119046443170607,0.86,0.1693123346560039,0.75,0.9833161318302155,0.04423410346089774,0.20176388545515747,0.1376163863508141,0.808235294117647,0.18471712217581102,0.7058823529411765,4.518576419353485,2.162935407133583,0.16504321596523688,0.16109751180172363,0.8333333333333334,0.20011108026404845,0.7222222222222222,3.149403612613678,1.8745310662884611
A0A1X0XYW4,0.21611711043844853,0.18202209767964891,0.835,0.18277946638868747,0.75,0.9384475243091583,0.04263578970109565,0.23804173933262285,0.15769063016983165,0.7757894736842106,0.18267935064575463,0.631578947368421,3.145733413696289,1.3331845760630219,0.26297747918095893,0.19322120718415675,0.7275,0.20950835305543308,0.5,4.84713234424591,1.9058082638751799
A0A2S6AAE1,0.21619938046627038,0.2293967410935794,0.8280000000000001,0.21912553479683738,0.7,1.0614198410511018,0.03971278767187406,0.2523918865501569,0.20413374332128456,0.7663157894736843,0.22318768420831706,0.631578947368421,2.965616748332977,1.334243788538072,0.20117949898493043,0.2008270085300348,0.8225,0.20370014727535177,0.75,3.2869692254066467,2.1586492200516054
A0A640SQP3,0.2163632845765835,0.21277662284375967,0.8042857142857144,0.20635317456501903,0.6428571428571429,0.9925541353225708,0.030984433982327364,0.24124205014998484,0.16971955452605217,0.7633333333333334,0.18610033136277143,0.5555555555555556,3.615892424583435,1.4839431655756183,0.22372640706268176,0.1583206969407013,0.8146666666666668,0.1727374372341509,0.6666666666666666,5.069013161659241,1.522601488687468
A0A939FJS2,0.21647462646723234,0.16942376141954796,0.8127272727272729,0.17751265814485706,0.7272727272727273,0.9774456441402435,0.026906828519563972,0.261992010332648,0.18966212573923164,0.7555555555555555,0.1828849736316434,0.5555555555555556,3.777487120628357,1.3618537972012885,0.2345521178420371,0.18449175160537765,0.7625,0.20553284409067082,0.5,4.129773869514465,1.378407161011482
A0A1W9YPH5,0.21667585185963195,0.19513414520182457,0.8200000000000001,0.22695306190420148,0.6923076923076923,0.9973717415332795,0.03581755946784888,0.18750253012037793,0.185634024470206,0.8242105263157895,0.21477811780811534,0.7368421052631579,2.764558000564575,0.9478565495909765,0.13308149016724424,0.15195504684943614,0.8666666666666667,0.18728469119379604,0.8,3.4019622230529785,1.4117530771853026
A0AB33ADN5,0.21673682922970505,0.23738124416384215,0.8,0.23055488621054107,0.5555555555555556,0.9836490905284881,0.03611391552587411,0.17980514817053078,0.1834573199982814,0.8142857142857143,0.20638778638123656,0.7142857142857143,3.6270614743232725,1.0809820032690136,0.216871749012411,0.21926901848411795,0.785,0.2163523360940051,0.5833333333333334,4.3122287321090695,1.551514671923938
A8M8D3,0.21678146864189854,0.1926490184323359,0.8309090909090909,0.1636767626898458,0.8181818181818182,0.9138243627548218,0.026629626292136693,0.2169135850751252,0.2093356807702176,0.78125,0.20241896526758552,0.5625,4.785565648078919,1.7327750603829177,0.23863388218783294,0.21159775350929336,0.7694117647058822,0.1957330291113922,0.5882352941176471,2.7885120725631714,1.6096575705299736
A0AA94UBA0,0.2168128296996901,0.21487210633234238,0.8183333333333334,0.2023953776371607,0.6666666666666666,1.013059686422348,0.027019120777367435,0.1586080509240143,0.20090108792658384,0.8477777777777777,0.1954071406507038,0.6666666666666666,3.3485834980010987,1.286519475822946,0.17870838191874003,0.1982762977866303,0.8307692307692307,0.20465586644081094,0.6923076923076923,2.956536822319031,1.5673469202310821
A0A1E8QAA5,0.21687418760493382,0.19114800247578917,0.826,0.18265815065307103,0.7,1.0059817349910736,0.03502061900253361,0.2607218570491442,0.18163962946804987,0.776,0.19468949637820732,0.65,3.8925245070457457,1.6370111429533454,0.27351003550201447,0.23211282007546866,0.75625,0.21038283556412105,0.5,4.187945942878724,1.864702297654401
A0A6A0AQ11,0.21701224643098202,0.18923068636722226,0.82,0.19484259381263727,0.7272727272727273,1.0022732043266296,0.03098699768357463,0.2038950602481376,0.20770982144176553,0.8258823529411764,0.1947263184583584,0.7058823529411765,3.487968544960022,1.3161879588286456,0.13994319306124403,0.21554694693573054,0.888,0.17508854902591434,0.8,3.3848138999938966,1.7260360735612552
A0A7X5R533,0.21717282543427163,0.1952814490788237,0.8230769230769232,0.18610933987990108,0.6923076923076923,1.0818729066848756,0.0491344524923142,0.2092187849038944,0.17396725408499183,0.8019999999999999,0.20716177253537874,0.65,2.888592700958252,1.2029471106681222,0.22709442279895717,0.15809218617339674,0.7929411764705883,0.18187793922047418,0.6470588235294118,3.5588191318511964,1.5841999003026188
A0A172UHW8,0.21741058237901736,0.1744426275892243,0.8285714285714286,0.1807467503306824,0.7142857142857143,0.9982356750965118,0.033478190345950586,0.1826523257640243,0.1971216574989961,0.8379999999999999,0.19838346705307877,0.75,3.0005144381523134,1.5212185728018577,0.1753686932866623,0.1763611555973254,0.8223529411764705,0.20521235519978714,0.7058823529411765,3.3132807493209837,1.8116484426473667
A0A1Q4HPF1,0.21751181195793196,0.16788104905684018,0.8230769230769232,0.17988819670453496,0.6923076923076923,1.0043184530735016,0.023425865904469313,0.24174419996253374,0.18513866581182958,0.779,0.18563135511006756,0.7,2.875828814506531,1.2181084500520536,0.25040385147320476,0.19542372886772258,0.7611111111111112,0.19927337138516493,0.5555555555555556,2.572189350128174,0.6779634346119456
A0A1Q9W8K3,0.21760353135203636,0.27283373946353007,0.8480000000000001,0.2092271492899523,0.7,1.0593516767024993,0.0313952780340228,0.2432115039769909,0.23707120049974087,0.8,0.21554938752299546,0.6153846153846154,3.580917239189148,1.4698741887609441,0.14730523603887885,0.16208506574898762,0.875,0.17684739183827394,0.8125,3.5292926454544067,1.8611308310636654
A0A6G9XS88,0.217608815130063,0.17825406480688794,0.8292307692307692,0.18307045883868941,0.7692307692307693,1.0344822800159454,0.041784995695378635,0.18851823242814633,0.188936092789941,0.825,0.18685555918944452,0.65,3.106572997570038,1.697376726228578,0.2259879223159006,0.17288533485114763,0.7894117647058824,0.20717910944640017,0.6470588235294118,3.041151466369629,1.6705982495355354
A0A1X1YHA8,0.21796687609979062,0.2020279420843449,0.7909090909090909,0.21275058147360107,0.6363636363636364,1.135571403503418,0.05041428028655999,0.18240433966879166,0.16169692303035657,0.80625,0.19502804285538014,0.625,3.5180782794952394,1.5411741199868565,0.1689548850112297,0.14878316406644826,0.8185714285714285,0.18965597210502505,0.7142857142857143,3.1221759057044984,1.809027280071304
A0A7G8PH04,0.21799877147533334,0.19563908983925626,0.8257142857142858,0.20162604302145543,0.7857142857142857,1.042004064321518,0.04105399730453581,0.19484706393270954,0.20749654327662684,0.8273684210526315,0.19196606348280906,0.7368421052631579,2.6455262303352356,1.2382166084115296,0.15839991506079754,0.16479651861752317,0.8614285714285713,0.17179128295102514,0.7857142857142857,2.676098396778107,1.4420419490248526
I7GER2,0.21829357260980942,0.2175656621967121,0.8246153846153845,0.18062350918694364,0.7692307692307693,0.8222775316238403,0.02687882740487532,0.24531617063021588,0.1837982623875963,0.7715789473684209,0.19164833908118323,0.5789473684210527,3.5844903659820555,1.1588340674885813,0.2139094013625107,0.16101842867083502,0.7866666666666667,0.1864284193881275,0.5833333333333334,4.551465930938721,1.6205765672562875
A0AB73N8J1,0.2184591879564289,0.24368335327824997,0.8328571428571427,0.19012884997242457,0.7142857142857143,0.8836034286022186,0.028876190829469964,0.18531894561098072,0.19005546717516794,0.8252631578947368,0.20176506455340137,0.6842105263157895,2.746610360145569,1.2777258606337956,0.21817703237204444,0.2052820997254453,0.81,0.18774983355518587,0.625,2.79216906785965,1.4794986797253213
A0A0U1E1C0,0.21860007837256737,0.2146812283607441,0.8450000000000001,0.20184565060131138,0.8333333333333334,0.9723893213272095,0.04728987481703208,0.19476520178407455,0.2583649726124648,0.8442105263157894,0.20412369287875384,0.6842105263157895,3.4815779733657837,1.4367058700934212,0.21295388789908978,0.256502666157042,0.8533333333333334,0.19025129580519434,0.8,2.763524396419525,1.092184413007881
A0A1I5LZY6,0.21885936189465027,0.17409701772428762,0.8123076923076922,0.16390212117432706,0.6923076923076923,0.9663552081584931,0.03612461565527679,0.23461424919719487,0.19053682682133538,0.7999999999999999,0.18220867158288598,0.7777777777777778,2.7289170265197753,1.4503450348766689,0.19850103105373182,0.1259971696924465,0.80875,0.1617047850250573,0.6875,2.95387335062027,1.734943566896446
A0A7X6MKH2,0.21890177555275708,0.18937057125720455,0.7914285714285716,0.20237366933674036,0.7142857142857143,1.108414499759674,0.03842337142143625,0.24096146988917205,0.1906483752584557,0.7788888888888889,0.21524892279737914,0.6111111111111112,3.0063724613189695,0.9719347692101588,0.20787876339070502,0.14959570692037485,0.8099999999999999,0.1871210456209715,0.6428571428571429,3.3756838822364807,2.133829683828238
A0AAD1MYY6,0.21915031147893138,0.22195040106166067,0.8345454545454545,0.2238653668599474,0.8181818181818182,1.007739043235779,0.04238409665327171,0.16691612456041588,0.16442648091121403,0.8612500000000001,0.16423592024889072,0.8125,3.313008291721344,0.9749404296835975,0.14640645700359564,0.1456419211740851,0.8285714285714285,0.1967905755168293,0.7142857142857143,3.2611634302139283,1.5111554071063062
A0A1X2EPB4,0.21917615054833262,0.1730498819722803,0.8472727272727273,0.1645429432254366,0.8181818181818182,1.0571835553646087,0.04873312871857495,0.2220387013633946,0.20325775435655008,0.8258823529411765,0.17872288189292027,0.7058823529411765,3.5247456502914427,1.0495805446266526,0.217083056465637,0.1871261392357623,0.8133333333333334,0.18120583753167432,0.6666666666666666,3.205470917224884,1.7562654485743914
H6R914,0.21938190065512359,0.21520055362776563,0.8228571428571428,0.1999795907953956,0.6428571428571429,1.0135878908634186,0.037866743575558255,0.1973802534024091,0.18949316383320844,0.8188888888888888,0.2103406995247073,0.6666666666666666,2.8180031204223632,1.4979997538536742,0.22446201815641778,0.20255413559135824,0.785,0.2056088519495209,0.5833333333333334,3.9983123922348023,2.22135276878135
A0A1X2FK51,0.21939882630595378,0.18041933065810295,0.8272727272727274,0.18375333808178382,0.7272727272727273,1.109169692993164,0.04222720114861905,0.1999075082475664,0.18929770262064924,0.8222222222222222,0.20307512445604828,0.7222222222222222,3.337970769405365,1.1973221977119326,0.16252799861920184,0.1494319049274871,0.8666666666666667,0.17688665548562132,0.8,3.007687849998474,1.6907467550163793
A0A100WL29,0.2197531062787175,0.17889693897836056,0.8338461538461538,0.18151238404618616,0.7692307692307693,1.04713116645813,0.040473124655089295,0.21528495475840914,0.22697766213388845,0.7944444444444444,0.22028320716301705,0.6111111111111112,3.007467529773712,1.595935446627915,0.2073039199173965,0.19209056315734993,0.8225,0.18136634197116067,0.75,2.456666581630707,1.4621115256251467
Q6RKB1,0.21990403606481443,0.18661719355537737,0.8127272727272729,0.19822351521318318,0.6363636363636364,0.837135454416275,0.020815271681209946,0.17436166777482037,0.16324538293635707,0.8211764705882354,0.18830145895974038,0.7058823529411765,3.1059242248535157,1.4271845148984936,0.19050447398585596,0.17391861111396847,0.7862500000000001,0.2161849613178493,0.5625,3.9437832903862,1.9580013511496774
A0A117I9B3,0.22002735636569945,0.24605343016602715,0.8083333333333332,0.246773625459088,0.6666666666666666,1.066595447063446,0.0358440461864142,0.20723894154740538,0.22618353091513585,0.82375,0.21345008198639792,0.6875,2.9666463494300843,1.1217851852633647,0.26096311661233473,0.22659986394387874,0.7683333333333334,0.2448752516872395,0.5833333333333334,3.696742262840271,1.5592894116251539
A0A7I7RRZ6,0.22009499590612455,0.21855756349726516,0.7833333333333333,0.2263968982904924,0.5833333333333334,0.9426022469997406,0.04085327531330667,0.29327415043903954,0.23616805039844144,0.7336842105263157,0.20976705190873515,0.5263157894736842,3.3294443106651306,1.4662323888981683,0.29504163939184497,0.24349393019586257,0.7373333333333334,0.19167565196329855,0.4666666666666667,4.437759318351746,2.183724305306409
K0V6S4,0.22015265986404736,0.20283049559728789,0.8181818181818182,0.19267580787983934,0.7272727272727273,1.0935616612434387,0.038282449788697166,0.22318857816650187,0.17813836455431054,0.8,0.1986621923433512,0.6666666666666666,3.8485163688659667,1.3337620151841203,0.21495732200263726,0.18080545396536377,0.788,0.21150886506243657,0.6666666666666666,3.7452082729339597,2.104756747598861
A0AB73U2P7,0.22030622420901363,0.2827991281819293,0.8219999999999998,0.21212260605602598,0.6,0.9544766461849212,0.03420056871501657,0.16195882957603905,0.2398493314890343,0.8488888888888888,0.21625316667916203,0.7222222222222222,3.9774479699134826,1.5858443014726569,0.23388746523413634,0.26439782823667807,0.8276923076923075,0.20777776019857394,0.7692307692307693,5.094884378910065,2.046779826542671
A0A6S6P6D8,0.220408722790051,0.20828185233595015,0.8133333333333335,0.22365648262955,0.75,1.0404623675346374,0.038204913292742136,0.16834416710291294,0.1817300995016528,0.8399999999999999,0.20047003590092372,0.7058823529411765,3.5451598286628725,1.554945090561139,0.12332803874961942,0.13592920220346796,0.8812500000000001,0.17153261351708018,0.75,2.8277399015426634,1.5816730751817472
A0A1X0XWA4,0.22041693152932512,0.18258067924553517,0.829090909090909,0.18456112786108395,0.7272727272727273,1.0890474104881287,0.03673801446590433,0.21593722084360387,0.1710042956944311,0.8047058823529412,0.19911916760215323,0.7058823529411765,3.754960131645203,1.3327344238473602,0.18783788352704558,0.1390075878867776,0.8385714285714284,0.1724552589123643,0.7142857142857143,2.788178780078888,1.7467468134636737
A0A0E4CLA0,0.22053110672423892,0.22683763695982612,0.8466666666666667,0.17801373230424916,0.75,0.929612580537796,0.0390110930321805,0.2432275099247632,0.18442477537591803,0.8023529411764706,0.1702430584838563,0.7058823529411765,3.4320679092407227,1.8556898321431443,0.19218215398775798,0.16225730122983648,0.8058823529411764,0.2077062072065029,0.6470588235294118,4.104748539924621,2.1383198593740786
A0AAV2WH99,0.22074768899186833,0.18028864219928775,0.8085714285714286,0.22138709288926303,0.7142857142857143,0.9784988987445832,0.03196069506206584,0.1803302896627197,0.17549895678781852,0.843,0.1868983681041651,0.75,2.798072702884674,1.1923669546400264,0.13465412359014903,0.1521457715467356,0.8614285714285714,0.19323771973020848,0.7857142857142857,2.449546129703522,0.9559862072537555
A0AAD1HL52,0.22081299055166223,0.2153157634197471,0.8283333333333333,0.19789868339352057,0.75,0.9481236255168914,0.03528396006562687,0.19138206192683282,0.2053531850386675,0.82,0.21612753436596435,0.7222222222222222,3.226469180583954,1.5580676606362567,0.21283221914216524,0.21056037603503408,0.7999999999999999,0.21908902300206642,0.7142857142857143,3.074461350440979,1.6784794698532746
A0AB38D5A4,0.22098731375280012,0.22754639569651433,0.8066666666666666,0.2117125934426722,0.6666666666666666,0.9563274717330933,0.03911369355035141,0.19016696142228237,0.19105262384113325,0.8242105263157895,0.19762579709812775,0.6842105263157895,3.033491597175598,1.4638632700667105,0.18979369082183362,0.19450449658947214,0.82875,0.18774567238687553,0.6875,2.6851095175743103,1.5483767806424538
A0A1E3SN70,0.22110720044415622,0.18719074729429716,0.8316666666666667,0.19671609548336969,0.8333333333333334,1.077232528924942,0.04197461599963463,0.22326287206826978,0.20865300351855712,0.7955555555555556,0.20172099054062606,0.6666666666666666,3.8789571714401245,1.261253513644854,0.2736967007426627,0.21581431889666824,0.731111111111111,0.2368517794573196,0.5,4.239557356834411,1.7995771736992257
A0A1E8Q6I1,0.22147308761307696,0.19101705701075708,0.8046153846153845,0.20548686593309537,0.6153846153846154,1.0880334281921387,0.037073193496844535,0.19605362820460623,0.20647987161733736,0.82,0.2013637713717456,0.7368421052631579,2.808708517551422,1.331834082509341,0.11950240252359609,0.1333238958471557,0.8646153846153847,0.1846666595461373,0.7692307692307693,2.6353326845169067,1.8987342065906978
A0A1X0DT32,0.22220524433246341,0.1663677489505218,0.7984615384615383,0.21070745866270293,0.6153846153846154,1.0351397788524628,0.053937446681707,0.2242412547596337,0.2258322728682666,0.791578947368421,0.2113929530741701,0.5263157894736842,3.9601808071136473,1.4264275007348974,0.2810808826366805,0.19646328718673298,0.7324999999999999,0.22437412952477387,0.5625,4.220875294208526,2.090319950238137
A0A544W3Y3,0.22228263863182243,0.16881556457680966,0.8071428571428572,0.2000867158947615,0.6428571428571429,0.990573216676712,0.030279100475518104,0.18138359173090443,0.18657622755290026,0.8231578947368421,0.19854875131362432,0.631578947368421,2.8519856238365175,1.2435244871208213,0.17078550665294,0.15973162068994184,0.8275,0.19479155525843517,0.6875,3.402479124069214,1.6763814622611057
L7KHK1,0.22248689424679002,0.1800513731875565,0.7983333333333333,0.19467208896557878,0.5833333333333334,1.0030240893363953,0.03271080209348606,0.2634048619781094,0.2547202978844563,0.7442105263157895,0.23455031531744414,0.47368421052631576,3.2125506138801576,1.649148183766707,0.22333844031644903,0.20952801157633397,0.7928571428571428,0.2177294707865235,0.5714285714285714,2.9018277978897093,2.0053898880854186
A0A829QKT7,0.22257076211363924,0.22640823307511754,0.8233333333333333,0.20877952219719464,0.6666666666666666,0.9232849645614624,0.03186293378319588,0.21339867330947895,0.21859211022628067,0.8115789473684211,0.18630092120276065,0.5789473684210527,2.8684956645965576,1.297201578858648,0.16165554556487763,0.22517795739703703,0.8512500000000001,0.19273929931386594,0.625,3.0369700145721437,1.7616549695636874
K0V789,0.22332034146323224,0.27686356980597254,0.8366666666666666,0.22073110841524404,0.75,1.01946848154068,0.0441868724269849,0.2010891607475368,0.20420376732748355,0.8462500000000001,0.18516462270099004,0.8125,3.498746039867401,1.3378602134251014,0.12761800462654022,0.12414444772430794,0.9000000000000001,0.1514375558880073,0.8666666666666667,2.712945122718811,1.5906923762979617
A0A7I7Q4Z2,0.22342402036614073,0.18665709447559398,0.82,0.1924010961979734,0.6363636363636364,1.1161368918418884,0.04258640601734096,0.18307119954076928,0.18192307697129725,0.8013333333333335,0.20790596164826272,0.6,2.994994566440582,1.0426429983120915,0.14163924869912212,0.113637856882323,0.8733333333333333,0.1479939938721238,0.8,2.826538977622986,1.857510425711195
A0A7I7WCE0,0.22354872501132536,0.1873053465415336,0.8216666666666667,0.17539637649874326,0.6666666666666666,1.0706340992450714,0.02970390938062268,0.2078150558912129,0.1897601652157757,0.8047058823529412,0.20517188338099301,0.6470588235294118,3.5919799041748046,1.1683536866945352,0.21962061215252707,0.16603115915218902,0.8042857142857143,0.19126325484279832,0.6428571428571429,3.20875253200531,1.949299133723129
A0A9X8QWT3,0.2236171165047356,0.2146442346451989,0.7879999999999999,0.2324134247413432,0.6,0.9238082599639893,0.03546104611135777,0.22122265810412953,0.2004733108610725,0.7741176470588236,0.2300654337492453,0.5882352941176471,3.3842106795310976,1.2621264520705222,0.16627982204995953,0.15659177612518474,0.8266666666666667,0.20055478608655097,0.6666666666666666,3.747186818122864,1.7360208625705276
A0A1T7HTT5,0.2240118285096819,0.2262738020189447,0.7911111111111111,0.24946362212842194,0.6666666666666666,0.9879028046131134,0.03512517826364213,0.1900539740863338,0.18930701521981996,0.8199999999999998,0.18957442216306905,0.7692307692307693,3.6276870703697206,1.0723514666070866,0.2130418873480754,0.19095215500593518,0.775,0.21588963229699876,0.5833333333333334,3.1446989965438843,1.4153370200017443
A0A9X2VIG8,0.22433121024900596,0.23838088120763648,0.8781818181818182,0.12719478132649237,0.8181818181818182,0.9117474162578583,0.023967005545125222,0.19209848990801281,0.21622877565227927,0.8525,0.18746666370317683,0.75,4.534991455078125,1.3100524251081507,0.1972934672455282,0.22518798901627848,0.8637499999999999,0.1945788721829788,0.8125,2.72310507774353,1.6299983693509033
A0A0H5NNV9,0.22454875391742854,0.22804278477237688,0.804,0.2244638055455712,0.6,0.9495317959785461,0.028881045406661896,0.2848617819222142,0.23688285871105078,0.7682352941176471,0.21222172905651537,0.5882352941176471,3.1772256326675414,1.05138135027704,0.27529938439718055,0.21024658738685417,0.7557142857142856,0.21463305183213396,0.5714285714285714,4.799749588966369,2.184171785371705
A0A1U3MWT7,0.22469679233740983,0.1725028670262132,0.7999999999999999,0.1950498511777039,0.5555555555555556,1.0362085127830505,0.03051938150230993,0.14317975905278643,0.14493644062312522,0.8814285714285715,0.15165078035959284,0.8571428571428571,3.535682506561279,1.1169579090085229,0.16803043144478597,0.1681113746820805,0.8514285714285714,0.18863635245993216,0.7857142857142857,2.9103092765808105,1.5232006647229548
A0A1B8SKL4,0.2249221176430897,0.15388748757777998,0.8260000000000002,0.17275416058665563,0.8,1.1071791529655457,0.03370186252120077,0.19731056247183876,0.16377201442240544,0.8168421052631578,0.18310344018093755,0.6842105263157895,3.685033867359161,1.4890652161837785,0.19309522570947174,0.1796432541214342,0.8341176470588235,0.1788544864845166,0.7058823529411765,3.2873663449287416,1.508253494504665
A0A7I7WJN8,0.22551508512419782,0.22224593407182613,0.8250000000000001,0.19529891619429604,0.6666666666666666,1.061066735982895,0.03331414782120161,0.25663742404208406,0.21027517903058188,0.7905882352941177,0.19859715619773358,0.6470588235294118,3.384890875816345,1.3452425328062592,0.1956512699466991,0.1922494222014451,0.8257142857142856,0.20190925421776862,0.7142857142857143,3.5158139443397523,1.7880047815914484
A0A2N3VL42,0.22560961954152503,0.16274534555329487,0.7953846153846154,0.1983243413671106,0.6153846153846154,0.9111506927013397,0.03562193121048228,0.21316994557845292,0.18469111314109068,0.7955555555555556,0.19201337401980398,0.6666666666666666,3.2424868750572204,1.2259218329498622,0.1873525022261373,0.1856509465360903,0.8173333333333334,0.1931999539912529,0.6666666666666666,3.179764347076416,1.7982493646877422
A0A0J6VZP7,0.22570990896573262,0.21664328637409785,0.7890909090909091,0.22309616945713406,0.6363636363636364,1.0370913088321685,0.03464937936879661,0.17538967895127805,0.16052299918024138,0.8470588235294118,0.17299318945731915,0.7647058823529411,3.5713188290596007,1.7261315190279227,0.19938930963012727,0.1563273154238067,0.8114285714285714,0.19089477815417216,0.7857142857142857,3.2589887714385988,1.6789828624886745
A0A1X0INU7,0.2259388118695502,0.23209902270833402,0.8150000000000001,0.20151509455456018,0.6666666666666666,0.9397085809707642,0.038143259592384245,0.18459942349282665,0.18140732259047057,0.8288888888888889,0.2061522869921621,0.7222222222222222,2.8297173500061037,1.135014267029178,0.17224573579001795,0.18442487926415302,0.8725,0.16169029037020127,0.875,2.862427430152893,1.284601638812658
A0A024JSK2,0.22629851372935605,0.18884796796863507,0.855,0.17148858076657272,0.8333333333333334,0.9234715867042541,0.04223047072357693,0.1747205567255762,0.17433837401678426,0.8455555555555555,0.1816963958005595,0.6666666666666666,3.576285300254822,2.1630020032172115,0.16007785167689728,0.1517942239228468,0.8223529411764706,0.21220216253720678,0.6470588235294118,4.3755486917495725,1.886688118154267
A0A1A2Z8H6,0.2264630716205957,0.2169881023186778,0.8140000000000001,0.21053265779921174,0.6,1.060742620229721,0.0338451443957098,0.22484423911743678,0.17110691360320524,0.80625,0.18037720892618336,0.8125,3.816847879886627,1.4412819865020599,0.2343478207409191,0.17310820722958484,0.7885714285714286,0.18969363054511806,0.7142857142857143,2.9090134716033935,2.021293763818152
A0PPD8,0.2264737575284736,0.20684953729998032,0.8240000000000001,0.168,0.6666666666666666,1.0071861779689788,0.03564156157690503,0.2193673150683354,0.20038537831077527,0.8038095238095238,0.20015413561686687,0.6190476190476191,2.9572654294967653,1.364605208806205,0.24412675885385707,0.18391603252140143,0.7825,0.17661752461180064,0.6875,2.8679439210891724,2.0364759473330922
A0A1G9S8F3,0.22648309397458774,0.23787150865758133,0.8183333333333334,0.2272235805447039,0.6666666666666666,1.0314377117156983,0.036295448636890625,0.23342722168375507,0.22678733766634934,0.7821052631578947,0.22251147687416087,0.5789473684210527,3.1848370885849,1.4642693787396315,0.22908999346698944,0.2144220677992939,0.7975000000000001,0.2035773808653604,0.625,3.5137759494781493,1.8033435874769397
A0A829PY25,0.2268415132854373,0.27009607936663915,0.8163636363636364,0.2182272679934104,0.6363636363636364,0.9838590919971466,0.033383799765982575,0.2141020635428659,0.27119634930253234,0.815,0.22051077071199945,0.6875,4.243538870811462,1.5153482769542634,0.22873377957658084,0.24277794832415125,0.8266666666666667,0.1949586850819652,0.7333333333333333,4.682304139137268,1.616089603575807
A0AAE4VIV1,0.22689889574210187,0.20309389259828786,0.7949999999999999,0.19968725547715857,0.5,1.120951738357544,0.041431523964927865,0.19352559582983725,0.1787705053621451,0.808235294117647,0.21398832552316402,0.6470588235294118,4.005970873832703,1.3107239647112774,0.2308863846517728,0.1404775354782861,0.7914285714285713,0.1925341210152165,0.6428571428571429,3.603971989154816,1.9367865893650749
A0A386ZPG1,0.22699332916146397,0.21709269534131778,0.7745454545454545,0.2351155861336615,0.5454545454545454,0.9566714215278626,0.025536817348939644,0.21957353307711658,0.17084281170137056,0.7952941176470589,0.1898023010788059,0.6470588235294118,2.949176006317139,1.0107162931074656,0.11405215855767424,0.12383823262479045,0.8866666666666666,0.164222071868823,0.8,3.692072339057922,2.155394914193771
A0A1G6PJB6,0.22719228701698138,0.23185016315045112,0.79,0.20760539492026692,0.5833333333333334,0.9257268035411834,0.028872417451699064,0.2029104604571987,0.20120065057400394,0.8155555555555556,0.1961355036765887,0.6666666666666666,2.9982898306846617,1.2310687195777024,0.13679937548117288,0.17546263685116287,0.8786666666666666,0.17640357769110643,0.8,3.443985948562622,1.515330672181958
A0A4R8S1L2,0.22723600271470581,0.23821529218377346,0.7999999999999999,0.21571586249817915,0.6666666666666666,0.9403183650970459,0.03817924404977441,0.19335289282313986,0.18801309684649614,0.8016666666666667,0.20679431541724952,0.5833333333333334,3.6202986097335814,1.0703941840702274,0.20965800216393063,0.2220048522270678,0.7646153846153846,0.2429503078224144,0.5384615384615384,3.67610009431839,1.5968938582231385
A0A1E3RBW0,0.22750140969269547,0.19841538856536126,0.835,0.17322913534776227,0.75,0.9198167216777802,0.04104558178482409,0.1464825778699372,0.1520475278910736,0.8576470588235293,0.1910814243369658,0.7647058823529411,3.3275625491142273,1.0848050859589387,0.15424920446914417,0.16618059895047957,0.8826666666666667,0.1571184973904162,0.8666666666666667,3.6028216075897217,1.109332733281921
A0A502EC16,0.22752846509110963,0.2156157682242072,0.8153846153846153,0.18566369035748417,0.6923076923076923,0.9886468768119812,0.029810773900431773,0.19962393628575978,0.22093169640313282,0.8221052631578948,0.20579956900799892,0.6842105263157895,3.0828124594688417,1.236037932439878,0.16574598676750885,0.20588783934786128,0.845,0.19817921182606413,0.75,2.5269447326660157,1.1283469279901814
K0VFF7,0.22772392974478597,0.2560633369647543,0.86,0.18208667044996882,0.7777777777777778,1.1573656582832337,0.026154078011937937,0.24548703466455815,0.20713349965730968,0.79125,0.1864093278245485,0.5625,3.8145182299613953,1.1137997068712886,0.23251945757903217,0.1964201759720551,0.8011764705882354,0.18880062166339504,0.6470588235294118,4.2246285653114315,1.7603619636499217
A0A132PS78,0.22794073143566215,0.25003911798876427,0.815,0.2529986824735128,0.75,1.0324945223331452,0.03808996445809649,0.2380101295266342,0.23920155956714056,0.8106666666666668,0.19904661653882877,0.6666666666666666,3.6474221181869506,1.2785653403530863,0.19103387913300787,0.15028872433485918,0.8426666666666667,0.17721800761272039,0.8,3.0580912399291993,1.8004514020047437
A0A1G7L4S3,0.22805808900860067,0.17967559476655345,0.783076923076923,0.22488919033380436,0.6153846153846154,0.9195778691768646,0.02909300695960907,0.2316237283555423,0.18919969152469296,0.7737499999999999,0.22646398720326372,0.5625,3.3818938541412353,1.489393221614947,0.150998540627318,0.1530773593661591,0.8480000000000001,0.1936044076633243,0.7333333333333333,3.8423504281044005,2.33246449556106
A0A1A0W2R1,0.22814601898161632,0.23327567234176128,0.7755555555555556,0.25833273596107753,0.6666666666666666,0.9380264401435852,0.04853690205619501,0.23162138818538833,0.2025413301387012,0.7557142857142857,0.22260516890784407,0.5,3.174285740852356,1.3129051091113204,0.2226362032751536,0.21990588683967607,0.7846153846153847,0.22993696074611353,0.6153846153846154,3.307940604686737,1.6452473717552847
A0ABD7HFI6,0.22843671347762362,0.23003297356987615,0.8072727272727271,0.19131558455223135,0.6363636363636364,0.9705396568775178,0.036389952515841206,0.17159212370235402,0.2386798955543194,0.8670588235294117,0.18773462828535242,0.7647058823529411,3.6716745328903198,1.5917247100642224,0.21411684733807143,0.27087955526086677,0.8185714285714285,0.22455852380224825,0.7142857142857143,3.339581100940704,1.9311797208730976
A0A1X1Z1D7,0.22854086341821903,0.2028471403727522,0.8383333333333335,0.170579079087156,0.6666666666666666,1.069581606388092,0.036225904660271466,0.19465047252711526,0.20592923725102855,0.8106666666666666,0.22649405192091815,0.6666666666666666,3.710172040462494,1.1639332085727048,0.26258102601116967,0.1955363026044058,0.7646153846153845,0.19488124133649207,0.5384615384615384,2.948547306060791,1.6320694528777993
A0A0H5RMP7,0.2286142864187322,0.21841175417808587,0.8054545454545454,0.22190758258025248,0.6363636363636364,1.1309908390045167,0.042242869092334184,0.20244833464772413,0.2025975047941682,0.81125,0.21070936737601392,0.6875,3.440729250907898,0.9936549569333293,0.20460035016843472,0.1475080157361004,0.8200000000000001,0.1750102037841549,0.7142857142857143,3.863295774459839,2.063641981600636
A0A653FAQ0,0.2286475824262559,0.2060452256769452,0.8215384615384616,0.1986820480391164,0.7692307692307693,0.9231844365596771,0.029973149073900987,0.20567494660570307,0.21586486309055403,0.8341176470588236,0.188088177804342,0.7647058823529411,3.4970903062820433,1.4324111065078278,0.1680803113006139,0.18049684337229996,0.856,0.18274937300394037,0.8,3.0639643049240113,1.5610822891886842
A0A1G4WIS9,0.228799882418486,0.21791860371554966,0.8138461538461539,0.21113387883733725,0.7692307692307693,1.099346022605896,0.03729904988672638,0.24659820072060507,0.2133056029590238,0.7747368421052632,0.207830103210661,0.631578947368421,2.964827826023102,1.4610257788695886,0.22325600548793978,0.21747249491424603,0.7941176470588235,0.1910669369474051,0.5882352941176471,2.659874804019928,1.5528194862194682
A0A1A0VEQ6,0.22887157554737939,0.21084733690232052,0.7846153846153846,0.19878923452569963,0.6153846153846154,1.1271647262573241,0.04169129711775253,0.23190873174078652,0.21934664847536547,0.7933333333333334,0.22201101073795615,0.6111111111111112,2.5361926221847533,0.771961635654035,0.24499930604583148,0.23238388693534476,0.7626666666666667,0.2367408334492008,0.6,3.5988168787956236,2.1940537026957756
A0A846XPH2,0.22908203771832764,0.17575548101059896,0.8300000000000001,0.1625423021862309,0.8,0.9334813725948333,0.02399789142644696,0.19768864302592057,0.18065468513158953,0.815294117647059,0.19542164510913992,0.6470588235294118,2.944429693222046,0.8322710922417763,0.1627108892094363,0.16306898921686735,0.8414285714285715,0.1791191599728732,0.7857142857142857,2.991396758556366,1.994160305180305
A0A1V3WG34,0.22926835186100394,0.17220172203060002,0.7966666666666665,0.200138840697041,0.6666666666666666,1.037169213294983,0.03863026361008967,0.18202013015451457,0.1866036142997814,0.8300000000000001,0.20409692686455508,0.7222222222222222,3.048571264743805,1.1684424752582208,0.1457398476304506,0.13301247584023282,0.8466666666666668,0.19740539224876533,0.7333333333333333,3.405891544818878,1.3327111986680775
A0A0J8TXD9,0.22958721947771188,0.2289697504086629,0.82,0.19088311511593592,0.7272727272727273,1.1390837335586548,0.0376245994087468,0.224711856640377,0.1986285353742684,0.76875,0.21942752220266262,0.625,3.598715877532959,1.1523769336017131,0.30275851069944193,0.16037776165168244,0.7333333333333333,0.19523205565571336,0.5333333333333333,4.019823000431061,1.8657134316902293
A0AAD1I1H5,0.23007231724103291,0.20090453836589253,0.8090909090909091,0.18593520598973795,0.6363636363636364,1.1145134663581848,0.047444054128389965,0.20805570834740475,0.1882787488299522,0.7988235294117647,0.20687826351976907,0.5882352941176471,3.1133908867835998,1.0870816099200238,0.21586761904127144,0.1684992943307072,0.7799999999999999,0.2032591589923704,0.6428571428571429,3.3658660316467284,1.7775518213172212
A0A829HQL8,0.23036308403486203,0.21714785753200883,0.7942857142857143,0.21131270956686396,0.5714285714285714,0.9172981941699981,0.03819408272089908,0.19336930835688587,0.20491851840231656,0.829,0.19580347290076341,0.7,2.804657213687897,1.3515465427480153,0.21206963286806926,0.2288031441814992,0.8144444444444445,0.19605050999458226,0.6111111111111112,2.949975244998932,1.6411839169639975
V5XIA1,0.2303943656044056,0.2486176569487786,0.8184615384615385,0.23566097401681974,0.6923076923076923,1.0403612899780272,0.04302001306556989,0.20406367395376326,0.2558634230320659,0.8277777777777777,0.2191031100635182,0.6111111111111112,2.823246304988861,0.8638525985356246,0.2882637952177427,0.24950655400994817,0.7366666666666667,0.245877114745467,0.5833333333333334,4.177937242984772,1.7388769257746641
A0A840Q103,0.23064038497599088,0.22474253943530245,0.796,0.21795412361320443,0.6,0.943081464767456,0.029633186025587947,0.22163831522623412,0.18189171348845354,0.8111111111111111,0.18847012403646626,0.6666666666666666,3.7128513050079346,1.1316224425945647,0.2121374544793524,0.17555755058714437,0.7858823529411765,0.1916816853851998,0.6470588235294118,3.9808836698532106,1.478021270825661
A0AAW5TB97,0.23116223123804425,0.2085650370618433,0.7833333333333333,0.21257678351336695,0.5833333333333334,1.14136803150177,0.03260690720569196,0.2100961118221018,0.1844185029022101,0.7835294117647059,0.21630428394415852,0.6470588235294118,3.287192783355713,1.0962225040845193,0.24083652645494233,0.1522368190599583,0.7964705882352942,0.18461219054995792,0.7058823529411765,3.279465799331665,2.0606944633086974
A0A919J5R3,0.23125019457725818,0.24179729566592445,0.8033333333333333,0.21257678351336692,0.5833333333333334,0.9606437683105469,0.0332902815617454,0.22361843638439743,0.216761383502438,0.8099999999999999,0.19611221277625723,0.65,3.068257460594177,1.4472715590988396,0.2609805448701472,0.20851214915143576,0.7647058823529411,0.20286528845397767,0.5882352941176471,2.657295789718628,1.6030757677652603
A0A7H0IEA3,0.2318186365717039,0.20013154490859236,0.7818181818181817,0.21982712967727336,0.6363636363636364,0.9275543713569641,0.038009536501866864,0.2512970267763082,0.2312453346682157,0.7470588235294118,0.22761589693998174,0.47058823529411764,2.8878009486198426,1.143892317290345,0.2500425571519158,0.20981860299924165,0.7525,0.20855155237974135,0.5625,2.7265981531143186,1.40026337997777
A0A401YDY7,0.23203442423887202,0.2675072901373703,0.7983333333333333,0.21408072205491915,0.6666666666666666,0.9190979743003845,0.04238751952907764,0.2049975582101428,0.195756484258226,0.841,0.16810413439294108,0.7,3.5546425914764406,1.7152264330331388,0.1959774595542012,0.1861229883880961,0.81875,0.19267443395531228,0.625,3.1634811758995056,2.0477239887414878
A0AAC9YL18,0.23204371794277232,0.23221731849318583,0.8145454545454546,0.1916608574997009,0.5454545454545454,1.0635177385807038,0.0456397532185617,0.2211465520539287,0.20093607846990202,0.7811764705882352,0.2056233665178437,0.5882352941176471,3.5417564272880555,1.5596764497938287,0.1605360803913112,0.1411852179284995,0.8560000000000001,0.1731588865753069,0.8,2.5446191120147703,1.555216421306794
A0A1S1LSR7,0.23217369706190702,0.224284799132581,0.8228571428571428,0.1793411980168596,0.7142857142857143,0.8983070349693298,0.03022250044392381,0.17443094153984673,0.19163798953075686,0.8526315789473684,0.1723167861592241,0.7368421052631579,2.627121403217316,1.4747190230399236,0.19353350077866435,0.19867485176294786,0.8352941176470587,0.19214325682122832,0.7647058823529411,3.211214280128479,1.7217195063347883
A0A1X0Y567,0.2322693987071558,0.2595968449626595,0.8384615384615385,0.18571467585627788,0.6923076923076923,0.9221263980865478,0.039630343795996344,0.24034490308130188,0.18278150892211217,0.8033333333333332,0.1656301099840646,0.7222222222222222,3.3628094458580016,1.7338971443927045,0.2360968813690907,0.17596775192261363,0.7955555555555556,0.18553892141010386,0.6666666666666666,3.6986400723457336,1.8772308117316063
A0A1Z4EGK3,0.23234177425739239,0.2042582041604989,0.7842857142857141,0.2245221683523314,0.6428571428571429,1.1115667605400086,0.045326604639114615,0.20867784223911054,0.18761328352378173,0.8105882352941176,0.19930675701291078,0.7058823529411765,3.9426813650131227,1.4796234711278569,0.1941726070492296,0.1548905667570798,0.8293333333333333,0.18167614654164763,0.8,4.040350224971771,1.961609845699426
A0A0H5RL48,0.23287882534668783,0.2926150240827179,0.8490909090909091,0.21597367455125996,0.8181818181818182,0.9532971894741058,0.03894144644520338,0.15554516517668832,0.22625281307025957,0.8611111111111112,0.2107628706729935,0.7222222222222222,3.528598058223724,1.1752116602967342,0.2175888784016074,0.2706878767173698,0.8557142857142858,0.18364228760260629,0.7857142857142857,3.862967102527618,1.5580592768168675
A0A7I7MEC1,0.2330006428736242,0.1509643785937666,0.755,0.19563997546513848,0.5,0.9693990635871887,0.0328439033023233,0.1955207071440623,0.17341718265132122,0.8057142857142857,0.1990590108382898,0.5714285714285714,4.857194519042968,1.225591907492504,0.09021556407416842,0.14644342595996912,0.9199999999999999,0.165615734242165,0.8571428571428571,5.954319314956665,0.7706519032510201
A0A7I7RZ78,0.23300237862416506,0.2347814299878711,0.7671428571428571,0.2299822530863933,0.5,1.0186446964740754,0.04299557617404226,0.21187720868295137,0.18811558088618108,0.806,0.2110071088849852,0.7,3.320681908130646,1.4531165831153185,0.19429252325599122,0.17713694051594236,0.8458823529411764,0.17228768087910104,0.7647058823529411,4.0913891291618345,1.818816837710032
A0A6G9H9S9,0.23306337840133162,0.20927343248950372,0.8433333333333333,0.16609903337734658,0.75,0.9340649175643921,0.053112255345781956,0.19739056545315467,0.2443095858137407,0.8400000000000001,0.20851858430365386,0.65,2.652411642074585,0.9833932816632779,0.1507412752216893,0.1670521682044794,0.8611764705882353,0.20029044654146275,0.7647058823529411,2.245777006149292,1.298215620353001
A0A6P1CTQ2,0.2330652822131067,0.20001502453551154,0.8072727272727271,0.20077535655964576,0.6363636363636364,1.0176609289646148,0.046598711529862065,0.205778233298818,0.21978739004094475,0.8226666666666667,0.19553232185214006,0.7333333333333333,2.9916086435317992,1.4948218664489388,0.23957082074783595,0.22363447714508455,0.7828571428571428,0.19564649503737128,0.5714285714285714,3.3428124380111695,2.273690588245551
A0A653FIK1,0.23347613902664408,0.2197142362521711,0.8218181818181818,0.20261105515104916,0.7272727272727273,1.159411883354187,0.03400391177502291,0.18584185442549225,0.1446794179575492,0.83,0.16895101196632248,0.8333333333333334,3.2244362115859984,0.7886404518592061,0.2231135517872079,0.16105492075750752,0.8,0.18125488499164188,0.7333333333333333,3.6451479721069338,1.7800190463298624
A0A2U3P0N3,0.23390965239238456,0.23835925169183494,0.7892307692307692,0.24851749786596944,0.6153846153846154,1.0446356284618377,0.037045171807187555,0.20467962384550598,0.1844543033208504,0.8227272727272728,0.19033897556684154,0.7272727272727273,3.090280339717865,1.0572335049765995,0.1980078838265092,0.13035002814526597,0.835,0.1636306817195357,0.8125,4.349489984512329,1.6144040836060833
A0A1Z4F4H3,0.23406572750474955,0.2251925661189895,0.806153846153846,0.20790302700791358,0.6153846153846154,0.8752086746692658,0.03787749130605205,0.19939271632192496,0.20800913118592365,0.8294736842105263,0.18517342324399652,0.6842105263157895,2.821241805553436,1.229319445594271,0.17419647449478576,0.1938167135409019,0.8352941176470587,0.1920207601233239,0.7058823529411765,2.567652406692505,1.1816622303279751
A0A164L8T1,0.23409580360245635,0.18550328151106077,0.8036363636363635,0.19555388595998183,0.6363636363636364,0.8963624453544616,0.03426715012337647,0.2814212987531808,0.19649235104792878,0.74125,0.20450779325003732,0.5625,2.9001193380355836,1.1135165775629101,0.2732125554796317,0.185829974027743,0.7563636363636363,0.17659778271400844,0.6363636363636364,2.955231032371521,1.9259889012807454
A0A1H0URB3,0.23450880169372304,0.23732300142489735,0.8061538461538462,0.22040307346518426,0.6923076923076923,1.0135342180728912,0.034621473958929005,0.27339119483573704,0.2565562716958262,0.7825,0.2240396170323454,0.625,3.919707427024841,1.4323239443932563,0.24710472786626794,0.25287563583748396,0.8042857142857143,0.21543027661318326,0.7142857142857143,3.155750298500061,1.3569440741961043
A0A1H6J6E6,0.23453977139489737,0.19698409026098893,0.7733333333333334,0.20596655607700545,0.5833333333333334,0.9459221160411835,0.026348250507611325,0.27310961730839645,0.2083991094993992,0.7357894736842107,0.22134316746611699,0.5263157894736842,2.6607962965965273,0.975949227283349,0.24171345079613527,0.18730209806134254,0.7647058823529411,0.1900500753534934,0.5882352941176471,2.732995512485504,1.517994537901044
A0A5R8PAY8,0.2348564892727318,0.2234363167671645,0.7969230769230768,0.21178307535286467,0.6923076923076923,0.9941977477073669,0.036998811774136026,0.20863999582636475,0.2249782856281523,0.8175,0.20419047480232766,0.6875,2.684860363006592,1.2606945835647858,0.2185038460467962,0.20246844374997444,0.8226666666666667,0.17233558992719858,0.6666666666666666,3.0488198447227477,2.2671501562209055
A0AAI8U017,0.2349244074575754,0.19248966988990746,0.83,0.1927865832122834,0.8333333333333334,0.9869353890419006,0.05276672937109532,0.23554163832080172,0.24088530824566654,0.785,0.2210769096943414,0.5625,2.660999436378479,1.0689159924161127,0.21657037378474267,0.22541374586496055,0.80375,0.21026397099836197,0.625,2.853482346534729,1.8692175901874486
A0A419HML1,0.23501797073216685,0.22292685846937899,0.781818181818182,0.23717343795084114,0.6363636363636364,0.9903454267978669,0.032034852031497425,0.18227853513658832,0.18227612665893966,0.7887500000000001,0.22803165898620303,0.5625,3.765365581512451,1.347195162058219,0.20707287141615108,0.2047030825305328,0.7785714285714286,0.23645770213287443,0.5714285714285714,5.234346733093262,1.3475214401922393
A0A9X3BRH0,0.2350623311442644,0.19855114467712126,0.8169230769230768,0.1795457779802481,0.7692307692307693,0.9536648619174958,0.031084512249551687,0.24382696968910691,0.17492536711156983,0.7655555555555557,0.19399949089916657,0.6111111111111112,3.47325345993042,1.6116371058259862,0.2801740747819779,0.16888314089527065,0.7213333333333334,0.1882504242285319,0.5333333333333333,4.250747334957123,1.6476154709911413
A0AAX2ZQD4,0.23514147877411343,0.21162909025105087,0.8150000000000001,0.22017038856303997,0.6666666666666666,0.9479310941696167,0.04052420743461103,0.20092489372409436,0.223376980790105,0.82,0.20897508998752487,0.5882352941176471,3.8541781759262084,1.3681677680963915,0.20499057902596335,0.23364240833589173,0.86,0.17888543819998318,0.8,4.206705946922302,1.6474133393675086
B1VMZ4,0.23566222095342834,0.24827439541671253,0.798,0.24436857408431226,0.7,0.9416843438148499,0.03304220547754587,0.2808124808487913,0.21587593615885048,0.7266666666666667,0.23209193580705612,0.5,3.0496346664428713,1.1142598466125126,0.26467870790663633,0.18368435452451168,0.7840000000000001,0.19639416148823435,0.6666666666666666,3.7827752304077147,1.7289480689694714
A0A1S1M770,0.2359329142090332,0.26230655442348205,0.812857142857143,0.19251822071202102,0.6428571428571429,0.8947109317779541,0.03726267366198149,0.18998771234385559,0.2131030711795253,0.8252631578947369,0.20964552591790772,0.6842105263157895,2.9295045018196104,1.5415196859560387,0.19293338208149258,0.22160294742966175,0.83,0.20690846070451324,0.6666666666666666,3.886657292842865,2.1139633525230126
A0A1X2LYL0,0.23601973011342633,0.2567666801780642,0.7781818181818181,0.24590531000286125,0.5454545454545454,0.8499313569068909,0.037626304997061114,0.21329717532996811,0.21614158723765758,0.783,0.22075099093775322,0.6,3.202272291183472,0.9592238020889408,0.1866897693572935,0.19743035244872148,0.826153846153846,0.22455215126792544,0.6923076923076923,4.269414250850677,1.5362898900342796
A0A2P2GSN2,0.23607108383852918,0.23690345772004337,0.8054545454545454,0.20557518581967374,0.6363636363636364,0.97618638753891,0.03205312494468651,0.23343449387900794,0.22790442281644605,0.8176470588235294,0.20010377930301437,0.7058823529411765,4.033123579025268,1.5740092402628814,0.18606578988812467,0.21255236578481831,0.87,0.15937377450509227,0.8125,2.9331503081321717,1.4833975391713685
A0A7G8PBZ5,0.23613693996880045,0.19095364164723208,0.7814285714285714,0.19992345473981296,0.6428571428571429,0.9423757290840149,0.030139879863106185,0.2535305028680685,0.15871539441685434,0.7442105263157895,0.19900583936086644,0.47368421052631576,3.690135946273804,1.9247950426660216,0.3055618641074958,0.16447933738516582,0.6952941176470588,0.17577116296510018,0.35294117647058826,4.6622348666191105,1.8399791640295504
A0A7I7X9S1,0.2362856758012214,0.24042942302568668,0.8,0.21217488498449058,0.5454545454545454,1.0498649823665618,0.04300179693451583,0.18423293791633974,0.16824443192203498,0.8494736842105264,0.18999927102936406,0.7894736842105263,3.212514057159424,0.9297796667968917,0.19855476190551002,0.18575067205577886,0.851764705882353,0.17994232063171034,0.7647058823529411,4.228947908878326,1.8305109318166324
A0A7I7JNU6,0.23630706638036847,0.1758723429747438,0.7984615384615386,0.18304459960290276,0.6923076923076923,1.0676739764213563,0.02950295157369431,0.1713533344891238,0.16400013359550508,0.8333333333333333,0.19241159586215748,0.7777777777777778,3.5432594776153565,1.202544813530646,0.19423909085777885,0.1477589626373259,0.8411764705882353,0.1574010371795253,0.8235294117647058,4.567377076148987,1.8069674812576022
A0A9W4AZG8,0.2363445543758933,0.2027410997626502,0.835,0.1661575557515617,0.8333333333333334,1.0646957969665527,0.043532983177550465,0.29535128386937665,0.23798569195455468,0.7529411764705882,0.21020339466342516,0.6470588235294118,3.5042594337463377,1.3452456918815021,0.20738311560642353,0.1659625946610594,0.8200000000000001,0.16780941570722424,0.7333333333333333,3.1672267389297484,1.798498075512742
H8ITF4,0.23650779307762237,0.23623702047569067,0.7472727272727273,0.24823342786728747,0.5454545454545454,1.0838000082969665,0.03611894544602445,0.21327619444558618,0.22871717853851348,0.7877777777777778,0.23353694819629614,0.6111111111111112,3.1805479097366334,1.708780403751479,0.21388545409926477,0.23127485434864964,0.7749999999999999,0.23848480035423641,0.5625,3.688282063007355,2.300695505633379
A0A3E0HEA4,0.23667966453717462,0.188348772459323,0.8150000000000001,0.18277946638868747,0.6666666666666666,0.9797189950942993,0.03029303745643903,0.2103139026995052,0.22943838575507572,0.8126315789473684,0.21814630786320685,0.6842105263157895,3.201675570011139,1.3272920681572764,0.18258467081230412,0.16132483428727268,0.8506666666666668,0.16441681449562537,0.8,3.340988321304321,1.4550310384394805
A0A1H6L3W8,0.23685697437911432,0.23166540447175057,0.7927272727272728,0.22045782565507166,0.5454545454545454,0.8898661923408508,0.032533282788379005,0.1595909055468673,0.1938631004300674,0.86375,0.18804504114706136,0.75,3.2814727306365965,0.9667664848195792,0.20521743208492385,0.19991001576033987,0.8353846153846154,0.17367588666670875,0.6923076923076923,3.2646295857429504,1.4116858517499673
A0A544W0X3,0.2369957184577069,0.2708918138436491,0.8169230769230769,0.2217200110806633,0.6923076923076923,0.9668300676345826,0.04188482896799069,0.17541600434851834,0.19934387853545998,0.8559999999999999,0.18768057970924962,0.75,2.926730408668518,1.2853433846332227,0.17116618827206181,0.20456383081943635,0.8542857142857142,0.18321393762150168,0.7857142857142857,3.1874281358718872,1.6441700480588488
A0A9Q7WIY4,0.23709703059209003,0.31008321014244056,0.7733333333333334,0.25210227201585383,0.5555555555555556,0.9387023794651032,0.030196506007794832,0.14482099241359592,0.2562174474228569,0.875,0.20994046775217018,0.8125,3.732633967399597,1.3529352019260115,0.21048063404279485,0.2809686534366706,0.8461538461538461,0.21040395073573856,0.7692307692307693,3.8585513377189637,1.8074977988519514
A0A7W7G0Z9,0.2373147306361747,0.22968499610850074,0.835,0.17590243507884323,0.75,0.8631115293502808,0.03231294343004613,0.1866089389368746,0.22759191941865065,0.83125,0.2178266225694187,0.6875,2.5621538233757017,0.6588238952440266,0.2059497332527771,0.2345441468336539,0.824,0.19130429512515743,0.6,3.482250967025757,1.2583106355782194
A0A7X6R1D2,0.2374046732221256,0.23268036021755226,0.8218181818181818,0.192297978139902,0.7272727272727273,0.9015940272808075,0.03307452562996186,0.2770491475301521,0.24475108905293902,0.7670588235294118,0.2003457219520753,0.5294117647058824,3.22252272605896,1.4263005312486183,0.2281214889398862,0.2098768681307755,0.8028571428571428,0.19076644551569827,0.6428571428571429,3.4695210742950437,2.1051185205167657
A0A7I7PIE9,0.23741830536966232,0.18713582708368334,0.7963636363636362,0.21076797787108878,0.6363636363636364,1.1302634501457214,0.03146429753147949,0.20540992614853315,0.16204549544413746,0.8047058823529412,0.19518068995191046,0.5882352941176471,3.3246424484252928,0.943465211218468,0.17000281419179,0.13312786306553231,0.8506666666666667,0.17856713645635422,0.7333333333333333,2.395468454360962,1.5704087933621582
A0A2K4Y9B3,0.2374555925026987,0.21234843977117956,0.784,0.20780760332576861,0.5,1.0868759167194366,0.0457410538497259,0.21107937563580484,0.18296819656099914,0.8033333333333332,0.19700535807716274,0.6111111111111112,3.5525502872467043,1.2033523593177116,0.21432255742844036,0.1447431895601003,0.8306666666666668,0.1571184973904162,0.7333333333333333,3.319526846408844,1.771034647658157
A0A1A0QWX6,0.23750887658875688,0.20888605390760367,0.8200000000000001,0.1860107523773827,0.75,0.9959952664375306,0.02672638559698819,0.20068113946061056,0.18944596130671504,0.8200000000000001,0.1900607190428283,0.6153846153846154,3.680741183757782,1.3503692094482007,0.20921592846168804,0.18721636762859672,0.795,0.19133304297306652,0.6666666666666666,3.7784676241874693,1.6148487304836354
A0A447GD36,0.2378339484378817,0.20451000902151684,0.8100000000000002,0.1883386008534325,0.7142857142857143,1.0407044064998627,0.0380588413801174,0.2734216329223773,0.2226910622987743,0.7409523809523809,0.21527180519840186,0.5714285714285714,2.8888589429855345,1.249945704493875,0.2289108740496245,0.2082675055412572,0.7966666666666666,0.20464060637561102,0.6111111111111112,3.9524344563484193,2.0201614454718455
A0AAE6XNC3,0.2379183591211524,0.2868133820297947,0.7769230769230769,0.24354385532682946,0.5384615384615384,0.9570303523540497,0.032075069402838996,0.20612398353587763,0.24340547469808035,0.807,0.22029752608688097,0.6,2.566280035972595,1.3774056022734826,0.21114725439855211,0.19032604184920074,0.7842857142857144,0.20690626883116098,0.5714285714285714,3.1276771950721742,2.3537409795763016
A0A6I3L2J0,0.23830418467114622,0.23194258194915418,0.8138461538461539,0.18767969692817935,0.6153846153846154,0.9691706001758575,0.0320493725000249,0.2118346170997354,0.1904089082711501,0.8070588235294118,0.20186672090857524,0.7058823529411765,3.6625616908073426,1.368663791652833,0.1502282030058213,0.15438774797083135,0.8585714285714285,0.17767776381726003,0.7857142857142857,3.355889823436737,1.8568887463322317
A0A051U3G5,0.2384493905267215,0.21877211566144608,0.7883333333333332,0.2080798457857517,0.5833333333333334,1.0806944394111633,0.04088345501554697,0.22201381227034353,0.1825243769326526,0.8242105263157895,0.16702712636523523,0.7894736842105263,3.3138368797302244,1.1390544318138562,0.216835544988562,0.14832022726030042,0.8185714285714286,0.1636135316992517,0.6428571428571429,3.0077846336364744,1.6504414276959267
A0A5Q5CFF7,0.23853192190033956,0.22479356999365016,0.8200000000000001,0.19986662219256787,0.8,0.9985524845123291,0.027586071753049682,0.2037079527964601,0.25643460682048247,0.8168421052631579,0.23244812962032824,0.6842105263157895,2.797825481891632,1.0616695150142048,0.1475939992573294,0.2131512103014704,0.8693333333333333,0.17494634097980505,0.7333333333333333,2.6307520270347595,1.0101959945313739
A0A1Q4H4E6,0.23862650451001557,0.17084552027904046,0.8183333333333334,0.17897082319628402,0.6666666666666666,1.0218792867660522,0.03903989422105576,0.2021674249998727,0.17680632079432382,0.8222222222222223,0.1942379856303303,0.7222222222222222,3.966684703826904,2.0326414582745413,0.13722944329024564,0.13742819102616505,0.8626666666666668,0.1883070778158791,0.7333333333333333,2.6137296390533447,1.604200607925234
A0ABF7PG24,0.23901429692605086,0.2473295511802586,0.8153846153846154,0.17976974095579493,0.6923076923076923,0.8695350050926208,0.036519918522712955,0.1522998984635445,0.1662845408420617,0.8709999999999999,0.15930787802240037,0.85,2.795622375011444,1.2391951085031494,0.2109369026554443,0.23778351217290103,0.815294117647059,0.2059730892490805,0.6470588235294118,3.2079322957992553,1.7082829402343909
A0A010YLP6,0.2392400608127075,0.21975667783562652,0.8226666666666668,0.18588407379033012,0.7333333333333333,0.9410499858856202,0.030817537993356837,0.24575693677337412,0.24952820442267398,0.82,0.18384776310850232,0.65,2.6509166264534,0.8846342234021596,0.201218047127257,0.19078121798262154,0.8066666666666666,0.19699971799190194,0.6,3.698317079544067,0.9397945991190272
A0A917FVC2,0.23931599436334364,0.23395614938769638,0.7636363636363637,0.2432833263080397,0.5454545454545454,1.0518945479393005,0.03253406862980795,0.2528585444448819,0.24016565454715588,0.7455555555555555,0.2371877414441101,0.5555555555555556,3.305268430709839,1.259124757002879,0.2035028260596216,0.21326790543581714,0.8011764705882354,0.21480175136051208,0.7058823529411765,4.284925661087036,1.9443251016165441
A0A1A3N7A1,0.23938472284237314,0.2134083964023569,0.7927272727272728,0.21813635890052846,0.6363636363636364,1.0815892446041107,0.03874008445096383,0.19219575440235515,0.1814641563467268,0.82,0.1922717375295485,0.7368421052631579,3.0421069169044497,1.1196099325653333,0.1746407192556386,0.1565059741681129,0.85,0.16574507103207795,0.7142857142857143,2.4493585658073425,1.5358700270027752
W9AZM3,0.23950984486303142,0.22496148992066306,0.7783333333333332,0.22678305835215196,0.6666666666666666,1.1247733688354493,0.045069462100780874,0.2045008187173149,0.17935476060369634,0.8117647058823529,0.2011799105313055,0.6470588235294118,3.4080388164520263,1.3095682198527319,0.24827312120959205,0.15324571360807301,0.7775,0.18383076456349737,0.625,3.2791608023643493,2.0793958719564873
H5U1W4,0.23952454815575072,0.19290170321496736,0.7866666666666667,0.2056102029461465,0.6666666666666666,1.0110061073303223,0.0331506165600485,0.1835100724165675,0.19177446135271006,0.8285714285714285,0.21026707991970398,0.6666666666666666,2.5273257803916933,1.0061779690369799,0.19630074309648204,0.20954184710234466,0.7870588235294117,0.24019023602338388,0.5882352941176471,3.3836273050308225,2.2530634679986163
A0A6I4MRE2,0.23977380402109966,0.2393881360845681,0.7892307692307694,0.21014506119716955,0.6153846153846154,1.120131254196167,0.03529586604564093,0.2511173419733818,0.2007223133145047,0.74,0.22138321145874965,0.5263157894736842,3.72916086435318,1.2743661925617127,0.2717513727449592,0.19517395750772984,0.77375,0.18462377284629408,0.625,3.8238697481155395,1.7265290437425562
A0A1X1ZAJ3,0.23994237639763835,0.19106565143667828,0.7866666666666666,0.21989896669960854,0.6666666666666666,1.1756978607177735,0.052972082391904644,0.18667826635457488,0.1746652755303379,0.8315789473684211,0.18932742893268367,0.6842105263157895,3.347601432800293,1.0859577077503284,0.21707484250802486,0.17162627325627372,0.8133333333333334,0.20088692231092486,0.6666666666666666,3.3267483067512513,1.9867836874884903
A0AB38USB2,0.24001918451178567,0.23463354336742206,0.7846153846153846,0.21007747232556426,0.5384615384615384,1.059565076828003,0.028182864033074767,0.21214030675892948,0.18568168158743079,0.7955555555555556,0.20017276488690747,0.6111111111111112,3.1809485602378844,1.0392275094465737,0.20083305243411173,0.16458314914572364,0.8293333333333331,0.15745757806116825,0.8,3.1137556624412537,1.6910920845680193
A0A329KGE0,0.24065849001120795,0.22060016885524172,0.805,0.19682902902434551,0.6666666666666666,1.0482383131980897,0.03897639867725474,0.2555802978967468,0.2092306170217079,0.7905263157894736,0.20234087143937987,0.6842105263157895,3.849145200252533,1.156105607095881,0.24740351747248282,0.20128786565470388,0.7759999999999998,0.22840898989896757,0.6666666666666666,4.25175491809845,1.7104077562411313
A0A1E7JQU2,0.24096846630081145,0.21450584709704573,0.8114285714285714,0.20392075291491973,0.7142857142857143,1.0273392522335052,0.03947833604578625,0.2746988863100297,0.21025342483242496,0.7453333333333333,0.18895737320594,0.4666666666666667,4.213136739730835,1.5343103846438277,0.29231089292298784,0.18817648681295282,0.7016666666666667,0.19450078548827393,0.5,4.286787157058716,1.5211456148445235
A0A1A0MY20,0.24126879951992933,0.21240490873253828,0.7815384615384614,0.2233261207584499,0.6153846153846154,1.0463822042942048,0.04958251955354336,0.17698796197194178,0.1793323120598951,0.8252631578947368,0.19829187474535537,0.6842105263157895,3.168747262954712,1.3919736044718667,0.24952746857226724,0.15672858034637213,0.7828571428571429,0.1787028088127073,0.6428571428571429,2.6571689867973327,1.9096611685953067
A0A4P6Q8L8,0.24174573384460057,0.22901207626859124,0.804,0.23946607275353224,0.7,0.9095860743522644,0.03197178445797527,0.26364992505412616,0.2390827561349635,0.80875,0.19441820259430442,0.6875,3.4781066083908083,1.476812846669147,0.20917050938669138,0.213604060533033,0.8386666666666667,0.17984684842634552,0.7333333333333333,2.48552143573761,1.6318004956152838
A0AAX1JED5,0.24174642404095964,0.1803202137699709,0.8320000000000001,0.1678570820668583,0.7,1.1024901819229127,0.026576328929270292,0.22616845929547458,0.21042431387669852,0.81375,0.17954369245395393,0.75,3.2448672962188723,0.8455815150158078,0.26378737980302375,0.1824167897826257,0.7885714285714285,0.19852517446903098,0.7142857142857143,3.0564938139915467,1.9352273445306643
A0A640SD75,0.2418100997386542,0.19933070279056087,0.7969230769230771,0.18511470935963403,0.6923076923076923,0.9975188875198364,0.03234819342312579,0.2564953491468743,0.16509317481402042,0.75875,0.17641835930537386,0.5,3.531229765415192,1.0879565614616884,0.22344260244183128,0.18103079966987162,0.81375,0.1551964480907988,0.8125,5.17199704170227,1.5557894131696592
A0AAE4RDM5,0.24184984645094768,0.23495415308697792,0.7781818181818181,0.22666828714377804,0.5454545454545454,1.0104183840751648,0.02712748788311473,0.17998486990390977,0.20238665999607186,0.8141176470588235,0.20370274835794758,0.6470588235294118,2.8109277296066284,0.9945628103055056,0.20650935516590768,0.18409293821015466,0.7928571428571428,0.20179298343417518,0.5714285714285714,2.3499290418624876,1.338813623604613
A0A1X0AZ01,0.2421482574897458,0.1754575603512956,0.7707692307692309,0.20630304589501855,0.6153846153846154,1.0953344202041626,0.05411509084795983,0.2160932738130371,0.1772924174065998,0.801111111111111,0.20509859116718823,0.6666666666666666,3.6359079933166503,1.2690216652691226,0.2404073823190879,0.13137137340380872,0.79,0.1705034561861682,0.6428571428571429,3.460113823413849,1.8423412750621455
A0A401VU54,0.2422203751918892,0.22927755298227703,0.7854545454545453,0.2071610544463868,0.5454545454545454,1.0160124003887177,0.02366248315720483,0.2532232739224255,0.1897202837606848,0.7666666666666667,0.19933221850301402,0.6666666666666666,3.869360806941986,1.2806043540728387,0.24734799270942726,0.1812501358653017,0.7813333333333332,0.17165339754542838,0.6,5.235664920806885,1.5968905344416657
A0A829MIB4,0.24309233295410448,0.2932473899217502,0.7945454545454544,0.23325224879998036,0.6363636363636364,0.9552245628833771,0.03523971379653046,0.1848196753961885,0.25188536758498636,0.828,0.22987532852976345,0.6666666666666666,4.055742919445038,1.4899505626143434,0.21988179281216955,0.25811806704975215,0.8215384615384616,0.21230769230769228,0.6923076923076923,4.016218874454498,1.5448688064328082
A0A7X5TUU1,0.24312793719965944,0.19858073151759056,0.81,0.2199242293760891,0.75,1.0163723385334016,0.03612018720628311,0.19561249648928952,0.2022619533803068,0.8263157894736842,0.19358693209255706,0.6842105263157895,2.9176202178001405,1.289200039354518,0.17243677159503357,0.19072514593336964,0.8492307692307691,0.18070211520032028,0.7692307692307693,2.520878565311432,1.3197012390548746
A0A1X1SSG1,0.24313877509247736,0.24134555035081642,0.7953846153846155,0.21868893906872822,0.5384615384615384,0.9210775208473205,0.04036273893650365,0.1918210508682971,0.18851968029320454,0.8150000000000001,0.20725588049558447,0.65,3.1523022723197935,1.5329953488428,0.1955397458608286,0.18467684465488649,0.8105263157894737,0.20045930638911616,0.6842105263157895,3.138505220413208,1.1587599692400443
A0A3M2L4P9,0.24329832731159856,0.20113902158901228,0.7899999999999999,0.20827865949251737,0.6,0.9502679991722107,0.023937622351078023,0.23870971359185456,0.19404223860503675,0.7762500000000001,0.18563657371326375,0.625,3.8373494052886965,1.354707489506564,0.12490986749759403,0.1377360750188672,0.8757142857142858,0.17141071335555783,0.7857142857142857,4.262992615699768,1.8022063947149698
A0A543JAT3,0.24337093518155928,0.26751735887624395,0.82,0.2008316044185609,0.6666666666666666,0.9497348499298096,0.02988318062224255,0.20127951305402736,0.20618992543527073,0.8655555555555555,0.16981107875853035,0.7777777777777778,3.835921759605408,1.2557058450414191,0.19635366015881234,0.25162939698234343,0.8630769230769231,0.18676948422236,0.7692307692307693,4.065977840423584,1.828041418878562
A0A2G5PCS5,0.2434276682663134,0.215807006523404,0.7815384615384615,0.20821018056267285,0.5384615384615384,1.017125927209854,0.03957178817216338,0.18982094608032735,0.18121467613045622,0.828421052631579,0.19759776149101582,0.7368421052631579,3.6607809400558473,1.5972887972174201,0.16531924206855678,0.1492609988116103,0.8546666666666667,0.1710308614126572,0.7333333333333333,3.6070739150047304,1.9731213250618338
A0A378T283,0.2435148360129136,0.19270163448003014,0.7683333333333334,0.21655766488910574,0.6666666666666666,1.1098185992240905,0.047424706741530126,0.21564464516160636,0.17236085313368235,0.7825,0.2168957122674397,0.625,3.7759556007385253,1.3897087226105405,0.22844884705380866,0.15992948704074747,0.7946666666666666,0.19506807928401704,0.6666666666666666,3.729638071060181,1.9590260936092923
A0A6G4AHJ1,0.24362519698523558,0.1826764769471931,0.7977777777777777,0.20120623901182574,0.6666666666666666,0.994087142944336,0.04402161580044522,0.25365385410564534,0.23215139372255936,0.75,0.24413111231467405,0.5625,3.517217903137207,1.0684663457062975,0.29186228460917285,0.24984700834355542,0.7285714285714286,0.2566503219462271,0.5714285714285714,3.9412679648399354,1.6543540173413223
A0A1E3SLH6,0.24394666329934703,0.22751551774748618,0.8228571428571428,0.18529623276675386,0.7142857142857143,0.9618188428878784,0.050333148481467624,0.2530706584912286,0.18683209495427114,0.788888888888889,0.17361799986332987,0.6111111111111112,3.6060259699821473,1.8516758262038386,0.17801069775946063,0.17541583750098952,0.8094117647058823,0.21780916061962818,0.7058823529411765,3.0585633730888366,1.8559304715586453
A0A4R8S1E2,0.24423883761200585,0.2195395520493176,0.7966666666666665,0.1938785415895449,0.5833333333333334,0.8799535667896271,0.036951759466787984,0.1668702788502698,0.1796549965329967,0.8515789473684212,0.17845132486552287,0.7368421052631579,2.919786977767944,1.4767657167124548,0.18048232195693184,0.1918844098003183,0.831764705882353,0.19159501694728687,0.6470588235294118,2.7326023817062377,1.6227465867725954
A0A5N5VEC4,0.24433914918355126,0.2474664234899903,0.8236363636363637,0.20728867562248143,0.7272727272727273,1.026028755903244,0.027345696635017736,0.23710978641880745,0.2163166881195511,0.8347368421052631,0.18062372697938228,0.7894736842105263,3.101175403594971,0.9835067141680712,0.2055938120054625,0.21238409410149997,0.815,0.21112792330717411,0.6875,2.7210246086120606,1.718896088599348
A0A5C5R6E0,0.2443400636582692,0.232403212481179,0.7400000000000001,0.25023625200634264,0.5454545454545454,0.9723522365093231,0.04527002285006216,0.2968799676505077,0.28045635001329716,0.74,0.251555162936482,0.55,3.779851830005646,1.5323714458449165,0.29860929628847854,0.24558308203750429,0.7688888888888888,0.2164585895446386,0.6111111111111112,2.9203844332695006,1.5569835163968164
A0A829QF13,0.24478805355310554,0.28111864424907335,0.7963636363636364,0.2244699909999199,0.6363636363636364,0.9361749136447907,0.035778945168284455,0.18721595846645106,0.22025391612092088,0.8482352941176471,0.1943990829716221,0.7058823529411765,4.027258067131043,1.2306742774871837,0.21034894277557156,0.25415371013930793,0.8442857142857143,0.18642172948583488,0.7142857142857143,4.29011061668396,1.6494747585117837
A0A1W9Z9K2,0.2448409911043833,0.24073359787196413,0.7907692307692307,0.2191754316124077,0.6153846153846154,0.8939594924449921,0.03202186923411466,0.1599268502414625,0.16079269255146342,0.8494736842105264,0.19055248439072953,0.7894736842105263,2.614913275241852,1.041208295699928,0.13028530865000734,0.1668933651956207,0.8533333333333334,0.20522074835541254,0.7333333333333333,3.152171332836151,1.2288029649664152
A0A1A2NZX0,0.24513487847539028,0.17303199755136076,0.7861538461538462,0.1868581717007874,0.6153846153846154,1.104858423471451,0.06271710290167228,0.19600120943090116,0.16308658807690463,0.7917647058823529,0.19415685878471764,0.6470588235294118,3.383781473636627,1.341107751160627,0.20953403051522435,0.16866959662860745,0.7920000000000001,0.20935456367925998,0.6666666666666666,3.366679995059967,1.9473945955857217
A0A1X1Y0D8,0.24551938015122343,0.20318805921452787,0.82,0.19162463307205574,0.7,1.0975659775733948,0.040799466764614246,0.22089589084152836,0.17337865810615752,0.8119999999999999,0.1855873558911454,0.8,3.6518877291679384,1.1420512422897762,0.20104633118676055,0.16740475956990458,0.8119999999999999,0.19674687629879498,0.7333333333333333,3.354143571853638,2.1077859236031555
X8DPU6,0.2456831066616557,0.27787746450620654,0.776,0.22623881187806832,0.6,0.9544611930847168,0.03746109913384821,0.18295743486655444,0.26155215816192506,0.832,0.23057030742631773,0.7333333333333333,4.051900532245636,1.555866450855145,0.1791600753308787,0.252026085468549,0.8626666666666666,0.1818228686264617,0.8,3.8131701231002806,1.506219065799961
A0A846WXM5,0.2457628772130625,0.229660374669133,0.7618181818181818,0.24972050492202758,0.5454545454545454,0.9776281487941741,0.0532816816865493,0.21241317836367118,0.1785164436194159,0.8010526315789473,0.2046278968696236,0.631578947368421,3.6180666875839234,1.386243133709409,0.17828910893205532,0.1844348160123578,0.82625,0.20889216715808182,0.6875,2.857675940990448,1.3147620016265598
A0A0U0ZG49,0.24635022370216914,0.1809810154163907,0.808,0.17045820602130016,0.7,1.0410862231254578,0.042867460888061815,0.13654131037916484,0.15050423547928174,0.8724999999999999,0.1707154064517904,0.8125,3.7462003135681154,1.2064112816560184,0.15310336551786535,0.14035418034125452,0.87,0.14885275562495598,0.7857142857142857,3.6501818084716797,1.923296908656367
E3J571,0.24684597956545437,0.19977873543557062,0.8223529411764706,0.16885529522832146,0.7647058823529411,0.9898090696334839,0.04055879144652443,0.21062200933761355,0.15745561821222576,0.822857142857143,0.18550170984047962,0.7142857142857143,2.6655627131462096,1.054363691486692,0.2636399922936189,0.1537029066264745,0.78125,0.1721146057137511,0.6875,2.4504174757003785,1.4537701091576338
A0A1X0A2U5,0.24698386932905436,0.29436692161368144,0.78,0.2360277333473567,0.5454545454545454,1.1149741458892821,0.029727932150297842,0.23688789958266915,0.2550447633043125,0.7941176470588235,0.21820278812931065,0.5882352941176471,4.571455240249634,2.130199809787226,0.2592809183959304,0.28239101054027616,0.7424999999999999,0.2599879804914066,0.5625,4.572906157970428,1.9935102350531146
A0A1X1V443,0.24716831118941138,0.20940572060027074,0.805,0.1840516231930596,0.5833333333333334,1.0623059713840484,0.03626831767565602,0.2104614461572093,0.18299236521519766,0.8105263157894737,0.1993007165648651,0.6842105263157895,2.9939900922775267,0.9350768723779713,0.21405337315189363,0.17601432456702784,0.8200000000000001,0.18055470085267789,0.6875,3.4095310401916503,2.0535852085286965
A0A9X7WHR6,0.2471701348505444,0.18561896987389762,0.7766666666666667,0.2155355088043628,0.6666666666666666,1.100721596479416,0.054251815619660165,0.20790588728317505,0.16653201561203784,0.7788235294117647,0.21193457239388416,0.5882352941176471,3.359269995689392,1.1139929241586524,0.22339822518312555,0.1877809673724846,0.802857142857143,0.19753584019935547,0.6428571428571429,3.563667073249817,1.8060310903450911
A0AAW5TB85,0.2484289055744109,0.2556404086142399,0.7727272727272727,0.23249988891848405,0.5454545454545454,0.9824857711791992,0.033349456088066595,0.21810970377761618,0.2002709708536909,0.7825,0.2129407194502733,0.625,3.201006979942322,1.3551260998084589,0.23346741993836445,0.21039592888798062,0.7630769230769232,0.2103251920016538,0.5384615384615384,2.854895234107971,1.4988008857790616
A0A1Y0C5T9,0.24867382095977789,0.21094919660265601,0.7833333333333332,0.2272785857830771,0.6666666666666666,0.9409168612957001,0.0375949243186683,0.1989543786762187,0.21844114523833869,0.8322222222222222,0.2001265032022261,0.6666666666666666,3.3534715008735656,1.6050152086063298,0.16312285483959585,0.16908900450237863,0.87375,0.16135655394188364,0.875,3.1238586378097533,1.4156520756486772
A0A7I7QP40,0.24869027053554227,0.21611886241802844,0.7766666666666667,0.209576292128242,0.5833333333333334,1.0900874078273772,0.04046146489434544,0.23575757428541547,0.1998954296644043,0.7933333333333333,0.20566577911362088,0.6666666666666666,3.7370032453536988,1.9123041132256104,0.24796229640234457,0.22050709239263228,0.7722222222222221,0.23229663879415416,0.6111111111111112,3.829188280105591,1.9857888389195377
A0A1A0RF29,0.24869828964598065,0.17383877641453158,0.7942857142857144,0.19070224681103132,0.7142857142857143,1.1320729756355286,0.04121707060871045,0.2531628376550937,0.22174667941601417,0.7442105263157895,0.226792643282562,0.5263157894736842,2.996719262599945,1.1649636992684802,0.23113074266610195,0.17464103752190108,0.7853333333333333,0.19148077942417324,0.6666666666666666,2.9754342889785765,1.9464017762365589
A0A1E3S0K4,0.24887389537759572,0.2271208980291742,0.7985714285714286,0.20597701476680572,0.5714285714285714,0.9201832461357117,0.031593072993693606,0.20559491633267257,0.21807533991629588,0.8133333333333334,0.2082733246908441,0.6666666666666666,3.013891134262085,1.05365783513011,0.12467408284346083,0.12380003049543557,0.904,0.14202347223845313,0.8666666666666667,3.185134406089783,1.4273751667330934
A0A1D7VWY6,0.24899858782930523,0.16805643846410145,0.8184615384615385,0.16631046749267808,0.6923076923076923,1.0145808577537536,0.026111623903361934,0.21785975132943425,0.17705732927772008,0.78625,0.19605085437202255,0.5625,4.025185337066651,1.2016878852011343,0.21555332820548012,0.1836085480556142,0.8015384615384615,0.1986820480391164,0.6153846153846154,4.962744784355164,1.516901851747813
A0A975JWU9,0.24910807334875362,0.17211477107123824,0.8085714285714285,0.1831025139429956,0.7142857142857143,1.0747018706798555,0.042099745745419186,0.2408460299278515,0.1907962139683057,0.7710000000000001,0.2193148421790007,0.65,3.5625276732444764,1.416428685968697,0.2541915803434418,0.17240874077202378,0.745,0.21089096708963143,0.5625,3.023952553272247,1.7831774791340258
A0A1A2ZG36,0.24963106500739224,0.19584475275530747,0.8160000000000001,0.17106723824274475,0.6,1.0512027370929717,0.038710345305726986,0.18546068459682474,0.17945877151845444,0.83125,0.18801180149128935,0.75,3.23872287273407,1.1779676416690712,0.2109819170052973,0.16877977847860465,0.8305882352941177,0.16422619223051135,0.8235294117647058,3.3337571668624877,2.352560840086529
A0A0U1DUP4,0.24966395578984066,0.20782453052413624,0.7933333333333333,0.20171487027209692,0.5833333333333334,1.003126573562622,0.03141505641018653,0.19066477810668592,0.16724372222800113,0.8482352941176471,0.17557419394049534,0.7647058823529411,3.304490821361542,1.117158093554697,0.20787693299026894,0.1694778168929765,0.8153846153846155,0.17994081867339626,0.6923076923076923,2.7865131664276124,1.500587707060269
A0A0D1L7Y1,0.24968714438709316,0.22140372314507223,0.8046153846153847,0.1879695304529386,0.6923076923076923,1.033449331521988,0.040125436559852436,0.2283073440734304,0.1824557672297693,0.7939999999999999,0.19350452191098788,0.65,2.918390111923218,1.1398923505038372,0.19349814260835596,0.157100538807403,0.8188888888888888,0.17555907169474605,0.6666666666666666,3.621495704650879,1.4908979475006496
A0A2A2ZGB2,0.24969513345884578,0.22689549796754946,0.7833333333333333,0.22343281366491857,0.5833333333333334,1.016503894329071,0.04336146263469618,0.26113043517259404,0.27910620960031973,0.7823529411764705,0.22206330342189273,0.7058823529411765,2.973976557254791,1.0758320459524162,0.1497562689822827,0.13104701020624682,0.86,0.17435595774162693,0.7857142857142857,2.2671564650535583,1.6535456845085004
A0A5S9NMT1,0.24970587255208163,0.23861318281159224,0.7888888888888889,0.22273274690357026,0.5555555555555556,1.0452961075305938,0.03356427217140175,0.2448181557909105,0.21728333962943813,0.7825,0.19491985532520797,0.5,3.700908327102661,1.381529832483901,0.2812579510051392,0.24124741697970759,0.7727272727272727,0.20806864728610863,0.5454545454545454,4.617139041423798,1.789808905947246
A0A1X1VXW9,0.2498331280856764,0.2172202583314821,0.7742857142857142,0.2117179486862613,0.6428571428571429,1.090315065383911,0.0375271476660204,0.20842908241133537,0.18861926427577363,0.813,0.19393555630672782,0.7,3.3111370635032653,1.3363654096354682,0.19539180197829045,0.13215132706660235,0.812857142857143,0.18801324312887308,0.6428571428571429,3.454902400970459,1.9860182619124054
A0A1X1RGM6,0.2505667233011912,0.18493661433002093,0.7813333333333333,0.21007511883979874,0.6666666666666666,1.0215500235557555,0.02897174653230054,0.2429440681790481,0.22994329365331614,0.7714285714285714,0.2168669926867775,0.5714285714285714,3.1666860961914063,1.201096059631685,0.21637744031095746,0.22106666280968654,0.81125,0.2125992415320431,0.6875,2.6490453934669493,1.7705505805595376
A0A8H2PI19,0.2505678873256985,0.21510198772153497,0.7883333333333332,0.22082547155817167,0.6666666666666666,1.0026335048675536,0.04101394602740636,0.2177994216710105,0.20968954574570667,0.7917647058823529,0.2169368380324138,0.6470588235294118,3.1987277483940124,1.4419959482359301,0.16182749690121098,0.13700717715536448,0.8214285714285714,0.18646551358120364,0.6428571428571429,2.6890964913368225,1.875802279084278
A0AA42BYT1,0.250653346821274,0.1968358975713129,0.8015384615384615,0.19013542355368931,0.6153846153846154,1.0562164330482482,0.03741143724327193,0.2074755839512183,0.18124815674588327,0.8177777777777778,0.18449798419722502,0.7222222222222222,3.082555160522461,1.1035001289035544,0.17955189413943493,0.14298395412149564,0.824,0.1856448221739567,0.7333333333333333,2.4233558440208434,1.4734780931201517
A0A0N9YG13,0.25065720934344643,0.22291889052912983,0.8000000000000002,0.2177154105707724,0.6666666666666666,0.9665055119991303,0.04072136750280281,0.16142876492847696,0.1951394569259554,0.8536842105263159,0.19510349551255823,0.7368421052631579,4.050284271240234,1.420592324194275,0.2534436677671635,0.23336886287815073,0.8346666666666668,0.16930708457973306,0.7333333333333333,4.149007613658905,1.5159366262511818
A0A1S1LPM2,0.25095854587966654,0.27445953430633185,0.7939999999999999,0.2325596697624074,0.6,0.9772626757621765,0.032176386220631376,0.1930572123279085,0.26601197213763816,0.8306666666666668,0.22531360860414584,0.6666666666666666,4.0549489569664,1.5281560863165824,0.2413643909650367,0.29888993341044723,0.8066666666666666,0.2372527953236566,0.75,4.422351040840149,1.6560278546378409
A0A4Z0HRY8,0.25155711524683383,0.17416456843439335,0.7953846153846152,0.18181204938555404,0.6923076923076923,1.0783080220222474,0.038364644463761026,0.2256617980996396,0.19611035845475638,0.7670588235294117,0.22396860877422747,0.5882352941176471,2.9150200724601745,0.9183471829835476,0.1946253844449389,0.15767588231489924,0.7986666666666665,0.20829039557523743,0.6,2.8302673435211183,1.8562842513357256
A0A1Y0CFN4,0.25178785869877374,0.21482594012566655,0.7907692307692307,0.19048365722192295,0.6923076923076923,0.9920730376243592,0.035812910862803436,0.21486091074276542,0.18477489740756806,0.796,0.19632625906892842,0.65,2.891886329650879,1.0399004894965167,0.19562753605828725,0.17470792978968253,0.8164705882352941,0.192107236488943,0.6470588235294118,4.481893208026886,1.7413375626240988
A0A124DZH3,0.25189337256269967,0.27141795768380145,0.7618181818181818,0.23205869875835614,0.5454545454545454,1.0794354283809662,0.03734546332091171,0.2584265309264519,0.2651291535952867,0.7642105263157895,0.22965227237061284,0.5263157894736842,3.4901146149635314,1.6668468910631753,0.2681444997509891,0.2990139864159977,0.73875,0.2544080138281811,0.5,4.678077387809753,1.8932472163768619
A0A7I7X9S2,0.252146951430076,0.1654963513384857,0.7771428571428572,0.18956448474740997,0.6428571428571429,1.068745687007904,0.039923456103483995,0.194913070354521,0.17060415350179778,0.8029999999999999,0.1992260023189744,0.65,3.266283197402954,1.362218911519357,0.2411735571020728,0.19707317179961764,0.7826666666666667,0.20885295199148024,0.6,3.900527582168579,2.003412608462133
A0A7I9YES0,0.2521780920524064,0.20718212658442492,0.8016666666666666,0.19381405751103015,0.6666666666666666,1.0324349594116211,0.030730138296582946,0.1854595109040829,0.15874444680549557,0.8140000000000001,0.19173940648703383,0.65,3.1366630601882934,1.1374608109809345,0.15396871990896682,0.11800162660081218,0.8706666666666666,0.14892802139139416,0.8,3.762944893836975,1.6111768672317746
A0A0K0XB28,0.2524360995726395,0.2366643872547847,0.795,0.21246568350363468,0.6666666666666666,1.076553521156311,0.029863987427242823,0.26002184250526583,0.24315642364806728,0.7866666666666666,0.21819461241948412,0.6,3.5552307844161986,1.1491156598086212,0.23637895922368987,0.18677992241096808,0.783076923076923,0.18906183829166806,0.5384615384615384,3.3581675052642823,1.744658056682892
X0Q040,0.2526027926827104,0.23185857418854322,0.7957142857142857,0.20924060947402448,0.6428571428571429,1.026214784383774,0.04200948987562364,0.21853398309162123,0.2152107090642825,0.7842105263157896,0.22342585699378484,0.6842105263157895,3.559548943042755,1.6411447402935282,0.2246496525146865,0.1852739445257221,0.7764705882352941,0.19896618620407627,0.5882352941176471,2.53370525598526,1.536186421127622
A0A024JWI0,0.25267029437296407,0.22007259850841054,0.806,0.217632718128502,0.7,1.0899304366111755,0.040451984562324995,0.20577840142669024,0.1481329540965738,0.8162499999999999,0.18989717612434365,0.75,3.7260211753845214,1.2625509487300524,0.239863213148249,0.15832834962596007,0.7942857142857143,0.18196209517817893,0.7142857142857143,3.57969309091568,1.9351782853827757
A0A8E2LPD0,0.25302902052102333,0.19636616603139284,0.7723076923076923,0.21690670969349743,0.6153846153846154,1.1580885744094849,0.04764481299456292,0.21570378728317932,0.18234495302487988,0.7899999999999999,0.2048576741707927,0.6666666666666666,3.3642242217063902,1.307455752100166,0.14740937776849153,0.12324950665713624,0.8658823529411765,0.15335690105223834,0.8235294117647058,2.604287497997284,1.7428863111044681
A0A7I9Y2B3,0.2530846371345696,0.20707782976990197,0.7854545454545455,0.20943055418155537,0.5454545454545454,1.0971101927757263,0.04513722009683375,0.17870158569568637,0.18263732633327115,0.8294117647058823,0.19258216239661555,0.7058823529411765,3.3883375573158263,1.190906822538469,0.21308201550520292,0.19391205499306544,0.8,0.19052558883257648,0.625,2.9371307778358458,1.7927323885869533
A0A7I9WQZ1,0.25319306794477636,0.2659489739192081,0.8163636363636364,0.21638655340817223,0.7272727272727273,1.043105981349945,0.04015497652083938,0.16786418986009327,0.24042651061545728,0.8599999999999998,0.21195828785276052,0.7368421052631579,3.631849446296692,1.2059943159762236,0.14394722120170336,0.15492421715749427,0.8653333333333334,0.1839516844778058,0.7333333333333333,3.0524567127227784,1.474157858474654
A0AA90NQ91,0.2532744909551255,0.24043866956290771,0.81125,0.2243845750046112,0.8125,0.9907415282726287,0.04158052135634873,0.18984391327084163,0.16633428681245388,0.842,0.17548789132017054,0.75,3.397825701236725,1.2553596649618306,0.1849343200498988,0.1816831183657744,0.8300000000000001,0.19091883092036782,0.6875,3.5840603494644165,2.1492465728832295
A0A6H0S7C9,0.2533199992273602,0.21185320001706365,0.8066666666666666,0.20121851030382093,0.6666666666666666,0.9449681651592254,0.047213420838880304,0.1826595135917393,0.20576930083386577,0.8366666666666666,0.20013884069704102,0.7222222222222222,3.1100244235992434,1.1486967938905928,0.14845298666545342,0.1605426619192691,0.8712500000000001,0.17334485138013184,0.75,3.1403967785835265,1.6838775892222744
A0A7I7S1X3,0.25393645659822367,0.23196176064765728,0.8016666666666666,0.20727732362438708,0.75,1.0955690193176268,0.03705732372904773,0.21511412953380968,0.20306915288654448,0.8122222222222222,0.1848890224358492,0.7222222222222222,3.0952416276931762,1.447287854072233,0.2173735558420922,0.21306399865226258,0.7962500000000001,0.19094747314379418,0.5625,2.32783549785614,1.7635962924598807
A0A1A3BWY5,0.2543449006309638,0.1792309225213698,0.7850000000000001,0.22001893857878083,0.6666666666666666,1.0868076467514038,0.034396820808644785,0.19311641963065046,0.18799896505752084,0.8305263157894738,0.18551418400050698,0.7368421052631579,2.5031232976913453,1.0666194875519752,0.20632743726840524,0.1633640337966238,0.7887500000000001,0.20111796911265786,0.625,2.7242588567733765,1.9028062237699248
A0A7X6MIZ0,0.254466943752306,0.26128036258488757,0.8,0.22048896710580468,0.6153846153846154,1.043456939458847,0.034420914614672206,0.18323844274827908,0.22633500967802,0.8305882352941177,0.21802510886795998,0.6470588235294118,3.769057216644287,1.3381524212482914,0.20276705073707735,0.20663353597498574,0.8613333333333333,0.17149797536867764,0.8666666666666667,2.866616339683533,1.6879195662179602
A0A0U0ZGC0,0.2546101691152025,0.2629257583257126,0.7959999999999999,0.20567936211491908,0.7,0.9523258125782013,0.03424824168349871,0.19346222748260214,0.26616386851534074,0.8128571428571428,0.22723268663982082,0.6428571428571429,4.287045311927796,1.2147310114429934,0.2748593907965464,0.23943687272051922,0.8028571428571428,0.19181198277139483,0.6428571428571429,4.767096424102784,1.931664154249382
A0A1A2SKN5,0.2546686676689159,0.21862147255879835,0.7872727272727272,0.21170695480012885,0.6363636363636364,1.0750774669647216,0.037274078833514225,0.23085678095858886,0.18847659121419616,0.79125,0.19646485054584192,0.75,3.26535129070282,1.108307362073673,0.20248440010787108,0.14915203298559118,0.8213333333333334,0.1773082689053791,0.7333333333333333,2.9173071694374086,1.7353112851252925
A0A2A3LDA8,0.2549371726357142,0.21738770332728796,0.7883333333333334,0.19603712800272186,0.5,0.9423588240146636,0.03628705645610265,0.26664154584536087,0.2578284874069426,0.7822222222222222,0.20470997249647166,0.6666666666666666,2.9719142603874205,1.121123902394257,0.15768319061809782,0.15321801148695133,0.8474999999999999,0.18826510563564347,0.6875,2.5102360701560973,1.8353117471163982
A0A6G9YM63,0.2550438206454771,0.22678578093816112,0.7672727272727272,0.20771881820869414,0.5454545454545454,1.018996844291687,0.036337662339601506,0.16471821911797144,0.19035755064722093,0.8400000000000001,0.20499641316804718,0.7058823529411765,4.246927962303162,1.5759443805153166,0.27203075835248497,0.22869520336583904,0.7528571428571428,0.21160706751053512,0.6428571428571429,3.095741403102875,1.6288817109525926
A0A045K2P5,0.25532041554727525,0.23312952529852682,0.7783333333333333,0.21991791397903193,0.5833333333333334,1.0273745083808898,0.04296779428976582,0.27381228101012745,0.23550854977627553,0.7855555555555556,0.195937127734106,0.6111111111111112,3.3477124905586244,1.6572153446563456,0.2599082017611207,0.20106419977989795,0.77125,0.1932574384079433,0.5625,2.7063057041168213,1.6612639119614363
A0A6G9ZF28,0.25583250104555094,0.23722723636585222,0.8171428571428573,0.1852962327667538,0.7142857142857143,1.0240904080867768,0.02873717907830869,0.23673424282403618,0.22074326032686645,0.7894117647058825,0.21856404602434698,0.6470588235294118,3.8281956720352173,1.400739021096875,0.25410603404310533,0.23978717365780403,0.8114285714285714,0.19981624211320984,0.7142857142857143,4.696527705192566,1.8144188579571785
A0A543EXG0,0.25593191021629397,0.2677045502889314,0.776,0.2399666643515303,0.6,0.9299875390529633,0.038345350474164396,0.2747929627359351,0.21527756333250023,0.735,0.2074246851269154,0.5,2.6037748765945437,1.1974725537875186,0.2483320223726309,0.2120005023147082,0.7626666666666665,0.2035507034841415,0.5333333333333333,3.1505530667304993,2.1398029758723522
A0A7I9YMY6,0.25593343958179265,0.262865797347837,0.8183333333333334,0.20485089428383976,0.75,1.021653460264206,0.04724804630092159,0.2695701527696876,0.20894505494645285,0.7452631578947367,0.21470588012080327,0.5263157894736842,3.687795023918152,1.2620051248115391,0.2526836313628303,0.20478510698695343,0.7555555555555555,0.2123472581049526,0.5,3.7748450756073,1.9226465326106887
I7C367,0.2561875839259503,0.2048936342478737,0.8160000000000001,0.19365949499056326,0.8,0.894985877275467,0.05351975976743155,0.29637605294842756,0.23711218273677648,0.71375,0.24563374666360482,0.5,3.5258714938163758,1.0734328096667762,0.27616455176904703,0.206394959416618,0.7461538461538463,0.2153186712236419,0.5384615384615384,3.5334559416770936,1.463084089294055
A0A4R5X5Y0,0.2566777010853193,0.2183160145883681,0.7923076923076924,0.19207986504632135,0.5384615384615384,0.9941926407814026,0.032233523614128796,0.16881112346671068,0.18804375970070158,0.8557894736842107,0.1795408116476346,0.7894736842105263,2.7553194785118102,1.2836250946553844,0.16173225018853105,0.175085549267957,0.8386666666666666,0.1832254227872201,0.6666666666666666,3.115500831604004,1.570814040615798
A0AB74FGQ8,0.25700268645456864,0.24399209469737387,0.7909090909090909,0.21411358690931678,0.6363636363636364,0.9473088312149048,0.04046891942635581,0.18323945605052971,0.19285402633478346,0.852,0.1659397481015323,0.85,2.609175021648407,1.3737414050710144,0.23258940267840522,0.20850386654354677,0.8094117647058824,0.18975124856553627,0.7058823529411765,2.9366580057144165,1.67038054105208
U5ELY0,0.2572002208342879,0.21121829574348872,0.7371428571428572,0.22307681481077868,0.5,0.9448221111297608,0.038201030107940466,0.2723892031036613,0.20665800971295634,0.746,0.21176401960673108,0.6,2.7587634706497193,1.062928904332265,0.23042960947528085,0.18520737060725434,0.7853333333333334,0.17775888788531002,0.6666666666666666,3.4873286175727842,1.8562380244400742
A0A1A1WCB1,0.2572380541840244,0.21849670979983146,0.7584615384615385,0.21230769230769228,0.5384615384615384,1.1394817376136779,0.041908284988700736,0.21911944700703906,0.18350582587557063,0.7999999999999999,0.20117303058634406,0.7058823529411765,3.6047303819656373,1.2998456940084517,0.20563434508270775,0.1328509396871728,0.8171428571428573,0.17235464150692195,0.6428571428571429,3.2714333391189574,1.999010545968759
A0A8H2PIF1,0.2573732030708411,0.252166022049336,0.7822222222222224,0.2511209437602959,0.6666666666666666,1.010764193534851,0.03846703170371973,0.17212520591786226,0.19636577749355433,0.8341176470588235,0.2075928941187085,0.7058823529411765,3.878925018310547,1.3969939137200633,0.16618758949496237,0.18496459622106667,0.8230769230769232,0.21538461538461537,0.6923076923076923,3.6932131481170654,1.9396692872289634
A1T887,0.25741631563748757,0.2578960206955984,0.7833333333333333,0.21382755253292832,0.5,0.953282722234726,0.0424232472554479,0.15646587782548096,0.22778666097381045,0.8564705882352941,0.20155107881190368,0.7058823529411765,3.2876190996170043,1.1282560933439094,0.19748293460304442,0.2065838789057414,0.856,0.1717672844286711,0.8,3.489150278568268,1.5440846348584991
A0A1H9X129,0.2575498291760566,0.21824135891117427,0.785,0.1956399754651385,0.5,0.9449467790126801,0.033462334138393744,0.2188424377581916,0.2442249915301834,0.8033333333333333,0.2235819511697867,0.6666666666666666,3.673903393745422,1.3732387158762644,0.16055524516578357,0.23757914679620784,0.8969230769230769,0.16526829540917892,0.7692307692307693,4.136715602874756,1.695313378477946
A0A1X0FY05,0.25760915873914675,0.19693795478833642,0.7872727272727272,0.20185912770547812,0.6363636363636364,1.0772343492507934,0.03454271941991652,0.18024257218603693,0.155071847938815,0.8221052631578948,0.19038959910137784,0.7368421052631579,3.8423131132125854,1.4641175958623986,0.19429712293617196,0.1608082840575336,0.83,0.17073371078963873,0.75,2.795823791027069,1.892648912617151
A0A1B9CX42,0.25793792889549233,0.2143849664856153,0.7727272727272727,0.20806864728610858,0.6363636363636364,1.133499995470047,0.05476567214769961,0.21563720718239437,0.18603730050864753,0.8211111111111111,0.1704206850019774,0.7222222222222222,3.8048193430900574,1.5972303608940195,0.18180907874759367,0.1276968091092974,0.86,0.13643069058438917,0.8666666666666667,2.8580729079246523,1.6863088880711246
F5YUX6,0.25828985300675156,0.16870231742701014,0.8016666666666666,0.16400372624493087,0.75,1.0646108102798462,0.032146143673053004,0.16966829287511392,0.171784521080338,0.82,0.20784609690826528,0.75,3.4170227575302126,1.2526915206039901,0.20075567125556396,0.17411674845092123,0.815,0.17727097901235836,0.6875,3.9767761397361756,1.7721267222211539
A0A378TAR8,0.2584004851711974,0.2285547405515001,0.808,0.20202970078679028,0.6,1.1024179148674011,0.044925050760909656,0.18474133536418225,0.19967014338578015,0.8294117647058822,0.21222825082874094,0.7058823529411765,3.8980627727508543,1.397634929380941,0.16932621792541905,0.1452867130014359,0.844,0.1717672844286711,0.7333333333333333,3.6580810070037844,1.587949536433885
A0A2S8BEG5,0.25851739234975457,0.25833404635885365,0.833846153846154,0.18083304929126293,0.7692307692307693,1.1002549564838409,0.045192715696776596,0.20842070804881338,0.23588654143664542,0.8309090909090909,0.21051687669139693,0.7272727272727273,2.5879251837730406,0.9318186572340657,0.2447347772126335,0.25553620686038686,0.782,0.23519353732617737,0.6,3.3751177167892457,1.8456372343800136
A0A4R8S6S5,0.2585218666326573,0.268433726362747,0.78,0.2220565038657749,0.5454545454545454,0.9426051414012909,0.039280813517932375,0.1766819051727673,0.26280136758253114,0.845,0.21465087933665683,0.6875,4.402434778213501,1.5163862070363139,0.21150855825618384,0.26945570510177774,0.8428571428571427,0.2087865817879441,0.7857142857142857,3.8605247735977173,2.071628705292867
A0A317N4Q8,0.2590891835539547,0.18959969157474763,0.7685714285714286,0.18878775470493475,0.6428571428571429,0.9356019341945648,0.03818931056322699,0.23756404686956833,0.19082747948710505,0.7547368421052632,0.19913942275524166,0.47368421052631576,2.7698186898231505,0.8522418439259651,0.24040110845958104,0.19749078794197467,0.7586666666666666,0.20726365388611245,0.6,3.3808594131469727,1.908002661908881
A0A255DTC1,0.25957519172970345,0.22970713585638006,0.7933333333333333,0.2028683207293725,0.75,0.9621340572834015,0.033642813909680415,0.20294888248370763,0.17266888235117642,0.8255555555555556,0.18218495553884614,0.7222222222222222,3.0256524157524107,1.2481775005189357,0.18303860031873276,0.1691402358801035,0.8574999999999999,0.16199922839322414,0.8125,2.4815298557281493,1.277213959605055
H8IU56,0.2598228975323475,0.2064004654403201,0.7945454545454546,0.18252589536648997,0.5454545454545454,1.062231456041336,0.03615999092398865,0.21941121540882313,0.16577760817675904,0.80375,0.19068544123765716,0.75,3.219877383708954,1.282565536616799,0.16181612908561469,0.14837867900485846,0.8623529411764705,0.1579102280994119,0.8235294117647058,2.939935154914856,1.5541090574246916
L7V8G3,0.2598811483364599,0.22518264356128279,0.8,0.18464102386064613,0.6923076923076923,1.0710508084297181,0.03280669462991412,0.28546354670937646,0.21176161083154227,0.7340000000000001,0.22209007181771992,0.55,3.351338028907776,1.1422443680619283,0.26509456418373456,0.2254747185943115,0.7458823529411764,0.23026988829043016,0.47058823529411764,3.6376397967338563,2.208157490709363
A0AA91EXD2,0.2599854481106068,0.19634974112103945,0.7766666666666667,0.20507451220362702,0.6666666666666666,1.0477648043632508,0.04533063079303592,0.20710198205680946,0.18337862499119095,0.785,0.21266170318136737,0.625,3.7823627376556397,1.5195344158272797,0.20349997532374334,0.15468698484712973,0.822857142857143,0.16917567249242813,0.7142857142857143,3.3188523125648497,1.7044624564402093
A0A1A0V6S5,0.26029405392966604,0.21222696859333534,0.7753846153846153,0.20623419788846425,0.5384615384615384,1.057794634103775,0.03132058740550269,0.21944815757514474,0.19163575175045447,0.8044444444444445,0.19782770905294284,0.7777777777777778,3.2036905479431153,1.2861630944800637,0.16523352057567253,0.13859431697586377,0.8442857142857142,0.17634034809806556,0.7857142857142857,2.6098198986053465,1.3252309362784218
A0AA91M3B5,0.26046853646103013,0.21507444650209562,0.7633333333333333,0.21131861147460618,0.5,1.1283021426200868,0.04996521784411296,0.18262767760863974,0.18278941056527082,0.8144444444444444,0.21090340659548446,0.6111111111111112,3.3386631083488463,1.0482385625659272,0.21451245230744698,0.1452153611273638,0.8107692307692308,0.16781223657874927,0.6923076923076923,3.358617718219757,2.0609381544594245
A0A2N8PI87,0.26067761539352274,0.23735558563207226,0.772,0.22666274506411502,0.6,0.9349673771858216,0.041249175170951745,0.266961230261491,0.243191942253067,0.72,0.25418844329725604,0.47058823529411764,2.9119149160385134,1.2824626394391347,0.247851843813279,0.22261771495252722,0.7552941176470588,0.21817741423677425,0.47058823529411764,2.558642554283142,1.7357348941352662
A0A498PZU2,0.26118633765019467,0.20573344302681104,0.7599999999999999,0.21571586249817912,0.5833333333333334,1.0951832818984986,0.03841636661223074,0.1792479146123023,0.16575853699620038,0.8063157894736842,0.21126711768245054,0.6842105263157895,2.8362273502349855,0.8277554204637145,0.20049588740197125,0.15681037237836598,0.804,0.19801683430119435,0.7333333333333333,3.0546192169189452,2.1593529935583424
A0A1A3TXF6,0.26121277856200936,0.19541385978714,0.7483333333333332,0.21732592011896684,0.5,1.0288180756568908,0.032164390704724356,0.18860830684994992,0.1586545076159973,0.8044444444444445,0.20150054376056276,0.6666666666666666,3.261604144573212,0.9556951779943156,0.1813746569435559,0.1401037909123113,0.8466666666666668,0.1569146972791976,0.8,3.732751338481903,1.902726849365065
A0A557XZJ5,0.261247828474279,0.2134259092720732,0.7492307692307691,0.22154914504154385,0.46153846153846156,1.043407450914383,0.023373420611718505,0.18153151292760425,0.1639871287034331,0.8100000000000002,0.18455351527402558,0.7,2.7504584908485414,1.1426622655904681,0.18210808517560315,0.16678120010331104,0.8105882352941177,0.19609333276710184,0.6470588235294118,3.17197523355484,1.5068635410950884
A0A1X0ED97,0.26170067125899854,0.19734225489920595,0.7753846153846153,0.20383309101832028,0.5384615384615384,1.1561540532112122,0.035930722311934456,0.24633158806733402,0.17938662835112784,0.77,0.20124611797498107,0.6111111111111112,3.740560836791992,1.3354502804614794,0.25155749294121826,0.1578231847793166,0.7599999999999999,0.1974504157166215,0.6,2.8314001321792603,1.5545225264284819
A0A9N7QNJ2,0.2618636183766386,0.22780033591011226,0.7749999999999999,0.20625631303469638,0.5,1.0533258509635925,0.03661403052550319,0.27637279205223997,0.2290589814628324,0.756,0.2344866733953126,0.6,2.9193936610221862,0.8813095829103862,0.2507843822775855,0.19166634918799452,0.7870588235294117,0.18508391438296792,0.5882352941176471,3.1797910046577456,2.1658033840978135
A0A179V451,0.2622526237468974,0.2838526923157638,0.8288888888888889,0.20091150315192366,0.6666666666666666,0.9952424895763398,0.03604429318524167,0.20090767071033122,0.27081507251249903,0.8353846153846155,0.21628383717895347,0.7692307692307693,4.03802494764328,1.3182330943536231,0.19236546409786248,0.24685081342743184,0.862857142857143,0.18591198268568504,0.7857142857142857,3.901190757751465,1.6304458842984342
A0A0Q2RTZ0,0.26270559752270184,0.18926426381976855,0.7716666666666666,0.20871964183777456,0.5833333333333334,1.1061349487304688,0.039555580112451125,0.20490901193713068,0.18102019563324373,0.785,0.21903196113809506,0.625,2.984935622215271,1.2688217176676007,0.21456997510777398,0.15399160527075598,0.8215384615384617,0.1715919199212146,0.6923076923076923,2.972396869659424,2.1928309054482025
A0A9X3C2T0,0.26286194681110686,0.26883032098477866,0.8,0.25091831340099513,0.7,0.9631632483005523,0.03503496139075859,0.15468667158916272,0.20639887438994053,0.8658823529411765,0.19180439863475535,0.8235294117647058,3.6170442152023314,1.3574188015767896,0.21295178363163933,0.24762254004682602,0.8171428571428571,0.2036603815679627,0.7142857142857143,4.127023205757141,1.9112027677692196
A0A1I6DEK9,0.26295622212274367,0.23398434631156462,0.7853333333333334,0.21472049014681596,0.6666666666666666,0.827376354932785,0.031903839411739486,0.17408484170723992,0.21092929536959168,0.8588888888888888,0.2036851843433578,0.8333333333333334,3.130219452381134,1.016725792056964,0.2385332774955419,0.26223438092641815,0.8013333333333335,0.21987471179944476,0.6,2.878931691646576,1.0971530695768117
A0A1W9Z9K6,0.26308869685395103,0.21629165404711503,0.7700000000000001,0.22412793965352318,0.5833333333333334,1.0438184833526611,0.032360816424993284,0.23119946653075185,0.19110426204475306,0.7975,0.19246752972904288,0.75,3.0902315759658814,1.1179310060710284,0.19498166249899362,0.1310117526294386,0.8262499999999999,0.16073561366417835,0.75,2.616910514831543,1.3566874221948642
A0A542XQI9,0.2631121104402377,0.21302428051215688,0.7866666666666667,0.1796910929592474,0.6666666666666666,0.953808958530426,0.028465197626820735,0.22660420491473002,0.20151958513090926,0.791578947368421,0.19577815473789761,0.5789473684210527,4.193689701557159,1.759475535209842,0.20941147545495936,0.19890696242233083,0.8079999999999999,0.1821061961237636,0.6666666666666666,3.4312777018547056,1.845294560611047
A0A1S1KKY6,0.2631622631961218,0.2110092201594115,0.7633333333333333,0.2141391032846536,0.5,1.133730056285858,0.037089454640043554,0.2274362819268008,0.2044476718947613,0.7694117647058824,0.2134443194574419,0.5294117647058824,2.834112730026245,1.1280059046787625,0.23883136103750388,0.1724164344010583,0.8,0.1834588315048988,0.7857142857142857,2.6241462635993957,1.5405353212084738
A0A6N4W3I8,0.2631983194233795,0.22349299836557057,0.77,0.22898325994127458,0.6666666666666666,0.9798109567165375,0.029076219118251572,0.19377846604677457,0.19163156330768402,0.8114285714285714,0.20223243850498726,0.6428571428571429,3.512562358379364,1.3687831926185976,0.21339139362248277,0.18474043687021496,0.8119999999999999,0.1920833152566875,0.6666666666666666,3.240756268501282,1.8253928740168566
A0A100WJQ5,0.2635346201245425,0.23634923641294994,0.7620000000000001,0.2368881592650844,0.5,1.1381258821487428,0.04145270107494996,0.25952658811377816,0.19260097599954829,0.7786666666666667,0.1913414632419109,0.7333333333333333,3.3673448538780213,1.045882140988991,0.22080507466061258,0.18094982893280126,0.7946666666666667,0.20231548520950038,0.6666666666666666,2.5775305914878843,1.7125087078678158
A0A0U0WCI8,0.26355615186222897,0.19805139144579254,0.7945454545454544,0.19671685403431255,0.7272727272727273,1.02464275598526,0.03521047201359131,0.23714321072121458,0.1631200928804213,0.7858823529411766,0.18796303840443837,0.6470588235294118,3.4086765313148497,1.5105719511288542,0.1429818715505074,0.1511241504519256,0.8674999999999999,0.17260866142809866,0.8125,2.6848392152786253,1.7782938470534377
A0A345I2A9,0.2635845965770285,0.234676298397336,0.8,0.21872356983187705,0.7,0.9527556896209717,0.03955700865156825,0.2578504543650456,0.2039365201225501,0.7552941176470589,0.21687940935158423,0.5294117647058824,3.405491580963135,1.3628403523319126,0.3131973694040599,0.22808264636588158,0.7146666666666667,0.23374820260746865,0.4666666666666667,3.468616240024567,1.8081665790151824
A0A1A0VUX0,0.2637082922087611,0.16744578076051242,0.7557142857142856,0.1988795143409441,0.6428571428571429,1.1243907237052917,0.03945186789782355,0.21461902923096401,0.19666007024618912,0.7863157894736842,0.21541173613914819,0.631578947368421,2.580671944618225,1.1850635293034313,0.1997865698673617,0.18096250446477832,0.7929411764705883,0.19571181412181335,0.6470588235294118,2.506845328807831,1.5444257284278637
A0A0J8TWL2,0.26380114168737223,0.2854400222413633,0.7927272727272726,0.25071138455823544,0.6363636363636364,0.9875413799285888,0.03135659891603727,0.1628028068458877,0.20817206216175496,0.8411764705882353,0.21381361737686058,0.7058823529411765,3.746405577659607,1.4856302936964667,0.2394352364251169,0.22123574884027067,0.8323076923076923,0.17966438139160582,0.7692307692307693,4.014532132148743,1.646450559567419
W9B0J1,0.2639049436024264,0.20492697664504228,0.7883333333333334,0.19857128582842878,0.6666666666666666,1.0508479940891267,0.038110949986494495,0.21030017774917906,0.22241667928864256,0.7975,0.23052928230487335,0.6875,2.7292931985855104,1.1963049572630386,0.21133750881116414,0.2288987507390453,0.8157142857142857,0.18286272312913882,0.6428571428571429,2.578694508075714,1.4753673009497466
A0A1A3GZZ6,0.2641821728801999,0.24532895553438164,0.7799999999999998,0.23893704001453833,0.6363636363636364,1.0671976161003114,0.04608207913349674,0.21278022195815316,0.1706240799345628,0.8070588235294117,0.1930487504989456,0.6470588235294118,3.5604516196250917,1.292837577660215,0.20111175971106024,0.1515854652997087,0.7971428571428572,0.19210966256016276,0.6428571428571429,2.943888096809387,1.923402952801052
A0A1I0U7E5,0.26423327312535266,0.2601005770730442,0.7492307692307693,0.24665333937022865,0.46153846153846156,0.972965601682663,0.029825380244746635,0.29083966742722583,0.21172611551147044,0.7494736842105262,0.18955553787494095,0.5789473684210527,2.9799120807647705,1.2510010728410188,0.3028295114284344,0.22369233050309914,0.7166666666666666,0.21179130188833428,0.5,2.7371971297264097,1.7252342180319784
A0A6J5A950,0.264743301155546,0.26317359602565193,0.7418181818181818,0.24022028458056355,0.45454545454545453,1.0475354957580567,0.03838749717656423,0.2587720081695604,0.2756895389340351,0.73125,0.2689766486147078,0.5,3.0628723311424255,1.6723433053556276,0.2359185432268968,0.2610346167841974,0.7599999999999999,0.25933247643388857,0.5333333333333333,3.354924261569977,1.7344922799319609
A0A378YSF8,0.26489920316662696,0.20833520973720646,0.8033333333333333,0.19163043135739746,0.75,0.9302600038051605,0.0408232608893966,0.24535398516205667,0.21439506206097636,0.7821052631578947,0.20156176922820565,0.631578947368421,2.851305372714996,1.0140709160822883,0.1613621661067825,0.16616459760518634,0.86625,0.17488835724541527,0.8125,3.4801407265663147,1.9305241778797713
A0A7V8RXZ7,0.2651623105888794,0.3170853779017687,0.7755555555555556,0.2506485415038849,0.5555555555555556,0.9863716530799865,0.03480972385119581,0.18201771420605597,0.26478896154029286,0.8314285714285715,0.22598537066611643,0.7142857142857143,4.16264434337616,1.2830622377588214,0.2523716914270618,0.25733108759578593,0.8214285714285714,0.20205576114588983,0.7857142857142857,4.867426962852478,1.859651907365247
A0A2U9PQ99,0.2652128245334006,0.22794424387313786,0.7815384615384615,0.20418114709346297,0.5384615384615384,1.0458697378635406,0.029872176327073372,0.2658185485208749,0.2211573088150876,0.7741176470588236,0.20599996640574858,0.6470588235294118,3.6152350330352783,1.3398910700811728,0.18696185662036427,0.16252973349216882,0.8546666666666667,0.1612396422168637,0.8,3.2755463671684266,1.7618164332305126
A0A4R1FWD7,0.2652866053123144,0.24007536326361642,0.7766666666666667,0.2214848878717362,0.5833333333333334,0.9730620634555817,0.038899778353655365,0.21704135573502206,0.19787958712741477,0.7977777777777777,0.20836814523966296,0.6111111111111112,3.167341237068176,1.323206442647385,0.15689068310169932,0.15147707666867413,0.83,0.19924858845171275,0.6428571428571429,2.6141789603233336,1.73651447350867
A0AAD1H459,0.26537394548653265,0.21693163109816171,0.784,0.214997674406027,0.6,1.084525864124298,0.044944211018335435,0.1736043604209584,0.18858937301303294,0.83625,0.1901602942256874,0.6875,3.6101488208770753,1.238617437313271,0.2056904873667434,0.13786658941247665,0.79625,0.1950921256740005,0.625,3.1931488919258117,1.8886548349569163
A0A498QQD7,0.26546089314879046,0.19663825927225784,0.7400000000000001,0.2253078701768679,0.5454545454545454,1.036625634431839,0.029768253553912744,0.20180095988963184,0.17273585466799832,0.791764705882353,0.20819208591269311,0.6470588235294118,3.432289204597473,1.2601960863860164,0.18893429848853233,0.11785681683889261,0.8414285714285715,0.15720128783810638,0.7857142857142857,2.984388246536255,1.8713922572629043
Q741P9,0.2655947505378879,0.2384443447436162,0.7800000000000001,0.1986621923433512,0.5,1.082802631855011,0.03402372822942333,0.2469567633908994,0.26364622395960946,0.8077777777777777,0.19540714065070383,0.7222222222222222,3.0403009939193724,0.9905882322083225,0.2510939787934893,0.24434733416604063,0.8028571428571428,0.19016641476907126,0.6428571428571429,2.3109592413902282,1.4469459315868198
A0A143QSN8,0.26563171102683875,0.25305742516060836,0.7666666666666667,0.2462158041682585,0.5833333333333334,0.9888460719585419,0.034443023267248934,0.2539428446447153,0.23279249095553248,0.7647058823529411,0.22881067558030496,0.5882352941176471,3.2121556615829467,1.462849785235658,0.26640217488228224,0.22116951484180464,0.7475,0.2124705861995961,0.5,2.6960728335380555,1.8101727698357706
A0A5J4LNN8,0.26608918519075647,0.19357378187987945,0.7323076923076924,0.2150546923693114,0.46153846153846156,0.9614296174049377,0.03249984023067348,0.22351202236274798,0.19404309399364555,0.7787499999999999,0.20278914541957122,0.625,3.65831689119339,1.4303034567813409,0.2428142682955147,0.18030383172956352,0.7642857142857143,0.188251893775877,0.5714285714285714,4.764790458679199,1.633256493815463
A0A1H7CJ42,0.26676685618120566,0.2505788559236347,0.7266666666666667,0.24639624816768438,0.4444444444444444,0.998528755903244,0.03271456377538257,0.2787746578658746,0.2497872920725476,0.72375,0.2391880797615132,0.5,4.535524835586548,1.6890027029845798,0.27025381262071974,0.25711945722881235,0.7506666666666668,0.24142539680452474,0.5333333333333333,4.38943204164505,1.5355349172204515
A0A1Y0C436,0.2670580059769321,0.2749311737476452,0.769090909090909,0.21798475949455923,0.5454545454545454,1.1379003238677978,0.03933785917120467,0.2873580697317431,0.27356614535803975,0.7577777777777778,0.2227992508354539,0.5555555555555556,4.122820672988891,2.0328634883572927,0.2856668966435873,0.2368207155976067,0.7424999999999999,0.21884640732714805,0.5625,4.431497297286987,1.7707523482258765
A0A7I7ZRH7,0.2673406655832863,0.22054814175564924,0.7784615384615385,0.22997813119599517,0.6153846153846154,0.9905537927150726,0.04016437043321857,0.19870833671205504,0.18253492475687058,0.8042105263157895,0.21161822102112107,0.6842105263157895,3.396307871341705,1.3643794139947742,0.21404958571485905,0.14458987840221824,0.8042857142857143,0.19988261861525078,0.6428571428571429,3.1656887102127076,2.073482530460321
A0A498PZZ1,0.2673592146311012,0.18226186637147462,0.798,0.1908821626030049,0.7,1.1080784058570863,0.03824749170062241,0.20841333032805962,0.19268367995073793,0.8053333333333332,0.20636106437234925,0.6666666666666666,3.349151141643524,1.0221712560876404,0.16931640563987768,0.1441133008780728,0.8384615384615386,0.1803349939949859,0.6923076923076923,3.4101546740531923,1.8529057858776208
A0A1Q9LN00,0.26757578166435786,0.2513703925300946,0.7533333333333334,0.22140962540554152,0.5,0.9757979726791381,0.04415113448323616,0.2422538926487413,0.2176350820865491,0.771764705882353,0.21995281028967387,0.5882352941176471,2.649933807849884,1.0586733127791614,0.2366164643668859,0.2054967574330897,0.772,0.18858066355452954,0.6666666666666666,2.5340698623657225,1.5795378727667393
A0A1R3Y1N0,0.2675763506805768,0.2002482684885572,0.8033333333333332,0.19180429841087734,0.75,1.025299186706543,0.045782573402602854,0.2551358991064933,0.22216050432113835,0.79,0.19498717906570165,0.65,3.53016211271286,1.6724910521272054,0.21942636197294338,0.21305048691020373,0.82,0.18291753204494032,0.7058823529411765,3.252568693161011,1.7861804047456318
A0A5B1BH70,0.26763216516074856,0.19856705125586782,0.7816666666666666,0.20338114192050574,0.6666666666666666,1.0400312006473542,0.03359995467092667,0.24905023358397804,0.1897814968009749,0.7652631578947368,0.19518866503577698,0.6842105263157895,2.600591678619385,0.72926355583723,0.20262405736176445,0.18054095454745894,0.8013333333333333,0.1895210337198017,0.6666666666666666,2.871746108531952,1.5327099508318671
X8CIS2,0.268357658278475,0.18149042657908993,0.7981818181818181,0.1781632643401287,0.6363636363636364,1.0957493233680724,0.03659209748955834,0.24154158529293443,0.19743652997572905,0.771764705882353,0.18573337291167893,0.5882352941176471,2.886886188983917,1.4877245925878493,0.21039784493895594,0.1823515488142634,0.8084210526315788,0.18562166269605998,0.6842105263157895,2.646092975139618,1.812866496299186
A0A1X0D333,0.268538668861897,0.21148913389522034,0.7733333333333333,0.2022100118413747,0.5,1.0240931844711303,0.03384614263813135,0.23468025183664715,0.21079270600704664,0.7988888888888889,0.1949897116627464,0.6111111111111112,3.0330572724342346,1.297259439431325,0.2382576272719607,0.23021136087906494,0.8013333333333333,0.1796985129475354,0.6666666666666666,2.7584738993644713,1.736620845951249
A0A1A0RF23,0.2688366247825602,0.28643078124940297,0.7727272727272727,0.23483421266505555,0.5454545454545454,1.1178001987934112,0.05033228477837752,0.280744812144205,0.2752747314679415,0.7741176470588236,0.23016768372158106,0.7058823529411765,3.550441460609436,1.3945040221682183,0.23314426621346646,0.2086037028226494,0.8323076923076923,0.17914986619088782,0.7692307692307693,4.7437200713157655,1.2963194153361575
A0A7I9XMW5,0.2694247081729632,0.22965798953557776,0.7472727272727273,0.23498900976586928,0.5454545454545454,1.0041717934608458,0.046600120578895995,0.17622806975704164,0.1892690423589878,0.8088888888888888,0.22183299245876362,0.6666666666666666,2.7322399497032164,0.9191859751854407,0.1857520749926534,0.16828545956063365,0.8013333333333335,0.20854629115751627,0.6,3.077022430896759,1.9304647171906943
A0A1S1M3C1,0.2699257796502656,0.26383387392414903,0.748,0.23395726105423612,0.5,0.963067764043808,0.02876670637658761,0.15511324643941815,0.2532070364607674,0.86,0.2079592720306777,0.7647058823529411,4.111694767475128,1.4159293694555823,0.20863413999006547,0.23385686360050156,0.8413333333333334,0.1865428160563205,0.7333333333333333,4.605007150173187,1.5299760480928417
A0A6S6NYQ7,0.2700076650393776,0.2214213375888655,0.8066666666666668,0.1796910929592474,0.8333333333333334,1.062772469520569,0.0276797536989069,0.24535962753994092,0.23279861986244685,0.7894736842105263,0.223028761048542,0.631578947368421,3.4404072666168215,1.2844126370393842,0.24313730623536564,0.22349843243416026,0.81625,0.1865768943358207,0.6875,4.216461231708527,1.9566202993335664
A0A318HI90,0.270403540689478,0.2180073835396226,0.755,0.2135610763536589,0.5,0.9343120729923249,0.02878891638737446,0.19938418896311916,0.20073185113903488,0.82,0.196281216089247,0.631578947368421,2.8459735441207887,1.0365687248162723,0.16353541282280784,0.15536594465752165,0.8680000000000001,0.15676734353812338,0.8666666666666667,3.0748143434524535,1.09187314041531
A0A7D6ZHA2,0.27052190110889013,0.24305146080510917,0.7633333333333333,0.2285947408746657,0.5,0.9702465057373046,0.03984877756819863,0.22939358646458666,0.22025111618794282,0.7894117647058824,0.21737662053613158,0.5882352941176471,2.644610228538513,1.3012551126392446,0.20979885481982224,0.15014687031008894,0.8285714285714286,0.16365718276136784,0.7142857142857143,3.158234505653381,1.9669120445274586
A0A370I000,0.27100633075408104,0.2666557088817363,0.7699999999999999,0.23870483866063544,0.5,0.996993659734726,0.040219539629834614,0.2544744303640693,0.21794115731741573,0.7422222222222222,0.21988773791175945,0.5,3.549697024822235,1.502514214441982,0.2621052960302545,0.23661917382926304,0.7457142857142858,0.2294625486315573,0.5,3.459748959541321,2.069402269800004
A0A1Z4EZ73,0.2714995359601782,0.2941676047963088,0.8244444444444444,0.21536073670374606,0.7777777777777778,0.9227579700946807,0.03299006477580346,0.17295256317358138,0.24584012027557575,0.8600000000000001,0.20479955357094196,0.7142857142857143,4.364336011409759,1.5225976120930325,0.25458311136126993,0.23664085014628472,0.83,0.18666241491756488,0.7857142857142857,4.727450091838836,2.029394023173877
A0A6G9Z0E6,0.2715151696258484,0.20142396531789786,0.7666666666666666,0.19955506062794354,0.6666666666666666,0.9152810609340668,0.027866962649051908,0.3032884037750116,0.21522449293348106,0.7164705882352941,0.19026115725096782,0.4117647058823529,2.4152461314201354,0.7259970317905701,0.2823690940251105,0.22216690506420989,0.7492307692307693,0.19048365722192295,0.46153846153846156,2.6841655492782595,1.6206584648019942
A0A064CG00,0.2715430971262035,0.22178940416221823,0.8076923076923077,0.18982396080230377,0.7692307692307693,0.9659900748729706,0.03429335497375109,0.2184058242627627,0.20916739588240288,0.8111111111111111,0.20572065441836654,0.6666666666666666,3.5156143927574157,1.5708762068734163,0.1923812718663595,0.15652048232895144,0.815,0.20180436070610563,0.75,3.3355586075782777,1.955238013713296
A0A1X1U567,0.2726418166319068,0.1973437916169269,0.7846153846153846,0.1846666595461373,0.6153846153846154,1.0771048736572266,0.04038437839193818,0.2195614142090458,0.18358171477245924,0.7780952380952381,0.21986184076583937,0.6190476190476191,3.7741559743881226,1.233061792178841,0.23706699626631536,0.16886083754914108,0.7892307692307692,0.1832384549185753,0.6923076923076923,3.505820941925049,1.8889975284970668
D5PI48,0.27301529311480416,0.19319633115757834,0.8,0.18409483721959474,0.5454545454545454,1.0889595341682434,0.0400360286608228,0.22519452908687057,0.18599015475660435,0.811578947368421,0.17171773527920253,0.7894736842105263,3.2667716455459597,1.102556803824486,0.20175155137055384,0.19355945851125456,0.8364705882352941,0.17666655785507301,0.7058823529411765,3.8735171484947206,2.0226530934635623
A0A291RHE0,0.27305073666914154,0.21978215643731588,0.7716666666666666,0.18840706521312361,0.5,0.8536057710647583,0.028667693603149944,0.30455880113996847,0.21033446473715073,0.7152941176470589,0.20642952499322215,0.47058823529411764,2.343463819026947,0.65433057032766,0.27112287323871226,0.19575887770910505,0.7327272727272726,0.19932116199700098,0.45454545454545453,2.7761823320388794,1.9179939897427971
A0A1A2UBP1,0.2732275780666797,0.22353391241236195,0.7733333333333333,0.21328124364061854,0.5833333333333334,1.0894993233680725,0.06222096660681126,0.20605663279041694,0.2206709866530061,0.8133333333333334,0.19493588689617927,0.6666666666666666,3.502608981132507,1.4908826351803075,0.18932952723355725,0.1714549386803221,0.8493333333333334,0.16999869280543173,0.8,2.7561061453819273,1.6703310489541308
A0A1X2FLH9,0.27349203769749586,0.22817224427355476,0.7800000000000001,0.2166410241236256,0.6666666666666666,1.010248622894287,0.04206647426916875,0.18336330169109805,0.21215848080912272,0.8400000000000001,0.2023610634484806,0.6875,3.666074869632721,1.4078713046120146,0.2322255218896527,0.24857130163218402,0.82,0.20161845153655952,0.75,3.7680994772911074,1.6058535079995588
A0AAX2ZQB8,0.27368917106997503,0.19268083735510716,0.7583333333333333,0.21157478320652698,0.5833333333333334,1.1333469486236571,0.04299503152679998,0.2008745764148485,0.1894884899337257,0.7922222222222222,0.2073257114235568,0.6666666666666666,2.8073552799224855,1.0277121598199137,0.26934356220958544,0.19764231817562702,0.7485714285714286,0.2091772024882643,0.5,2.776830928325653,1.8906447778258302
A0A1A0WCC8,0.2743218854414231,0.2712354476239581,0.7523076923076922,0.24350497850395794,0.5384615384615384,1.0528443610668183,0.03683499345356484,0.28735521502596206,0.28660294830190736,0.7494117647058823,0.2470644257067921,0.5882352941176471,2.872891390323639,1.532725850408908,0.27178672358447914,0.24658577297439424,0.7813333333333332,0.20558426225975782,0.6,2.3929511165618895,1.822598481921568
A0A0M2JYX2,0.27456498068988533,0.24146105411631272,0.7345454545454545,0.2381887577059855,0.45454545454545453,0.9915463256835938,0.03143903029367672,0.1452064128955549,0.15933274399802327,0.8647058823529412,0.1813062942049699,0.7058823529411765,2.999698700904846,1.229609363370062,0.15111202190550146,0.15407067425069512,0.8700000000000001,0.16643316977093237,0.7857142857142857,3.788799777030945,1.6331337292452999
A0A849CGR7,0.2747423494292026,0.2483430853486033,0.7692307692307693,0.23119959869746706,0.6923076923076923,0.9632176637649537,0.03954395713803322,0.2100681554290157,0.1930922947928923,0.8177777777777777,0.19571962814062918,0.6666666666666666,2.9919211149215696,1.4964789553131055,0.22933115981035923,0.2243214657502539,0.7925,0.22190932833028898,0.625,3.4089879608154297,2.309799355123052
A0A918EZ18,0.274811256965471,0.25422507364128616,0.8160000000000001,0.1903260360539251,0.7,0.9704251480102539,0.04403285933888136,0.26002760105429473,0.2655335749226484,0.8058823529411764,0.19605097847031916,0.6470588235294118,3.155278878211975,1.358150565389679,0.24185906900369064,0.2578098881758461,0.8425,0.17289809137176732,0.8125,2.343955192565918,1.2615228282720894
A0A7Z7ILT5,0.2750249573505975,0.18812695833615786,0.7738461538461537,0.1831997002658978,0.6153846153846154,1.0526370477676392,0.041460090465317026,0.23521879662994585,0.1795441820307137,0.762,0.2057085316655583,0.55,2.9232963371276854,0.9002863228194807,0.24468323542190695,0.17638108043850778,0.78,0.18734993995195195,0.5,2.995509190559387,1.941576525858158
A0A1U9QLV6,0.2752899694656711,0.25776105287117335,0.78,0.21872356983187705,0.6,0.9527339959144592,0.049704487324492626,0.19935884738708115,0.2538633038741021,0.8285714285714286,0.20739393650239435,0.6428571428571429,3.573341405391693,1.5568721703787656,0.1813948591571991,0.21163202959170527,0.8446153846153847,0.19024742531828567,0.6923076923076923,2.9018701672554017,1.6223494621633474
A0A285LZS8,0.2753284855296479,0.24612810656567674,0.7799999999999999,0.20944370763206677,0.5833333333333334,0.9578537213802337,0.049018284260714744,0.2845379826580793,0.21536369533567945,0.7129411764705883,0.21779009608234506,0.47058823529411764,2.739952380657196,1.1673415901336388,0.2403905153680274,0.22054175225953768,0.7707692307692309,0.20390274976308373,0.5384615384615384,3.455451853275299,2.1304226445125694
J9WJ93,0.2756527713930223,0.1945079358944964,0.78,0.18781034921624334,0.5454545454545454,1.1403124117851258,0.04423955727599918,0.22661467271164368,0.19977435834048352,0.808,0.18486752013266147,0.7,3.461013102531433,1.5058248850427558,0.163390208743253,0.13653401726699912,0.8428571428571429,0.17202277969703278,0.7142857142857143,2.5117567372322083,1.484686179052291
A0A1A2EVY2,0.27570638337231984,0.2146726908842205,0.7672727272727274,0.19017173621807829,0.5454545454545454,1.036487399339676,0.04037599637009392,0.23648278329324182,0.16840687223881234,0.7564705882352941,0.20877629954713525,0.5294117647058824,2.9407629680633547,1.0371912255729339,0.22101846492565974,0.1456417789849229,0.7613333333333334,0.19832184840696587,0.6,3.1359757018089294,1.891127315366459
A0A7I7SXJ5,0.27645274484143867,0.23104648295850946,0.7842857142857144,0.19289946625543747,0.7142857142857143,0.9603685593605041,0.0294273377005841,0.184084353796024,0.1920335252792274,0.8284210526315791,0.19252513596369522,0.6842105263157895,3.0699143171310426,1.4959615253228882,0.18345170034379252,0.20726209945018462,0.8506666666666666,0.1712490064853581,0.7333333333333333,2.6431739211082457,1.354082032401597
A0A2U3PHP0,0.27665815765920304,0.20439657425225122,0.7983333333333333,0.1759655900705842,0.6666666666666666,1.0145058751106262,0.027681739608893346,0.20362940686129058,0.17141498744505818,0.8149999999999998,0.19665960439297137,0.7,2.804071009159088,0.8363822140916248,0.15477683103020023,0.125872388181477,0.8746666666666665,0.14522932057802773,0.8666666666666667,2.7585558176040648,1.7742322507098662
A0A1A6BMZ1,0.2773718862000106,0.19865351282525584,0.7890909090909091,0.20133439147369395,0.6363636363636364,1.091945812702179,0.03496114250199149,0.17299601408701554,0.16989648911610858,0.8305882352941177,0.1916022408144568,0.7647058823529411,3.120409412384033,1.327938902877348,0.18053045079613947,0.15656366209236985,0.8442857142857143,0.18097806835218957,0.7857142857142857,3.0016058683395386,2.119513628056831
A0A9X7ILG2,0.27740539193035485,0.20460464193138028,0.7688888888888888,0.20507150213438805,0.5555555555555556,1.1635185027122497,0.05112649933069194,0.20806625514644025,0.170683795845432,0.8075,0.18383076456349734,0.625,3.159826195240021,0.9510687984875208,0.23343871037578698,0.14981078553988572,0.7957142857142856,0.1771486174178653,0.6428571428571429,3.899916262626648,2.1044343961274006
A0A927EY10,0.2774148705796568,0.22949913680830625,0.8244444444444444,0.17147148198987044,0.6666666666666666,1.0472996854782104,0.03301217290584853,0.2157332619305047,0.2222432312694252,0.8586666666666666,0.1716533975454284,0.8666666666666667,4.1854946899414065,1.3370167452587276,0.1506278760836048,0.19926861821919878,0.8984615384615384,0.15481235062269885,0.8461538461538461,2.84942097902298,1.616513115487334
A0A2N8P9Q2,0.27754947042305056,0.2281593537425704,0.7672727272727272,0.2312452813903221,0.6363636363636364,1.022451274394989,0.0359183542432357,0.24342633587979295,0.2156150993378018,0.7705882352941176,0.22240584493576532,0.5882352941176471,3.689557571411133,1.2715900447012882,0.29002634701318164,0.21144730579584106,0.7307692307692307,0.22154914504154388,0.6153846153846154,3.7405326652526854,1.9837718326312055
A0A0M2WG04,0.2782780832509983,0.18480109158805583,0.7890909090909091,0.18057758571542018,0.7272727272727273,1.01705353140831,0.04851775280601562,0.21432003357112916,0.1846360258664784,0.7999999999999999,0.21032188216552042,0.7058823529411765,3.590344989299774,1.2747681410133935,0.20501718941641048,0.18549992546193836,0.8213333333333332,0.1985905894603826,0.7333333333333333,3.7365814733505247,1.7784584741896665
A0A7W7VZ67,0.27832962086565693,0.2318546131464037,0.75,0.21526727572949866,0.6,1.0257625460624695,0.03883385068639546,0.25141734179624114,0.2252288339416123,0.7717647058823529,0.2062618351432911,0.5294117647058824,3.9595979928970335,1.2209495056741,0.2299719949752392,0.1922161687283541,0.7538461538461539,0.21531867122364187,0.5384615384615384,4.8849038410186765,1.7487720238517805
A0ABD6QL27,0.27837970928366884,0.21058762002064088,0.7345454545454545,0.22370287259356234,0.45454545454545453,1.1145463180541992,0.03590754380437101,0.23754167322243797,0.18227017094851236,0.7749999999999999,0.2074246851269154,0.625,3.5032236647605894,0.9971086229201078,0.22913354611156234,0.17072677597457267,0.7933333333333333,0.20443961346949263,0.6,3.5386275172233583,2.2076813654981695
A0AAJ3NLH7,0.2785474841666398,0.20898249230879465,0.7616666666666666,0.21204690256848577,0.5833333333333334,1.025084900856018,0.03324914807504336,0.1978601575256732,0.1808178044575023,0.8044444444444445,0.19316723388533982,0.7222222222222222,3.4627875900268554,0.9911629611987749,0.20609022205597755,0.15927781010322448,0.8075,0.1879993351052072,0.6875,3.2006236362457274,1.869533468705942
A0A2P8I1A3,0.2791013538077504,0.26312993982803135,0.79,0.21693316943243143,0.6,0.9438200283050537,0.0346264950827822,0.2614870849380679,0.2699609433916836,0.79875,0.22084709076643957,0.6875,3.4620274782180784,1.28183122667073,0.2170633499474442,0.2695407335360849,0.8442857142857143,0.2086937019281842,0.7142857142857143,3.037968692779541,1.7164735469812584
A0A7U5RWM8,0.2796709858663807,0.207326964191912,0.781818181818182,0.18119894550255985,0.5454545454545454,1.0796235966682435,0.025923130321718876,0.21507814503208406,0.18277120327751878,0.8225,0.17144605565599927,0.6875,3.1910253739356995,0.925130501998339,0.18919584769137215,0.13792344816143656,0.825,0.17727097901235836,0.75,3.1699082016944886,1.972502504811938
A0A100W5I0,0.2798352692602694,0.1867977767217019,0.7633333333333333,0.19880196734997924,0.5,1.0863599705696105,0.03987307747812695,0.26324386443086417,0.1737521336426925,0.7477777777777779,0.2006809395686916,0.5555555555555556,3.9654313468933107,1.451130181568851,0.2622305804921526,0.18246676667487172,0.77125,0.18907257204576236,0.5625,3.2006174445152284,1.5992686138359848
A0A9P3UYS2,0.28057320420828463,0.18573261358678889,0.7836363636363636,0.1891258708937577,0.5454545454545454,1.0671254873275757,0.04286304948682886,0.18633105065989147,0.1883349502372132,0.83875,0.19741691290261834,0.75,3.337954740524292,1.0231940024928805,0.17486806785455522,0.14068076880844788,0.8240000000000001,0.18376796964288053,0.6666666666666666,3.428889231681824,1.8597638582203266
A0A0H2ZUI5,0.28110223919180233,0.24100818000631236,0.7784615384615384,0.20463273494975762,0.6153846153846154,1.052213991880417,0.029014253843776424,0.2765343818553106,0.2333843618169216,0.7733333333333333,0.19787762772874437,0.6666666666666666,2.7370602440834046,0.8368710574213322,0.2226518163630677,0.19939325468404884,0.8114285714285715,0.19149252662989757,0.6428571428571429,2.1169168543815613,1.2594087589921767
A0A9X2E4R0,0.2813686782122907,0.23089043161193193,0.78,0.24480047534119032,0.8181818181818182,1.0657871127128602,0.025826498787734693,0.21355812267951468,0.21103791301931085,0.8428571428571429,0.16781914463529618,0.7857142857142857,4.215998165607452,1.2666276207141434,0.22752969655518734,0.24703111755737406,0.8138461538461539,0.23328880950241324,0.7692307692307693,5.051076879501343,1.7699446894432302
B2HN69,0.2814069204524037,0.20091331947811028,0.7983333333333332,0.16602376001310443,0.6666666666666666,1.014835000038147,0.03699770548318131,0.2891856754379299,0.2259695787141657,0.7336842105263158,0.2078514278673158,0.47368421052631576,3.036280426979065,1.7317533119450277,0.2875036445225939,0.22311208060110008,0.7494736842105262,0.20625670475125807,0.5789473684210527,2.372584159374237,1.9479303639826626
A0A7W6BWA9,0.281925994808794,0.27417383457485517,0.7615384615384616,0.2185915106327555,0.5384615384615384,0.9882705760002136,0.031005763513383428,0.2693318541905638,0.26051823194686824,0.7705882352941176,0.2259742460139909,0.5882352941176471,3.4185984778404235,1.3553283528931117,0.2586466070889224,0.2713587810639377,0.7600000000000001,0.2302939298323928,0.5882352941176471,3.8272919726371764,1.9147336086822828
A0A3P8LHL6,0.2822216105202309,0.2227808493946316,0.7514285714285714,0.23061585693396658,0.5714285714285714,1.0118903732299804,0.040623287640245725,0.20082826657772723,0.1892986509073567,0.8336842105263157,0.1818099217463925,0.6842105263157895,3.6235486578941347,1.3542728973501805,0.149240485116506,0.15592909305159708,0.8546666666666667,0.18161742451892904,0.7333333333333333,3.153387484550476,1.8917843346853238
A0A5C5RYF1,0.28327170504469307,0.23292226851045938,0.7545454545454546,0.23634964993583849,0.5454545454545454,1.004943332672119,0.03382764759793327,0.20273454952819836,0.202536198030491,0.7944444444444445,0.2280161354481111,0.6666666666666666,3.744313681125641,1.3423028064177867,0.16403766676159792,0.18450336017587973,0.8482352941176471,0.19147216950643697,0.7647058823529411,2.811895842552185,1.8048872765442174
A0A9Y2IBK6,0.28351049169862796,0.13219504271457358,0.7683333333333334,0.18805288854173152,0.6666666666666666,1.003142578601837,0.02884788783184994,0.29158575719454094,0.1619299901034805,0.7400000000000001,0.18432707502761306,0.5882352941176471,3.4640359830856324,1.2721342163249714,0.28442456574783714,0.20129583506059978,0.7666666666666665,0.1620973644312441,0.6,3.210343482494354,1.3785452904537188
A0A370HAX8,0.28424124484200974,0.24595868707154528,0.7454545454545454,0.22852744559118005,0.5454545454545454,1.014873949289322,0.03800028396639631,0.1956640095439268,0.1976712693084633,0.8225,0.20234562016510266,0.6875,2.826961359977722,1.3625341843204049,0.1946912283303822,0.1895134612310956,0.8323076923076923,0.18102927286252932,0.6923076923076923,3.3053951358795164,2.0814006668989227
A0A7I9Z705,0.2847572049455433,0.2156090350499317,0.7866666666666666,0.19171738459397875,0.6666666666666666,1.0581508207321166,0.03707080509276124,0.21661908434952573,0.18846615950383028,0.7964705882352942,0.2015510788119037,0.7058823529411765,3.578962035179138,1.672147434298916,0.14923716671078166,0.1375860779331724,0.8584615384615384,0.17015134231013526,0.8461538461538461,2.447776713371277,1.5915248771243762
A0A1E7L3V6,0.28552587762659737,0.22459027508673812,0.7400000000000001,0.24657656011875906,0.6363636363636364,1.104893662929535,0.04143671293563273,0.2045684421576646,0.199239548325431,0.7929411764705881,0.21120841967069492,0.6470588235294118,3.4881425046920778,1.2314258012350123,0.2454909455421248,0.15012623218886187,0.7630769230769231,0.1882463449592914,0.6153846153846154,4.1761648464202885,1.6108206777457665
A0A138AE52,0.2859441997840232,0.28999004045953014,0.7753846153846153,0.23562079654248183,0.6153846153846154,1.0676663792133332,0.037522923111730666,0.20965960710056647,0.17966518920360075,0.8166666666666668,0.17767010628315236,0.7222222222222222,3.74151725769043,1.2362384911661894,0.17206424817341273,0.18495008342932842,0.8175,0.20650363192931984,0.6875,3.230910532474518,1.809472239771321
A0AAW5S5J5,0.2867572837257446,0.20792181852085986,0.7654545454545455,0.20290452911131454,0.5454545454545454,1.0416835033893586,0.032242112757336176,0.2222480443661407,0.2204359400342623,0.8089999999999999,0.19570130301048075,0.7,2.9558259439468384,1.3009465692107298,0.2732679730034748,0.2627301725851673,0.7742857142857142,0.2038807174275574,0.6428571428571429,2.1554611325263977,1.3188880225632127
A0A1X1TV41,0.28791288080672334,0.22374094803275082,0.732,0.24432764886520722,0.5,1.137599470615387,0.0557287824820715,0.20320962465624226,0.1628609956946575,0.8262499999999999,0.18930382325774617,0.6875,3.955340211391449,1.4622525815840117,0.16078956183133597,0.13235692103730892,0.8375,0.1903779136349592,0.6875,3.668998188972473,2.1489605253636648
A0A7I7XXG0,0.2880127602950783,0.18949629046020275,0.7723076923076923,0.17742403991801226,0.5384615384615384,1.0417519319057464,0.0347526362215455,0.2033633338636311,0.2041479611593884,0.78,0.22914026961207568,0.5789473684210527,2.8500082516670227,1.2979638357343,0.26483351111073034,0.2120244316580221,0.7657142857142858,0.21306317928573892,0.5714285714285714,2.9613636207580565,1.7774677114983064
A0A1B4Y4X4,0.28841244339485733,0.20318471232581944,0.7885714285714285,0.16642703861955083,0.7142857142857143,1.0416884553432464,0.038823626659709905,0.28577251228520695,0.20573269544961945,0.735,0.21352985739703945,0.55,2.880784831047058,0.8154861705566603,0.2734942282050945,0.19925659010896302,0.76,0.20058737277716923,0.5882352941176471,2.6460950565338135,1.8926752778375655
A0A853LYQ8,0.2884419340581785,0.22187712465201895,0.7509090909090909,0.21631015381767935,0.5454545454545454,1.0718048882484437,0.038090635528869016,0.23492309648672477,0.17413442546713143,0.7941176470588235,0.17859118032137342,0.7058823529411765,3.545472431182861,1.2896178366571762,0.20798330506750243,0.1777862723780533,0.8375,0.15951097140949272,0.75,2.701196994781494,1.494425048430392
A0A132PRD2,0.2889603572479941,0.19298170599987602,0.7707692307692308,0.1726918793895665,0.6153846153846154,1.0284411203861237,0.03815851393997737,0.21694809490034142,0.21056606176149767,0.7949999999999999,0.20424250292238388,0.65,2.6135521817207334,1.0372809459867254,0.21449162585384907,0.1909481468842631,0.7905882352941176,0.19621328695895893,0.6470588235294118,2.4450727665424346,1.6272089548368422
A0A516NPD0,0.2899341229336235,0.22697728001761208,0.752,0.24235511135521776,0.6,0.8869733011722565,0.0323041601204341,0.28810422964474247,0.22835966322771356,0.73375,0.21315707236683468,0.5,2.55762989282608,0.6320464199323033,0.18348047929851743,0.16914091173515533,0.83,0.19548474547720013,0.6428571428571429,3.2685864424705504,1.8996575065006638
A0A318JQK2,0.2904614227097674,0.26877433414512475,0.7566666666666667,0.216615378545066,0.5,0.9529433560371399,0.03244872651110399,0.28206700215449204,0.2668569126100972,0.7578947368421053,0.2164687639401418,0.5263157894736842,3.0412302446365356,1.316034899259693,0.2603326900363964,0.2354295674938375,0.7685714285714287,0.193274680289003,0.5714285714285714,3.1921549797058106,2.0857565523547854
A0A1T3NLC9,0.2914293759689305,0.30768746469137104,0.772,0.2252465316048174,0.5,0.9943500816822052,0.037673014577745814,0.21419113276503177,0.21250328736181778,0.8073684210526316,0.2049092765941772,0.631578947368421,3.107088532447815,1.3836152965840847,0.22991477462236015,0.19580551998786244,0.79625,0.2020171712998675,0.625,3.3666730642318727,1.9941000001711902
A0A1B2HUS2,0.29180687440360514,0.20694065651097523,0.7140000000000001,0.23665164271561692,0.5,0.880383015871048,0.035609327078883306,0.23535981615283116,0.22380151013039884,0.797142857142857,0.2087865817879441,0.6428571428571429,4.081005301475525,1.497587890645557,0.21298721356001904,0.23387745858114103,0.813846153846154,0.2510757918526553,0.7692307692307693,4.646457600593567,1.7136539647276663
A0A653EJG9,0.29200934321268013,0.21842951480531847,0.7516666666666666,0.219006595537415,0.5,1.001400693655014,0.035767521550694036,0.23919973216502685,0.21302855766595924,0.76,0.22376458217352924,0.5294117647058824,3.248823091983795,1.3161606545931341,0.2646863555138018,0.23550693625736574,0.76625,0.19464310288320003,0.625,2.5753523087501526,1.709431890636268
A0A1H1DDV3,0.293127824828429,0.2510537844476119,0.7822222222222222,0.19286021292219677,0.5555555555555556,0.9891719830036163,0.033212371034556765,0.22453113897641222,0.20929376948124814,0.785,0.21891779278989637,0.625,3.3895883631706236,1.2057304315105686,0.20116473641243596,0.17679858700497975,0.8123076923076924,0.18655392481506608,0.6923076923076923,4.026802992820739,1.8238873481245463
A0AAI8TZQ7,0.29375219649491824,0.19225690820822514,0.7707692307692309,0.19257212588700123,0.6153846153846154,1.0805182123184205,0.05250358594743702,0.23842054222690803,0.17760314242481495,0.7911111111111111,0.20190451232888637,0.6666666666666666,3.5013007974624633,1.1734254884851372,0.17962499226240242,0.15433665132527136,0.8262499999999999,0.18943584006201147,0.625,3.2125052547454835,1.8488395535878446
A0A7I7RS79,0.2947201731384577,0.32023148032357757,0.7783333333333333,0.25066023927929926,0.5833333333333334,0.865110901594162,0.06959724772437723,0.16694738509485324,0.22195009022039194,0.8566666666666667,0.20157711510321139,0.7222222222222222,2.525678856372833,0.6129647041903987,0.21714406814063825,0.2575006090131015,0.80875,0.22593901278884973,0.625,3.164447145462036,1.6206449554835762
A0A7D6E1I6,0.29540509460913156,0.22837267378482898,0.7523076923076922,0.22580297218708328,0.5384615384615384,1.1812390875816345,0.03998121856025021,0.2384224818605866,0.17886474213174536,0.791111111111111,0.1801508284400999,0.6666666666666666,2.9342441296577455,0.9172085146904317,0.16226669912792457,0.13559388113131104,0.83625,0.19251217493966452,0.75,2.8469976592063904,1.640894256250265
A0A1H4QLQ0,0.2962267952727997,0.24473604883763236,0.7300000000000001,0.23532955615476778,0.5,1.0048253571987151,0.040324515209120906,0.2399177958972477,0.21222325430529573,0.7894117647058824,0.21178431281780372,0.6470588235294118,3.848843891620636,1.4082048463691408,0.1897651211283213,0.1901923054758301,0.8325,0.19797411446954372,0.6875,4.654311904907226,1.711007358060067
A0A329LAU5,0.2967447990471992,0.21649168644087985,0.7672727272727272,0.2061372406516374,0.6363636363636364,1.0343762028217316,0.04045624504339526,0.1824276924457661,0.17338848756603154,0.8329411764705883,0.1901010476154676,0.7647058823529411,3.3249488186836245,1.1009606435604147,0.1576375972610441,0.15714470667262742,0.856,0.17756876602225588,0.8,2.692795021533966,1.7023217373283028
A0A7I7NVN0,0.29722783868494257,0.22037668834534463,0.7454545454545454,0.22451416786084555,0.6363636363636364,1.078260201215744,0.04451405244163113,0.20230882479108048,0.19287306700244958,0.8329411764705882,0.1790091915445669,0.7058823529411765,3.2028793144226073,1.0846059447863259,0.24107599652168116,0.17624834959146088,0.8040000000000002,0.17052077097331378,0.7333333333333333,3.4410982751846313,2.2439155425604183
L8F2L3,0.29750799981326054,0.23220654736024154,0.7127272727272729,0.21494569754373308,0.36363636363636365,0.9113640904426574,0.030638833337157282,0.22746684726478567,0.20711417131686205,0.7625,0.2245968610644414,0.5,3.5116061210632323,1.4738588761573088,0.24896820763238198,0.22123069408192997,0.7525,0.2353587686915446,0.5625,4.4319306039810185,1.512394151090092
A0A0K0XCM7,0.2975115972836691,0.22285360886361114,0.7775000000000001,0.1801214867804505,0.6875,1.1022194170951842,0.04062010751640304,0.26826678820653893,0.22337718218879485,0.7514285714285714,0.2306571505252663,0.5238095238095238,2.9964972877502443,1.4752763734288032,0.2867878614413455,0.2005344261208446,0.7662500000000001,0.18106887501721547,0.5625,2.4521666598320007,1.9243790301277286
A0A1T5FV39,0.29793714135897775,0.3003386634418403,0.7418181818181818,0.2498660798332572,0.5454545454545454,1.0007804644107818,0.03247380089875459,0.2761912752514387,0.2901245616750183,0.7473684210526317,0.251497454319295,0.5263157894736842,2.9244315361976625,1.3853615849962575,0.2913121113763343,0.28503751475854155,0.7375,0.23225793850803034,0.5,2.8759858989715577,1.692827488503026
A0A0F5NA60,0.2992058549288112,0.21592990868894774,0.7599999999999999,0.20704266871026047,0.5833333333333334,1.105508768558502,0.03586298731801879,0.23963525822180673,0.17996315081557537,0.7870588235294117,0.19145771168412568,0.6470588235294118,3.389266600608826,1.370485679875325,0.23435416595143585,0.2006307154701276,0.8042857142857144,0.17939239853756686,0.7142857142857143,2.9971664190292358,1.9644858847158235
A0A375Z3F8,0.30003765991899906,0.2135091388542067,0.7616666666666667,0.20727732362438706,0.5833333333333334,1.0239302682876588,0.03449788228085433,0.22483822297820585,0.16537509441426954,0.796470588235294,0.19087850082218416,0.7647058823529411,3.30474169254303,1.2298613778384306,0.2464701771637394,0.18353156112434021,0.7857142857142856,0.20638778638123656,0.7142857142857143,2.4208382415771483,1.3270239031128288
A0A1X0I7R5,0.3004373223580975,0.2304745454273949,0.7963636363636364,0.18127190662712026,0.6363636363636364,1.0665340542793273,0.04765173421106439,0.2374286055450548,0.2065105615248755,0.8186666666666667,0.17534220509874082,0.8,3.1599048614501952,0.9976770015815581,0.1849221969101942,0.1518877304444946,0.8446153846153847,0.1828246484230338,0.7692307692307693,3.3064993166923524,1.656841530359939
A0A1T3WDZ1,0.3021415312740957,0.2630797031695139,0.7353846153846153,0.2236967516223482,0.5384615384615384,0.9885357367992401,0.034530151462399745,0.25153650715563414,0.23355343446361268,0.78375,0.18884103764807056,0.5625,2.5160686373710632,1.0166205960327344,0.25463405330791167,0.24462653962816447,0.7614285714285715,0.21387102731910793,0.5714285714285714,2.769191119670868,1.9373286855669303
O69484,0.3030362236082168,0.17887691754418464,0.7636363636363637,0.17200807207658636,0.5454545454545454,1.0518678307533265,0.03509456309662184,0.2507004562962342,0.2053797998080119,0.7675,0.2198721219254501,0.5625,3.8408570289611816,1.7025801934287317,0.2464826855631483,0.17332747099188325,0.8026666666666668,0.16441681449562537,0.7333333333333333,3.4390436959266664,2.1068475196450605
A0A2G8B7A9,0.30336884596716446,0.2183202223309274,0.7581818181818182,0.19917183909278766,0.5454545454545454,1.0874160873889922,0.03982897582533759,0.21579710166084975,0.20214285518328937,0.7977777777777777,0.19594657876164884,0.6666666666666666,2.958763062953949,1.2097636851990912,0.18179469464564907,0.14775806155503765,0.83625,0.18455605517023818,0.75,2.4605686712265014,1.6445719414489324
A0A7I7XP41,0.3045198718280933,0.26793857457129616,0.7799999999999999,0.22528993664954403,0.5555555555555556,1.0265583968162537,0.03910358644705498,0.2045527353093717,0.21608894410900276,0.8325,0.1750535632313721,0.6875,3.3603206062316895,0.9921179664882808,0.2339400957928182,0.2361991519468098,0.7723076923076924,0.22209332224761336,0.5384615384615384,2.7448479652404787,1.7018437839316074
A0A4R5WKD4,0.3064100302774779,0.22984714720627927,0.7433333333333333,0.21351554718307728,0.5,0.980179443359375,0.04592428554620945,0.2214262353425073,0.18199733375871815,0.7947368421052631,0.19454044150125027,0.7368421052631579,3.3712531685829163,1.2958991224613898,0.21450187917672614,0.14250416424316759,0.7975,0.19011509671775148,0.625,3.3625484609603884,2.222605278094596
A0A2S8BGN3,0.3069578539495931,0.22182684581247125,0.77,0.1970617500514327,0.6666666666666666,1.0409463679790496,0.04398025374352565,0.17109396142883662,0.19259449192725964,0.8329411764705883,0.20022824346472418,0.6470588235294118,3.073514802455902,1.09062892448102,0.2216823606524804,0.17947655904064436,0.8226666666666667,0.1649026648932299,0.7333333333333333,3.1436810803413393,1.971440379379072
A0A1T5FEL0,0.3084135497626291,0.29177122994362087,0.7381818181818183,0.2585912246917967,0.5454545454545454,0.979006381034851,0.03551595211710315,0.21819294956790172,0.2606672930256655,0.783157894736842,0.2481309635439561,0.5789473684210527,3.8836679315567015,1.748883783267526,0.25182559691831313,0.266235050680972,0.7705882352941176,0.231325352447848,0.5882352941176471,2.541024017333984,1.466365313229753
A0A1X1SXX1,0.3098080299373619,0.20712317543034894,0.7454545454545456,0.22288862430141024,0.5454545454545454,1.0881328463554383,0.049144019222213606,0.2351643973501224,0.17102348530180272,0.8164705882352941,0.17825761848154711,0.7647058823529411,3.4876699090003966,1.1660666766888244,0.18746737637142546,0.13207550330060747,0.8200000000000001,0.17676098111417135,0.7777777777777778,3.198899755477905,1.8203625461475583
A0A1X0KKW9,0.31124833707963045,0.19918776587887085,0.7600000000000001,0.1849324200890693,0.6666666666666666,1.0756369054317474,0.032470669966661335,0.21211152133149855,0.1854729683335877,0.8152941176470588,0.1885585459731687,0.7647058823529411,3.429996337890625,1.1763063814667105,0.20959218293356754,0.15536537403683615,0.8279999999999998,0.16211929763808705,0.7333333333333333,3.026758828163147,1.9940849650444321
A0A1X2F2L6,0.31168861895686917,0.23533718768894374,0.7257142857142856,0.22225192545250744,0.5,1.0816007256507874,0.05845899412465769,0.252896435413632,0.20485390962992048,0.7799999999999999,0.19712215212183246,0.5714285714285714,2.823872938156128,1.1252862731400728,0.2391715480864418,0.1948070112448402,0.7537499999999999,0.22756523789893746,0.5625,2.525378007888794,1.4435844940880787
A0A438AUV2,0.31732150562663825,0.2541683222237461,0.7400000000000001,0.21624901471136548,0.5454545454545454,1.0554214632511139,0.04105154248378936,0.26251854448208684,0.19768723194874027,0.7757894736842106,0.21389411520837975,0.631578947368421,3.6147469019889833,1.7321017688806002,0.2792518094173479,0.21825705763433007,0.7285714285714285,0.22280219102722174,0.5,3.500604989528656,2.0696720291487396
A0A4Z0HSE6,0.3184257061321854,0.23061936465313665,0.7672727272727272,0.19822351521318318,0.6363636363636364,0.9308760261535645,0.04462049231967793,0.2021609605921344,0.2391199981971579,0.81,0.2254994456755936,0.625,3.4913948225975036,1.216385832206413,0.2288683628708379,0.23373309560242336,0.8223529411764706,0.20080805619428208,0.7058823529411765,3.374938576221466,1.5624578587425542
A0A7T1TD85,0.31958303147057987,0.21508692289547476,0.745,0.18914280319377738,0.625,1.0113299071788788,0.033540321356676964,0.2496812669077772,0.19451455412984808,0.77875,0.17768915977065117,0.5625,3.815325608253479,1.2073310855909785,0.2522722996203519,0.1886740015657822,0.7384615384615384,0.21632760604253604,0.6153846153846154,3.9584592628479003,1.247083789501318
A0A6N4W768,0.3232017212093608,0.21135943753989223,0.6900000000000001,0.2371356854910988,0.5,1.1225692415237427,0.03832915499336504,0.3511219026696395,0.24007166106794497,0.6523076923076924,0.23554042103390324,0.38461538461538464,4.308482499122619,1.4404224744628347,0.25098258080891217,0.22067003740690758,0.7523076923076922,0.22864664865426826,0.5384615384615384,3.0925566744804383,1.6231261463112323
A0AA37PNY0,0.32325209545938316,0.2794594331029345,0.775,0.19682902902434551,0.6666666666666666,0.9600873446464538,0.0346118652785398,0.2629868450908611,0.18422774463569658,0.8011764705882353,0.15604985451267042,0.6470588235294118,3.654284830093384,1.8936990860523537,0.15432494031762448,0.1281256586892868,0.8693333333333334,0.16097480824305674,0.8,3.6641564083099367,1.6249963701661376
D5UWX9,0.3281603143852733,0.2515444850067799,0.7355555555555555,0.22106364649681579,0.4444444444444444,1.0629506409168243,0.037620533495041845,0.2243240780861935,0.22427487021561707,0.796470588235294,0.23031796886479985,0.7058823529411765,3.428965106010437,1.2481464909539064,0.20494924987960997,0.21026345929100845,0.8171428571428573,0.19225832961440822,0.6428571428571429,3.5636202907562256,1.839600266635515
A0A829PS58,0.32905818007450716,0.3044779962413778,0.7425,0.2442206993684196,0.5,0.98125519156456,0.03168008811057675,0.15678868228266543,0.24272233405746,0.8640000000000001,0.20228033353080405,0.7333333333333333,4.5775683093070985,1.6197218443761723,0.21402218918400606,0.24321267559024648,0.844,0.19680108400785468,0.8,4.765075130462646,1.596891454678731
A0A846YJB4,0.3345265661488648,0.1362247543385202,0.6900000000000001,0.16229602582934677,0.3,1.153459174633026,0.044991636583661,0.29677437412708846,0.2099717407825598,0.7129411764705883,0.20930598782593962,0.5882352941176471,3.3513910293579103,1.1330832378516014,0.27276846939514143,0.24058223127194905,0.72,0.24801433650317697,0.5,3.7746522712707518,1.940651348181287
A0A1X2DGR4,0.33742649101182076,0.238287793585709,0.7085714285714285,0.21589869128357211,0.5,1.0084309077262879,0.03654052904843833,0.24711012033948712,0.21490150038689548,0.788,0.19548913013259842,0.65,2.684858109951019,0.7477808899547261,0.2623767920667831,0.24122535272358053,0.75125,0.21318639145123688,0.5625,3.0428873038291933,1.8581181348318276
A0A421AW77,0.344070462501195,0.2647623365733838,0.7644444444444444,0.18565865399293707,0.5555555555555556,0.9539139270782471,0.029449674859263766,0.2442056429957264,0.22537630031885136,0.8279999999999998,0.1724799505256577,0.6666666666666666,3.5693654203414917,1.290856874827937,0.19447742798637696,0.2574435586482335,0.8676923076923078,0.1801774273471674,0.7692307692307693,3.6844033455848693,1.7581721621601647
A0AAD1IMP5,0.3452954088303467,0.22256073073083413,0.7111111111111111,0.22412518547774166,0.5555555555555556,1.2421863675117493,0.03695081334633437,0.23138499133657428,0.23460728111944845,0.7733333333333332,0.23310192606777816,0.5714285714285714,3.376105191707611,1.4390982285725051,0.17826253954648882,0.1603274086292123,0.8440000000000001,0.17995555006723188,0.8,3.0885132217407225,1.6157551101188805
A0A438ATK5,0.35436400844177374,0.26271895386825994,0.6860000000000002,0.21129126815843574,0.3,1.0566299760341644,0.03515868353750092,0.3093636221952667,0.2570114680520001,0.7176470588235294,0.22915521099604869,0.47058823529411764,4.26581636428833,1.9861612955454648,0.2671173531062553,0.21906820924821935,0.7825,0.19363302920731268,0.6875,3.94432297706604,2.1751981626793144
A0A1S1KYS6,0.36431183705898973,0.32611143582003904,0.7133333333333333,0.2629744389775469,0.5,0.9717303836345672,0.031539474942063474,0.18549898668875078,0.24913536791551627,0.8415384615384617,0.20221261293104928,0.6923076923076923,3.8820861172676087,1.5857595446588726,0.22540508863413386,0.24642715843406246,0.8246153846153845,0.19676676488501205,0.7692307692307693,4.387344658374786,1.49781751512977
A0AB38CYE9,0.36804787255897625,0.3031652789980997,0.7433333333333333,0.23704195596748034,0.6666666666666666,0.9665841126441955,0.04236545812147261,0.19629965237884564,0.28573101349683583,0.829090909090909,0.22809306495593357,0.7272727272727273,3.8294233441352845,1.3593053012774776,0.20034499082644075,0.26631092432508535,0.8585714285714285,0.2074972338148543,0.7857142857142857,4.822474956512451,1.689615899797833
I7FIG7,,,,,,1.0250218057632445,0.03403670810049735,0.21381500716181057,0.21788957194198671,0.8283333333333335,0.2041989770352002,0.75,4.756579761505127,1.443388090966273,0.13302375020341978,0.16342919884923862,0.8160000000000001,0.22570777567465414,0.6,6.704932413101196,0.6235910965823932
