entry,nac_fraction_holo,nac_holo_idxs,n_confident_holo,prmsd_mean,prmsd_std,nac_fraction_apo,nac_apo_idxs,n_confident_apo
A0A010YLP6,0.46296296296296297,5;6;8;18;22;25;28;31;33;34;36;38;40;41;42;43;45;46;47;48;50;51;52;53;54,54,2.2973941856622697,1.0831731633103516,0.48,1;3;6;7;9;12;15;18;19;20;21;22;23;24;25;26;29;30;34;35;37;40;43;45;47;49;50;54;56;58;59;60;61;62;66;67;69;70;71;72;73;74;82;83;88;95;96;97,100
A0A024JSK2,0.6842105263157895,1;2;3;4;5;6;7;8;9;10;14;15;16;17;18;19;20;22;24;25;26;27;29;30;31;32;33;35;41;42;43;44;45;46;47;48;49;50;56,57,2.3073314952850343,1.1583454515148643,0.59,1;2;3;5;6;7;8;9;10;12;13;14;15;20;21;22;24;26;27;28;33;36;37;38;39;41;43;44;45;47;49;50;51;52;53;54;55;56;57;59;60;61;62;63;64;70;71;75;76;80;81;84;86;87;88;93;94;96;99,100
A0A024JWI0,0.35294117647058826,5;8;10;12;13;16;19;21;22;23;27;29,34,2.7245931136608124,1.0410568542495469,0.73,2;3;4;7;8;9;11;13;14;15;16;17;18;20;21;22;23;24;25;26;28;29;30;31;32;33;36;37;38;39;40;42;43;44;45;46;49;50;51;53;54;55;57;58;59;63;65;66;67;69;70;74;75;76;77;79;80;82;83;84;85;86;88;89;90;91;92;95;96;97;98;99;100,100
A0A024JZE3,0.0,,40,2.819511602520943,1.2143072249990556,0.0,,100
A0A024JZE8,0.21951219512195122,2;7;13;16;17;18;33;35;41,41,2.503103678226471,1.0115101064001637,0.26,2;8;18;20;22;27;30;31;32;34;35;37;47;51;52;53;54;57;58;62;66;72;78;90;91;95,100
A0A045K2P5,0.4074074074074074,1;4;9;10;11;17;19;20;22;24;25;28;29;32;35;37;39;40;46;47;48;50,54,2.3126597166061402,1.2053176607506342,0.53,1;2;3;4;5;6;7;8;10;11;15;16;22;23;26;28;32;34;35;36;37;40;41;43;45;46;47;48;50;51;53;54;55;56;58;59;63;68;71;72;73;75;76;80;81;83;86;88;90;95;96;97;99,100
A0A051U3G5,0.02564102564102564,10,39,2.6436397010087966,1.2078089331891126,0.03,5;82;87,100
A0A051UFG9,0.5357142857142857,1;4;5;6;7;9;11;12;14;17;22;25;26;27;28;30;31;32;33;35;36;40;41;43;44;45;47;48;49;53,56,2.2045410692691805,1.1129955016763349,0.72,2;3;4;5;6;7;8;9;10;11;12;13;14;15;16;17;18;19;20;21;22;23;24;25;26;27;28;29;30;31;32;33;34;35;36;38;39;43;44;47;49;51;52;53;54;55;56;57;59;60;62;64;66;67;68;71;74;76;78;81;82;83;85;86;87;89;90;91;92;94;96;97,100
A0A064CG00,0.325,1;6;8;14;21;23;26;28;29;30;31;32;35,40,2.7100740373134613,1.2838157897590663,0.3,2;5;13;15;21;23;28;31;35;36;40;42;44;50;52;60;63;67;68;69;73;76;78;80;83;88;89;95;97;99,100
A0A0B1ZH49,0.22807017543859648,7;8;10;12;14;18;23;27;28;29;40;44;46,57,2.3263045638799666,1.2658927550194747,0.14,4;5;31;33;34;36;44;49;52;60;67;80;97;98,100
A0A0B1ZIQ0,0.0,,40,2.7770057272911073,1.2315918089700055,0.0,,100
A0A0B8NM02,0.3793103448275862,1;5;7;8;9;12;14;15;21;24;27;31;33;35;36;39;42;43;47;50;52;53,58,2.0279824775457382,1.184923464008847,0.37,1;2;11;12;14;16;17;18;19;20;21;25;26;27;29;30;33;34;35;40;51;54;57;59;60;67;72;73;75;78;79;85;87;88;93;94;96,100
A0A0D1L7Y1,0.509090909090909,2;3;5;6;7;8;9;11;12;13;17;18;22;24;25;28;29;31;34;35;37;38;40;41;44;45;48;52,55,2.564256301522255,1.3867707956065025,0.4,2;3;4;6;7;11;13;16;20;22;24;38;39;40;42;48;50;52;54;55;59;62;66;69;70;73;75;78;80;82;83;85;86;88;93;95;96;97;99;100,100
A0A0D1LMF4,0.3018867924528302,5;7;12;13;14;19;24;25;26;31;37;46;47;51;52;53,53,2.396359473466873,1.236018878500587,0.07,23;28;43;48;53;96;100,100
A0A0D2EWW5,0.09090909090909091,9,11,3.5310879337787626,0.9781487111794892,0.09,10;38;60;64;68;75;91;93;100,100
A0A0E4CLA0,0.7,1;4;5;6;9;10;12;13;14;15;16;17;18;19;20;21;22;23;24;25;27;28;29;30;32;33;34;35;36;37;38;39;41;42;43;46;48;49;57;58;59;60,60,2.264597065448761,1.0429315491899684,0.71,1;3;4;5;8;9;10;11;12;13;14;16;17;19;21;23;24;26;28;30;33;34;35;36;37;38;40;42;43;44;46;47;48;49;50;51;53;55;56;58;60;61;63;64;66;67;68;69;72;73;74;75;76;77;79;80;81;82;83;86;88;91;92;93;94;95;96;97;98;99;100,100
A0A0E4GX90,0.14705882352941177,2;4;8;20;29,34,2.8022732770442964,1.0864758525834681,0.25,13;17;23;25;27;38;42;45;46;51;53;54;56;57;60;62;68;70;71;76;83;84;87;89;95,100
A0A0F4ES51,0.425531914893617,2;3;5;6;7;11;12;16;21;23;26;29;30;31;32;33;37;41;42;46,47,2.5318649071455,1.3455111790515073,0.49,4;6;8;9;11;13;14;16;17;20;24;25;26;28;31;33;35;39;42;44;47;48;49;50;53;54;55;57;60;63;66;68;70;71;73;74;77;78;81;84;85;87;91;92;93;95;96;97;100,100
A0A0F5MSZ2,0.7872340425531915,1;2;3;6;7;8;9;10;12;13;14;15;16;17;18;19;20;21;22;23;24;26;27;29;30;31;32;33;34;35;36;37;38;39;40;43;44,47,2.389092512130737,1.0955710997866943,0.88,1;3;4;5;6;7;8;9;10;11;12;13;14;16;17;18;19;20;21;22;23;24;25;26;27;28;29;30;31;32;33;36;37;38;39;41;42;43;44;45;46;47;48;49;50;51;52;53;54;55;56;57;58;59;61;63;64;65;66;67;69;70;71;73;74;76;77;78;79;80;81;82;83;84;87;88;89;90;91;92;93;94;95;96;97;98;99;100,100
A0A0F5NA60,0.14285714285714285,3;13;21;22;23;34;38,49,2.342621635198593,1.2793783651949078,0.02,36;48,100
A0A0H2ZUI5,0.02127659574468085,28,47,2.4737005066871642,1.1457180191958403,0.02,73;93,100
A0A0H3MCY6,0.24444444444444444,3;5;11;14;15;20;22;24;31;34;43,45,2.545538909435272,1.2325979879174433,0.91,1;2;3;4;5;6;7;8;9;10;11;12;13;14;15;16;17;18;19;21;22;25;26;27;28;29;30;31;32;33;34;35;36;37;38;39;40;41;42;43;44;45;46;47;49;50;51;52;53;54;55;56;57;58;59;61;62;63;64;65;68;69;70;71;72;73;74;75;76;77;78;79;80;81;82;83;84;85;86;87;88;89;90;93;94;95;96;97;98;99;100,100
A0A0H3MU55,0.25862068965517243,1;2;4;7;11;12;18;22;27;28;29;44;53;57;58,58,2.204381907582283,1.295737308857495,0.21,4;7;12;23;28;30;36;40;42;46;48;55;56;68;70;74;76;85;88;91;98,100
A0A0H5BB76,0.4423076923076923,3;4;5;6;7;8;10;11;13;17;18;20;28;31;32;33;34;37;44;47;48;49;50,52,2.3643617182970047,1.4152332378414227,0.98,1;2;3;4;5;6;7;8;9;10;11;12;13;14;15;16;17;18;19;20;21;22;23;24;25;26;27;28;29;30;31;33;34;35;36;37;38;39;40;41;42;43;44;45;46;47;48;49;50;51;52;53;54;55;56;57;58;59;60;61;62;63;64;65;66;67;68;69;70;71;73;74;75;76;77;78;79;80;81;82;83;84;85;86;87;88;89;90;91;92;93;94;95;96;97;98;99;100,100
A0A0H5NNV9,0.14893617021276595,2;5;10;32;36;37;43,47,2.40340474486351,1.1839609118925372,0.28,1;2;3;5;6;8;9;13;14;17;23;29;38;40;41;43;45;48;52;54;59;61;65;75;79;80;88;91,100
A0A0H5RL48,0.3230769230769231,3;4;5;10;15;21;24;25;30;32;33;35;37;38;44;46;50;53;54;58;60,65,2.0821623170375823,1.3866617310808125,0.54,3;9;10;12;16;18;19;20;21;22;24;27;28;29;30;31;33;34;37;38;39;41;43;44;46;51;52;54;55;56;57;59;62;64;66;67;69;71;72;74;76;77;82;83;85;87;89;90;92;93;95;97;98;99,100
A0A0H5RMP7,0.01694915254237288,3,59,2.263178526163101,1.2093472874198978,0.0,,100
A0A0I9Z3I8,0.4426229508196721,3;4;5;6;8;10;11;12;13;14;18;20;21;23;25;35;36;37;39;40;45;48;49;51;54;60;61,61,2.1357890713214873,1.182444755581206,0.88,1;2;4;5;6;7;9;11;12;13;15;16;17;18;19;20;21;22;23;24;25;26;27;28;29;30;31;33;34;35;36;37;38;39;41;44;45;46;47;48;50;51;52;53;54;55;56;57;58;59;60;61;62;63;64;65;66;67;68;69;71;72;73;74;75;76;77;78;79;80;81;82;83;84;85;86;88;89;90;91;92;93;94;95;96;97;99;100,100
A0A0J6VW20,0.39215686274509803,4;5;6;8;10;14;20;22;23;24;26;27;28;29;32;39;40;42;44;48,51,2.4602339231967925,1.1473682728165027,0.96,1;2;3;4;5;6;7;8;9;10;11;12;13;14;15;16;17;18;19;20;21;22;23;24;25;26;27;28;29;30;31;32;33;34;35;36;37;38;39;40;41;42;43;44;45;46;47;48;49;50;51;52;53;54;55;56;57;58;59;60;61;62;63;65;66;67;68;69;70;71;72;73;74;75;76;77;78;79;81;82;83;84;85;86;87;88;89;90;91;92;94;95;96;97;98;100,100
A0A0J6VZP7,0.07692307692307693,1;3;4;15,52,2.3433073556423185,1.3292205708569227,0.03,37;86;95,100
A0A0J6WR15,0.06451612903225806,7;10,31,2.792396064996719,1.0483282253827249,0.19,11;13;16;20;28;34;40;43;44;48;50;58;60;64;73;83;88;90;92,100
A0A0J6Z0M9,0.24193548387096775,6;7;9;14;24;32;33;35;38;48;50;51;52;56;57,62,2.0358675849437713,1.1763395781695363,0.4,1;2;5;6;7;8;9;11;12;15;16;17;19;23;26;28;33;34;41;48;49;53;55;57;60;62;64;65;69;70;74;75;76;82;83;87;92;93;98;100,100
A0A0J8TWL2,0.30952380952380953,3;7;8;9;12;17;20;22;25;27;30;32;35,42,2.5584755653142928,1.2630019102416177,0.14,4;8;14;20;23;43;49;50;51;63;68;70;89;96,100
A0A0J8TXD9,0.775,1;3;4;5;6;7;8;9;10;11;12;13;15;16;17;18;19;20;21;22;24;25;26;28;29;31;33;35;37;38;39,40,2.5316059589385986,1.2121538407564727,0.81,1;2;3;4;5;6;7;8;9;10;11;12;13;14;15;16;17;18;19;20;21;22;23;24;25;26;28;30;31;32;34;35;36;37;39;40;41;43;44;46;47;48;49;50;54;55;56;57;58;59;60;61;62;63;64;65;66;67;69;71;72;75;76;77;79;82;83;84;85;86;87;89;90;91;92;94;95;97;98;99;100,100
A0A0K0X557,0.3695652173913043,4;5;7;9;10;13;16;17;22;24;25;26;32;35;38;40;45,46,2.456873104572296,1.1076376799502252,0.76,1;3;4;6;7;8;9;10;11;14;15;16;17;18;19;22;23;24;25;26;27;29;30;31;32;33;34;35;36;37;39;40;42;43;44;45;47;48;49;50;51;54;55;56;57;60;61;63;64;66;67;68;70;71;72;73;74;75;77;78;79;80;81;82;84;86;88;89;90;91;92;93;94;95;96;99,100
A0A0K0XB28,0.16216216216216217,14;17;19;20;21;34,37,2.735623835325241,1.1609189454002693,0.18,7;17;18;35;37;41;49;53;55;56;58;62;63;65;78;82;83;92,100
A0A0K0XCM7,0.25,1;3;7;8;13;15;21;23;29;36;37;38,48,2.5551728200912476,1.1246377296497354,0.26,2;9;10;21;22;28;29;31;37;39;40;43;50;59;60;64;66;69;74;78;82;91;94;95;97;98,100
A0A0L0JLL3,0.5423728813559322,1;2;3;4;5;6;7;8;9;10;11;12;13;17;18;19;22;24;25;26;28;30;31;33;35;37;40;45;48;51;54;57,59,2.249298390746117,1.2086510020896564,0.26,6;10;14;16;18;20;27;29;32;37;38;39;42;43;44;45;48;56;58;63;69;71;77;86;93;99,100
A0A0L0JTI1,0.6078431372549019,1;2;3;5;6;9;10;11;13;14;15;17;18;19;20;23;28;30;32;33;34;35;36;38;40;41;42;44;45;49;50,51,2.3170561361312867,1.1346173544969609,1.0,1;2;3;4;5;6;7;8;9;10;11;12;13;14;15;16;17;18;19;20;21;22;23;24;25;26;27;28;29;30;31;32;33;34;35;36;37;38;39;40;41;42;43;44;45;46;47;48;49;50;51;52;53;54;55;56;57;58;59;60;61;62;63;64;65;66;67;68;69;70;71;72;73;74;75;76;77;78;79;80;81;82;83;84;85;86;87;88;89;90;91;92;93;94;95;96;97;98;99;100,100
A0A0M2JYX2,0.1875,1;3;7;10;13;23,32,2.840660719871521,1.2125887757139908,0.18,6;9;18;27;29;32;34;39;48;51;54;61;67;74;78;80;89;95,100
A0A0M2WG04,0.42857142857142855,3;4;7;8;12;15;17;18;19;20;21;22;25;27;29;31;32;37;38;39;44;45;48;49,56,2.266830512881279,1.2483339807657485,0.29,6;7;8;9;10;11;14;16;26;28;29;31;32;45;46;47;52;57;60;63;65;70;71;73;76;77;78;83;93,100
A0A0N9XFV2,0.575,2;3;4;5;7;11;12;16;17;21;22;25;26;27;28;29;30;32;33;35;36;38;40,40,2.7542796790599824,1.1235093579220325,0.6,1;2;6;7;10;11;12;13;16;18;19;20;22;24;25;26;27;28;30;32;33;36;37;41;42;43;49;50;51;52;54;56;60;61;63;65;66;67;68;71;72;73;74;77;78;81;82;83;84;86;88;90;91;93;94;96;97;98;99;100,100
A0A0N9YG13,0.4411764705882353,3;5;7;10;11;13;14;16;17;20;22;23;30;33;34,34,2.8425223743915558,1.1980144188814115,0.43,1;3;5;6;8;9;10;11;13;14;16;19;20;22;23;30;32;35;38;39;43;44;52;53;56;58;59;62;63;64;67;73;77;78;79;83;84;86;87;88;94;96;99,100
A0A0Q2M080,0.33962264150943394,4;8;10;11;17;23;25;28;30;31;33;36;43;44;45;47;52;53,53,2.3427834713459017,1.1453817898122904,0.43,2;3;4;5;6;7;8;9;11;13;14;17;18;19;22;23;25;26;29;32;33;35;38;41;43;46;50;51;52;54;55;57;60;61;66;68;71;77;88;91;92;96;97,100
A0A0Q2RTZ0,0.2,9;11;24;27;28;31;34;35,40,2.7164065515995026,1.0559587044435739,0.63,1;2;3;4;5;6;7;8;9;11;12;13;14;15;16;17;18;20;21;23;24;27;29;31;33;34;35;36;38;39;42;44;46;48;53;55;59;61;62;63;65;66;68;69;70;71;73;74;77;78;82;83;84;85;86;87;88;90;92;94;95;98;100,100
A0A0U0WCI8,0.32727272727272727,3;5;7;11;14;16;18;20;23;26;29;40;41;42;44;49;54;55,55,2.28576159119606,1.1781006442282005,0.51,6;9;10;11;13;14;15;17;28;29;31;32;34;37;38;39;40;41;42;46;47;49;51;52;54;55;56;57;58;60;62;64;67;71;72;73;75;76;77;80;84;86;87;89;90;92;94;95;97;98;100,100
A0A0U0ZG49,0.3114754098360656,2;4;8;10;14;15;18;20;25;29;34;38;44;45;48;51;53;54;56,61,2.1748289465904236,1.262282816474618,0.84,1;2;3;4;5;6;7;8;9;10;11;13;14;15;16;17;18;19;20;21;22;23;24;25;26;27;28;29;30;31;33;34;35;36;37;38;39;42;43;44;45;46;47;48;49;50;51;52;53;54;56;58;59;60;61;62;63;65;67;70;72;73;74;75;76;77;78;80;81;82;83;84;85;86;87;88;89;90;92;93;94;95;96;99,100
A0A0U0ZGC0,0.5952380952380952,3;4;5;7;9;10;11;12;13;14;16;17;18;19;20;21;22;25;26;27;28;31;32;37;39,42,2.563609697818756,1.2636003211387243,0.88,1;3;5;7;8;9;10;11;12;14;15;16;17;18;19;20;21;22;23;24;25;26;27;28;29;30;31;32;33;34;35;36;38;39;41;42;43;44;45;46;47;49;50;52;53;54;55;56;57;59;60;61;62;63;64;65;66;67;68;69;71;72;73;74;75;76;77;78;79;80;81;82;83;84;85;86;87;88;89;90;91;92;93;95;96;98;99;100,100
A0A0U0ZLV7,0.45161290322580644,10;12;14;19;21;22;23;27;28;33;34;41;42;43;44;45;46;47;49;50;51;53;55;56;58;59;60;62,62,2.032687616348267,1.334303156246853,0.95,1;2;3;4;5;6;7;8;9;10;11;12;13;14;15;16;17;18;19;20;21;22;23;24;25;26;27;29;30;31;32;33;34;35;36;37;38;39;40;41;42;43;44;45;46;47;48;49;50;51;52;53;54;55;56;57;59;60;62;63;64;65;66;67;68;69;71;72;73;74;75;76;77;78;79;80;81;82;83;84;85;86;87;88;89;90;91;92;94;95;96;97;98;99;100,100
A0A0U0ZPX5,0.3050847457627119,1;7;8;14;21;22;27;37;38;40;42;45;46;48;49;52;58;59,59,2.1467287594079973,1.2209885610582494,0.99,1;2;3;4;5;6;7;8;9;10;11;12;13;14;15;16;17;18;19;20;21;22;23;24;25;26;27;28;29;30;31;32;33;34;35;36;37;38;39;40;41;42;43;44;45;46;47;48;49;50;51;52;53;54;55;56;57;58;59;60;61;62;63;64;65;67;68;69;70;71;72;73;74;75;76;77;78;79;80;81;82;83;84;85;86;87;88;89;90;91;92;93;94;95;96;97;98;99;100,100
A0A0U1D4T9,0.20833333333333334,2;3;4;12;22,24,2.796579200029373,0.8124190396661592,0.32,1;4;7;9;12;15;27;30;31;35;45;49;50;51;52;54;57;60;63;67;70;72;75;77;79;81;82;87;90;92;97;98,100
A0A0U1DUP4,0.1276595744680851,21;26;34;35;40;44,47,2.507644435167313,1.2123809093013977,0.18,3;10;18;19;23;26;30;41;51;57;61;64;66;78;79;92;99;100,100
A0A0U1E1C0,0.42105263157894735,1;8;9;13;14;15;16;18,19,3.078667984008789,1.0366828013249834,0.83,1;2;3;4;5;6;7;8;9;10;11;12;14;15;16;17;19;21;22;23;24;25;26;27;28;29;30;32;33;34;35;36;38;39;40;41;42;43;44;46;47;48;49;50;51;52;54;55;56;57;58;59;60;61;62;63;64;65;66;67;69;70;71;73;75;76;77;78;80;82;83;84;87;89;90;91;92;93;95;96;97;99;100,100
A0A0U1Z2H3,0.4791666666666667,2;4;9;10;12;13;16;17;18;20;22;23;25;26;27;28;29;31;33;36;38;42;47,48,2.582531469464302,1.2128648725889888,0.42,1;4;5;6;7;8;9;10;11;15;31;34;37;38;39;41;43;44;45;52;55;58;59;61;62;66;68;69;70;71;72;76;77;78;80;86;89;90;91;94;97;98,100
A0A100W5H8,0.37777777777777777,1;2;4;6;9;11;14;15;16;21;26;29;36;38;42;44;45,45,2.566275982260704,1.3173400041011911,0.53,2;3;4;5;7;8;9;10;12;16;17;20;21;22;23;24;25;26;28;29;30;31;33;34;36;40;43;44;47;48;51;52;56;57;59;61;62;63;64;66;67;70;71;75;79;80;83;84;90;91;93;94;100,100
A0A100W5I0,0.6078431372549019,1;2;4;5;8;9;10;14;16;17;18;19;22;23;25;27;28;30;31;32;33;34;35;38;40;41;43;44;47;49;50,51,2.5262132692337036,1.3985671703207316,0.81,1;2;3;4;5;6;7;8;9;10;11;12;13;14;16;19;20;21;22;23;24;25;26;28;29;30;31;32;33;34;35;36;37;38;39;40;41;42;43;44;45;46;47;48;49;50;51;52;53;55;58;59;60;62;63;64;65;67;68;69;72;74;75;76;78;79;80;82;83;84;85;89;90;91;92;93;94;95;97;98;100,100
A0A100WJQ5,0.5818181818181818,1;2;4;5;6;8;9;12;14;15;16;17;18;19;20;21;22;23;24;26;29;31;34;36;37;39;40;45;46;51;53;55,55,2.353973935842514,1.2762914579833666,0.68,1;2;5;6;7;8;9;11;12;13;16;17;21;22;23;26;27;29;30;31;34;35;36;37;38;40;42;44;46;47;49;52;53;55;56;57;58;62;65;67;68;69;71;72;73;74;75;76;77;78;79;80;81;83;84;85;86;87;88;89;90;93;94;95;97;98;99;100,100
A0A100WL29,0.4230769230769231,1;2;3;6;7;13;14;15;17;19;22;25;27;29;33;34;35;36;40;42;47;51,52,2.338977788686752,1.2894463915476542,0.39,1;2;3;4;5;7;9;10;11;18;19;24;26;27;33;34;35;37;39;46;51;54;56;58;60;61;64;69;71;77;78;80;83;87;90;91;93;94;99,100
A0A117I9B3,0.4444444444444444,2;4;5;6;7;9;11;14;19;20;22;23;26;27;31;35;37;38;42;44,45,2.4863212299346924,1.0759827524242258,0.82,1;2;3;4;5;6;8;9;10;11;12;13;14;15;16;17;18;19;20;21;22;23;24;25;26;27;30;32;33;34;35;38;41;42;43;44;45;46;48;50;51;52;53;54;55;56;57;58;59;60;61;62;63;64;65;68;69;70;71;72;73;74;76;78;79;80;81;82;83;84;85;86;87;88;89;90;91;92;93;97;98;100,100
A0A117I9Z0,0.3333333333333333,2;3;7;9;10;15;17;19;25;26;28;29;30;32;33;41,48,2.5305090630054474,1.0506843250090256,0.41,1;2;5;6;7;10;11;13;14;18;19;20;22;23;24;28;35;37;42;43;45;49;51;53;56;58;59;63;68;69;70;76;79;85;88;90;92;94;95;99;100,100
A0A117IEQ2,0.45,2;4;10;11;13;15;16;17;18;19;20;22;24;25;31;32;36;37,40,2.8080279195308684,1.1956349848417123,0.27,6;9;15;16;25;30;33;40;41;43;48;49;57;60;61;64;66;68;69;72;82;84;85;87;88;95;97,100
A0A124DZH3,0.35384615384615387,8;11;12;15;16;19;20;21;22;23;25;27;28;29;35;39;40;45;46;52;54;61;64,65,2.1555906105041505,1.1291753821372745,0.88,1;3;4;5;6;7;8;9;10;11;12;13;14;15;16;17;18;19;20;22;23;24;25;26;27;28;29;30;31;32;33;34;35;36;37;38;39;41;42;43;44;45;46;47;48;50;51;52;53;54;55;56;57;58;59;60;61;63;65;66;67;68;70;71;72;73;74;75;76;77;78;79;80;82;84;85;86;87;90;91;92;93;94;95;96;97;98;100,100
A0A132PRD2,0.5405405405405406,4;5;6;7;8;9;10;11;12;13;15;17;18;22;24;25;27;29;34;35,37,2.7197428715229033,1.2100366315300315,0.79,1;2;4;5;6;7;9;10;11;13;14;15;16;18;20;21;23;24;25;26;27;28;29;30;31;33;34;35;36;37;38;39;40;41;43;44;45;46;47;48;49;50;51;52;53;54;56;57;58;59;60;61;62;63;64;65;66;67;68;69;70;71;74;75;77;78;79;80;81;82;84;85;89;90;91;92;95;97;98,100
A0A132PS78,0.2727272727272727,2;3;4,11,3.1157627379894257,0.8917721692806712,0.08,2;23;44;69;77;79;86;90,100
A0A143QSN8,0.26153846153846155,2;6;10;12;13;15;19;26;27;28;29;30;32;36;40;50;53,65,2.0667189103364945,1.108666476914218,0.23,1;12;30;39;41;53;62;65;66;70;71;73;74;75;76;78;80;82;83;87;91;98;100,100
A0A163Z098,0.42,1;2;3;4;6;7;11;12;14;17;18;19;20;22;25;26;32;38;39;40;50,50,2.2036951500177384,1.1057211893367174,0.38,4;7;8;12;15;17;18;19;21;22;26;27;31;34;42;47;48;49;50;52;57;60;61;62;63;64;72;73;80;81;83;86;87;94;95;97;98;99,100
A0A164L8S1,0.15873015873015872,2;3;8;9;13;19;32;36;44;50,63,2.1174186795949934,1.2043930434553434,0.16,9;10;11;23;32;35;40;42;63;71;78;83;88;90;96;98,100
A0A164L8T1,0.0,,55,2.2852328175306322,1.3186566275426232,0.0,,100
A0A172UHW8,0.275,5;6;7;14;17;25;26;28;30;33;35,40,2.72270822763443,1.3545741166886571,0.06,6;43;46;54;78;86,100
A0A178CV43,0.5,4;5;7;8;11;12,12,3.3415104377269746,0.9556582711432239,0.26,1;4;18;19;22;24;38;39;40;41;45;49;53;54;56;57;59;65;68;71;77;89;96;98;99;100,100
A0A178LTI6,0.2692307692307692,1;5;7;8;10;11;24;29;30;31;32;34;48;49,52,2.387735743522644,1.2884580762127502,0.01,50,100
A0A179V396,0.38181818181818183,1;2;4;5;13;14;15;18;24;28;36;37;41;42;44;46;47;48;51;52;53,55,2.238308392167091,1.1866727825311585,0.37,1;7;8;10;13;15;16;18;21;24;25;26;28;32;37;38;39;40;41;51;53;59;61;64;65;70;71;73;78;79;84;85;88;91;94;95;97,100
A0A179V451,0.625,2;3;4;5;7;9;12;15;16;17;19;20;21;24;25;26;27;29;30;31;32;33;34;35;36;37;41;43;44;45;46;47;48;49;50;51;58;59;60;63,64,2.115895124077797,1.153223133505797,0.89,1;2;3;4;5;6;7;8;9;10;11;12;14;15;16;17;18;19;20;21;22;23;24;25;28;29;30;31;32;33;34;35;36;37;38;40;41;42;43;45;46;47;48;49;50;51;52;53;54;56;57;58;59;60;61;62;63;64;65;66;67;68;69;70;71;72;73;75;76;77;78;79;80;82;83;84;85;86;87;89;90;91;92;94;95;97;98;99;100,100
A0A179VA95,0.42857142857142855,4;8;9;11;14;15;18;22;24;25;26;31;32;33;36;37;38;39;43;45;49,49,2.467387120127678,1.0957350604443523,0.74,1;2;3;4;5;6;7;9;10;12;13;14;15;16;17;18;19;20;21;22;23;24;25;26;27;28;29;30;31;33;34;35;38;40;42;43;45;47;48;49;50;51;54;55;56;57;59;60;61;62;63;64;65;67;68;69;71;74;75;82;83;85;87;88;89;90;92;93;94;95;97;98;99;100,100
A0A179VCR2,0.2,3;7;12;14;17;24;39;47;48;54;57;61;67;70,70,1.7205700540542603,1.1698505042829874,0.99,1;2;3;4;5;6;7;8;9;10;11;12;13;14;15;16;17;18;19;20;21;22;23;24;25;26;27;28;29;30;31;32;33;34;35;36;37;38;39;40;41;42;43;44;45;46;47;48;49;50;51;52;53;54;55;56;57;58;59;60;61;62;63;64;65;66;67;68;69;71;72;73;74;75;76;77;78;79;80;81;82;83;84;85;86;87;88;89;90;91;92;93;94;95;96;97;98;99;100,100
A0A1A0MX32,0.43636363636363634,1;3;5;7;8;10;11;12;16;17;19;20;27;29;30;32;34;36;37;40;45;47;49;53,55,2.240554065704346,1.0445635533850384,0.46,1;2;3;6;8;11;12;16;17;19;20;22;23;24;28;29;31;32;36;39;40;41;43;46;49;50;51;54;55;56;58;59;62;64;65;67;69;71;74;79;80;81;83;87;89;91,100
A0A1A0MY20,0.40476190476190477,3;4;6;7;11;12;14;16;17;18;20;21;22;23;26;34;37,42,2.6661275601387024,1.2948798297647781,0.89,1;2;3;4;5;6;7;8;9;10;11;12;14;16;17;18;19;20;21;22;23;24;25;26;27;28;29;30;31;32;33;34;35;36;37;38;39;40;42;44;45;46;48;49;50;51;52;53;54;55;56;57;58;59;60;61;62;63;64;65;66;67;68;69;70;71;73;74;75;78;79;80;81;83;84;85;86;87;88;89;90;91;93;94;95;96;97;98;99,100
A0A1A0RF23,0.7254901960784313,1;2;6;7;9;10;11;12;13;14;15;16;17;18;19;20;21;24;25;26;27;28;29;31;32;33;35;36;37;38;39;40;43;44;45;47;51,51,2.5029336392879484,1.3668932318592881,0.88,1;3;4;5;6;7;9;10;11;12;13;14;16;17;18;19;22;23;24;25;26;27;28;29;30;32;33;34;35;36;37;38;39;40;41;43;44;45;46;48;49;50;51;52;53;54;55;56;57;58;59;60;61;62;63;64;65;67;68;69;70;72;73;74;75;76;77;78;79;80;81;83;84;85;86;87;88;89;90;91;92;93;94;95;96;97;98;100,100
A0A1A0RF29,0.5319148936170213,2;4;6;7;8;9;11;12;13;14;15;16;19;20;22;24;27;29;32;34;35;36;38;45;46,47,2.4005713272094726,1.1485802374365466,0.96,1;2;3;4;5;6;7;8;9;10;11;12;13;14;15;16;17;18;19;20;21;22;23;24;25;26;27;28;29;31;32;33;34;35;36;37;38;39;40;41;42;43;44;45;46;47;48;49;50;51;52;53;54;55;57;58;59;60;61;62;63;64;65;66;67;68;69;70;71;72;73;74;75;76;77;78;79;80;82;83;84;85;86;87;89;90;91;92;93;94;95;96;97;98;99;100,100
A0A1A0V6S5,0.41818181818181815,1;4;5;8;11;13;14;17;18;22;23;25;28;30;31;38;39;44;47;48;49;51;53,55,2.3241224086284635,1.1999755726692531,0.61,2;3;4;6;7;8;9;10;11;13;16;17;19;23;24;25;26;30;35;36;37;38;41;42;45;46;47;49;52;54;55;56;57;58;59;60;61;63;64;65;66;67;70;71;72;73;74;75;76;77;79;80;81;83;84;86;87;89;94;96;97,100
A0A1A0VBY7,0.46153846153846156,3;4;8;10;12;13;14;16;21;22;23;25;27;28;31;34;35;38,39,2.5210632610321047,0.956602898468657,0.24,2;6;9;12;16;17;19;21;23;27;35;40;46;47;50;54;56;58;67;71;80;81;88;93,100
A0A1A0VEQ6,0.38181818181818183,2;3;5;7;8;13;14;15;17;20;22;24;27;28;32;36;41;43;45;46;47,55,2.199051685333252,1.266627418261296,0.35,4;6;17;19;20;21;22;25;28;31;34;35;37;38;43;44;47;50;53;56;58;62;63;64;65;67;72;74;82;83;85;87;94;97;98,100
A0A1A0VZR1,0.21311475409836064,1;6;7;11;13;17;19;24;30;35;51;53;56,61,2.1270873552560805,1.1842829417054743,0.54,3;4;6;7;10;12;13;16;18;21;22;23;25;26;28;29;30;32;34;37;39;41;43;46;48;49;51;52;54;57;58;61;63;64;66;67;68;69;71;73;74;76;78;79;80;85;86;87;90;91;94;95;98;100,100
A0A1A1WCA4,0.358974358974359,1;8;12;14;16;18;21;22;23;26;28;29;32;33,39,2.7657885152101516,1.2851837420258108,0.18,10;12;18;20;25;39;48;57;58;63;64;68;71;77;88;92;94;97,100
A0A1A1WCB1,0.6521739130434783,1;2;3;4;5;6;7;8;9;11;12;13;14;16;18;19;20;21;22;24;25;26;27;28;29;30;31;34;35;36,46,2.418109292984009,1.047231616634697,0.72,1;3;4;5;6;7;8;9;10;11;12;13;15;16;18;19;20;23;24;25;26;27;28;29;30;33;34;35;36;38;39;45;46;48;49;50;51;52;53;54;57;58;59;60;61;64;66;67;69;70;71;72;73;74;75;76;78;80;82;83;84;85;86;87;88;90;92;93;96;98;99;100,100
A0A1A2DP38,0.038461538461538464,40;51,52,2.3362396866083146,1.2308303822671407,0.01,53,100
A0A1A2EVY2,0.47368421052631576,1;3;5;6;9;11;14;15;16;18;19;20;21;22;26;30;33;37,38,2.666800008416176,1.1831249278825935,0.64,1;2;3;4;5;7;9;11;13;14;15;16;17;19;20;21;23;24;27;28;30;32;34;37;38;39;40;41;42;43;46;48;49;52;53;55;56;58;59;61;63;65;66;67;69;70;72;73;74;75;77;78;79;80;83;86;87;89;91;92;94;95;99;100,100
A0A1A2NZX0,0.2857142857142857,6;7;8;9;14;18;21;22;24;34,35,2.8187500506639482,1.3935233781006537,0.24,2;9;17;18;22;24;31;33;37;38;39;42;43;44;49;50;54;57;66;69;70;75;85;95,100
A0A1A2P0A6,0.43243243243243246,2;3;4;8;9;11;12;13;15;16;18;19;20;22;26;34,37,2.8077931916713714,1.0915027125196441,0.51,1;2;5;7;8;9;13;16;18;20;24;25;27;28;30;31;32;34;37;38;39;40;41;42;45;49;51;52;53;54;56;57;61;62;63;64;67;69;72;79;80;81;87;88;89;90;91;93;96;97;98,100
A0A1A2SD60,0.3125,3;5;6;13;14;18;23;41;42;46;47;49;50;51;53;54;55;57;59;61,64,1.9730655074119567,1.303672634261549,0.37,1;2;3;4;5;7;8;9;12;14;15;16;17;21;24;25;26;29;30;31;34;43;44;51;60;61;62;64;75;77;86;87;88;91;93;95;99,100
A0A1A2SGC1,0.4,1;4;5;7;15;16;17;20;21;22,25,3.0256500005722047,1.1311523024523193,0.65,1;2;4;5;7;8;11;14;15;17;20;22;23;25;26;27;29;31;32;34;35;36;37;40;41;42;43;44;45;46;48;51;52;55;57;58;59;60;61;62;63;64;68;69;70;71;72;73;74;75;76;77;81;83;84;86;87;88;89;90;91;92;94;97;99,100
A0A1A2SKN5,0.12727272727272726,9;13;19;22;42;43;46,55,2.432855301499367,1.4816910421194347,0.09,34;36;41;43;46;59;79;85;98,100
A0A1A2SQA4,0.0,,37,2.773164653778076,1.2264570088642095,0.0,,100
A0A1A2STK0,0.35294117647058826,1;3;4;5;9;10;11;12;16;19;20;23;25;30;31;35;36;48,51,2.504969823360443,1.3463102796564834,0.36,3;6;10;15;17;20;23;25;28;29;30;34;36;38;39;41;42;46;47;49;50;52;55;65;67;68;73;76;77;81;86;90;91;92;93;99,100
A0A1A2UBP1,0.3076923076923077,1;5;6;9;10;12;14;21;24;26;28;30;33;35;40;48,52,2.3853170865774156,1.2723943648012819,0.38,3;4;5;6;12;16;18;19;23;25;33;36;38;39;42;46;51;52;56;57;59;61;63;66;67;73;74;76;80;81;85;86;90;91;92;94;98;99,100
A0A1A2VM45,0.3157894736842105,1;2;7;11;14;19;21;22;23;32;35;38,38,2.5848791217803955,1.1069759907994836,0.57,2;3;4;5;9;10;12;13;16;19;22;23;25;27;28;29;31;34;36;39;40;41;42;43;44;45;46;48;49;52;53;54;55;58;59;60;61;62;63;65;69;70;71;72;73;76;78;80;84;85;88;89;92;94;97;98;99,100
A0A1A2YRQ4,0.3770491803278688,1;3;6;8;9;10;11;12;14;17;21;24;25;29;31;36;41;43;45;49;56;58;60,61,2.1272900092601774,1.145177096001425,0.11,2;12;14;19;31;41;44;59;63;71;72,100
A0A1A2YVQ7,0.5,4;6;7;8;10;11;12;14;15;18;21;23;24;25;27;28;29;30;31;32;34;38;39;40;41;47;48;50;52;53;61,62,2.0594968509674074,1.1263703743479732,0.36,6;8;11;14;16;17;19;21;22;25;26;31;34;36;40;44;46;49;53;58;60;62;63;65;70;75;77;78;79;80;83;86;91;96;99;100,100
A0A1A2YYV5,0.2,3;8;9;22;23;27;30;32;34;47;49;60,60,2.1390324062108994,1.165318812223737,0.18,1;4;13;17;21;27;33;35;36;37;38;47;51;64;73;78;83;95,100
A0A1A2Z2J8,0.09090909090909091,5;10;17;29,44,2.5446595656871795,0.9970887056905281,0.05,42;50;59;77;88,100
A0A1A2Z8H6,0.2318840579710145,6;11;12;15;17;18;20;21;22;25;28;31;37;44;52;55,69,1.930243622660637,1.196370607303378,0.42,1;2;3;4;6;7;8;10;12;15;16;18;19;21;27;29;35;38;39;40;41;44;46;48;51;52;53;54;62;63;68;69;71;73;78;81;90;91;93;95;99;100,100
A0A1A2ZG36,0.2708333333333333,14;15;16;17;19;20;22;24;26;27;35;38;44,48,2.3514263343811037,1.1477458501844222,0.54,8;11;17;18;19;20;21;23;24;26;27;29;30;32;33;34;37;38;39;41;43;45;46;48;49;52;53;54;55;57;58;59;62;63;64;70;71;72;73;74;75;76;77;79;80;81;83;87;88;92;93;97;98;99,100
A0A1A3BEU1,0.4444444444444444,1;2;3;6;7;9;10;13;15;17;21;22;23;24;26;32;33;37;38;39;40;47;52;54,54,2.2257475793361663,1.1853005650365973,0.52,1;2;3;4;5;6;7;8;10;11;12;13;15;16;17;18;21;22;24;27;28;29;31;32;34;36;37;48;49;51;54;57;61;62;64;67;72;73;74;75;76;77;80;82;85;87;89;91;93;94;96;98,100
A0A1A3C4T0,0.5849056603773585,3;4;5;6;7;8;10;11;12;15;16;19;20;21;22;23;24;25;28;29;32;34;35;36;38;39;42;44;45;48;52,53,2.4791802769899367,1.2695882042155113,0.5,4;6;7;8;11;13;17;20;22;25;26;29;30;31;32;35;36;37;38;41;42;44;47;53;54;58;61;65;66;68;72;74;76;78;79;81;82;83;84;85;88;89;91;93;94;95;96;97;98;99,100
A0A1A3GZZ6,0.44680851063829785,1;3;6;7;8;9;12;15;16;17;21;22;26;27;28;32;34;35;39;40;44,47,2.645892691612244,1.409289707920233,0.24,2;3;4;18;20;21;24;26;37;38;47;49;61;63;67;70;77;83;86;88;94;96;99;100,100
A0A1A3H185,0.22916666666666666,1;5;7;9;12;20;26;28;31;34;39,48,2.572593768835068,1.2875991338959167,0.01,2,100
A0A1A3KI76,0.6923076923076923,1;2;4;6;7;8;10;11;12;14;16;17;19;20;21;23;24;25;26;27;28;29;30;33;35;37;38,39,2.848040692806244,1.1736110283367747,0.8,1;3;4;5;6;7;8;9;10;11;12;13;14;15;16;17;18;20;22;23;24;25;26;27;28;29;30;31;33;34;36;37;38;39;40;45;46;47;48;49;50;51;52;53;54;55;57;58;59;60;61;62;63;64;65;66;67;68;69;70;71;73;75;77;78;82;83;85;86;87;88;89;90;91;92;94;95;96;97;99,100
A0A1A3KJV4,0.43333333333333335,1;3;6;8;9;10;13;17;20;21;22;26;27;28;30;35;37;38;40;41;42;43;47;52;56;58,60,2.195695429444313,1.2581267740490976,0.29,1;6;7;8;10;12;23;26;29;31;33;38;42;44;45;46;49;55;59;70;74;76;81;87;88;89;92;97;98,100
A0A1A3KPW7,0.3508771929824561,3;4;5;9;14;16;17;19;20;21;23;28;29;36;38;48;49;50;56;57,57,2.076217557191849,1.1624413986834121,0.11,6;16;17;24;26;32;35;50;57;92;99,100
A0A1A3N5H1,0.37037037037037035,1;2;5;8;9;11;12;14;16;18;19;20;27;33;35;40;42;43;44;46,54,2.2386366283893584,1.103563330297186,0.14,1;5;6;7;11;14;25;30;54;58;64;65;74;84,100
A0A1A3N7A1,0.4634146341463415,3;6;7;8;9;14;16;19;20;21;22;26;28;30;32;34;36;38;40,41,2.551833600997925,1.0166567287921546,0.44,1;2;3;6;10;11;12;13;15;18;21;22;23;24;25;28;30;32;33;34;35;38;39;41;42;46;54;56;61;62;63;64;66;67;68;76;87;90;92;94;95;96;97;98,100
A0A1A3NWI0,0.41025641025641024,2;4;6;8;9;10;11;12;18;21;22;23;29;33;35;36,39,2.7721736818552016,1.284566512766625,0.43,5;6;7;8;11;12;15;18;19;20;21;23;25;27;28;30;34;35;36;37;39;42;45;47;52;55;57;59;60;63;66;69;70;73;74;75;80;82;85;86;90;95;99,100
A0A1A3P195,0.4,4;8;9;16;20;22;23;24;25;29;30;31;32;35,35,2.6906366670131683,1.1092829821985593,0.53,1;2;3;4;5;6;7;12;13;14;15;19;20;21;22;23;25;26;27;31;34;35;36;37;38;39;43;44;51;52;53;55;56;57;58;59;60;61;62;66;67;68;70;72;77;78;79;80;81;84;93;95;96,100
A0A1A3P7V6,0.22,3;5;6;11;16;21;26;28;45;49;50,50,2.465703980922699,1.242298491312185,0.5,1;4;6;7;9;12;15;16;17;19;20;22;25;27;29;30;31;32;33;36;37;38;39;44;46;49;50;51;52;55;57;63;65;68;69;72;73;75;77;79;81;82;83;85;87;88;89;93;99;100,100
A0A1A3TXF6,0.08771929824561403,1;10;19;27;30,57,2.234547575712204,1.3535786128692766,0.18,4;5;11;14;17;19;30;31;40;42;46;49;69;70;75;88;92;99,100
A0A1A3U111,0.6122448979591837,1;3;4;6;8;9;10;12;14;15;17;20;21;23;25;26;28;29;30;31;33;34;35;37;38;39;41;42;43;46,49,2.327360074520111,1.1646394159784084,0.91,1;2;3;4;5;7;8;9;10;11;12;13;14;15;16;17;18;19;20;21;22;23;24;25;26;28;29;30;31;32;33;34;35;36;37;38;39;40;41;42;43;44;45;46;47;48;49;50;51;52;53;54;55;56;57;59;60;62;63;64;65;66;67;68;70;71;72;73;74;76;77;79;80;81;82;84;86;87;88;89;90;91;92;93;94;95;96;97;98;99;100,100
A0A1A3U7T4,0.3709677419354839,2;3;5;6;7;12;14;20;22;24;26;32;33;34;39;40;42;46;48;49;52;56;59,62,2.1211396116018295,1.2081657927295943,0.5,1;5;6;7;11;14;15;16;17;20;22;23;24;25;26;27;32;36;37;40;41;44;45;47;48;50;53;54;55;56;58;59;62;63;64;65;68;70;71;72;74;77;80;83;85;91;93;96;98;100,100
A0A1A6BMZ1,0.25396825396825395,3;4;8;9;20;27;30;32;33;39;43;45;47;52;56;57,63,2.045720434784889,1.1748565247421145,0.34,1;7;9;10;15;19;20;21;22;38;41;45;46;48;50;59;60;61;62;65;69;71;75;76;78;79;81;82;84;87;90;91;92;97,100
A0A1B4Y4X4,0.18867924528301888,4;11;14;24;29;35;45;46;49;52,53,2.165457230806351,1.1904880839637069,0.07,13;14;18;61;70;74;78,100
A0A1B8SKL4,0.1323529411764706,3;5;14;15;17;27;35;37;63,68,1.9779650676250458,1.2913341410486843,0.26,6;9;14;15;19;22;23;31;34;35;36;38;43;46;48;53;61;62;71;72;75;76;82;84;90;97,100
A0A1B9CJD7,0.7115384615384616,2;3;4;5;6;7;10;12;13;14;15;16;18;19;22;23;24;25;26;27;28;29;30;31;32;33;34;35;36;37;38;39;45;47;48;50;51,52,2.332192076444626,1.1442235942329972,0.53,1;2;4;5;6;7;9;15;16;17;18;19;20;21;22;23;24;26;27;28;33;34;36;37;38;39;40;41;42;44;45;46;47;51;52;53;56;57;59;60;61;64;68;73;74;76;78;79;84;89;93;95;97,100
A0A1B9CX42,0.2916666666666667,4;7;11;13;14;16;17;18;25;31;32;36;41;44,48,2.5277699023485183,1.2365830263059325,0.76,1;2;3;4;5;6;7;10;11;12;13;14;15;16;17;18;19;21;22;23;24;25;26;27;28;29;30;31;32;33;36;37;40;42;43;44;45;46;47;49;50;51;52;53;54;55;56;57;58;59;60;61;62;63;64;65;67;70;75;76;78;80;83;84;85;88;89;90;92;93;95;96;97;98;99;100,100
A0A1D7VWY6,0.07317073170731707,12;26;27,41,2.542583424448967,1.1324553099282642,0.01,60,100
A0A1D8GAR9,0.47058823529411764,1;2;4;7;10;11;12;14;15;16;19;23;28;30;31;33;35;36;38;39;43;44;47;48;49;52;56;57;59;61;62;65,68,2.037322756648064,1.1380534725175009,0.98,1;2;3;4;5;6;7;8;9;10;11;12;14;15;16;17;18;19;20;21;22;23;24;25;26;27;28;29;30;31;32;33;34;35;36;37;38;39;40;41;42;43;44;45;46;47;48;49;50;51;52;53;54;55;56;57;58;59;60;61;62;63;64;65;66;67;68;69;70;71;72;73;74;75;76;77;78;79;80;81;82;83;84;85;86;87;88;89;90;91;92;93;94;96;97;98;99;100,100
A0A1E3RBW0,0.35185185185185186,3;5;6;8;13;15;16;19;20;21;24;26;28;29;31;39;42;44;53,54,2.3497125381231307,1.258321309992211,0.73,1;3;4;5;6;7;8;9;10;11;12;13;15;16;17;19;20;21;22;24;26;27;29;30;32;33;35;36;37;38;39;40;41;43;44;45;46;48;49;50;51;52;54;55;56;57;59;63;64;65;66;68;69;70;72;73;74;75;77;78;81;82;84;85;86;87;88;89;92;94;96;97;99,100
A0A1E3S0K4,0.2962962962962963,5;7;8;10;12;17;24;26,27,3.0224057137966156,1.1670915415486687,0.62,1;2;5;7;8;9;11;14;15;16;17;18;20;21;24;25;26;28;29;31;32;34;36;37;38;41;43;46;47;48;54;56;57;58;60;61;63;64;65;69;70;71;72;75;78;79;80;81;82;84;85;86;87;89;91;92;93;95;96;97;98;100,100
A0A1E3S739,0.057692307692307696,25;31;48,52,2.486880501508713,1.2583388808265488,0.01,78,100
A0A1E3SKI4,0.33962264150943394,6;7;11;16;19;21;25;27;28;31;32;36;37;41;43;48;49;51,53,2.244386796951294,1.1359192664080184,0.59,1;2;3;4;7;8;11;12;14;16;17;19;20;21;22;25;27;29;32;35;37;38;41;42;45;46;47;48;49;50;54;55;56;57;58;62;65;68;69;70;73;74;75;77;78;80;81;82;84;86;88;89;90;92;93;94;96;98;99,100
A0A1E3SLH6,0.7291666666666666,1;2;4;6;7;9;10;11;12;14;15;18;19;20;21;23;24;25;27;28;30;31;32;33;35;36;37;38;39;40;41;42;43;45;46,48,2.4266167420148848,1.1321248697418165,0.7,1;2;3;4;5;6;7;8;9;10;11;12;13;14;15;16;17;18;19;20;21;23;24;25;27;29;30;32;33;34;37;38;39;40;45;46;47;49;50;52;53;55;56;57;58;59;61;63;64;65;66;67;68;69;70;71;73;78;79;81;85;88;90;91;92;94;96;97;98;99,100
A0A1E3SN70,0.21153846153846154,7;8;9;12;13;20;24;36;39;43;44,52,2.39046244263649,1.194101796853885,0.14,10;12;18;26;27;28;38;39;45;52;57;72;74;93,100
A0A1E3SV84,0.32,2;6;9;13;14;15;16;20;24;25;28;29;30;45;49;50,50,2.374383935332298,1.150296158764675,0.32,3;6;12;14;15;19;22;23;25;26;32;34;35;41;46;47;49;52;54;58;59;62;63;67;74;77;79;84;86;88;97;100,100
A0A1E5P3C7,0.54,1;2;5;6;7;9;10;12;13;17;19;20;23;24;25;26;28;29;31;36;38;39;41;43;46;48;49,50,2.4348443925380705,1.2182164199424674,0.44,1;2;5;6;7;8;9;11;15;21;22;23;28;30;31;32;34;35;36;37;46;47;48;49;51;52;54;58;60;64;67;68;69;72;75;76;78;79;85;88;91;92;96;99,100
A0A1E7JQU2,0.1836734693877551,13;15;17;19;20;21;34;42;46,49,2.2255402475595476,1.1793316291856384,0.2,5;8;10;14;17;18;20;28;33;38;39;40;42;43;46;51;57;66;69;76,100
A0A1E7L3V6,0.6153846153846154,4;7;8;9;10;11;12;13;14;15;16;17;18;19;20;23;24;25;30;32;33;34;36;37;41;42;43;44;46;47;50;51,52,2.406783186197281,1.344015346992219,0.91,1;2;3;4;5;6;7;8;9;10;11;12;14;15;16;17;18;20;21;22;23;24;25;26;27;28;29;30;32;33;34;35;36;38;39;40;41;42;43;44;45;46;47;48;49;50;51;53;54;55;56;57;58;59;60;62;63;64;65;66;67;68;69;70;71;72;73;74;75;76;77;79;80;82;83;84;85;86;87;88;89;90;91;92;93;94;95;96;97;98;99,100
A0A1E8Q6I1,0.02631578947368421,4,38,2.800662935376167,1.3271632800814455,0.05,17;52;63;85;86,100
A0A1E8QAA5,0.3333333333333333,2;3;4;10;12;15;17;24;28;38;43;45;46;49;50;51;52;53;55,57,2.0348277670145034,1.1939601688681813,0.73,1;2;3;4;5;6;8;9;10;11;12;13;16;17;18;19;21;23;24;25;26;27;31;33;35;36;38;40;41;42;44;45;46;47;49;50;51;52;53;54;56;57;58;60;61;62;63;65;67;68;69;72;74;76;77;78;81;82;83;84;85;86;87;88;89;92;93;95;96;97;98;99;100,100
A0A1G4V447,0.4,1;2;3;9;10;12;14;19;20;21;22;23;26;27;30;31;32;39;40;41;46;57;58;59,60,2.2004999113082886,1.0089970245829758,0.58,1;3;4;6;7;8;9;10;11;13;15;16;17;18;21;23;25;29;30;31;33;34;35;36;37;38;39;41;42;43;44;45;49;51;54;55;56;58;59;60;63;67;68;72;75;76;77;80;81;84;89;91;92;93;95;96;98;100,100
A0A1G4WIS5,0.66,2;3;4;5;6;8;10;12;14;19;20;21;22;23;24;26;28;29;30;31;32;33;34;35;36;37;38;39;43;44;45;46;50,50,2.458661067485809,1.2470803430170898,0.97,1;2;3;4;5;6;7;8;9;10;11;12;13;14;15;16;17;18;19;20;21;22;23;25;26;27;28;29;30;31;32;33;34;35;36;37;38;39;40;41;42;43;44;45;46;47;49;50;52;53;54;55;56;57;58;59;60;61;62;63;64;65;66;67;68;69;70;71;72;73;74;75;76;77;78;79;80;81;82;83;84;85;86;87;88;89;90;91;92;93;94;95;96;97;98;99;100,100
A0A1G6K7R0,0.6567164179104478,4;9;10;11;12;13;15;18;19;21;22;23;24;25;26;27;29;30;31;32;33;34;35;36;39;40;41;43;44;45;46;50;52;53;55;56;57;58;59;61;62;64;65;67,67,1.9678295820951461,1.229529329791927,0.96,1;2;3;4;5;6;7;8;9;10;11;12;13;14;15;16;17;18;19;20;21;22;23;24;25;26;27;28;29;30;31;32;33;34;35;36;37;38;39;40;41;42;43;44;45;46;47;48;49;51;52;53;54;55;56;57;58;59;60;61;62;63;64;65;66;67;68;70;71;72;73;74;75;76;77;78;79;80;81;82;83;84;85;87;89;90;91;92;93;94;95;96;97;98;99;100,100
A0A1G6PJB6,0.6792452830188679,2;3;4;5;6;7;9;10;12;15;16;17;20;21;22;24;26;27;31;33;34;35;36;37;38;39;40;41;42;44;45;47;48;49;51;52,53,2.176876118183136,1.1068380320443498,0.73,1;2;3;4;5;6;7;8;11;12;13;14;17;18;19;20;21;22;23;24;25;26;27;28;33;34;37;40;41;42;43;44;45;46;49;50;51;52;53;54;55;57;58;59;60;61;62;63;65;66;68;70;71;72;73;75;77;78;79;82;83;85;86;87;88;89;90;92;93;94;95;96;98,100
A0A1G7L4S3,0.05357142857142857,4;5;21,56,2.334855704307556,1.2674846331959697,0.0,,100
A0A1H6L3W8,0.0,,26,3.0454661297798156,1.108167695101645,0.0,,100
A0A1H7CJ42,0.19607843137254902,5;16;19;22;23;24;26;38;39;47,51,2.3659181487560272,1.262005305963631,0.0,,100
A0A1H8UHI3,0.21311475409836064,5;6;10;15;17;23;26;27;39;50;52;55;61,61,2.0678884309530257,1.234855199277663,0.41,1;2;3;5;7;8;9;16;19;21;31;33;34;36;39;40;41;42;47;54;56;59;60;62;65;66;68;70;73;77;79;84;85;89;90;92;93;94;96;98;100,100
A0A1I0U7E5,0.23809523809523808,3;5;9;12;13;24;30;33;38;40,42,2.7216304206848143,1.1781205335825549,0.48,1;2;4;5;6;7;8;9;10;11;13;16;18;19;20;21;22;23;25;27;28;29;30;31;34;35;38;39;41;43;46;47;48;53;55;58;60;61;63;64;67;69;70;74;82;86;88;98,100
A0A1I5LZY6,0.35714285714285715,1;5;7;8;11;14;15;16;17;22;24;25;28;32;36;37;39;40;41;48;55;58;61;62;66,70,1.7658647304773332,1.174875818194025,0.11,2;3;7;14;24;44;53;55;76;91;97,100
A0A1I6TMF1,0.5208333333333334,2;8;9;10;11;12;14;15;17;18;19;20;22;23;25;26;28;29;33;34;37;42;43;45;47,48,2.4510918825864794,1.1520711513850515,0.45,1;2;5;6;9;12;13;15;17;18;19;20;21;22;23;24;25;26;31;34;36;42;44;45;46;48;49;53;54;60;61;62;71;73;74;75;77;78;80;81;83;87;92;93;95,100
A0A1J0VT15,0.6724137931034483,1;2;3;4;5;11;12;13;15;16;17;18;19;20;21;22;23;25;27;28;29;30;31;34;35;36;38;41;42;43;46;47;49;50;51;52;53;55;56,58,2.2324866592884063,1.2088325652683332,0.75,1;2;3;6;7;8;9;10;11;12;15;18;19;20;21;22;23;24;25;26;27;29;30;31;33;34;35;36;37;38;39;40;42;43;45;46;47;48;49;50;51;52;53;54;56;57;58;59;60;61;63;64;65;66;67;68;69;72;73;74;75;76;78;82;83;84;85;88;89;90;91;92;95;97;98,100
A0A1Q4H4E6,0.38,1;2;3;5;6;7;8;14;15;17;18;19;24;26;32;35;37;38;44,50,2.451933118700981,1.3703429462023078,0.31,4;13;15;20;21;23;25;26;27;30;31;35;38;44;52;53;54;56;63;64;65;69;77;79;80;81;88;90;93;94;96,100
A0A1Q4HNQ9,0.3939393939393939,1;6;7;11;12;15;18;23;24;25;26;27;33,33,2.806137292385101,1.142917253209108,0.24,3;5;11;12;13;27;28;32;33;35;44;48;52;66;69;71;72;79;85;91;94;96;98;100,100
A0A1Q4HPF1,0.5070422535211268,2;3;4;6;8;9;10;11;12;14;15;17;20;21;24;27;28;29;30;31;36;37;38;40;41;42;48;51;53;54;55;62;66;68;70;71,71,1.9401483124494552,1.187059060330694,0.72,1;3;4;5;6;7;8;9;10;11;12;13;14;15;17;18;19;21;22;24;25;29;30;31;32;33;34;37;39;41;43;44;45;48;50;52;53;54;57;58;59;61;62;63;64;65;66;67;68;69;70;72;73;74;75;77;78;80;81;82;83;84;85;87;89;90;91;94;95;96;99;100,100
A0A1Q9W8K3,0.08108108108108109,19;21;33,37,2.7742783284187316,1.269562095868818,0.15,3;4;15;17;29;30;33;40;44;52;77;80;85;89;98,100
A0A1R3Y1N0,0.4722222222222222,4;6;9;11;12;13;15;17;19;20;21;23;24;25;28;30;33,36,2.783387475013733,1.1924551470081672,0.88,1;2;4;5;6;7;8;9;10;11;12;13;14;15;16;17;19;20;21;22;23;24;25;26;27;28;29;30;31;32;33;34;35;36;37;38;39;40;41;42;44;45;46;47;49;50;51;52;53;54;55;56;57;58;59;61;62;64;65;67;68;69;70;71;72;73;74;75;76;77;79;80;81;82;85;87;89;90;91;92;93;94;95;96;97;98;99;100,100
A0A1S1KKY6,0.6216216216216216,2;3;4;6;10;11;13;16;18;21;22;23;24;26;27;28;30;31;32;33;34;35;36,37,2.8355654966831207,1.175543401989928,0.81,1;2;3;4;5;6;7;8;9;10;11;12;13;14;15;16;17;19;20;22;23;24;25;27;28;29;30;31;33;34;35;36;37;38;39;40;42;43;44;46;47;48;49;50;51;52;53;54;55;56;57;58;59;61;62;64;65;67;68;69;70;71;72;73;75;76;79;80;81;82;84;87;89;90;92;93;95;96;98;99;100,100
A0A1S1KYS6,0.5,1;2;4;5;6;7;8;10;11;13;14;16;17;27;28;30;31;32;34;35;36;37;38;42;43;45;50;52;58,58,2.2608562195301056,1.1349949601064093,0.45,1;4;8;9;11;13;15;17;18;20;21;23;26;27;30;32;35;36;39;42;44;48;54;56;57;58;61;62;63;64;65;69;70;71;77;82;85;86;90;93;95;96;97;98;99,100
A0A1S1L5R7,0.4878048780487805,2;5;6;8;9;10;12;17;19;21;22;23;25;31;32;33;35;36;37;40,41,2.5662799006700516,0.9838168236135352,0.73,1;2;3;4;5;6;7;8;9;11;13;16;17;18;21;22;24;25;26;27;29;30;31;32;34;35;36;37;38;40;42;43;45;46;47;51;52;53;54;56;57;59;60;62;65;66;67;68;69;70;71;72;73;75;76;77;79;80;81;82;84;85;86;87;88;89;90;93;94;95;96;97;98,100
A0A1S1L7L3,0.2777777777777778,1;8;9;16;21;29;33;36;39;41;43;44;50;51;52,54,2.3129103219509126,1.23184002034472,0.92,1;2;3;4;5;6;7;8;9;10;11;12;13;14;15;16;17;18;19;20;21;22;23;24;26;27;28;29;30;31;32;33;34;35;36;37;39;40;41;42;44;45;46;47;48;49;50;51;52;53;54;55;56;57;58;59;60;61;62;63;65;66;67;68;69;71;73;74;75;76;77;78;79;80;81;82;84;85;86;87;88;89;90;91;92;93;94;95;96;97;98;100,100
A0A1S1LBB7,0.4067796610169492,4;5;8;9;12;13;14;16;27;28;30;34;35;38;42;43;44;45;46;47;52;54;55;58,59,2.0635239952802658,1.3177921570650555,0.91,1;2;4;5;6;7;9;10;11;12;13;14;15;16;17;18;19;20;21;22;23;24;25;26;27;28;29;30;31;32;33;34;35;36;37;38;39;40;41;42;44;45;46;48;49;50;51;52;53;54;55;56;57;58;59;60;61;62;63;64;65;66;67;68;69;71;72;73;74;75;76;78;79;80;81;82;83;84;85;86;88;90;91;93;94;95;96;97;98;99;100,100
A0A1S1LF81,0.28846153846153844,4;7;14;17;24;27;28;33;35;37;39;40;43;51;52,52,2.4126909196376802,1.2000030824077415,0.48,2;3;4;5;6;8;9;12;16;19;21;23;24;25;26;28;33;34;36;38;41;44;47;48;49;50;52;55;58;60;62;64;67;69;75;76;77;81;82;83;86;88;91;93;94;97;99;100,100
A0A1S1LFP5,0.3404255319148936,2;11;12;17;18;27;28;33;35;36;38;40;42;43;45;46,47,2.448600866794586,0.9702434154067796,0.93,1;2;3;4;5;6;7;8;9;11;12;13;14;15;16;17;18;19;20;21;23;24;25;27;28;29;30;31;32;33;34;35;36;38;39;40;41;42;43;44;45;46;47;48;49;50;51;52;53;54;55;56;57;58;59;60;61;62;63;64;65;66;68;69;70;71;72;73;74;75;77;78;79;80;81;82;83;84;85;86;88;89;90;91;92;93;94;95;96;97;98;99;100,100
A0A1S1LPM2,0.4528301886792453,4;5;6;7;8;9;10;13;15;16;17;19;22;24;25;26;31;32;37;38;48;49;50;53,53,2.3277904915809633,1.1841669677243376,0.37,8;11;14;22;23;27;30;31;32;35;39;41;42;44;46;48;50;51;53;54;56;57;58;62;63;65;66;69;71;80;84;85;86;93;98;99;100,100
A0A1S1LSR7,0.6333333333333333,4;5;9;11;12;13;14;15;17;18;19;20;22;24;26;28;29;31;32;35;36;38;39;40;41;42;43;44;45;46;48;50;51;52;53;54;57;58,60,2.003383827209473,1.300290362415739,0.92,1;2;3;4;6;7;8;9;10;11;12;13;14;15;16;17;18;19;20;21;22;23;24;25;26;27;29;30;31;32;33;34;35;36;37;38;39;40;42;43;44;45;46;47;48;49;51;52;53;54;56;57;58;59;60;61;62;64;65;67;68;69;70;71;72;73;74;75;76;77;78;79;80;81;82;83;84;85;86;87;88;89;90;91;92;93;94;96;97;98;99;100,100
A0A1S1LZ61,0.18181818181818182,6;8;12;13;16;17;27;38,44,2.380858237743378,0.98911980371842,0.39,1;5;7;8;10;12;13;15;16;20;22;23;25;26;28;29;31;34;37;38;41;43;47;56;60;62;65;66;67;68;76;77;78;82;85;90;92;94;100,100
A0A1S1M3C1,0.34146341463414637,2;6;8;9;10;14;16;28;32;33;35;37;38;39,41,2.5649024987220765,1.1484743013615555,0.08,27;51;57;67;77;86;88;92,100
A0A1S1M770,0.5909090909090909,5;7;8;9;12;13;14;16;18;19;20;21;24;25;26;30;31;32;33;35;36;38;40;43;46;47;48;53;55;56;57;58;60;61;62;63;64;65;66,66,1.9648313951492309,1.3037378249023164,0.99,1;2;3;4;5;6;7;8;9;10;11;12;13;14;15;16;17;18;19;20;21;22;23;24;25;26;27;28;29;30;31;32;33;34;35;36;37;38;39;40;41;42;43;44;45;46;47;48;49;50;51;52;54;55;56;57;58;59;60;61;62;63;64;65;66;67;68;69;70;71;72;73;74;75;76;77;78;79;80;81;82;83;84;85;86;87;88;89;90;91;92;93;94;95;96;97;98;99;100,100
A0A1S1M9C0,0.3,3;4;5;8;12;13;17;21;24;27;30;31;33;43;49,50,2.305611547231674,1.1064073730566246,0.43,3;4;6;7;8;10;12;13;14;16;19;21;26;32;33;34;35;36;37;38;43;49;53;56;59;61;62;63;66;67;70;73;75;76;77;80;83;84;86;89;92;95;96,100
A0A1S1MVI3,0.275,2;6;7;10;11;12;22;23;26;28;37,40,2.622923607826233,1.0516473057059468,0.24,1;4;6;11;12;15;17;19;22;31;34;40;42;44;59;64;71;77;78;79;81;89;90;92,100
A0A1S1NIB3,0.49206349206349204,2;3;4;5;7;8;9;10;13;17;21;22;24;25;28;29;30;36;38;40;41;42;44;47;48;50;53;54;55;57;59,63,2.212399183511734,1.111682853154056,0.39,7;13;15;17;18;19;20;22;23;24;29;30;31;32;33;40;45;52;54;56;57;58;61;62;63;65;66;68;75;80;86;87;89;90;91;92;94;95;100,100
A0A1T3NLC9,0.16666666666666666,2;4;8;13;18;24;25;35;37,54,2.280649021267891,1.266871231600276,0.08,18;21;24;63;65;81;96;99,100
A0A1T3NUL4,0.4807692307692308,1;4;8;10;11;14;17;18;19;20;21;23;25;27;28;29;30;32;37;38;40;41;45;46;50,52,2.2767544209957125,1.1040250293061569,0.81,1;2;3;4;5;6;7;8;9;10;11;12;13;14;15;16;17;18;19;20;21;22;24;25;26;27;29;30;31;32;33;34;35;37;38;39;40;41;42;43;44;45;47;48;50;51;52;53;54;55;56;57;59;60;62;63;64;65;67;68;69;70;71;73;74;75;76;79;81;82;83;84;87;88;90;91;92;94;96;98;99,100
A0A1T5FEL0,0.04838709677419355,17;19;42,62,2.1216655701398848,1.1032267276192889,0.09,18;21;35;48;58;61;77;80;100,100
A0A1T5FV39,0.09375,10;13;23;43;54;56,64,2.084523022174835,1.1901922942539973,0.31,1;6;7;8;9;15;20;23;25;30;45;48;50;53;55;58;59;60;63;65;70;71;75;78;79;87;88;93;94;96;97,100
A0A1T5XJ36,0.18333333333333332,11;15;19;20;27;31;33;35;37;47;60,60,2.0550181424617766,1.3492508554164007,0.33,1;3;5;11;19;20;21;27;29;32;34;36;42;44;49;50;53;55;58;62;65;71;76;78;80;82;84;88;90;93;96;97;100,100
A0A1T7HTT5,0.48214285714285715,1;3;9;11;12;17;18;19;24;25;26;30;31;32;37;38;40;41;42;43;46;47;48;49;50;52;55,56,2.2562623119354246,1.207640706094791,0.91,1;2;3;4;5;6;7;8;9;10;11;12;13;14;15;16;17;18;19;20;21;23;24;25;26;27;29;30;31;32;33;34;35;36;37;41;42;43;44;45;46;47;48;49;50;51;54;55;56;57;58;59;60;62;63;64;65;66;67;68;69;70;71;72;73;74;75;76;77;78;79;80;81;82;83;84;86;87;88;89;90;91;92;93;94;95;96;97;98;99;100,100
A0A1U3MWT7,0.2777777777777778,1;2;9;12;17;18;19;20;21;23;33;37;40;41;47,54,2.2484099251031875,1.1348327039201869,0.85,1;2;3;4;5;6;7;8;9;10;11;12;13;14;15;16;18;19;20;21;22;23;24;25;26;27;28;29;30;31;32;33;34;36;37;38;40;41;42;43;44;45;47;48;49;50;51;52;53;54;55;56;57;58;59;60;61;62;65;66;67;69;70;71;73;74;76;77;78;79;80;81;82;85;86;87;89;90;92;93;94;95;97;98;99,100
A0A1V2I487,0.6206896551724138,1;2;5;6;11;12;14;15;17;18;19;20;21;23;25;26;28;29,29,2.813032194375992,0.9832610628540164,0.42,4;7;11;12;13;14;20;21;24;26;27;29;32;35;37;38;39;44;47;49;51;52;55;56;59;61;67;71;73;75;77;78;81;86;87;89;91;94;95;96;97;99,100
A0A1V3WG34,0.2982456140350877,2;10;11;15;16;17;20;22;23;25;26;29;35;39;45;49;50,57,2.2974886667728422,1.2387208247887558,0.75,1;2;3;6;7;8;9;10;11;12;13;14;16;17;19;21;22;23;24;25;26;27;30;31;32;33;35;36;37;38;39;41;43;44;45;47;48;49;50;51;53;56;57;58;59;61;62;63;64;66;67;68;70;71;72;73;74;75;77;78;79;81;82;83;84;87;88;89;92;93;94;96;97;98;100,100
A0A1W9YPH5,0.12,10;12;17;23;27;31,50,2.359223734140396,1.243835796087051,0.86,1;2;4;5;6;7;8;9;10;12;13;14;15;16;17;18;19;20;21;22;23;24;25;26;27;30;31;32;33;34;35;36;37;39;40;41;42;43;44;45;46;47;48;49;50;51;52;53;54;55;56;57;60;61;62;64;65;66;68;69;70;71;72;73;74;75;76;77;78;79;80;81;83;84;85;88;89;90;93;94;95;96;97;98;99;100,100
A0A1W9Z9K2,0.1891891891891892,1;4;5;7;10;14;32,37,2.63172455906868,1.1435741629399683,0.3,1;2;3;5;10;11;12;13;15;21;28;32;35;45;46;48;52;53;56;58;59;61;62;68;70;75;77;78;85;99,100
A0A1W9Z9K6,0.2765957446808511,1;5;10;14;17;24;28;29;30;31;33;39;42,47,2.5792390799522398,1.2753188612144317,0.29,1;4;10;11;12;14;15;23;29;31;38;39;44;49;52;57;61;68;71;80;84;85;87;90;91;96;98;99;100,100
A0A1W9ZC84,0.15,10;13;15;30;32;35;40;41;50,60,2.2028813421726228,1.159094190263015,0.39,7;8;9;11;12;13;14;17;23;26;27;34;35;36;38;39;41;45;47;50;53;58;60;61;64;66;67;68;69;72;73;78;79;85;87;90;92;94;95,100
A0A1W9ZN90,0.5,1;5;6;7;9;10;11;13;15;16;23;24;28;30;36;37;39;40;41;42;45;46;48;49;50;51;53;55;58,58,2.090100616812706,1.103659396879386,0.93,1;2;3;4;5;6;7;8;9;10;11;12;13;14;15;16;17;18;19;20;21;22;23;24;25;26;27;28;29;31;32;33;34;35;36;37;38;40;41;42;43;44;45;46;47;48;49;50;52;53;54;56;57;58;59;60;61;62;63;64;65;66;67;68;69;71;72;73;74;75;77;78;79;80;81;82;83;84;85;87;88;89;90;91;92;93;94;95;96;97;98;99;100,100
A0A1W9ZSJ9,0.3488372093023256,1;6;7;12;14;15;17;18;21;28;29;31;36;37;38,43,2.703176656961441,1.17799447370312,0.35,1;4;7;8;12;13;17;19;24;28;32;33;35;37;38;41;43;50;57;59;64;66;68;71;73;81;85;87;88;91;92;93;94;97;98,100
A0A1W9ZU79,0.5081967213114754,2;4;5;13;14;17;20;22;23;24;26;27;28;29;30;32;33;35;38;39;41;43;46;48;49;50;52;53;54;55;57,61,2.054540060758591,1.0558191766190108,0.92,1;2;3;4;5;6;7;8;9;11;12;13;14;15;16;17;19;20;21;22;23;24;26;27;28;29;30;31;32;33;34;35;36;37;38;39;40;41;42;43;44;45;46;48;50;51;52;53;54;55;56;57;58;59;61;62;63;65;66;67;68;69;71;72;73;74;75;76;77;78;79;80;81;82;83;84;85;86;87;88;89;90;91;92;93;94;95;96;97;98;99;100,100
A0A1X0A2U5,0.4,1;2;8;13;14;16;17;22;23;29;31;34;35;36;37;38;42;46;49;50,50,2.46385081410408,1.1975958471206947,0.08,1;6;13;17;40;48;57;83,100
A0A1X0AYB7,0.5652173913043478,2;3;6;7;9;10;11;12;14;15;16;20;23,23,2.8548822772502898,0.9367067660193644,0.58,2;3;4;5;6;9;10;11;13;15;16;17;18;20;23;25;27;30;31;33;34;35;36;38;39;40;42;43;44;49;54;55;56;59;62;63;65;67;69;71;72;73;74;75;77;78;80;82;84;86;90;92;93;94;95;96;98;99,100
A0A1X0AZ01,0.4745762711864407,6;7;8;9;11;12;13;18;20;24;27;28;30;31;32;35;42;44;45;46;47;48;49;50;52;53;58;59,59,2.215693624019623,1.1791844229787238,0.66,1;2;3;4;5;6;7;8;10;11;12;13;14;15;16;17;19;20;21;23;26;28;30;31;32;33;34;35;36;37;39;40;41;42;43;44;45;47;48;51;56;58;59;61;62;63;68;69;70;71;72;73;74;75;77;81;86;87;88;91;94;96;97;98;99;100,100
A0A1X0BWL6,0.057692307692307696,10;15;45,52,2.2961801111698152,1.1789368310265824,0.0,,100
A0A1X0D333,0.08163265306122448,13;22;36;45,49,2.4038939720392225,1.352738769363756,0.13,21;36;48;53;57;68;71;73;74;77;78;87;89,100
A0A1X0DSG2,0.6153846153846154,1;2;4;5;6;7;8;11;12;13;14;15;16;17;19;20;26;27;29;31;32;35;37;38,39,2.670826646089554,1.2267955055688737,0.57,1;3;4;6;9;10;12;13;15;16;17;18;20;21;22;23;27;30;31;32;33;35;36;39;40;41;43;47;48;50;53;55;56;58;59;61;63;64;65;67;72;74;75;76;77;79;80;83;84;85;88;89;92;94;95;99;100,100
A0A1X0DT32,0.0,,30,2.850819616317749,1.1058985654071711,0.0,,100
A0A1X0ED97,0.32727272727272727,1;2;3;15;16;18;21;22;29;30;36;38;39;42;46;48;53;54,55,2.215983185172081,1.284982908443466,0.43,6;9;10;17;18;21;22;24;25;27;32;35;36;38;40;41;42;47;48;50;52;54;59;62;66;67;68;69;71;73;74;75;76;77;78;79;80;81;87;88;92;95;100,100
A0A1X0FY05,0.1724137931034483,1;13;15;18;23;34;38;44;48;52,58,2.2150346279144286,1.1325588222609062,0.01,88,100
A0A1X0FZ49,0.4915254237288136,1;2;5;7;11;12;14;15;17;18;19;20;21;22;24;25;32;33;35;38;40;42;43;46;49;51;52;55;59,59,2.0607992672920226,1.1925322313202296,0.76,1;2;3;4;5;6;7;8;10;11;12;14;15;16;17;18;19;20;21;23;24;25;26;27;29;30;32;34;38;39;40;42;44;46;47;48;50;51;52;53;54;56;58;59;60;61;62;63;65;66;68;70;71;72;73;74;75;76;77;78;79;80;81;83;84;85;86;87;88;89;92;93;94;96;97;99,100
A0A1X0I595,0.3389830508474576,4;9;11;12;18;21;28;34;35;36;39;45;46;47;48;50;51;53;58;59,59,2.2093597304821015,1.1690302303528288,0.99,1;2;3;4;5;6;7;8;9;10;11;12;13;14;15;16;17;18;19;20;21;22;23;24;25;26;27;28;29;30;31;32;33;34;35;36;37;38;39;40;41;42;43;44;45;46;47;48;50;51;52;53;54;55;56;57;58;59;60;61;62;63;64;65;66;67;68;69;70;71;72;73;74;75;76;77;78;79;80;81;82;83;84;85;86;87;88;89;90;91;92;93;94;95;96;97;98;99;100,100
A0A1X0I7R5,0.5416666666666666,2;3;4;5;6;9;10;11;16;17;19;22;24,24,3.137174915075302,1.0679571414632776,0.46,1;3;4;6;7;8;9;10;11;12;13;16;17;19;20;22;24;25;26;28;29;30;32;35;36;39;46;47;48;52;55;56;57;61;64;70;72;78;79;81;82;84;87;90;91;94,100
A0A1X0INU7,0.3787878787878788,21;22;24;26;30;32;34;35;38;39;40;43;44;45;46;48;53;54;55;57;58;60;61;64;66,66,1.9986339741945267,1.4006446072335792,0.59,3;5;7;9;10;12;15;17;18;20;21;23;24;25;26;27;28;30;31;32;35;37;38;39;40;42;43;44;45;48;49;50;51;53;57;60;61;62;63;65;68;69;71;72;74;77;78;79;82;83;85;88;90;91;94;95;96;97;98,100
A0A1X0J5R4,0.2153846153846154,4;5;6;13;19;21;22;31;33;36;40;43;48;54,65,1.96831802546978,1.1884039106861888,0.03,47;75;80,100
A0A1X0J866,0.34545454545454546,1;2;5;9;12;13;15;18;22;28;30;31;32;33;35;36;37;41;55,55,2.348076955676079,1.3088930261155955,0.82,1;2;3;4;5;6;7;8;9;10;11;12;13;14;15;16;17;18;19;20;21;22;23;26;27;28;29;30;32;34;35;36;37;39;40;41;42;43;44;46;48;49;50;51;52;53;54;55;56;57;58;59;61;62;63;64;66;67;68;69;70;71;72;73;74;75;76;77;78;79;80;81;86;88;92;93;95;96;97;98;99;100,100
A0A1X0K0U7,0.08771929824561403,4;8;13;38;52,57,2.2121377676725387,1.3224831644369197,0.13,11;25;26;30;35;45;60;69;71;73;74;97;98,100
A0A1X0KKW9,0.375,11;13;15;17;19;22;24;26;27;28;29;30;32;37;38;40;42;43,48,2.4368189656734467,1.318338971288111,0.69,1;3;4;5;8;11;12;13;14;15;16;17;18;19;21;23;24;25;26;27;28;30;31;32;33;34;36;37;38;41;42;44;48;51;54;55;56;57;58;60;61;62;63;65;66;67;68;70;73;74;75;77;78;79;80;81;85;86;87;88;89;92;93;94;95;96;97;98;99,100
A0A1X0XWA4,0.4,3;5;6;7;9;13;17;19;20;23;27;28;30;34;36;38;39;43;53;54;55;56;60;61;63;65,65,2.0297054052352905,1.241149652697712,0.37,1;2;4;6;8;10;14;17;18;19;21;24;33;35;36;40;44;47;51;52;56;57;58;59;61;62;64;66;73;75;78;81;87;90;93;96;97,100
A0A1X0XYW4,0.7307692307692307,1;2;3;4;5;6;7;10;11;12;14;15;16;17;19;20;21;23;24;25;26;27;28;29;33;35;36;38;39;41;42;43;44;45;46;48;49;51,52,2.2694261294603346,1.1112108865241812,0.5,4;5;6;7;14;15;16;22;23;24;25;26;27;30;32;33;34;37;39;41;43;45;47;50;51;52;56;57;59;60;61;62;64;66;67;69;72;76;77;79;82;83;87;90;92;94;95;96;99;100,100
A0A1X0Y567,0.6904761904761905,1;3;4;6;7;8;9;10;13;14;17;18;19;21;22;23;24;25;26;27;28;32;33;35;36;37;39;40;42,42,2.5251953554153443,1.0693120257240891,0.97,1;2;3;4;5;6;7;8;9;10;11;12;13;14;15;16;17;18;19;20;21;22;23;24;25;26;27;28;29;30;31;32;33;34;35;36;37;38;39;40;41;42;43;44;45;46;47;48;49;50;51;52;53;54;55;56;57;58;59;60;61;62;63;64;65;66;67;68;69;70;71;72;73;74;75;76;77;78;79;80;81;82;83;84;85;86;87;88;89;91;92;93;94;95;96;98;100,100
A0A1X0YC10,0.08571428571428572,11;12;31,35,2.895720909833908,1.155742314754161,0.24,13;19;25;31;34;40;41;43;46;48;50;53;55;57;58;72;73;75;78;84;86;90;98;99,100
A0A1X1RGM6,0.46774193548387094,2;3;7;8;9;10;11;12;13;14;16;17;18;20;25;28;29;30;32;42;43;44;46;48;50;54;56;58;61,62,2.229058929681778,1.1185638718160447,0.55,1;2;3;4;5;6;7;8;9;10;11;12;13;14;15;17;18;21;23;24;25;30;33;34;37;39;41;43;45;46;47;48;50;51;56;58;60;63;64;66;67;68;72;73;74;80;81;82;83;85;88;91;92;96;99,100
A0A1X1RMT2,0.14893617021276595,11;14;16;17;32;38;39,47,2.6339205539226533,1.2657770958384742,0.07,6;11;20;26;58;71;80,100
A0A1X1RT79,0.0967741935483871,8;9;26;44;50;62,62,2.0827724313735962,1.2568525839058065,0.0,,100
A0A1X1SSG1,0.23076923076923078,3;5;7;8;10;13;25;26;39;41;46;50,52,2.599467879533768,1.28189217772239,0.1,8;22;44;46;54;59;64;84;91;100,100
A0A1X1SXX1,0.40384615384615385,5;7;8;13;14;15;16;19;21;23;27;28;29;30;35;39;41;42;45;48;50,52,2.2977270710468294,1.4066436539762672,0.52,1;2;3;7;8;9;11;13;15;16;19;20;22;24;25;26;27;29;30;31;32;34;36;37;39;40;49;50;53;54;55;57;60;61;62;64;65;67;68;70;73;77;82;83;87;88;90;91;93;97;98;99,100
A0A1X1TAZ5,0.0,,43,2.5309576809406282,1.2038526335109099,0.0,,100
A0A1X1TV41,0.40476190476190477,3;6;7;8;10;12;15;16;21;22;29;30;34;35;37;39;40,42,2.5595019549131393,1.110895627639294,0.64,2;3;4;5;8;9;14;16;18;19;20;22;23;24;25;26;28;32;33;34;37;39;40;42;43;44;45;46;47;48;50;52;53;54;55;56;57;58;62;63;64;67;68;70;72;74;75;76;78;79;81;82;84;85;87;88;89;90;93;94;96;98;99;100,100
A0A1X1TX55,0.043478260869565216,4,23,3.0188426768779753,1.0532558526827431,0.02,41;59,100
A0A1X1TXE9,0.15517241379310345,10;11;16;25;30;35;40;51;55,58,2.1302323687076568,1.1063485953037404,0.26,8;9;11;16;24;28;34;36;38;40;53;55;56;57;62;70;71;72;79;80;82;84;88;90;93;98,100
A0A1X1U567,0.21739130434782608,8;10;13;16;18;20;23;32;40;45,46,2.447247752547264,1.272716217519344,0.33,1;2;3;6;8;9;13;14;18;19;23;28;30;31;32;33;35;39;42;46;55;56;57;58;59;66;73;81;84;87;89;93;100,100
A0A1X1U6G3,0.7954545454545454,2;3;4;5;6;7;8;9;11;12;13;14;15;16;17;18;20;21;22;23;25;26;27;28;30;31;32;33;34;35;37;38;39;41;44,44,2.357548830509186,0.9545727130035562,0.98,1;2;3;4;5;6;7;8;9;10;11;12;13;14;15;16;17;18;19;20;21;22;23;24;25;26;27;28;29;30;31;32;33;34;35;36;37;38;39;40;41;42;43;44;45;46;47;48;49;50;51;52;53;54;55;56;57;58;59;60;61;62;63;64;65;66;67;68;69;70;71;73;74;75;76;77;78;80;81;82;83;84;85;86;87;88;89;90;91;92;93;94;95;96;97;98;99;100,100
A0A1X1V443,0.13333333333333333,8;17;18;21;22;39,45,2.583817883133888,1.3301067843862189,0.3,2;7;9;14;17;18;19;20;21;23;25;27;32;33;42;44;47;48;50;57;66;71;74;77;83;90;94;95;97;100,100
A0A1X1VXW9,0.2608695652173913,1;3;5;6;14;16;19;21;22;26;39;46,46,2.5065595251321793,1.398728666119703,0.3,1;10;12;15;23;30;34;36;41;42;44;50;52;54;56;60;65;69;70;71;72;73;75;81;89;90;91;92;98;99,100
A0A1X1WD57,0.19047619047619047,8;12;13;18,21,2.916713991165161,0.9175246448136511,0.18,11;25;29;41;52;59;65;71;73;76;78;79;84;85;87;90;95;96,100
A0A1X1XH13,0.4444444444444444,2;7;9;10;16;18;19;21;23;27;28;29;30;33;34;35;36;39;42;43,45,2.4872061705589292,1.1100670833549287,0.26,10;15;18;20;21;34;38;39;44;45;49;60;63;65;66;72;76;77;78;79;83;88;90;92;93;99,100
A0A1X1XQZ1,0.34210526315789475,6;8;12;15;17;19;21;23;25;32;33;34;37,38,2.6819030648469924,1.1634346995490388,0.61,2;4;5;8;10;11;12;13;14;15;16;18;19;20;21;23;24;25;26;27;28;30;31;32;33;36;37;38;39;41;42;44;45;48;49;51;52;53;57;58;59;63;64;65;66;69;71;73;74;76;77;79;82;83;85;88;89;92;94;95;96,100
A0A1X1Y0D8,0.28,6;8;10;11;14;22;23;33;40;41;43;44;47;50,50,2.377865557670593,1.285173836202926,0.15,10;14;19;22;24;66;68;73;74;78;86;88;90;93;94,100
A0A1X1YHA8,0.09523809523809523,3;9;20;22;31;45,63,2.2029770493507383,1.26965469080652,0.33,2;3;4;6;7;9;12;17;18;24;25;33;36;38;39;49;50;53;55;60;62;65;71;75;77;79;82;84;86;88;93;94;98,100
A0A1X1YTK3,0.022222222222222223,43,45,2.531544419527054,1.2714828614905538,0.79,1;2;3;4;5;6;7;8;9;10;11;12;13;14;15;16;17;18;20;21;22;24;25;26;28;29;30;32;33;35;36;38;39;40;42;43;45;46;47;48;50;51;53;54;55;56;57;58;59;60;61;62;63;64;66;67;68;69;70;71;73;74;78;80;81;82;84;85;86;87;88;89;90;91;95;96;97;98;100,100
A0A1X1Z1D7,0.47368421052631576,2;4;5;7;8;11;13;14;16;19;22;23;25;26;31;32;35;37;39;43;45;46;50;54;55;56;57,57,2.1419644474983217,1.127846790386201,0.61,1;2;6;7;8;9;10;13;14;15;17;18;19;20;22;23;24;27;31;32;33;34;35;37;38;39;41;42;43;44;45;46;47;48;49;50;51;53;55;59;62;64;68;71;72;75;76;78;81;83;84;87;89;92;93;95;96;97;98;99;100,100
A0A1X1ZAJ3,0.4782608695652174,4;5;7;8;11;13;14;15;16;17;20;21;27;29;31;33;35;37;38;41;45;46,46,2.572121976017952,1.3832139472730802,0.87,1;2;3;4;5;6;7;8;9;10;11;12;13;14;15;17;18;19;20;21;22;23;25;26;28;30;32;33;34;35;36;37;38;39;40;41;42;43;44;45;46;47;49;50;51;52;53;54;56;57;58;59;60;61;63;65;66;67;68;69;70;71;72;73;76;77;78;79;81;83;84;85;86;87;88;89;90;91;92;93;94;95;96;97;98;99;100,100
A0A1X1ZUN6,0.029411764705882353,10,34,2.684436036348343,1.1434806447819301,0.18,14;15;22;25;32;33;42;43;46;54;62;69;71;74;79;92;93;99,100
A0A1X2AMC4,0.4166666666666667,4;7;8;9;10;14;15;16;18;19;21;24;27;30;35,36,2.8479095482826233,1.2525329470871676,0.21,12;15;20;21;24;25;26;30;31;42;48;52;59;63;64;79;86;90;96;98;100,100
A0A1X2DGR4,0.2765957446808511,5;6;7;12;13;16;18;29;36;38;44;46;47,47,2.645106884241104,1.247734547131868,0.41,4;5;6;7;8;9;15;16;18;23;24;27;29;30;32;35;36;38;40;41;42;44;45;47;51;54;55;56;64;65;67;68;74;76;77;79;89;90;95;96;100,100
A0A1X2DIF1,0.1568627450980392,34;36;39;42;44;45;46;47,51,2.4106650125980376,1.1247745809999081,0.81,1;2;3;4;5;6;7;8;9;10;11;12;13;14;15;16;17;18;19;20;22;24;25;26;27;28;29;30;31;32;33;36;38;39;40;41;42;43;44;46;47;49;50;53;54;55;56;57;60;61;62;63;64;65;66;67;68;69;70;72;74;75;76;77;79;80;82;83;84;85;86;87;88;90;91;93;94;95;96;97;98,100
A0A1X2DPB1,0.6379310344827587,2;7;8;10;11;13;14;15;16;17;18;20;21;22;23;24;25;26;28;29;30;32;33;34;35;36;37;38;40;43;44;46;48;49;51;53;55,58,2.204770607948303,0.9944949815242529,0.89,1;2;3;4;5;6;7;9;10;11;12;13;14;16;17;18;19;20;21;22;23;24;25;26;28;29;30;31;32;33;34;35;36;37;38;39;40;41;42;43;44;46;47;48;50;51;52;53;54;55;58;59;60;61;62;63;64;65;66;67;68;69;70;71;72;73;74;75;76;77;78;79;80;81;82;83;85;86;87;88;89;90;91;92;94;96;97;98;99,100
A0A1X2EPB4,0.6862745098039216,4;5;6;7;8;9;10;11;12;13;14;15;16;17;19;21;22;23;24;25;28;29;30;31;32;34;36;39;42;43;44;45;46;47;51,51,2.392530620098114,1.270542941151113,0.34,3;4;7;8;12;13;14;20;22;32;33;36;40;41;42;43;46;47;48;55;58;69;70;73;80;82;89;90;92;93;94;96;97;100,100
A0A1X2F2L6,0.46808510638297873,2;6;8;9;10;12;13;15;16;20;22;25;30;32;33;35;37;38;41;42;46;47,47,2.500981880426407,1.1588547058340195,0.45,1;2;3;4;10;11;13;16;17;18;19;20;21;22;23;28;31;32;35;37;41;44;45;48;51;52;53;59;61;62;63;64;65;70;71;78;80;84;86;89;90;95;98;99;100,100
A0A1X2FK51,0.6727272727272727,1;2;3;4;5;6;7;8;9;10;11;14;15;16;17;19;20;22;24;25;26;27;29;30;31;32;33;35;37;38;39;40;41;42;46;48;53,55,2.2859367763996126,1.205625682338451,0.72,1;3;4;6;7;8;9;10;11;13;14;16;17;18;19;21;22;23;24;25;26;27;29;30;31;33;36;37;38;39;40;42;43;44;45;47;49;51;53;54;55;58;59;60;61;63;64;65;66;67;68;69;70;71;73;75;76;77;78;80;82;83;84;85;86;87;90;94;96;97;98;100,100
A0A1X2FLH9,0.18181818181818182,1;8;15;29;31;39;43;44,44,2.6950653207302095,1.268087579335417,0.02,48;99,100
A0A1X2KZQ2,0.4444444444444444,2;5;7;8;10;14;16;17;18;20;27;29;30;32;33;35;36;39;42;45,45,2.4191143989562987,1.0788293979005077,0.77,1;3;4;5;6;7;8;9;10;11;12;13;15;16;17;18;20;21;23;24;25;26;27;28;29;30;31;32;33;35;36;37;38;39;40;42;45;48;49;51;52;54;55;56;57;59;61;63;64;65;67;68;71;72;73;74;75;76;77;78;79;80;81;82;83;84;85;86;87;89;92;93;94;95;96;98;99,100
A0A1X2L0G7,0.36363636363636365,2;5;7;9;11;12;14;15;17;19;22;25;31;33;35;37;38;42;44;51,55,2.1516859519481657,1.1835258933785506,0.41,5;7;8;9;10;14;15;16;17;18;21;24;26;33;34;36;37;39;42;46;47;55;56;58;59;62;66;69;70;72;74;77;81;87;88;91;92;93;95;96;100,100
A0A1X2LPX9,0.38181818181818183,6;7;11;13;17;18;19;21;22;25;27;28;30;31;34;36;43;45;47;49;55,55,2.2398035657405853,1.0682420138017525,0.45,1;2;4;7;8;10;12;17;20;22;24;26;28;29;32;33;34;36;38;40;43;44;49;53;55;57;58;60;61;66;67;70;80;81;82;83;84;85;89;90;92;93;94;95;98,100
A0A1Y0C436,0.48148148148148145,1;3;4;5;8;10;13;15;16;17;19;24;25;27;29;31;32;33;35;37;41;42;45;49;50;51,54,2.146305214166641,1.194328970302648,0.96,1;2;3;4;5;6;7;8;9;10;11;12;13;14;15;16;17;18;19;20;21;22;23;24;25;26;27;28;30;31;32;33;34;35;36;37;38;39;40;41;42;43;44;45;46;47;48;49;50;51;52;53;54;55;56;58;59;60;61;62;63;64;65;66;67;68;69;70;72;73;74;76;77;78;79;80;81;82;83;84;85;86;87;88;89;90;91;92;93;94;95;96;97;98;99;100,100
A0A1Y0C5T9,0.3611111111111111,1;2;3;4;6;7;8;10;13;18;20;23;27,36,2.802688227891922,1.1507154813413671,0.07,21;25;39;51;53;58;85,100
A0A1Y0CFN4,0.5882352941176471,2;4;5;6;8;9;10;11;12;14;16;17;18;19;22;25;27;31;32;35;38;39;40;41;44;46;47;49;50;51,51,2.4989181041717528,1.2093200495497305,0.76,1;2;3;4;5;6;7;9;10;11;12;13;14;15;16;17;19;20;21;22;23;24;25;26;27;28;29;30;32;33;36;37;38;39;41;42;43;44;46;48;49;50;52;53;54;57;58;59;60;61;62;63;65;66;68;69;70;72;74;76;78;79;81;82;83;84;85;86;88;89;90;91;93;95;97;99,100
A0A1Y2NRV5,0.6909090909090909,2;3;4;5;7;8;9;10;11;12;14;16;18;19;20;23;25;26;27;28;29;31;33;34;35;37;38;40;41;42;43;44;48;49;50;52;54;55,55,2.2956235218048096,1.073862801942693,0.94,1;2;3;4;5;6;7;8;9;10;11;12;13;14;15;16;17;18;19;20;21;23;24;25;26;27;28;29;30;31;32;33;34;35;36;37;38;39;40;41;42;43;44;45;46;47;48;49;50;51;52;53;54;55;56;57;58;59;60;61;62;63;64;65;66;67;68;69;70;71;72;73;74;75;76;77;78;80;81;83;84;85;86;87;88;89;91;92;93;94;95;96;98;100,100
A0A1Y5PCF7,0.09090909090909091,5;6;17;20;24,55,2.251397948861122,1.1645792463430669,0.08,28;39;64;73;77;80;87;92,100
A0A1Y5Y6P3,0.1044776119402985,2;6;14;16;28;29;46,67,2.08150702893734,1.1964933167760556,0.03,42;46;67,100
A0A1Z4EBS9,0.5178571428571429,1;4;5;14;16;19;21;22;23;24;26;27;28;29;31;33;34;35;36;40;43;44;45;46;49;50;52;53;54,56,2.279837040901184,0.9597472899068153,0.79,1;2;3;6;7;8;9;11;12;13;14;15;16;17;18;19;20;21;22;23;25;26;28;30;31;32;35;36;37;38;40;41;42;44;45;46;47;49;50;51;52;53;54;55;56;57;58;60;61;62;63;64;65;66;67;68;70;71;73;74;76;77;78;79;80;81;82;83;85;86;87;89;90;91;92;93;94;96;97,100
A0A1Z4EGK3,0.5111111111111111,1;2;3;5;6;7;8;10;11;12;15;16;18;19;20;24;25;26;28;29;36;37;40,45,2.533939970731735,1.4116672101145675,0.54,4;5;6;7;8;9;10;11;12;13;15;16;17;19;20;22;24;27;29;30;31;32;34;35;40;42;44;46;47;50;51;52;53;54;55;56;57;59;60;63;64;68;69;72;74;78;81;82;83;86;91;93;95;97,100
A0A1Z4EZ40,0.26229508196721313,15;20;25;30;31;32;33;34;38;41;46;53;55;56;57;60,61,2.08146637737751,1.102352686455937,0.96,1;2;3;4;5;6;7;8;9;10;11;12;14;15;16;17;18;19;20;21;22;23;24;25;26;27;29;30;31;32;33;34;35;36;37;38;39;40;41;42;43;44;45;46;47;48;49;50;51;52;53;54;55;56;58;59;60;61;62;63;64;65;66;67;68;69;70;71;72;73;74;75;76;77;78;79;80;81;82;83;84;85;86;87;88;89;90;91;92;93;94;96;97;98;99;100,100
A0A1Z4EZ73,0.15789473684210525,3;8;11;12;15;20;21;33;40,57,2.1200837969779966,1.09040439256082,0.28,8;26;28;29;30;34;38;40;44;45;48;52;56;58;61;63;65;66;68;70;71;73;75;78;83;91;92;95,100
A0A1Z4F080,0.5769230769230769,1;7;9;10;12;13;14;15;17;18;19;20;26;27;29;32;33;35;36;37;38;39;40;41;42;43;44;45;46;47,52,2.3163952976465225,1.2519600524501637,0.98,1;2;3;4;5;6;7;8;9;10;11;12;13;15;16;17;18;19;20;21;22;23;24;25;26;27;28;29;30;31;32;33;34;35;36;37;38;39;40;41;42;43;44;45;46;47;48;49;50;51;52;53;54;55;56;57;58;59;60;61;62;63;64;65;66;67;68;69;70;71;72;73;74;75;76;77;78;79;80;81;82;83;84;86;87;88;89;90;91;92;93;94;95;96;97;98;99;100,100
A0A1Z4F4H3,0.3898305084745763,1;2;6;7;8;10;13;14;15;19;23;28;30;31;32;33;34;35;37;38;48;53;59,59,2.1469454157352446,1.4164234670788143,0.38,1;9;10;20;21;22;25;28;30;32;34;36;37;39;47;48;49;50;51;52;63;64;66;69;71;72;75;76;77;79;82;85;91;92;93;94;99;100,100
A0A231H7W5,0.0,,66,1.9597128689289094,1.1689817764038395,0.0,,100
A0A255DTC1,0.76,1;2;3;4;5;7;8;9;11;12;13;14;15;16;17;18;19;21;22;23;24;25;26;27;28;29;31;32;33;34;35;37;38;41;42;44;47;48,50,2.5270612585544585,1.1908708694252743,0.91,2;3;4;5;6;7;8;9;10;12;13;14;16;17;18;19;21;22;23;24;26;27;28;29;30;31;32;33;34;35;36;37;38;39;40;41;42;44;45;46;47;48;49;50;51;52;53;54;55;56;57;58;59;60;61;62;63;64;65;66;67;68;69;70;71;72;73;75;76;77;78;79;81;82;83;84;85;86;87;88;89;90;92;93;94;95;96;97;98;99;100,100
A0A285LZS8,0.24444444444444444,1;4;8;14;15;18;30;32;36;38;45,45,2.3793865984678266,1.1780527997431627,0.13,1;8;9;10;23;24;27;38;58;75;80;83;91,100
A0A286MPQ6,0.42,1;4;5;6;9;10;12;14;22;23;24;25;27;29;32;37;38;39;41;46;49,50,2.401881732940674,1.2510719603953986,0.65,1;2;5;6;8;9;10;11;12;13;14;15;16;17;18;19;21;22;25;26;28;29;30;31;32;33;34;37;38;41;42;43;45;47;50;52;53;54;55;56;58;59;62;63;65;66;67;69;70;73;74;77;78;80;82;84;88;89;91;92;93;94;95;96;99,100
A0A291RHD9,0.35,1;3;5;6;13;14;15;20;22;23;25;26;28;29;32;35;42;47;50;57;60,60,2.1647646963596343,1.256131951895157,0.33,1;3;6;7;8;9;11;19;23;24;25;27;30;33;35;38;42;43;47;49;60;61;63;73;74;75;78;81;89;91;94;95;99,100
A0A291RHE0,0.1791044776119403,6;21;29;33;39;44;47;49;55;59;60;66,67,1.879200086593628,1.1368623506870412,0.82,1;2;3;4;5;6;8;9;10;11;12;13;14;15;16;17;18;19;20;22;23;24;25;26;27;28;29;30;31;32;33;34;35;36;38;39;40;42;43;44;46;47;48;49;51;52;53;54;55;56;58;59;60;62;64;65;67;68;69;70;71;72;76;77;78;79;80;81;82;83;84;85;87;90;91;92;93;94;95;97;98;99,100
A0A291RWF7,0.2972972972972973,2;5;6;7;10;19;20;23;24;27;34,37,2.875902554988861,1.1286888582354846,0.35,1;4;6;7;13;17;19;25;27;30;39;44;48;50;52;53;54;55;61;64;65;69;74;80;81;83;89;90;91;92;94;96;97;99;100,100
A0A2A2ZGB2,0.5294117647058824,3;6;7;8;10;12;13;16;17;18;19;21;22;23;24;27;28;29;30;31;32;34;37;42;43;46;50,51,2.3590173745155334,1.1529951683627222,0.62,1;2;5;8;10;11;12;13;14;15;16;17;19;20;21;23;24;26;28;29;31;33;35;39;41;44;45;47;48;49;51;52;53;55;57;58;59;60;61;62;63;64;65;66;68;69;71;72;73;75;79;81;83;85;86;88;90;93;94;95;97;100,100
A0A2A3LDA8,0.02040816326530612,4,49,2.638245723247528,1.2051358767717337,0.03,7;21;52,100
A0A2A7NAH8,0.25,2;5;7;11;23;26;29;33;36,36,2.7466495776176454,1.13540255550613,0.22,13;21;23;28;31;33;41;49;64;72;75;79;80;81;84;86;90;91;94;96;99;100,100
A0A2A7NH78,0.6,1;2;4;10;12;15;17;18;19;20;21;22;23;24;25;26;27;29;30;33;34;35;37;39;40;41;43;44;47;49,50,2.457918103933334,1.062710255759707,0.99,1;2;3;4;5;6;7;8;9;10;11;12;13;14;15;16;17;18;19;20;21;22;23;24;25;26;27;28;29;30;31;32;33;34;35;36;37;38;39;40;42;43;44;45;46;47;48;49;50;51;52;53;54;55;56;57;58;59;60;61;62;63;64;65;66;67;68;69;70;71;72;73;74;75;76;77;78;79;80;81;82;83;84;85;86;87;88;89;90;91;92;93;94;95;96;97;98;99;100,100
A0A2A9FBQ2,0.5454545454545454,2;4;5;9;11;12;14;15;19;21;24;28;29;31;32;34;35;36;37;39;41;42;43;44;46;48;49;52;53;55,55,2.255635859966278,1.0567254936408121,0.94,1;2;3;4;5;6;7;8;9;10;11;12;13;14;15;16;17;18;19;20;21;22;23;24;25;26;27;28;29;30;31;32;33;34;35;36;37;38;39;40;41;42;43;44;45;46;47;48;49;50;51;52;53;54;55;56;57;58;59;60;61;62;64;65;66;67;68;69;70;71;72;73;74;75;76;78;79;82;83;84;85;87;88;89;90;91;92;93;94;95;96;97;99;100,100
A0A2G5PCS5,0.125,8,8,3.17288844704628,0.9037661169622073,0.36,5;7;9;10;13;17;19;21;25;31;32;35;36;37;40;43;47;51;55;65;67;70;73;75;77;78;82;83;84;85;86;88;91;93;97;100,100
A0A2G5PN19,0.2127659574468085,7;8;10;19;20;21;29;33;36;41,47,2.6545724272727966,1.241349738094934,0.1,5;11;46;53;56;57;60;62;71;76,100
A0A2G8B7A9,0.35185185185185186,1;3;6;8;9;15;16;21;22;24;26;29;30;33;35;41;44;47;54,54,2.1940789431333543,1.1843835736075874,0.68,1;2;3;4;5;7;8;9;12;13;14;15;16;17;20;23;25;26;28;30;34;37;38;39;41;42;44;45;46;47;48;49;50;51;52;53;56;57;59;60;61;62;63;64;65;66;68;71;72;73;75;77;78;79;80;81;82;83;88;89;90;92;93;94;95;97;99;100,100
A0A2I2L057,0.14035087719298245,8;20;36;39;47;48;52;56,57,2.231076898574829,1.1639886259793664,0.09,10;35;52;68;69;70;92;94;97,100
A0A2K4Y436,0.6909090909090909,6;7;8;9;11;12;14;15;16;17;18;19;21;22;25;26;27;29;30;31;32;34;35;36;38;40;42;43;44;45;46;48;49;50;52;53;54;55,55,2.262325373888016,1.068798463504115,0.95,1;2;3;4;5;6;7;8;9;10;11;12;13;14;15;16;17;18;19;20;21;22;23;24;25;26;27;28;29;30;31;32;33;36;37;38;39;40;41;42;43;44;45;46;47;48;50;51;52;53;54;55;56;57;58;59;60;61;62;63;64;65;66;67;68;69;70;71;72;73;74;75;76;77;78;79;80;81;82;83;84;85;86;87;88;90;91;92;94;95;96;97;98;99;100,100
A0A2K4Y9B3,0.225,1;3;11;13;18;19;28;32;37,40,2.63799075961113,1.251012426927535,0.38,1;2;4;6;8;9;10;11;16;19;20;21;22;28;29;35;38;41;43;44;46;47;49;50;54;56;58;65;68;69;71;75;78;81;83;84;92;93,100
A0A2K4YB08,0.20833333333333334,5;7;14;28;29;38;41;45;46;48,48,2.337717192173004,1.204072985954572,0.02,21;94,100
A0A2K4YB80,0.8421052631578947,1;4;6;7;9;10;11;12;13;14;15;16;17;18;20;21;22;23;24;25;26;27;28;29;30;31;32;34;35;36;37;38,38,2.7295516419410704,1.1926376083031158,0.9,1;2;3;4;6;7;8;9;10;11;12;13;14;16;17;18;19;20;21;22;23;24;25;26;27;28;29;30;31;32;33;34;35;37;38;39;40;41;42;43;45;46;47;48;49;50;51;52;53;54;55;56;57;59;60;62;63;64;65;66;67;68;70;71;72;74;75;77;78;79;80;82;83;84;85;86;87;88;89;90;91;92;93;94;95;96;97;98;99;100,100
A0A2N3VL42,0.5636363636363636,1;3;5;7;10;11;12;13;16;17;18;20;23;24;26;29;31;32;33;34;35;36;39;40;41;44;45;47;49;53;55,55,2.197765772342682,1.2734873927757178,0.95,1;2;3;4;5;6;7;8;9;10;11;12;13;14;15;16;17;18;19;20;21;22;23;24;25;26;27;28;29;30;31;32;33;34;35;36;37;38;39;40;41;42;43;44;45;46;47;49;50;51;52;53;54;55;56;58;59;60;61;62;63;64;65;66;67;68;69;70;71;72;73;74;76;77;78;79;80;81;82;83;84;85;87;88;89;90;91;92;93;94;95;96;98;99;100,100
A0A2N8P9Q2,0.723404255319149,2;5;6;7;8;10;11;12;13;14;15;17;19;21;22;23;24;27;28;29;30;31;32;33;36;38;40;41;42;43;44;45;46;47,47,2.6184307420253754,1.2968901248970972,0.98,1;2;3;4;5;6;7;8;9;10;11;12;13;14;15;16;17;18;19;20;21;22;23;24;25;26;27;28;29;30;31;32;33;34;36;37;38;39;40;41;42;43;44;45;46;47;48;49;50;51;52;53;54;55;56;57;58;59;61;62;63;64;65;66;67;68;69;70;71;72;73;74;75;76;77;78;79;80;81;82;83;84;85;86;87;88;89;90;91;92;93;94;95;96;97;98;99;100,100
A0A2S6AAE1,0.045454545454545456,36;44,44,2.7541467463970184,1.3372256071654816,0.02,43;89,100
A0A2S8BGN3,0.5769230769230769,1;2;3;5;6;7;8;11;12;15;19;23;24;25;26,26,3.005041960477829,1.044365572187196,0.99,1;2;3;4;5;6;7;8;9;10;11;12;13;14;15;16;17;18;19;20;21;22;23;24;25;26;27;28;29;30;31;32;33;34;35;36;37;38;39;40;41;42;43;44;45;46;47;48;49;50;51;52;53;54;55;56;58;59;60;61;62;63;64;65;66;67;68;69;70;71;72;73;74;75;76;77;78;79;80;81;82;83;84;85;86;87;88;89;90;91;92;93;94;95;96;97;98;99;100,100
A0A2T2Z8U3,0.38461538461538464,4;6;7;8;9;10;11;13;14;15;17;18;22;23;28;31;32;34;39;45;46;49;51;58;59,65,1.9191678583621978,1.0554002781891734,0.56,2;3;6;7;8;12;15;18;23;24;25;27;28;32;34;35;37;39;40;42;45;46;47;48;49;50;51;55;56;57;58;60;62;63;66;69;71;72;73;75;76;77;78;79;80;81;82;87;89;90;91;92;96;97;98;99,100
A0A2U3N8I6,0.15873015873015872,3;9;11;22;24;26;27;29;39;50,63,2.0424171471595765,1.2415270043464468,0.07,5;11;51;59;71;83;90,100
A0A2U3NPT1,0.6129032258064516,2;4;5;7;8;9;10;11;12;14;15;17;18;19;20;21;22;24;25;26;27;28;29;30;32;34;36;40;42;43;45;47;49;51;53;55;58;60,62,2.074322890639305,0.9677670235828616,0.69,1;2;3;4;5;6;7;8;9;11;12;13;14;15;16;17;18;20;21;22;24;25;26;27;29;31;33;34;35;36;37;38;39;40;43;47;49;50;51;53;54;57;58;59;60;61;62;64;65;68;70;71;72;74;75;76;78;79;83;84;85;86;87;89;90;91;93;99;100,100
A0A2U3P0N3,0.4444444444444444,2;4;6;8;10;11;13;14;19;22;23;24;25;26;30;31;33;34;35;37;39;46;50;52,54,2.312867592573166,1.1873821617645148,0.09,13;22;30;50;64;65;69;73;93,100
A0A2U3P697,0.43636363636363634,2;3;4;5;6;8;10;12;13;16;17;18;21;23;24;27;31;32;35;39;41;44;45;55,55,2.2462355476617812,1.2038213672531046,0.6,1;2;4;5;6;10;11;12;13;14;15;16;17;18;19;21;23;24;25;27;28;30;34;36;37;38;39;40;42;44;45;47;48;49;51;52;55;56;57;58;60;61;63;65;66;69;70;72;73;75;76;77;78;83;86;87;90;91;95;100,100
A0A2U3PHP0,0.16129032258064516,5;11;17;18;21,31,2.961249604225159,1.1920530013515493,0.34,3;4;8;10;11;19;25;30;37;38;40;42;54;57;58;62;64;65;66;69;71;73;74;75;76;80;83;84;90;92;93;95;96;97,100
A0A2U9PQ99,0.30434782608695654,7;8;10;12;13;16;18,23,3.0089664113521577,1.0728264655900634,0.72,1;2;3;4;5;7;8;9;10;14;15;16;18;21;24;27;28;29;30;32;33;36;37;38;39;40;41;42;43;44;45;46;48;49;50;51;52;56;57;58;59;60;61;62;63;64;65;68;69;70;71;73;74;75;76;78;79;80;82;83;85;86;87;88;89;91;92;96;97;98;99;100,100
A0A2U9PXP1,0.32786885245901637,4;5;11;12;13;16;20;22;34;39;40;43;48;49;50;55;56;57;59;61,61,2.1987410348653795,1.1448087637286057,0.79,1;2;3;4;5;6;7;8;9;10;11;12;13;14;15;16;17;18;19;20;21;22;23;24;26;27;28;29;30;31;32;33;34;35;36;37;38;39;41;42;43;44;45;50;51;53;54;55;56;57;59;60;62;64;66;67;68;69;70;73;75;76;77;78;79;80;83;84;85;87;88;89;92;94;95;96;97;99;100,100
A0A317N4Q8,0.2923076923076923,3;7;8;9;11;18;20;22;24;31;39;41;50;52;53;54;57;62;65,65,2.013066591024399,1.3236808204579855,0.7,1;2;3;4;5;6;7;8;9;10;11;13;15;16;17;19;20;22;23;25;26;28;29;30;31;33;34;36;38;39;41;42;43;44;45;46;47;49;50;52;55;56;57;58;60;62;64;66;67;68;69;71;73;74;75;76;78;79;80;81;82;83;84;86;87;88;89;90;91;95,100
A0A318HI90,0.16216216216216217,2;11;15;27;36;37,37,2.6479555892944338,1.1594884035663904,0.02,61;70,100
A0A318JQK2,0.4489795918367347,2;4;6;8;11;12;16;20;21;23;24;25;26;28;36;38;40;41;42;43;44;45,49,2.5322463953495027,1.3086760318636403,0.67,2;3;4;5;6;7;8;9;10;12;13;14;15;16;18;19;20;22;23;24;25;28;29;30;31;32;33;34;35;38;39;42;44;46;48;49;51;52;53;55;56;62;64;65;67;69;71;72;73;74;76;77;78;79;82;83;85;87;90;91;92;94;95;96;97;98;99,100
A0A318JYA7,0.0,,27,2.8144876873493194,1.0080938355156719,0.0,,100
A0A318K9K9,0.37142857142857144,2;3;5;7;8;9;10;13;14;18;19;20;30;31;35;37;41;42;43;46;52;59;60;62;65;69,70,1.844983097910881,1.0394726317163074,0.25,2;3;13;14;19;20;24;26;28;30;34;35;37;41;45;48;49;53;55;56;60;76;92;93;99,100
A0A329K2Y4,0.3620689655172414,3;4;5;6;7;11;17;20;21;25;26;28;30;31;32;39;41;43;49;52;55,58,2.152890931367874,1.3026272619513657,0.95,1;2;3;4;5;6;7;8;9;10;11;12;13;14;15;16;17;18;19;20;21;22;23;24;25;26;28;29;30;31;32;33;34;35;36;37;38;39;41;42;43;44;45;46;47;48;49;50;51;52;53;54;55;56;57;58;59;60;61;62;63;64;65;66;67;68;69;70;71;72;73;74;75;76;78;79;80;81;82;83;84;85;86;87;89;90;91;92;94;95;96;97;98;99;100,100
A0A329KGE0,0.2978723404255319,8;9;10;15;16;18;23;25;30;33;34;37;39;40,47,2.5716179168224333,1.180239165752426,0.83,1;2;3;4;5;6;7;8;9;10;11;12;13;14;15;16;17;18;19;20;21;23;24;25;26;27;28;29;30;31;32;33;34;35;36;37;38;39;40;41;42;43;44;45;47;48;50;51;52;53;54;55;56;58;59;60;61;62;63;64;65;67;69;71;74;75;77;78;79;80;82;83;84;85;87;88;90;91;93;95;98;99;100,100
A0A329KUN3,0.391304347826087,6;7;8;9;15;16;17;18;21;22;25;28;32;35;36;37;38;46,46,2.6123015320301057,1.1073831315510152,0.41,3;7;8;9;10;13;14;19;20;23;24;27;28;29;30;31;32;33;34;35;36;37;42;47;48;50;51;56;57;59;65;67;69;73;76;78;83;84;90;95;97,100
A0A329LAU5,0.5272727272727272,1;2;3;4;5;7;8;9;10;11;13;14;17;19;21;22;23;24;31;43;44;45;46;47;48;50;51;53;54,55,2.273559058904648,1.3322096981234768,0.23,4;6;8;11;14;15;23;24;25;36;39;42;45;46;50;54;60;61;76;78;79;93;96,100
A0A329M492,0.10714285714285714,6;23;35;37;48;51,56,2.1448890489339827,1.0651258443736202,0.87,1;2;3;4;5;6;7;8;9;10;11;12;13;14;15;16;17;18;20;21;22;23;24;25;26;27;28;29;30;31;32;33;34;35;36;37;38;39;41;42;43;44;45;46;47;48;49;50;51;52;53;55;56;57;58;59;60;61;62;63;66;67;68;69;70;71;72;73;74;75;78;80;81;83;85;86;87;88;89;90;91;94;95;96;97;99;100,100
A0A345I2A9,0.2,1;3;7;10;26;29;31;34;41;52;54,55,2.3238074272871017,1.3098593738217879,0.48,2;3;4;6;7;8;9;10;13;15;21;22;23;25;26;27;30;31;32;34;37;38;39;43;46;49;50;53;54;56;58;59;66;67;68;70;71;73;76;78;80;83;84;85;90;92;93;96,100
A0A370HAX8,0.1875,5;15;16;18;24;28,32,3.0743266570568086,1.2711233385061493,0.23,8;18;27;31;34;44;45;46;47;50;51;54;61;63;64;69;72;74;75;80;82;90;100,100
A0A370I000,0.21951219512195122,7;13;20;22;26;27;29;34;40,41,2.68889342546463,1.1807341364408692,0.04,7;23;32;67,100
A0A370I008,0.4423076923076923,2;3;4;5;6;8;9;10;14;16;17;18;22;26;29;32;33;36;39;41;42;47;49,52,2.4109484159946444,1.2958123816182157,0.4,2;5;8;9;11;12;14;17;19;20;26;28;29;32;34;35;38;39;40;44;47;50;52;53;55;56;60;62;67;72;73;75;76;77;84;86;90;93;96;98,100
A0A373A3G8,0.47368421052631576,5;7;9;12;14;15;18;21;22;24;25;31;32;34;35;37;39;40;41;42;43;44;45;49;50;54;56,57,2.0616399455070495,1.172388540803186,0.75,1;2;3;4;5;6;7;8;9;10;11;12;13;14;15;16;17;18;19;20;23;24;26;27;29;30;31;32;33;34;35;36;37;38;39;40;41;42;44;45;47;48;49;50;52;53;56;57;58;59;61;62;63;64;65;66;69;70;71;72;76;77;81;83;84;86;87;91;92;93;94;95;97;98;100,100
A0A375YKM9,0.16216216216216217,3;12;16;18;20;31,37,2.5998094034194947,0.9896247053651205,0.23,1;2;3;6;16;25;29;37;38;40;41;47;55;65;72;73;80;88;91;95;98;99;100,100
A0A375Z3F8,0.24528301886792453,22;27;28;31;33;40;41;44;46;49;50;52;53,53,2.2566752505302428,1.2321986824262734,0.31,3;7;10;11;13;14;17;20;22;28;40;46;49;57;59;60;61;62;64;66;67;73;81;85;86;88;89;91;92;97;100,100
A0A378T271,0.42857142857142855,2;4;5;6;9;13,14,3.3199962508678436,1.0112172113837488,0.11,27;56;57;59;62;70;71;74;77;84;98,100
A0A378T283,0.43103448275862066,3;7;8;9;12;14;16;19;21;22;23;24;25;30;32;35;36;37;38;40;42;45;46;48;51,58,2.2300839614868164,1.2508906561054602,0.31,1;5;7;9;16;21;26;28;29;30;34;35;48;50;54;55;56;61;63;67;68;72;74;77;82;85;87;88;89;90;91,100
A0A378TAR8,0.16666666666666666,7;14;23;33;36;37;42,42,2.6760191386938095,1.3412613636607824,0.74,1;2;3;4;5;6;7;9;11;12;14;15;16;17;19;20;21;22;23;25;26;27;28;29;30;31;33;35;36;37;39;40;41;42;45;46;48;49;50;51;54;55;56;58;59;60;61;62;64;65;67;68;69;70;73;74;75;76;78;80;81;84;87;88;89;90;91;93;94;95;96;97;99;100,100
A0A378UBH7,0.7647058823529411,1;2;3;4;5;6;7;8;10;11;12;13;14;18;19;20;21;22;23;24;26;27;28;30;31;32;33;34;35;37;39;41;42;43;46;47;48;50;51,51,2.455756269097328,1.2279590807020664,0.75,1;2;3;5;6;7;8;9;10;11;12;13;14;15;16;18;19;20;21;22;23;24;26;27;29;30;31;32;34;35;36;37;39;40;43;44;45;46;47;50;51;52;53;55;56;59;60;62;63;64;65;66;67;68;69;70;72;73;74;75;77;78;80;81;82;83;84;85;86;87;88;89;91;92;95,100
A0A378WN66,0.28125,5;12;19;24;29;33;34;36;37;39;40;42;43;44;46;47;51;58,64,2.215605263710022,1.2891535845017557,0.37,2;4;9;11;13;14;17;18;20;27;28;32;37;45;48;49;52;53;56;57;58;59;66;69;74;76;80;81;86;87;89;90;92;93;97;99;100,100
A0A378YSF8,0.3448275862068966,2;3;5;6;7;15;17;19;20;23;24;28;30;35;42;46;48;49;51;56,58,2.1445710635185242,1.2678506747265554,0.35,4;8;12;18;19;21;23;24;25;26;27;28;30;32;37;40;45;50;51;52;54;55;56;62;63;64;68;69;78;79;80;81;91;95;96,100
A0A386ZPG1,0.15789473684210525,4;11;16;18;39;41;43;45;53,57,2.1535220837593076,1.3834120353867134,0.94,1;2;3;4;5;6;7;8;9;10;11;12;13;14;15;16;17;18;19;20;21;22;23;24;25;26;27;28;29;30;31;32;33;34;35;36;37;38;39;40;41;42;43;44;45;46;47;48;49;50;51;52;53;54;55;56;57;58;59;61;62;63;64;65;66;67;68;69;70;71;72;73;74;75;76;78;79;81;82;83;84;85;86;87;88;89;90;91;92;93;94;96;97;98,100
A0A3A4K4S5,0.1694915254237288,1;4;16;17;20;35;36;43;53;57,59,2.1340904146432877,1.3290967582662532,0.48,1;2;3;7;8;9;14;15;18;20;21;22;23;28;29;32;33;34;36;37;39;41;43;44;46;47;48;50;51;52;53;55;63;66;68;69;70;74;78;82;83;86;90;92;93;94;95;99,100
A0A3E1HFK0,0.5178571428571429,1;2;3;5;7;9;10;11;12;13;15;17;18;23;24;26;27;30;31;32;33;34;35;38;39;41;42;46;49,56,2.371733919382095,1.2132236480302077,0.8,1;2;3;5;6;7;8;9;10;11;13;14;15;16;19;21;22;24;25;26;27;28;30;31;32;33;34;35;36;37;38;39;40;41;43;44;45;46;47;48;49;50;52;53;54;55;56;57;60;61;62;64;65;68;69;70;71;72;73;74;75;76;77;78;80;81;82;83;85;86;87;88;89;90;92;94;95;96;97;99,100
A0A3M2L4P9,0.21311475409836064,5;6;18;30;32;33;34;37;43;48;51;53;57,61,2.1908480966091157,1.1532609275109464,0.19,4;8;14;15;16;19;22;29;37;55;56;59;62;67;72;83;85;92;99,100
A0A3M2LDY9,0.49056603773584906,2;3;4;8;9;11;12;15;21;23;24;25;28;32;33;34;35;36;38;39;44;47;48;49;50;51,53,2.3115943545103073,1.1998298387239492,0.1,7;41;49;50;62;63;71;73;86;98,100
A0A3Q9KMK0,0.03076923076923077,53;59,65,2.017488884329796,1.1640466705481471,0.47,1;3;5;6;7;9;10;11;12;13;14;16;17;18;19;20;21;24;27;28;30;31;33;34;39;42;46;48;52;61;63;64;65;67;68;69;72;76;78;80;81;91;94;95;96;97;99,100
A0A3S3ZSH2,0.08163265306122448,13;27;31;36,49,2.5363603591918946,1.30663977141258,0.03,13;50;69,100
A0A3S4RS92,0.14285714285714285,2;11;15;22;27;34;47,49,2.3533824849128724,1.2072708622654258,0.1,26;35;37;44;53;58;62;71;84;97,100
A0A401VU81,0.65,2;3;4;5;8;9;10;12;14;15;16;17;19;22;23;24;29;30;31;32;34;36;37;38;39;40,40,2.749827651977539,1.1479238814624266,1.0,1;2;3;4;5;6;7;8;9;10;11;12;13;14;15;16;17;18;19;20;21;22;23;24;25;26;27;28;29;30;31;32;33;34;35;36;37;38;39;40;41;42;43;44;45;46;47;48;49;50;51;52;53;54;55;56;57;58;59;60;61;62;63;64;65;66;67;68;69;70;71;72;73;74;75;76;77;78;79;80;81;82;83;84;85;86;87;88;89;90;91;92;93;94;95;96;97;98;99;100,100
A0A401YDY7,0.04081632653061224,16;24,49,2.364443135261536,1.3343735419360172,0.0,,100
A0A401YST3,0.26,1;4;5;6;12;13;16;18;20;23;30;42;48,50,2.303927389383316,1.1679439295630933,0.44,2;5;8;9;10;11;14;16;18;21;22;25;28;29;30;32;34;35;37;38;40;44;45;50;51;54;59;62;66;69;70;71;72;73;76;77;78;82;89;94;95;96;99;100,100
A0A421AW77,0.55,1;3;5;7;8;9;12;13;14;17;18;19;20;21;22;24;25;27;30;31;32;39,40,2.6415225434303284,1.0808048782814481,0.71,1;2;3;4;5;6;8;9;13;14;15;16;18;19;21;24;25;26;27;28;30;32;33;35;36;37;38;39;40;41;42;43;44;45;46;47;49;50;51;52;53;56;57;58;59;60;61;63;66;68;69;70;71;72;73;74;76;79;80;81;83;85;86;90;91;92;93;94;95;98;99,100
A0A426SF14,0.39655172413793105,2;5;10;12;14;15;20;22;24;25;27;29;34;35;36;37;38;41;43;46;47;57;58,58,2.180315965414047,1.2163103325378495,0.26,1;2;3;4;7;8;9;11;14;15;18;21;23;26;27;32;37;39;42;44;50;62;74;83;88;97,100
A0A438ATK5,0.6666666666666666,1;3;4;5;7;8;9;11;13;14;15;17;18;19;21;22;25;26;28;29;31;32;34;35;36;37,39,2.607575352191925,1.0043259047698594,0.74,1;2;3;4;5;6;7;8;9;10;11;12;15;16;17;19;20;22;23;25;26;27;29;30;32;34;36;37;38;39;40;42;43;44;45;46;47;48;49;50;52;55;57;59;60;61;63;65;66;67;68;69;71;72;73;74;75;76;78;79;81;82;85;88;89;90;92;94;95;96;97;98;99;100,100
A0A438AUV2,0.1568627450980392,3;4;6;11;19;21;43;44,51,2.4451458871364595,1.0652742087673743,0.09,39;44;46;50;66;76;85;87;96,100
A0A447GD36,0.029411764705882353,12,34,2.7105702471733095,1.169899830748822,0.11,15;21;28;37;45;53;60;80;85;86;96,100
A0A449GAD2,0.11475409836065574,4;8;18;34;36;49;55,61,2.167623665332794,1.2786142864930645,0.1,7;26;50;67;69;71;72;74;76;90,100
A0A498PZU2,0.6136363636363636,1;2;3;4;6;8;10;11;12;14;16;19;20;21;23;24;25;26;27;28;30;31;33;35;36;38;42,44,2.5256648689508436,1.275848139362792,0.92,1;2;3;4;5;6;7;8;9;10;11;12;13;14;15;16;17;18;19;20;21;22;23;24;25;26;27;28;29;30;31;32;33;35;36;37;38;39;40;42;43;44;45;46;47;50;51;53;54;55;56;57;58;59;60;61;62;63;64;65;66;67;68;69;70;71;72;73;74;75;76;77;78;79;81;82;83;84;85;86;87;88;89;90;92;93;94;95;97;98;99;100,100
A0A498PZZ1,0.022222222222222223,11,45,2.6554918801784515,1.3600522083112518,0.0,,100
A0A498QQD7,0.7796610169491526,2;3;4;5;6;7;8;9;10;11;12;13;14;15;16;19;20;21;22;23;25;26;27;28;29;30;32;33;34;35;36;38;39;40;41;42;43;44;45;46;47;51;53;56;57;59,59,2.2230335009098052,1.3153295909765585,0.75,1;2;3;4;6;7;9;10;11;12;13;14;15;18;19;21;22;23;25;26;27;28;29;30;31;32;34;35;36;37;38;41;42;43;44;45;47;49;50;51;52;54;55;57;58;59;60;62;63;64;65;67;68;69;70;71;72;73;74;75;76;78;81;83;85;88;89;90;91;92;93;94;95;98;99,100
A0A4Q7KNW3,0.4426229508196721,1;5;6;10;13;14;15;20;21;22;23;25;30;32;33;35;36;39;45;46;47;51;52;53;54;55;59,61,2.015610209107399,1.1764843887437029,1.0,1;2;3;4;5;6;7;8;9;10;11;12;13;14;15;16;17;18;19;20;21;22;23;24;25;26;27;28;29;30;31;32;33;34;35;36;37;38;39;40;41;42;43;44;45;46;47;48;49;50;51;52;53;54;55;56;57;58;59;60;61;62;63;64;65;66;67;68;69;70;71;72;73;74;75;76;77;78;79;80;81;82;83;84;85;86;87;88;89;90;91;92;93;94;95;96;97;98;99;100,100
A0A4Q9HZT3,0.45098039215686275,1;3;4;5;6;7;10;14;16;18;19;22;24;25;28;30;32;37;38;42;43;46;47,51,2.2822529703378676,1.1875678688689268,0.39,1;3;5;6;8;11;12;13;14;16;17;19;20;21;28;31;34;39;40;41;43;45;46;51;53;55;56;57;58;59;61;68;69;72;81;86;90;92;94,100
A0A4R1FSR2,0.42592592592592593,1;3;5;9;10;11;13;21;24;25;28;29;31;35;36;38;39;41;44;46;50;53;54,54,2.3153014343976976,1.2737628968931207,0.77,1;2;3;4;5;6;7;8;9;10;11;12;13;14;15;16;17;18;19;21;22;23;25;26;27;29;30;31;32;34;35;36;37;38;40;41;42;43;45;46;47;52;53;54;55;56;57;58;59;61;62;63;64;65;66;67;69;71;72;73;74;75;76;77;78;83;84;85;87;88;89;90;91;92;95;98;100,100
A0A4R1FWD7,0.125,14;20;23;30;40;58;61;62,64,1.9726641911268235,1.1703077164790983,0.18,1;7;13;20;22;33;37;43;47;60;63;64;65;68;82;85;97;98,100
A0A4R5PD40,0.53125,4;5;6;8;9;10;11;14;17;19;20;24;27;28;29;34;37;38;39;40;43;44;45;46;47;49;52;54;56;58;59;60;61;62,64,1.989670634865761,1.3566089193120592,0.68,1;2;3;9;10;11;12;13;14;16;17;18;19;20;23;24;25;26;27;29;34;35;36;38;39;40;41;42;44;46;47;49;50;51;53;54;55;56;57;59;60;62;63;66;67;68;69;70;71;73;74;77;78;80;81;84;85;86;87;88;89;92;93;94;96;97;99;100,100
A0A4R5PF75,0.44,1;4;5;9;14;19;23;24;26;27;29;32;33;36;39;44;45;46;47;48;49;50,50,2.3122184616327286,1.1204930937904611,0.94,1;2;3;4;5;6;7;8;10;11;12;13;14;15;16;17;18;19;20;21;22;23;24;25;26;27;28;29;30;31;32;33;34;35;36;37;38;39;40;42;43;44;46;47;48;49;50;51;52;54;55;56;57;58;59;60;61;62;63;64;65;66;67;68;69;70;71;72;73;74;75;76;77;78;80;81;82;83;84;85;86;87;88;89;90;91;92;93;95;96;97;98;99;100,100
A0A4R5WK74,0.125,7;9;14;30;32;48,48,2.6629140150547026,1.3193793384657662,0.22,5;6;8;12;14;17;18;25;27;31;37;40;46;47;52;60;64;65;68;73;84;98,100
A0A4R5WKD4,0.30952380952380953,2;5;9;10;12;14;15;24;29;30;33;36;42,42,2.715754207968712,1.4666790162982049,0.29,3;7;10;18;20;21;22;23;25;27;31;33;41;57;63;66;69;72;73;75;78;80;82;84;86;90;91;98;100,100
A0A4R5X5Y0,0.10416666666666667,9;25;35;45;48,48,2.4025885915756224,1.086076716605457,0.09,5;15;28;31;36;41;47;48;66,100
A0A4R6P566,0.46551724137931033,2;4;5;6;12;13;19;22;23;27;28;31;32;33;35;37;38;40;41;42;43;46;48;53;54;56;57,58,2.2112280809879303,1.2624048165916668,0.75,1;2;3;4;5;6;7;8;9;10;11;12;16;17;18;19;20;21;23;24;26;28;29;30;31;33;35;36;37;38;40;41;43;44;45;46;47;48;49;50;51;52;53;56;57;58;59;64;65;66;67;68;70;71;72;73;74;75;76;77;78;79;80;81;86;87;88;90;93;94;95;96;97;99;100,100
A0A4R7IZC0,0.3275862068965517,5;8;11;15;25;30;31;32;33;38;41;42;43;45;47;48;49;55;57,58,2.196519376039505,1.357208686155795,0.39,2;3;5;6;10;11;12;14;15;19;20;23;25;28;32;33;35;36;37;41;45;46;51;53;54;56;57;59;60;62;63;66;71;74;77;81;87;89;91,100
A0A4R8R2S8,0.3050847457627119,2;3;8;12;20;21;24;28;29;32;34;35;36;44;52;53;54;56,59,2.1235244423151016,1.4311886751733822,0.15,12;17;19;29;38;40;52;55;60;65;80;86;87;93;98,100
A0A4R8S1E2,0.39622641509433965,4;6;7;8;12;15;19;22;26;28;30;32;33;35;38;39;42;45;50;51;52,53,2.214047064781189,1.3316964896045191,0.98,1;2;3;4;5;6;7;8;9;10;11;12;13;14;15;16;17;18;19;20;21;22;23;24;25;26;27;28;29;30;31;32;33;34;35;36;37;38;39;40;41;42;43;44;45;46;47;48;49;50;51;52;53;54;55;56;57;58;59;60;61;62;63;64;65;66;67;68;69;70;71;72;73;74;77;78;79;80;81;82;83;84;85;86;87;88;89;90;91;92;93;94;95;96;97;98;99;100,100
A0A4R8S1L2,0.5714285714285714,2;6;7;8;9;10;11;12;15;17;18;19;20;21;22;23;24;26;27;28;31;32;33;34;35;37;38;40;42;43;54;55,56,2.190605854392052,1.071428076770888,1.0,1;2;3;4;5;6;7;8;9;10;11;12;13;14;15;16;17;18;19;20;21;22;23;24;25;26;27;28;29;30;31;32;33;34;35;36;37;38;39;40;41;42;43;44;45;46;47;48;49;50;51;52;53;54;55;56;57;58;59;60;61;62;63;64;65;66;67;68;69;70;71;72;73;74;75;76;77;78;79;80;81;82;83;84;85;86;87;88;89;90;91;92;93;94;95;96;97;98;99;100,100
A0A4R8S6S5,0.06521739130434782,1;8;40,46,2.532359721660614,1.1371751360989726,0.1,11;13;19;61;67;68;74;82;95;96,100
A0A4R8S7U6,0.5116279069767442,1;2;3;4;5;6;7;8;9;10;12;14;15;17;18;19;21;22;26;35;36;40,43,2.6382724648714064,1.1763501065911917,0.19,3;16;21;22;28;34;35;37;42;52;56;59;68;72;75;86;87;88;90,100
A0A4R8S8U4,0.4264705882352941,2;7;11;12;13;15;21;22;23;24;25;26;33;34;35;38;41;42;43;45;48;49;51;56;57;60;62;64;67,68,1.9304660999774932,0.9916183256302041,0.52,1;3;4;5;6;7;8;9;11;12;13;14;17;18;19;20;25;26;27;28;31;32;34;35;43;45;46;47;50;53;54;55;56;60;61;63;64;65;68;69;71;73;74;76;77;81;84;86;88;91;95;96,100
A0A4R8SET2,0.5348837209302325,1;2;4;5;7;8;12;13;14;15;16;18;21;22;26;27;29;30;31;32;39;41;43,43,2.5910382211208343,1.1038362314055943,0.86,1;2;3;4;5;6;7;8;9;10;11;12;13;14;15;16;17;18;19;20;21;22;23;24;25;26;27;28;29;30;31;32;33;34;35;36;37;39;40;41;43;44;45;46;47;48;51;52;53;54;55;56;57;58;59;61;62;63;64;65;66;67;68;69;70;72;73;74;75;76;77;78;79;80;81;82;83;84;87;90;91;92;93;95;98;99,100
A0A4R8SIE9,0.36666666666666664,7;10;11;12;13;15;17;23;24;26;27;33;34;39;40;42;43;51;53;56;59;60,60,2.0017181593179703,1.3217704791579383,0.42,3;4;6;8;10;11;16;17;19;20;23;24;27;28;30;34;36;38;39;44;45;49;52;53;54;55;57;63;64;68;73;75;80;82;85;87;90;92;95;97;99;100,100
A0A4R8T0X1,0.31343283582089554,5;16;19;23;25;26;30;31;38;45;46;47;51;52;53;56;59;60;62;64;66,67,1.9830554801225662,1.2534879266194188,0.64,1;3;4;5;6;7;9;10;11;12;14;16;17;20;21;22;23;24;25;26;27;28;29;30;31;32;33;35;37;38;39;41;42;43;45;48;49;51;52;53;55;57;60;61;62;63;64;66;69;70;71;73;74;75;77;79;80;81;85;87;88;92;95;97,100
A0A4U8W070,0.7258064516129032,2;3;5;7;8;9;10;11;12;13;15;16;17;19;20;21;23;25;26;27;28;30;32;33;34;35;36;37;38;39;41;42;43;44;45;46;47;51;52;54;55;56;57;60;61,62,2.0869304943084717,1.0749695751519976,0.92,1;3;4;5;6;7;8;9;10;11;12;13;14;15;16;17;18;19;20;21;22;23;24;25;26;27;28;29;30;31;32;33;34;35;36;37;38;39;40;41;42;43;44;45;46;47;49;50;51;52;53;54;55;56;57;60;61;62;63;66;67;68;69;70;71;72;73;74;75;76;77;78;79;80;81;82;83;84;85;86;87;88;89;91;92;93;94;95;96;97;98;100,100
A0A4V3HUY3,0.5849056603773585,1;2;4;5;7;11;13;14;17;22;25;26;29;30;31;32;33;34;35;36;37;38;39;40;42;43;46;48;50;51;53,53,2.3828273856639863,1.094114351674297,0.95,1;2;3;4;5;7;8;9;10;11;12;13;14;16;17;18;20;21;22;23;24;25;26;28;29;30;31;32;33;34;35;36;37;38;39;40;41;42;43;44;45;46;47;48;49;50;51;52;53;54;55;56;57;58;59;60;61;62;63;64;65;66;67;68;69;70;71;72;73;74;75;76;77;78;79;80;81;82;83;84;85;86;87;88;89;90;91;93;94;95;96;97;98;99;100,100
A0A4V3I141,0.6666666666666666,1;3;4;5;10;11;12;13;15;16;17;19;20;21;22;23;25;27;28;29;30;31;33;36;40;41;43;44;46;49;50;51;52;53;54;55;58;59;60;61;62;65;66;67;68;69,69,1.7390597873926164,1.1870885939533502,0.96,1;2;3;4;5;6;7;8;9;10;11;12;13;14;15;16;17;18;19;20;21;22;23;24;25;26;27;28;29;30;31;32;33;34;35;36;37;38;39;40;41;42;43;44;45;46;47;48;49;50;51;52;53;54;55;56;57;58;59;60;61;62;63;64;65;66;67;69;70;71;72;74;75;76;77;78;79;80;82;83;84;85;86;87;88;89;90;91;92;93;94;95;96;97;99;100,100
A0A4Z0HM23,0.2916666666666667,2;3;11;12;14;16;18;21;23;30;38;39;41;45,48,2.509116473197937,1.276800987634716,0.55,2;6;7;9;10;11;13;14;15;19;20;21;23;26;29;30;31;32;33;34;35;36;37;39;42;43;44;45;46;47;48;52;55;56;58;59;60;64;66;67;68;70;72;73;76;77;79;80;82;87;89;92;93;96;100,100
A0A4Z0HRY8,0.4107142857142857,4;5;6;7;9;12;13;14;16;17;19;23;24;27;28;29;32;33;34;35;39;41;43,56,2.2646962916851043,1.2389522242446398,0.31,4;8;10;11;15;16;18;21;26;29;31;37;38;39;43;54;56;59;69;70;72;74;76;80;83;84;86;87;94;95;99,100
A0A4Z0HSE6,0.12121212121212122,2;21;23;28,33,2.9202129995822905,1.181438226637727,0.13,24;25;28;32;54;66;68;77;84;87;89;91;93,100
A0A4Z0LXD8,0.47540983606557374,5;7;9;11;14;15;17;22;23;24;25;29;30;31;32;34;36;41;42;43;46;50;53;54;56;58;59;60;61,61,2.1645259642601014,1.1820911769245783,0.99,1;2;3;4;5;6;7;8;9;10;11;12;13;14;15;16;17;18;19;20;21;22;23;24;25;26;27;28;29;30;31;32;33;34;35;36;37;38;39;40;41;42;43;44;45;46;47;48;49;50;51;53;54;55;56;57;58;59;60;61;62;63;64;65;66;67;68;69;70;71;72;73;74;75;76;77;78;79;80;81;82;83;84;85;86;87;88;89;90;91;92;93;94;95;96;97;98;99;100,100
A0A502EC16,0.16666666666666666,2;3;8;9;12;16;21;27,48,2.528789027929306,1.2357718844162875,0.11,1;3;7;10;20;27;28;46;49;53;98,100
A0A511M4D4,0.4827586206896552,3;5;7;8;11;13;15;16;17;18;22;30;32;33;34;36;37;38;39;40;43;44;46;48;50;51;53;57,58,2.219660581946373,1.3475395080301005,0.98,1;2;3;4;5;6;7;8;9;10;11;12;13;14;15;16;17;18;19;20;21;22;23;24;25;26;27;28;29;30;31;32;33;34;35;36;37;38;39;40;41;42;43;44;45;46;47;48;49;50;51;52;53;54;55;56;57;58;59;60;61;62;63;64;65;66;67;68;69;70;71;72;73;75;76;77;78;79;80;81;82;83;84;85;86;87;88;89;90;91;92;93;94;95;96;97;98;99,100
A0A516NPD0,0.5,2;3;5;6;7;9;12;13;14;20;22;24;27;29;30;31;32;33;36;38;39;40;42;43;48;51,52,2.35094979763031,1.2616257259750907,0.88,1;2;3;4;5;6;7;8;9;10;11;12;13;14;15;16;17;18;19;20;21;22;23;25;26;27;28;29;31;32;33;34;35;36;38;39;40;41;43;44;45;46;47;48;50;51;52;53;54;55;56;57;58;59;60;61;62;64;65;66;67;68;70;71;72;73;75;76;77;78;79;80;81;82;84;86;87;88;89;90;92;93;94;95;97;98;99;100,100
A0A542DCL6,0.3389830508474576,6;10;14;15;21;23;24;29;34;38;40;41;44;46;48;49;50;51;53;55,59,2.0481602215766905,1.1524327294020176,0.98,1;2;3;4;5;6;7;8;9;10;11;12;13;14;15;16;17;18;19;20;21;22;23;24;25;26;27;28;29;30;31;32;33;34;35;36;37;38;39;40;41;42;43;44;45;46;47;48;49;50;51;52;53;54;55;56;57;58;59;60;61;62;63;64;65;66;67;68;69;70;71;72;73;74;75;76;77;78;79;80;81;82;83;85;86;87;89;90;91;92;93;94;95;96;97;98;99;100,100
A0A542XQI9,0.22,6;9;10;13;21;24;29;31;43;48;50,50,2.3539456617832184,1.1996809913578323,0.07,18;26;50;61;79;84;97,100
A0A543EXG0,0.06557377049180328,26;33;55;59,61,2.105879008769989,1.272562018085059,0.53,1;4;5;6;8;10;11;13;14;15;17;18;21;22;23;24;25;26;28;29;30;32;36;39;40;43;44;45;47;51;54;55;57;58;60;62;63;64;65;67;76;81;82;84;86;87;88;89;92;97;98;99;100,100
A0A544W0X3,0.3076923076923077,2;3;4;5;6;9;12;14;17;20;27;34,39,2.790385639667511,1.2440221281655315,0.1,12;22;23;32;60;68;76;89;96;99,100
A0A544W3Y3,0.38461538461538464,1;3;11;12;17;18;21;24;25;26;27;28;31;33;37,39,2.594123365879059,1.2137560504329963,0.08,14;20;33;37;51;75;92;93,100
A0A544W498,0.44,5;6;8;9;10;14;15;18;19;20;23;26;28;30;31;32;33;38;40;45;46;50,50,2.3388152861595155,0.9266644600424107,0.96,1;2;3;4;5;6;7;8;9;10;11;12;13;14;15;16;17;18;19;20;21;22;23;24;25;26;27;28;29;30;31;32;33;34;35;36;37;38;39;41;42;43;44;45;46;47;48;49;50;51;52;53;54;55;56;57;58;59;60;61;62;63;64;65;66;67;68;69;70;71;72;73;75;76;77;78;79;80;81;82;83;84;85;86;87;88;89;90;91;93;94;95;96;97;99;100,100
A0A557XZJ5,0.4375,1;3;4;5;6;7;8;15;16;21;23;24;28;33;34;35;36;38;39;42;43;45;46;47;50;52;57;58,64,2.0600940489768984,1.1815787233810053,0.95,1;2;3;4;5;6;7;8;9;11;12;13;14;15;16;17;18;19;20;21;23;24;25;26;27;28;29;30;32;33;34;35;36;37;38;39;40;42;43;44;45;46;47;48;49;50;51;52;53;54;55;56;57;58;59;60;61;62;63;64;66;67;68;69;70;71;72;73;74;75;76;77;78;79;80;81;82;83;84;85;86;87;88;89;90;91;92;93;94;95;96;97;98;99;100,100
A0A561TWL9,0.0,,74,1.839074006676674,1.1178046286362056,0.0,,100
A0A5B1BH70,0.2916666666666667,3;4;5;6;7;8;12;13;20;22;33;34;38;48,48,2.4081422770023346,1.2811573878124327,0.68,1;2;4;6;7;8;9;10;11;12;13;14;16;18;19;21;22;24;25;26;27;28;29;30;33;34;37;38;39;40;42;44;47;48;49;50;51;52;54;55;56;57;58;59;61;62;66;68;69;71;73;74;75;76;78;79;80;81;88;89;90;91;92;95;96;97;98;100,100
A0A5C7XWH5,0.4,3;6;7;8;13;14;15;17;20;24;29;31;33;34;35;37;39;41;42;43;50;51,55,2.2384091067314147,1.2345395296034356,0.76,1;2;4;5;6;7;9;10;11;12;13;14;15;16;17;19;20;21;23;24;26;27;28;29;31;32;33;35;36;38;39;41;42;43;44;45;46;47;49;50;51;53;54;55;56;57;58;59;60;61;62;64;65;66;68;69;70;71;72;73;74;75;77;79;81;82;83;85;86;88;89;91;94;96;97;100,100
A0A5C7YBR3,0.5,1;4;5;6;7;8;10;11;15;19;20;21;23;24;25;26;27;29;31;33;35;36;37;38;39;45;52;53;58;59,60,2.243850365281105,1.1999211340337324,0.59,1;2;3;4;5;6;7;8;9;10;12;13;15;16;17;18;20;22;25;26;27;31;33;34;36;37;40;41;42;43;46;47;48;49;50;54;55;56;58;59;60;61;63;65;69;71;72;74;75;76;81;82;86;87;90;93;94;96;99,100
A0A5J4LNN8,0.3888888888888889,4;5;7;8;10;12;14;16;17;18;19;20;26;28;31;32;39;41;46;48;51,54,2.0869902580976487,0.9889603907068345,0.41,3;6;7;17;18;19;20;22;23;24;25;28;31;32;33;35;39;41;49;51;53;55;57;66;67;68;70;71;73;76;81;82;85;88;89;91;93;97;98;99;100,100
A0A5J5JW77,0.5084745762711864,11;17;18;20;21;22;23;26;27;28;29;30;31;34;35;37;38;39;40;42;43;44;46;47;48;51;52;53;54;57,59,2.1425172084569932,0.9998268395248139,0.79,1;2;3;4;6;7;8;10;12;13;15;16;17;18;19;20;21;22;23;25;26;27;29;30;31;32;37;38;39;41;42;43;44;45;47;48;50;52;53;54;55;56;57;58;59;60;61;63;64;65;66;67;68;69;70;71;72;73;74;75;76;78;79;80;81;86;87;88;89;90;92;93;94;95;96;97;98;99;100,100
A0A5N0E0J5,0.23529411764705882,5;6;14;17,17,3.054521940946579,0.9440600463057591,0.11,19;36;40;42;44;66;73;87;94;97;98,100
A0A5N0EJT8,0.12962962962962962,10;13;32;40;42;49;51,54,2.2437218195199966,1.3590090636384073,0.75,1;2;3;4;6;7;8;9;10;11;13;14;15;16;18;19;20;21;22;23;24;25;27;28;29;31;32;33;35;36;37;38;39;40;41;44;45;46;47;49;53;54;55;57;58;59;60;61;62;63;64;67;68;69;72;73;75;76;77;79;80;81;82;83;84;86;87;88;89;92;93;94;95;96;100,100
A0A5N0UWA7,0.5892857142857143,1;3;4;5;7;8;9;10;11;12;13;17;20;21;22;23;24;25;31;32;33;34;35;36;41;42;44;48;50;51;52;53;54,56,2.2892876297235487,1.2649408458667069,0.83,1;2;3;4;5;8;9;10;11;12;13;14;15;16;17;18;19;21;23;24;25;26;27;28;29;30;32;33;34;35;36;37;38;39;40;41;42;43;44;45;46;47;49;50;51;52;53;54;55;56;57;58;60;61;62;63;69;70;71;72;73;74;75;76;77;78;80;82;83;84;85;87;88;89;90;91;92;93;94;95;96;97;98,100
A0A5N5VEC4,0.0,,45,2.571672199964523,1.2620845988219542,0.0,,100
A0A5Q5BJ80,0.08695652173913043,8;10;14;23,46,2.588684551715851,1.4440226106598741,0.25,3;15;23;25;26;29;30;33;37;40;43;44;46;55;56;60;67;70;79;80;84;89;91;94;96,100
A0A5Q5CFF7,0.3076923076923077,2;4;7;10;18;20;26;27;30;31;33;35,39,2.6812172877788543,1.111339372345998,0.69,2;5;6;7;8;9;10;11;12;15;16;17;18;19;20;21;23;25;26;28;29;31;32;33;35;36;37;38;39;41;43;44;45;46;47;48;49;54;55;56;57;58;59;60;61;62;63;64;65;66;68;70;71;72;73;74;80;83;84;85;88;89;90;92;93;95;96;99;100,100
A0A5R8NPV3,0.647887323943662,1;2;3;5;6;7;12;13;14;15;16;17;18;19;20;21;22;24;26;28;29;32;34;35;37;39;41;43;45;46;47;48;49;50;52;54;55;56;57;59;60;63;64;65;66;71,71,1.872330395579338,1.0247727477148263,0.53,3;4;6;7;8;10;12;15;16;17;18;19;20;24;25;30;34;35;36;37;38;39;40;41;44;46;47;48;50;53;55;56;58;59;60;62;64;66;70;71;75;77;79;80;81;84;85;88;89;90;91;94;95,100
A0A5R8PAY8,0.23880597014925373,10;27;28;29;31;35;37;45;55;58;59;61;62;64;65;66,67,1.886079330444336,1.0281288037069416,0.64,1;2;3;4;5;6;7;8;9;10;11;12;14;16;17;18;19;22;23;24;25;26;27;28;30;31;32;33;34;38;40;42;47;48;49;54;56;57;58;59;61;65;66;67;69;71;72;73;74;75;77;78;84;86;88;90;91;92;93;95;96;97;99;100,100
A0A5S9NMT1,0.06,7;10;36,50,2.519751651287079,1.2428214642315332,0.06,13;25;37;42;68;100,100
A0A640SD75,0.022222222222222223,3,45,2.4393316459655763,1.1783320189697424,0.04,4;47;73;81,100
A0A640UJM0,0.21428571428571427,2;3;12;14;20;21;23;25;38,42,2.474135631918907,1.227346728445549,0.07,9;24;41;66;69;78;93,100
A0A653EJG9,0.44680851063829785,2;4;5;7;8;11;16;17;18;20;22;23;24;25;28;29;31;32;35;37;43,47,2.4019925314188004,1.3223833001732643,0.48,1;2;4;7;10;11;12;13;14;15;16;17;18;20;21;22;23;25;27;28;30;31;34;36;38;43;50;51;54;55;56;58;60;62;63;66;68;74;78;85;86;88;89;90;94;95;99;100,100
A0A653FAQ0,0.7741935483870968,1;2;3;4;5;6;8;9;10;11;14;15;17;19;20;21;22;23;25;26;27;28;30;31,31,2.8606054484844208,1.0454717436255299,0.75,1;2;5;7;8;10;11;13;14;15;16;17;19;20;22;24;25;27;28;30;31;32;33;34;38;39;40;41;42;43;44;45;47;48;50;53;54;56;57;59;60;61;62;63;65;66;67;68;69;70;71;72;73;74;75;76;77;78;80;82;83;84;85;86;89;90;91;92;93;94;95;96;98;99;100,100
A0A653FCI4,0.15,10;21;27;29;38;39,40,2.5226682031154635,1.1286742924441515,0.46,1;6;8;12;14;16;17;18;19;20;21;22;24;26;33;36;38;39;41;45;47;51;53;54;57;62;63;64;65;66;68;69;70;71;72;74;78;79;81;83;85;89;91;94;97;99,100
A0A6A0AQ11,0.27906976744186046,1;8;12;14;17;20;24;30;32;33;35;36,43,2.590033776760101,1.1756252701574168,0.67,1;2;7;8;12;13;14;15;19;25;26;27;29;31;32;33;34;35;37;39;40;41;42;43;45;46;47;48;50;52;53;54;55;57;58;59;60;61;62;63;64;65;67;69;70;71;74;75;76;77;78;79;80;81;82;83;85;88;89;90;91;92;95;96;97;99;100,100
A0A6G3SLA6,0.09433962264150944,4;23;26;37;43,53,2.4203957599401473,1.2602675711557962,0.48,2;3;4;5;7;8;9;10;12;13;18;19;20;26;28;29;31;32;33;35;40;46;49;51;52;53;54;57;59;62;66;67;72;73;74;75;77;85;86;87;88;89;90;91;92;93;99;100,100
A0A6G4AHJ1,0.43902439024390244,1;2;12;14;15;16;17;22;23;24;25;26;29;33;35;36;39;40,41,2.577169290781021,1.1895427992540697,0.61,1;3;4;5;6;7;9;10;13;14;17;18;19;20;21;23;24;25;26;27;28;29;31;33;37;38;39;40;41;43;45;46;48;49;50;52;54;56;58;61;63;66;71;72;73;74;75;78;79;80;81;82;84;87;89;90;91;92;93;94;98,100
A0A6G9XS88,0.075,18;19;36,40,2.577638907432556,1.014008190900314,0.01,27,100
A0A6G9XT36,0.1896551724137931,1;5;8;10;16;24;28;29;32;38;51,58,2.255038691163063,1.364088320096329,0.27,1;2;4;13;14;15;17;19;20;26;38;40;50;56;63;64;65;66;68;69;75;76;77;82;86;94;98,100
A0A6G9YM63,0.5970149253731343,1;3;4;5;6;7;8;9;10;13;15;16;17;20;23;27;29;30;31;33;35;38;40;41;46;47;48;49;50;52;53;55;56;58;60;61;62;64;66;67,67,1.879001527428627,1.2698043789120907,0.18,24;26;33;47;49;55;59;62;64;66;67;74;77;78;84;90;93;99,100
A0A6G9YNU3,0.35294117647058826,6;7;9;19;20;21;26;27;31;32;33;34,34,2.9710038816928863,1.3097685404113262,0.55,1;2;3;5;6;9;10;11;14;18;20;22;24;25;26;27;28;30;31;32;33;34;37;39;42;47;48;50;51;52;53;54;56;57;58;62;66;67;68;70;71;72;74;77;78;80;85;86;87;88;90;93;94;95;100,100
A0A6G9Z057,0.2,2;7;16;21;23;31;37;41;42;47,50,2.4939211970567703,1.2797785106705772,0.07,24;49;56;60;63;85;94,100
A0A6G9Z0E6,0.16666666666666666,6;16;17;25;38;40;43;52;55;57,60,2.1131794732809066,1.1918628598483518,0.45,2;5;6;9;10;11;12;14;17;18;21;24;26;27;28;30;31;33;35;37;38;40;41;42;43;44;48;53;54;59;60;61;64;70;73;75;76;77;82;85;89;90;94;95;97,100
A0A6G9Z2E5,0.75,1;2;3;4;5;6;7;8;9;12;13;14;15;16;19;22;23;24;25;26;27;28;29;31;33;34;36;37;38;39;41;43;44,44,2.5538057565689085,1.2398671410475712,0.88,1;2;3;4;5;6;7;8;9;10;11;12;13;14;15;16;17;18;19;20;21;22;23;25;26;27;28;29;30;31;32;33;34;35;36;38;39;40;41;42;43;44;45;46;47;48;49;52;53;54;55;56;57;58;59;60;62;63;64;65;67;69;70;71;72;73;75;76;78;79;80;81;82;83;84;86;87;88;89;90;91;92;94;95;96;97;98;100,100
A0A6G9ZF28,0.24242424242424243,2;3;4;10;18;20;25;30,33,2.834510771036148,1.09295977860564,0.25,5;7;10;17;19;25;31;33;35;47;50;51;52;54;58;63;68;69;79;81;86;87;89;91;99,100
A0A6H0S7C9,0.4166666666666667,1;3;4;6;7;15;17;18;20;23,24,3.0317284417152406,1.0884831468069536,0.35,6;20;21;23;25;32;35;37;42;49;50;56;61;63;65;67;68;69;70;72;73;79;82;83;84;86;87;88;91;92;93;94;95;99;100,100
A0A6I3L2J0,0.4074074074074074,1;5;6;7;8;10;13;15;19;23;25;29;32;35;36;38;43;44;47;48;51;53,54,2.2253401750326156,1.182179088978087,0.71,1;2;4;5;6;7;9;10;11;12;13;16;17;18;19;23;24;25;26;27;32;33;35;36;39;40;43;44;45;46;48;49;50;52;53;54;55;57;58;59;61;62;64;65;67;68;69;70;71;72;73;74;75;76;78;80;81;82;83;85;86;87;88;89;90;91;92;95;96;97;100,100
A0A6J5A950,0.023255813953488372,9,43,2.6922418272495268,1.286890188285209,0.0,,100
A0A6N4URH6,0.1590909090909091,4;8;9;12;18;26;29,44,2.5389119631052015,1.2505919774071628,0.05,41;71;72;89;100,100
A0A6N4VDZ9,0.0,,45,2.608780982494354,1.2134098590198406,0.0,,100
A0A6N4W3I8,0.30434782608695654,1;7;11;14;18;21;22,23,2.860526089668274,1.0141949671006973,0.16,10;17;20;24;28;29;31;37;53;65;66;84;87;96;97;98,100
A0A6N4W768,0.06976744186046512,1;2;15,43,2.5721067070960997,1.125680732697985,0.04,14;15;59;62,100
A0A6P1CTQ2,0.3220338983050847,1;3;8;10;11;15;21;23;28;30;32;33;35;37;41;44;51;56;58,59,2.1421601128578187,1.080283770788259,0.26,5;6;7;9;11;12;13;22;23;26;36;41;43;46;50;60;64;68;74;82;84;86;92;93;95;99,100
A0A6P1D575,0.7,4;5;7;8;10;11;12;14;15;16;19;20;21;22;23;24;25;26;27;28;29;30;32;33;35;36;37;38;41;42;43;44;45;46;47;48;49;50;51;53;54;60,60,2.119681324958801,1.172323342904549,0.87,1;2;3;4;5;6;7;8;9;10;11;12;13;14;15;16;17;18;19;20;21;22;23;25;26;27;28;29;30;31;32;33;34;36;37;38;39;40;41;42;44;45;46;48;49;50;51;52;53;54;55;56;57;58;59;60;61;62;63;64;65;66;67;69;70;72;74;75;76;78;79;80;81;82;84;85;86;87;89;90;91;93;94;95;96;97;99,100
A0A6S6NYQ7,0.3684210526315789,1;4;5;7;10;13;16;17;18;19;21;24;36;37;39;43;45;46;52;55;56,57,2.2154682022333145,1.3065562946466116,0.11,13;16;25;42;51;53;67;70;73;82;89,100
A0A6S6P6D8,0.2631578947368421,1;8;15;16;19,19,3.145039538145065,1.0101653080843913,0.04,11;17;24;62,100
A0A7D6E1I6,0.29850746268656714,2;3;6;8;9;10;15;16;20;23;26;30;32;38;48;49;50;56;60;66,67,1.984233946800232,1.2438318740139354,0.5,1;2;3;4;5;6;13;14;16;17;18;20;21;22;24;25;27;31;33;34;35;37;40;42;46;47;50;54;55;57;59;60;61;65;69;71;73;74;75;77;78;79;82;86;87;89;91;96;97;100,100
A0A7D6ZHA2,0.08108108108108109,7;16;35,37,2.763485041856766,1.1774590418987771,0.03,18;76;87,100
A0A7G1KQI6,0.2631578947368421,9;14;17;21;22;27;28;31;39;44;45;49;52;53;54,57,2.2693873018026354,1.2663699019150814,0.71,1;2;3;4;5;6;7;9;11;12;13;14;15;16;17;18;20;21;23;24;25;26;29;31;32;33;38;40;41;42;43;44;45;46;47;48;49;50;51;52;55;57;58;61;63;64;67;69;70;71;73;75;77;79;80;81;83;84;86;87;88;89;90;92;93;95;96;97;98;99;100,100
A0A7G8PBZ5,0.6521739130434783,1;5;6;9;10;11;12;13;15;16;17;18;19;20;22;23;25;26;27;29;30;31;32;33;36;40;42;43;44;45,46,2.5439628636837006,1.1084825014964927,0.9,1;2;3;4;5;6;7;8;9;10;11;12;14;15;16;17;18;19;20;21;22;23;24;25;26;27;28;29;30;31;32;33;34;35;36;38;39;40;41;42;43;44;45;46;47;48;49;50;51;52;53;55;56;57;58;59;60;61;63;65;66;70;71;72;73;74;75;76;77;78;79;80;81;82;83;84;85;86;87;88;90;91;92;93;94;96;97;98;99;100,100
A0A7G8PH04,0.08620689655172414,2;4;10;29;41,58,2.2789729803800585,1.102341858699076,0.21,3;5;7;14;16;22;30;34;39;42;48;55;59;62;63;67;73;75;77;96;97,100
A0A7G8PH05,0.5918367346938775,4;5;6;9;10;14;15;16;17;20;22;23;24;25;26;27;28;29;33;34;35;36;37;39;41;42;43;44;45,49,2.4737680608034136,1.299512318599866,0.58,1;3;4;5;7;8;9;10;11;13;15;18;25;28;34;38;39;40;44;45;46;47;48;52;53;56;57;58;59;60;61;63;64;66;68;69;70;71;72;74;75;76;77;78;79;80;81;82;83;84;86;87;89;91;93;94;99;100,100
A0A7H0I6F1,0.12,3;7;14;15;29;35,50,2.3479098218679426,1.2119921300606489,0.12,3;26;35;59;66;75;76;78;85;86;90;99,100
A0A7H1Q5K4,0.022727272727272728,2,44,2.641967332959175,1.216673150368547,0.01,26,100
A0A7I7JNU6,0.5072463768115942,1;2;3;5;8;9;11;13;14;17;18;19;20;22;23;24;25;26;27;30;33;34;36;38;39;41;43;44;45;47;51;56;64;66;68,69,1.806069273352623,1.1589651844443178,0.37,1;3;4;5;6;8;11;12;15;18;21;22;23;26;28;31;32;34;38;45;46;50;53;54;55;56;62;63;64;67;73;77;81;82;88;90;97,100
A0A7I7KQ88,0.2553191489361702,3;5;6;7;11;13;21;26;28;29;34;40,47,2.542771382331848,1.384831881611967,0.27,11;14;19;21;22;23;33;34;35;39;44;47;53;54;59;61;63;65;66;69;75;82;88;89;93;94;97,100
A0A7I7LJC3,0.13043478260869565,25;27;30;35;42;44,46,2.4760765486955645,1.0504600536003068,0.05,2;20;21;26;55,100
A0A7I7MPF4,0.375,2;3;5;8;10;11;12;14;18;19;20;27;32;35;37;41;42;46;48;51;55,56,2.2887950003147126,1.3407531877422978,0.94,1;2;3;4;5;6;7;8;9;10;11;12;13;14;15;17;18;19;20;22;23;24;26;27;28;29;30;31;32;33;34;35;36;37;38;39;40;41;42;43;44;45;47;48;49;50;51;52;53;54;55;56;57;58;60;61;62;63;64;65;66;67;68;69;70;71;72;73;74;75;76;78;79;80;81;82;83;84;85;86;87;88;89;90;91;92;93;94;95;96;97;98;99;100,100
A0A7I7NVN0,0.11320754716981132,10;12;15;23;24;49,53,2.384489367008209,1.3494912642165742,0.05,33;40;47;52;55,100
A0A7I7P449,0.6545454545454545,3;5;6;7;8;9;10;11;12;15;16;17;18;19;21;22;23;25;26;27;28;29;31;32;34;35;36;37;39;40;41;42;43;44;48;53,55,1.958991693854332,0.8738473609132895,0.68,1;2;5;7;8;9;10;11;12;16;20;21;22;24;26;27;28;29;31;33;34;35;37;38;40;41;42;43;45;48;49;50;52;53;54;55;56;57;59;61;62;63;64;65;66;67;70;71;72;73;75;76;78;79;81;82;84;85;87;88;89;91;93;96;97;98;99;100,100
A0A7I7PH49,0.10909090909090909,12;13;18;20;36;38,55,2.223352029323578,1.174107319116193,0.18,1;3;5;10;28;34;37;44;50;51;58;59;60;72;75;86;88;91,100
A0A7I7PIE9,0.3877551020408163,2;5;10;13;19;22;24;25;26;27;28;30;32;33;34;41;42;46;48,49,2.3908806937932967,1.237782644664902,0.41,1;3;5;7;10;12;13;14;15;16;17;18;22;27;32;33;34;35;38;42;43;45;46;59;60;64;65;67;68;69;71;73;75;80;84;85;88;89;96;98;99,100
A0A7I7Q331,0.01639344262295082,42,61,2.0700835120677947,1.2744039983739555,0.0,,100
A0A7I7Q4Z2,0.25,2;8;12;14;15;20;25;28;30;37;38;46;51,52,2.5363124632835388,1.4533309290895955,0.4,1;2;8;9;10;11;12;13;16;23;24;26;27;33;37;38;39;44;47;50;51;53;54;56;58;59;61;63;64;65;70;71;79;81;82;87;89;95;96;99,100
A0A7I7QB07,0.5526315789473685,6;7;9;14;19;20;21;22;24;25;26;27;28;30;31;32;34;35;36;37;38,38,2.5672745645046233,0.9531669128519291,0.94,1;2;3;4;5;6;7;8;9;10;11;12;13;14;15;16;17;18;19;20;21;22;23;24;25;26;27;28;29;30;31;32;33;34;35;36;38;39;40;41;42;43;44;45;46;47;48;49;50;51;52;53;54;55;56;57;58;59;60;61;62;63;64;65;66;67;68;69;70;71;72;73;74;76;77;79;80;81;82;83;84;85;86;87;88;89;90;91;92;93;95;96;98;100,100
A0A7I7QL20,0.34782608695652173,2;4;7;10;16;20;21;23,23,2.992548946142197,1.0097478257002397,0.29,2;8;10;12;15;16;18;24;26;30;52;54;57;59;62;64;66;68;72;76;78;80;82;85;88;90;92;95;96,100
A0A7I7QP40,0.35555555555555557,1;2;4;5;8;9;10;13;14;17;19;20;21;28;37;41,45,2.5062890380620955,1.2363128724924126,0.03,46;47;54,100
A0A7I7QP46,0.6753246753246753,1;4;6;7;8;9;10;11;12;13;15;16;17;18;19;21;22;23;24;25;26;27;28;29;30;32;33;34;35;36;37;39;40;41;45;46;47;48;50;51;52;53;55;56;58;60;62;63;70;71;73;75,77,1.6798793172836304,0.8888566200002191,0.58,2;4;5;6;8;9;10;11;12;13;15;16;18;19;20;21;23;27;29;30;31;32;33;36;37;39;41;43;44;45;48;49;50;53;55;56;58;61;63;65;66;69;70;73;74;76;78;80;84;85;86;90;91;93;94;95;98;100,100
A0A7I7R3J2,0.5892857142857143,1;6;7;9;10;11;12;14;17;18;19;20;22;23;24;26;27;28;29;31;32;33;35;36;37;41;43;45;46;50;51;53;56,56,2.3429097658395768,1.1741496958767248,0.62,1;2;4;5;7;8;9;11;14;17;18;19;20;21;22;23;25;28;29;30;31;33;34;35;37;38;39;40;42;45;49;50;51;52;53;55;57;58;60;61;62;63;65;66;70;74;77;78;79;81;84;85;86;87;88;89;91;95;96;97;99;100,100
A0A7I7RUI0,0.24561403508771928,2;3;11;12;13;14;21;22;32;33;34;37;44;48,57,2.212073042392731,1.2893257692691997,0.03,9;82;89,100
A0A7I7RZ78,0.18181818181818182,5;7;10;24;25;29;32;38,44,2.483731198310852,1.229750778619561,0.27,3;5;10;11;13;14;15;28;31;39;40;43;47;50;54;63;64;65;66;67;77;79;82;84;87;91;95,100
A0A7I7S1X3,0.045454545454545456,8;28,44,2.538955370187759,1.239499925535635,0.07,31;35;50;60;81;82;90,100
A0A7I7SCY4,0.1891891891891892,1;6;11;15;17;20;21,37,2.7996744990348814,1.0941302770000907,0.22,5;8;20;24;45;48;50;57;58;59;62;69;74;75;83;84;85;89;90;96;97;98,100
A0A7I7SXJ5,0.17142857142857143,3;10;17;18;23;28,35,2.954004747271538,1.334566202989916,0.08,12;21;23;35;63;90;92;94,100
A0A7I7TD11,0.37735849056603776,3;4;6;7;8;12;16;19;22;25;27;30;31;32;36;38;41;45;50;52,53,2.4229203355312348,1.2308145859481325,0.5,1;2;3;6;7;9;11;12;13;15;16;18;19;22;24;26;27;28;30;31;33;36;37;45;50;51;55;57;58;61;62;63;64;66;69;71;77;78;79;80;81;83;85;87;89;90;92;93;97;99,100
A0A7I7UBW3,0.625,1;3;7;8;13;15;16;18;20;21;22;24;25;26;27;28;29;30;31;32;34;35;37;38;39,40,2.5781694042682646,1.1512396094365394,1.0,1;2;3;4;5;6;7;8;9;10;11;12;13;14;15;16;17;18;19;20;21;22;23;24;25;26;27;28;29;30;31;32;33;34;35;36;37;38;39;40;41;42;43;44;45;46;47;48;49;50;51;52;53;54;55;56;57;58;59;60;61;62;63;64;65;66;67;68;69;70;71;72;73;74;75;76;77;78;79;80;81;82;83;84;85;86;87;88;89;90;91;92;93;94;95;96;97;98;99;100,100
A0A7I7VZ71,0.3,3;5;8;12;13;15;22;28;29;33;34;39,40,2.589089103937149,1.1487986624821052,0.03,63;83;87,100
A0A7I7WCE0,0.42105263157894735,1;3;6;7;8;10;13;16;25;26;28;29;32;33;34;36;37;38;39;44;45;48;53;55,57,2.0610361987352372,1.0934084024993396,0.69,1;2;3;4;5;6;8;9;10;11;13;14;15;16;17;18;19;20;22;23;24;26;27;28;30;31;32;34;35;38;42;44;45;46;47;48;54;56;57;58;59;61;62;66;67;68;69;70;71;72;73;75;76;77;79;81;83;85;87;88;90;91;92;94;96;97;98;99;100,100
A0A7I7WJN8,0.05660377358490566,2;26;43,53,2.3997556644678117,1.3887690152532546,0.22,3;7;10;11;18;19;20;23;24;27;34;37;38;50;52;54;70;71;77;85;93;96,100
A0A7I7X9D1,0.34146341463414637,6;8;9;14;15;16;19;20;24;31;32;33;40;41,41,2.636555755138397,1.1092803210014242,0.3,3;4;5;11;13;14;16;21;23;30;31;36;37;46;48;51;53;66;69;70;71;77;81;85;86;88;89;90;91;95,100
A0A7I7X9S1,0.13333333333333333,14;16;19;24;33;36;46;49,60,2.238274950385094,1.2850730317755108,0.1,1;2;5;7;15;33;53;61;64;88,100
A0A7I7X9S2,0.2631578947368421,1;4;5;10;11;15;18;22;28;29,38,2.6892070537805557,1.3381287101104453,0.34,1;2;5;7;9;12;17;20;21;23;25;28;30;33;34;35;37;45;51;55;56;59;62;63;64;68;75;76;77;78;89;96;99;100,100
A0A7I7XP41,0.07547169811320754,5;11;21;26,53,2.3471116858720777,1.2547258396061893,0.12,22;30;31;32;37;39;48;54;61;82;93;99,100
A0A7I7XXG0,0.275,3;4;5;17;18;20;24;30;34;35;39,40,2.6628561246395113,1.0792801614955703,0.03,12;50;66,100
A0A7I7YUU0,0.034482758620689655,16;35,58,2.217114604115486,1.426872278572317,0.36,1;3;4;5;10;12;14;15;16;21;23;28;29;34;37;39;41;43;50;53;54;57;61;62;65;67;73;81;83;89;92;94;95;96;97;100,100
A0A7I7YXB1,0.2894736842105263,1;5;7;9;10;11;19;25;27;33;36,38,2.648921386003494,1.054644916330487,0.03,37;49;99,100
A0A7I7ZRH7,0.5428571428571428,1;2;3;4;5;8;9;13;14;15;18;19;21;22;23;24;25;26;30,35,2.8799540787935256,1.3500949456389595,0.45,2;3;5;10;11;12;15;16;20;21;22;25;26;29;36;37;38;39;40;41;42;43;44;48;51;53;54;55;59;62;66;67;70;72;74;76;78;79;80;81;83;86;91;92;97,100
A0A7I9WQZ1,0.0,,35,2.732236701250076,1.2856581440424848,0.0,,100
A0A7I9XMW5,0.29411764705882354,8;12;13;18;19;26;27;30;35;39;41;42;46;48;49,51,2.4344595205783843,1.3239451126345358,0.28,2;7;8;11;13;14;19;22;23;25;35;36;45;47;48;50;55;60;62;66;67;70;73;82;85;89;93;100,100
A0A7I9Y2B3,0.22641509433962265,1;3;10;12;14;16;21;23;32;33;38;41,53,2.2572276937961577,1.2873870347042051,0.21,9;15;16;17;18;24;28;30;32;36;41;42;44;51;52;58;66;69;70;82;95,100
A0A7I9YES0,0.5689655172413793,3;4;5;6;8;9;10;13;14;16;18;19;20;21;22;23;25;26;29;36;37;39;41;42;43;44;49;50;52;54;56;57;58,58,2.278085512518883,1.3554091371827923,0.49,1;2;3;6;9;10;15;17;19;23;24;25;27;28;29;33;35;36;38;39;41;42;45;47;49;50;53;57;59;61;63;66;67;70;71;72;73;77;78;80;81;83;84;85;88;92;94;96;97,100
A0A7I9YMY6,0.32653061224489793,6;11;12;16;21;22;24;25;29;34;36;38;42;44;45;47,49,2.508246717453003,1.2905102990366495,0.45,3;5;6;7;11;12;15;20;21;22;26;31;33;38;39;40;43;44;48;49;50;51;52;54;55;56;57;59;61;62;63;64;66;69;70;71;76;78;85;88;91;93;95;96;100,100
A0A7I9YZ18,0.5121951219512195,3;6;7;8;10;13;14;15;18;22;23;24;25;27;29;30;31;32;33;35;40,41,2.5054520416259765,0.9524157992541128,0.91,1;2;3;4;5;6;7;8;9;10;11;12;13;14;15;16;17;18;19;20;21;22;23;24;25;26;27;28;29;30;31;32;33;34;35;37;38;40;42;43;45;46;47;48;49;50;51;52;53;54;55;56;57;58;59;60;61;62;63;64;65;66;69;70;71;72;73;74;75;76;77;78;79;80;81;83;84;85;86;87;88;89;91;92;94;95;96;97;98;99;100,100
A0A7I9Z5A6,0.43478260869565216,1;3;4;6;10;11;13;15;19;20;21;23;26;35;36;37;40;42;43;46,46,2.599469976425171,1.158743217407949,0.73,1;2;3;5;7;8;9;10;12;14;15;16;17;18;19;20;22;23;27;28;29;30;32;33;34;35;36;37;38;39;40;41;42;43;44;45;46;47;49;51;53;55;57;59;60;61;65;67;68;69;70;71;72;73;76;78;80;81;82;83;84;86;87;88;90;91;92;93;94;95;96;97;98,100
A0A7I9Z705,0.2222222222222222,1;8;13;14;15;23;35;38;41;42;47;50,54,2.25796741604805,1.0810900755656419,0.58,1;4;9;10;11;12;15;16;18;19;21;22;23;24;26;27;28;30;32;35;36;38;41;42;44;46;47;49;50;51;52;54;55;59;60;61;62;63;64;66;67;68;71;72;73;77;79;80;84;86;87;91;92;93;94;98;99;100,100
A0A7I9ZAR1,0.1917808219178082,2;5;11;15;18;24;27;28;31;33;35;49;54;72,73,1.8605684089660643,1.071567507806084,0.86,1;2;3;4;5;6;7;8;9;10;11;12;14;15;16;17;18;19;20;21;22;23;24;25;27;28;29;30;31;32;34;35;36;37;39;40;41;42;44;45;46;47;48;49;51;52;53;54;55;57;58;59;60;62;63;64;65;66;67;68;69;70;71;72;73;74;75;76;77;78;80;83;84;85;87;88;89;90;91;93;94;95;97;98;99;100,100
A0A7I9ZCH7,0.5636363636363636,2;4;6;9;10;12;16;17;18;20;21;24;25;26;27;28;31;32;33;35;36;41;42;44;47;48;49;50;51;52;53,55,2.0840131199359893,1.0710662156099542,0.52,1;2;3;5;6;9;10;11;13;15;16;17;18;19;23;26;27;29;31;32;33;34;36;37;38;41;42;43;45;50;51;54;56;58;59;60;62;63;64;70;74;75;77;78;79;80;82;83;90;94;96;99,100
A0A7I9ZRY4,0.28,4;6;9;11;14;17;19;22;25;32;34;37;45;46,50,2.402431375980377,1.2082208814117124,0.4,10;13;16;21;22;26;28;29;30;31;35;38;42;43;44;45;46;54;57;59;61;63;64;65;69;72;74;75;76;79;80;82;84;87;88;89;90;91;92;95,100
A0A7K0D4H1,0.45161290322580644,1;3;4;6;8;9;12;13;16;17;19;21;23;24;26;27;29;33;34;37;38;41;43;50;54;56;57;58,62,2.097075648903847,1.0870809464367706,1.0,1;2;3;4;5;6;7;8;9;10;11;12;13;14;15;16;17;18;19;20;21;22;23;24;25;26;27;28;29;30;31;32;33;34;35;36;37;38;39;40;41;42;43;44;45;46;47;48;49;50;51;52;53;54;55;56;57;58;59;60;61;62;63;64;65;66;67;68;69;70;71;72;73;74;75;76;77;78;79;80;81;82;83;84;85;86;87;88;89;90;91;92;93;94;95;96;97;98;99;100,100
A0A7K0DM07,0.0,,60,2.115009506344795,1.1837585633462355,0.0,,100
A0A7K1VB93,0.2647058823529412,2;5;14;15;17;25;29;30;32;34;36;49;57;58;59;65;66;67,68,1.9102663320302964,1.140852237926867,0.64,1;2;3;4;5;6;7;8;9;10;11;13;15;16;18;20;21;23;24;25;26;27;28;29;30;32;33;36;37;39;40;42;45;46;47;48;49;51;52;53;55;59;60;61;62;64;65;66;68;69;70;71;72;73;75;77;82;83;88;89;90;92;98;99,100
A0A7K3LE40,0.21428571428571427,2;3;8;9;15;20;23;29;37;45;47;50,56,2.234093945622444,1.3642555372254574,0.24,5;16;17;21;35;39;41;54;58;60;61;65;66;67;69;73;76;81;87;90;92;93;95;97,100
A0A7K3R588,0.3181818181818182,3;6;8;10;11;13;18;22;25;29;37;38;39;44,44,2.667216320037842,1.2661554409404872,0.65,1;3;4;7;8;9;10;11;12;13;14;16;17;18;19;22;23;25;26;27;29;30;31;33;34;36;37;38;40;41;42;46;47;48;49;50;51;52;53;54;55;59;60;62;63;67;68;69;71;72;73;76;78;80;81;82;83;85;87;90;93;94;96;97;98,100
A0A7R7MY24,0.2727272727272727,6;16;17;25;27;33;34;36;37;39;41;44;47;52;54,55,2.36715480864048,1.1714604731777043,0.44,3;5;8;10;13;14;15;16;19;20;22;24;25;27;28;29;31;32;33;34;35;36;37;40;42;48;52;53;54;57;59;62;63;69;70;75;76;77;87;90;93;94;95;96,100
A0A7T1TD85,0.11627906976744186,1;5;6;39;42,43,2.5707869839668276,1.0029140185795353,0.08,37;38;53;62;63;73;76;79,100
A0A7U5MR51,0.5384615384615384,1;2;4;5;7;8;10;11;12;15;16;17;18;19;21;22;25;27;28;30;31;33;34;40;43;44;47;48,52,2.2001586318016053,1.1278994109651919,0.71,1;2;3;4;5;7;8;9;11;12;14;16;17;19;20;21;23;25;26;28;31;34;35;36;37;38;39;41;42;44;45;46;50;51;52;53;54;56;58;59;60;61;63;64;66;68;70;71;72;73;74;75;76;79;80;81;82;83;84;86;87;89;90;92;93;95;96;97;98;99;100,100
A0A7U5RWM8,0.49019607843137253,1;2;5;8;10;11;12;13;14;15;18;20;23;25;30;31;32;33;34;36;40;46;49;50;51,51,2.419965078830719,1.2461823548034556,0.62,1;2;3;4;5;6;7;9;11;12;13;14;15;16;19;20;22;23;24;26;27;28;33;34;35;36;40;42;43;45;47;49;50;51;53;54;55;59;62;63;64;66;67;69;74;75;76;77;79;80;81;82;84;85;86;88;89;90;92;94;96;97,100
A0A7U5RXC1,0.4057971014492754,1;3;4;5;6;7;11;14;16;20;25;26;27;28;33;36;41;43;46;47;49;51;54;59;60;61;63;66,69,1.9316861057281494,1.2058234391537797,0.78,1;3;4;5;6;7;8;9;10;12;13;14;15;16;17;18;19;20;21;22;23;24;26;27;29;30;31;32;34;35;36;38;39;42;43;44;45;46;47;48;49;50;51;52;53;54;57;58;59;60;62;63;64;65;66;69;70;71;73;74;77;78;81;82;83;85;86;87;89;90;91;92;93;94;96;97;98;100,100
A0A7U9Q384,0.5873015873015873,1;2;6;7;8;10;14;15;16;18;19;20;21;23;26;29;30;31;32;34;35;37;39;40;41;42;45;48;50;51;53;55;56;57;60;62;63,63,2.0945299470424654,1.3102330732629204,0.76,1;2;4;5;6;7;8;9;10;11;12;13;14;15;16;17;18;19;20;21;22;23;24;25;26;27;28;29;30;31;32;33;34;36;37;38;40;41;43;44;45;47;48;49;50;51;52;54;55;57;58;59;60;61;62;63;64;66;67;69;70;71;72;73;74;75;76;79;84;86;87;88;91;96;97;98,100
A0A7V8LNU0,0.6376811594202898,1;2;3;4;7;8;9;10;12;14;15;16;18;19;20;21;25;27;29;30;33;34;35;36;37;38;43;44;45;46;47;50;51;52;53;54;56;57;60;65;66;67;68;69,69,1.9774353551864623,1.065855895610716,0.98,1;2;3;4;5;6;7;8;9;10;11;12;13;14;15;16;17;18;19;20;21;22;23;24;25;26;27;28;30;31;32;33;34;35;36;37;38;39;40;41;42;43;44;45;46;47;48;49;50;51;52;53;54;55;56;57;58;59;60;61;62;63;64;65;66;68;69;70;71;72;73;74;75;76;77;78;79;80;81;82;83;84;85;86;87;88;89;90;91;92;93;94;95;96;97;98;99;100,100
A0A7V8RXZ3,0.06779661016949153,14;24;36;43,59,2.161908450722694,1.1773327835399652,0.59,1;4;5;6;7;8;9;10;11;12;13;14;15;17;19;22;23;24;25;26;27;28;30;34;37;38;39;41;43;44;45;47;48;50;54;55;56;57;59;60;66;68;69;72;74;78;79;80;81;82;85;86;87;88;89;93;96;97;99,100
A0A7V8RXZ7,0.3137254901960784,1;2;3;7;11;15;18;20;22;24;26;28;39;45;47;51,51,2.4128437811136245,1.2121041043194425,0.62,1;2;3;5;6;7;9;10;11;13;17;18;20;21;22;23;25;27;31;32;33;36;38;39;40;41;42;43;44;47;48;51;53;54;55;56;57;63;64;67;70;71;74;76;77;78;79;81;82;83;86;87;89;90;91;92;94;95;96;97;98;100,100
A0A7V8RYM6,0.5263157894736842,2;5;7;11;14;15;21;22;23;25;26;27;28;31;32;33;34;35;37;38;39;40;41;42;43;49;51;52;55;57,57,2.144096528887749,1.3326529489616663,0.9,1;3;4;5;6;7;8;9;10;11;12;13;14;16;17;18;19;20;21;22;23;24;25;26;27;28;29;30;31;32;34;35;36;37;40;41;42;43;44;45;46;47;48;49;50;51;52;53;55;56;57;58;59;60;61;62;63;64;66;67;68;70;71;72;73;74;75;76;77;78;80;81;83;84;85;86;87;88;89;90;91;92;93;94;95;96;97;98;99;100,100
A0A7W6BWA9,0.26785714285714285,9;10;14;17;18;19;20;24;28;31;32;34;35;41;53,56,2.054391835927963,0.9789927192261536,0.54,5;7;9;13;15;16;17;20;21;22;24;27;30;32;33;34;35;36;37;38;39;40;42;43;46;49;52;58;59;60;62;63;64;67;69;72;73;74;75;76;81;82;83;86;87;89;92;93;95;96;97;98;99;100,100
A0A7W7VZ67,0.4375,1;2;3;6;7;12;13;15;17;18;19;22;25;26;28;31;34;35;38;44;45,48,2.414916454553604,1.081196028385264,0.27,1;2;4;9;12;22;23;25;26;27;28;30;38;40;42;45;48;53;54;57;75;76;77;79;82;86;99,100
A0A7W8BW88,0.5555555555555556,3;5;7;8;10;11;12;16;17;19;20;21;22;23;26;27;30;33;34;35,36,2.6301940876245498,1.1450348399577033,0.83,1;2;3;4;5;6;7;8;9;11;12;13;15;16;17;18;19;22;23;24;26;27;28;29;30;31;32;34;35;37;40;41;42;43;44;45;46;47;48;49;50;51;52;53;55;56;57;58;59;60;61;62;63;65;66;67;68;69;70;71;72;75;76;77;78;79;80;81;82;83;84;85;86;87;89;90;91;92;93;94;95;98;100,100
A0A7W9NKR9,0.23880597014925373,6;10;12;14;15;17;19;23;31;33;55;57;62;64;66;67,67,1.9491363650560378,1.2140461964739027,0.52,1;3;5;6;7;9;10;11;12;13;14;15;19;20;21;22;27;28;29;31;32;34;39;41;43;44;45;48;49;51;53;55;59;60;62;63;64;66;67;69;70;71;72;74;79;82;83;85;87;88;92;95,100
A0A7W9PLQ8,0.39655172413793105,2;5;7;8;9;10;11;18;20;22;27;29;32;33;37;39;41;43;45;48;51;52;53,58,2.115777159333229,1.3213156696781554,0.7,1;2;3;4;7;8;10;11;12;13;16;17;18;19;20;21;23;24;25;27;28;29;30;31;33;34;35;39;40;41;42;44;45;46;49;51;52;53;54;55;56;57;58;59;60;63;66;67;68;69;70;72;75;77;78;79;81;82;83;84;88;89;90;91;93;94;96;98;99;100,100
A0A7X5R533,0.30357142857142855,1;2;3;4;5;6;11;13;17;20;21;22;25;30;38;39;56,56,2.3242844027280807,1.3680626467205343,0.59,2;3;5;6;9;10;12;14;16;19;22;23;24;29;30;32;34;35;36;39;42;43;45;46;47;48;49;50;52;53;58;61;62;63;64;65;66;67;69;70;71;74;75;76;77;78;79;80;81;82;87;88;89;91;92;93;95;97;98,100
A0A7X5TUU1,0.53125,4;6;7;8;9;12;13;14;15;18;20;22;23;26;28;30;32,32,2.962404507398605,1.0998897499173608,0.16,10;12;15;32;34;36;45;54;58;62;64;65;75;80;85;95,100
A0A7X6M5C6,0.06451612903225806,3;6;13;34,62,2.103058625459671,1.2510779463036112,0.04,47;95;96;98,100
A0A7X6MIZ0,0.40476190476190477,4;5;8;9;10;14;16;19;22;25;27;28;31;32;34;36;42,42,2.5571202367544172,1.1496300304563658,0.85,1;2;3;4;5;6;7;8;9;10;12;13;14;15;16;17;19;20;21;22;23;24;25;26;27;28;29;30;31;32;33;34;35;36;37;38;39;40;41;42;43;44;45;47;48;49;50;51;52;54;55;56;58;59;60;61;62;63;64;66;67;68;69;70;71;72;73;74;75;76;77;78;80;81;83;85;87;89;90;92;95;96;98;99;100,100
A0A7X6MKH2,0.5681818181818182,1;3;4;7;8;10;11;12;14;15;17;18;24;25;26;27;32;33;34;35;36;37;38;40;41,44,2.6823867148160936,1.2611242387921457,0.71,1;2;3;4;5;6;7;8;9;10;11;13;14;15;16;17;19;22;23;25;27;28;29;30;31;33;35;36;37;39;40;42;44;45;46;47;49;50;51;52;55;56;57;58;59;60;62;63;64;67;68;69;70;73;74;75;76;79;80;83;84;85;89;90;91;92;93;96;97;98;100,100
A0A7X6R1D2,0.047619047619047616,7;16;42,63,2.1134150248765944,1.213417841456454,0.18,26;28;37;39;41;43;45;56;75;81;84;88;90;93;96;97;98;100,100
A0A7Y9XV54,0.2962962962962963,8;10;13;14;15;17;18;27,27,3.138331949710846,1.15018951968716,0.58,1;4;5;6;7;8;9;11;14;15;16;17;18;19;20;21;22;23;25;26;28;29;30;31;32;33;36;37;41;42;43;46;47;50;51;52;53;58;59;60;62;65;67;68;69;72;74;76;78;79;81;84;85;86;89;92;93;95,100
A0A7Z0IKF1,0.4576271186440678,1;3;4;5;9;12;13;16;18;20;21;22;27;29;30;36;37;38;40;41;43;44;46;52;53;54;57,59,2.123534574508667,1.1795165107916112,0.66,1;2;3;4;6;7;8;10;11;12;13;14;16;17;18;20;21;23;24;26;27;29;31;32;33;34;37;39;41;42;43;44;46;47;48;49;50;53;56;58;59;60;62;64;65;66;68;69;72;73;74;75;78;79;81;83;86;88;89;92;93;94;96;97;99;100,100
A0A7Z7ILT5,0.26785714285714285,2;3;4;7;8;10;11;16;19;22;27;34;38;42;54,56,2.3308189302682876,1.3174680788255742,0.28,6;11;26;27;30;34;36;39;43;49;50;52;54;55;66;68;73;76;78;79;83;86;87;88;89;90;97;99,100
A0A829HQL8,0.6896551724137931,1;4;5;7;9;10;12;16;17;19;20;21;23;24;25;26;27;28;29;31;32;33;34;35;36;37;38;39;40;41;43;45;48;49;50;51;52;53;55;58,58,2.1878845530748365,1.3821779215677574,0.9,1;2;3;4;5;6;7;8;9;10;11;12;13;14;15;16;17;18;19;20;21;22;23;24;25;26;27;28;29;30;31;33;34;35;37;38;39;40;41;42;43;44;45;46;47;48;49;50;51;52;53;54;55;56;57;58;59;60;62;63;64;65;66;68;69;70;71;72;73;74;75;76;77;78;80;81;83;85;88;89;90;91;92;93;95;96;97;98;99;100,100
A0A829HTG5,0.6206896551724138,2;3;5;9;10;11;12;14;15;16;17;18;21;22;23;24;26;29;31;32;33;34;35;36;38;40;42;43;45;46;47;49;50;53;54;57,58,2.1091428387165068,1.0788400454247755,0.94,1;2;3;4;5;6;7;8;9;10;11;12;13;14;15;16;17;18;19;20;21;22;23;24;25;26;27;28;30;31;32;33;34;35;36;37;38;39;40;41;43;44;45;46;47;48;49;50;51;52;53;54;56;57;58;59;60;61;62;63;64;65;66;67;68;69;70;71;72;73;74;75;76;77;78;79;80;81;82;84;85;86;87;89;91;92;93;94;95;96;97;98;99;100,100
A0A829HWH3,0.5964912280701754,2;3;4;6;7;8;10;12;15;19;20;21;22;23;24;27;29;31;32;33;34;37;39;40;42;43;47;49;50;51;52;53;54;55,57,2.244145233631134,1.1454351872214688,0.5,2;3;4;5;6;8;9;10;13;14;15;16;18;20;23;24;26;27;30;32;33;35;36;38;39;40;41;44;46;49;52;54;59;60;63;64;65;67;72;79;81;83;86;88;89;90;91;94;95;97,100
A0A829MDQ7,0.42857142857142855,2;3;4;5;7;8;11;14;20;21;24;25;28;29;30;35;39;40;41;42;47,49,2.3401507264375687,1.1710411129709164,0.94,1;2;3;4;5;6;7;8;9;10;11;12;13;14;15;16;17;18;19;20;21;22;23;24;25;26;27;28;29;30;31;32;33;34;35;36;37;38;39;41;42;43;44;45;46;47;48;49;50;51;52;53;54;55;56;57;58;60;61;62;63;64;65;66;67;68;69;70;71;72;73;74;75;76;80;81;82;83;84;85;87;88;89;90;91;92;93;94;95;96;97;98;99;100,100
A0A829MIB4,0.3877551020408163,2;5;9;10;12;14;16;17;18;24;25;29;32;35;36;37;42;47;49,49,2.429143875837326,1.0687161654578212,0.33,3;7;9;11;12;17;18;19;23;24;26;30;31;44;52;55;56;57;60;61;63;68;70;72;74;80;81;84;87;90;93;98;100,100
A0A829PKA2,0.3684210526315789,4;5;7;8;14;15;18;20;23;24;29;31;39;40;44;45;49;51;52;56;57,57,2.122876941561699,1.3606258551795491,0.92,3;4;5;6;7;8;9;11;12;13;14;15;16;17;18;19;20;21;23;24;25;26;27;28;29;30;31;32;34;35;36;37;38;39;40;41;42;43;44;45;46;47;48;49;50;51;53;54;55;56;57;58;59;60;61;62;63;64;65;66;67;68;69;71;72;73;74;75;76;77;78;79;80;81;82;83;84;85;86;87;88;90;91;92;93;94;95;96;97;98;99;100,100
A0A829PS24,0.17647058823529413,9;24;28;30;37;38;41;42;46,51,2.4062411361932754,1.2185501021038656,0.53,3;4;5;6;7;8;9;10;11;13;19;20;22;23;24;26;28;29;30;31;33;34;41;42;43;45;46;48;54;56;59;60;62;63;65;66;68;73;74;78;79;80;81;82;83;87;88;90;93;94;95;99;100,100
A0A829PS58,0.25,1;2;3;4;6;8;17;19;22;25;36;47;52,52,2.443849695920944,1.298385492577383,0.71,1;2;4;5;6;7;8;9;10;12;13;14;17;19;20;21;25;27;28;30;31;32;33;36;37;38;40;42;43;44;46;48;49;50;51;53;54;55;56;57;58;59;60;63;64;66;68;70;71;73;75;76;77;78;79;80;81;82;83;84;85;87;89;90;91;92;94;96;97;98;100,100
A0A829PSZ5,0.5357142857142857,2;3;5;6;7;8;9;10;11;17;18;20;22;24;25;26;28;29;30;32;33;36;37;39;42;43;47;49;53;54,56,2.0767665243148805,0.9726672772679426,0.64,1;2;4;5;6;7;8;9;10;12;13;18;20;21;22;25;26;27;28;29;31;33;34;35;36;38;40;41;42;43;44;46;48;49;50;51;52;53;54;55;56;58;59;60;61;62;65;71;73;74;76;78;80;83;84;85;86;88;91;95;96;98;99;100,100
A0A829PY25,0.4318181818181818,1;3;4;5;6;7;8;11;16;17;18;20;21;22;23;26;28;32;41,44,2.6488327968120573,1.2119576401683148,0.36,2;10;12;22;25;30;31;37;38;39;40;41;43;44;48;51;54;57;58;59;60;66;70;72;73;74;80;82;85;88;92;93;94;96;97;100,100
A0A829Q102,0.3387096774193548,1;2;4;5;6;7;12;13;20;21;23;24;29;33;39;43;45;51;52;53;59,62,2.1096925163269042,1.1563675973054282,0.95,1;2;3;4;5;6;7;8;9;10;12;13;14;15;16;17;18;19;20;21;22;23;24;25;26;27;28;29;30;31;32;33;34;35;36;37;38;39;40;41;42;43;44;45;46;47;48;49;50;51;52;53;54;55;56;57;58;59;60;61;62;63;65;66;67;68;69;70;71;72;73;74;75;76;77;78;79;80;81;82;84;85;86;87;89;90;91;92;93;94;95;96;97;98;99,100
A0A829Q1V2,0.3269230769230769,1;7;10;12;13;18;24;27;30;36;38;39;40;41;43;48;49,52,2.4483114367723466,1.3221723801828171,0.72,1;2;4;5;7;8;9;11;12;14;15;17;18;19;20;21;23;24;26;28;29;30;31;33;34;35;36;37;39;40;41;42;44;45;46;47;49;50;51;52;53;55;56;57;58;59;60;61;62;63;64;65;66;70;71;72;73;75;76;79;80;81;83;85;86;87;90;91;95;96;97;98,100
A0A829QF13,0.6071428571428571,1;2;3;4;6;7;8;10;13;15;17;18;20;21;23;24;27,28,2.7438309109210968,0.9679703645928995,0.98,1;2;3;4;5;6;7;8;9;10;11;12;13;14;15;16;17;18;19;20;21;22;23;24;25;26;27;28;29;30;31;32;33;34;35;36;37;38;39;40;41;42;43;44;45;46;47;48;49;50;51;52;53;54;55;56;57;58;59;60;61;62;63;64;66;67;68;69;70;71;72;73;74;75;76;77;78;79;80;81;82;83;84;85;86;87;88;89;90;91;92;93;94;95;96;97;98;100,100
A0A829QG83,0.0,,50,2.3147511780261993,1.1308909173454675,0.0,,100
A0A829QKT7,0.09259259259259259,3;15;38;39;45,54,2.227683157324791,1.301772197080262,0.88,1;2;3;4;5;7;9;10;11;12;13;14;15;16;17;18;19;20;21;23;24;25;26;27;28;29;30;31;32;33;34;35;37;39;40;42;43;44;45;46;47;48;49;50;51;52;53;54;55;56;57;58;59;60;61;62;63;65;66;67;68;69;70;71;73;74;75;77;78;79;81;82;83;86;87;88;89;90;91;92;93;94;95;96;97;98;99;100,100
A0A839Q3V9,0.0392156862745098,27;30,51,2.289705842733383,1.2004264252011878,0.0,,100
A0A840Q103,0.5573770491803278,5;8;9;10;11;13;14;15;16;17;18;20;24;25;26;28;29;30;31;32;35;36;39;40;41;42;43;46;47;52;54;56;58;59,61,2.150811159014702,1.196233495537926,0.77,1;2;3;4;5;6;7;8;9;10;12;13;14;16;17;18;19;20;22;23;24;25;26;27;28;29;30;31;32;33;36;37;38;39;42;43;44;46;47;48;49;50;51;52;53;54;55;56;57;58;59;60;63;64;66;68;69;70;71;75;76;77;78;79;80;81;82;85;86;88;92;93;95;96;98;99;100,100
A0A846MH08,0.5227272727272727,1;2;3;8;10;12;17;18;21;27;29;30;31;32;34;36;37;38;39;40;42;43;44,44,2.5983531469106675,1.2422898065347565,0.88,1;2;3;4;5;6;7;9;11;12;13;14;15;16;17;18;19;20;21;22;23;24;25;26;27;28;29;30;31;32;34;35;36;37;38;39;40;41;42;43;44;46;47;48;49;51;52;53;54;55;56;57;58;59;60;61;62;63;64;65;66;67;68;69;71;72;73;75;77;78;79;80;81;83;84;85;87;89;90;91;92;93;94;96;97;98;99;100,100
A0A846VZQ1,0.5081967213114754,4;5;6;7;10;12;13;14;15;18;20;21;23;24;26;28;29;32;37;38;39;42;43;44;47;48;49;50;53;56;58,61,2.138146320581436,1.2584158410268993,0.89,1;2;3;4;5;6;7;8;9;10;11;13;14;15;16;17;18;19;20;22;23;24;25;26;28;29;30;31;32;33;34;35;36;37;39;40;41;42;43;44;45;46;47;48;50;52;53;54;55;56;57;58;59;60;61;62;64;65;66;67;68;69;70;71;72;73;74;75;76;77;78;80;81;82;83;84;85;86;90;91;92;93;94;95;96;97;98;99;100,100
A0A846XPH2,0.4772727272727273,1;5;8;10;11;12;13;18;19;20;21;22;25;28;29;31;32;34;38;39;41,44,2.4260847145318984,1.2515630771350779,0.56,1;2;3;4;5;6;7;8;9;10;11;12;13;14;15;18;20;21;23;24;25;26;28;29;31;32;33;35;36;39;41;44;45;46;48;51;53;54;55;57;61;68;70;71;73;79;86;87;88;89;90;91;92;94;95;100,100
A0A846XYC4,0.26153846153846155,2;5;6;9;10;17;18;21;26;48;50;54;56;57;59;60;62,65,1.9556712198257447,1.1759105994004948,0.62,1;3;5;6;7;8;9;12;13;14;15;16;17;18;19;20;22;23;24;26;27;28;30;31;33;34;35;36;37;38;39;41;42;43;44;46;49;52;54;55;57;60;61;62;63;65;66;70;73;74;76;78;80;81;84;85;86;87;91;96;99;100,100
A0A846YJB4,0.2982456140350877,4;10;15;16;17;18;21;23;27;30;34;37;40;43;48;52;54,57,2.2590708893537523,1.2652620052741388,0.47,2;8;9;11;13;16;17;20;21;22;26;29;31;39;42;43;44;45;47;51;53;55;57;58;59;61;62;64;65;66;67;69;70;75;80;81;83;84;86;87;88;89;90;92;94;97;100,100
A0A848KDK6,0.38181818181818183,3;4;5;7;9;10;20;27;31;36;39;40;41;42;43;47;49;50;51;52;53,55,2.1460485219955445,1.213077701850278,0.71,1;2;3;5;6;7;8;9;10;11;12;13;14;15;16;17;18;19;20;22;23;25;26;28;29;31;33;34;35;37;38;40;41;43;45;47;48;51;54;55;56;57;59;61;62;63;64;65;67;69;70;71;72;74;76;77;78;79;81;83;84;85;87;89;91;93;94;95;96;98;100,100
A0A849CGR7,0.11764705882352941,6;7;16;22;44;46,51,2.4686285769939422,1.238868066536491,0.16,1;2;4;5;9;21;24;26;53;60;64;75;81;83;96;100,100
A0A850PMX4,0.06349206349206349,3;6;15;39,63,2.0024060159921646,1.028563945604924,0.02,19;83,100
A0A853LX37,0.21052631578947367,5;6;23;27;34;36;37;38,38,2.5401248705387114,1.0480505694502016,0.62,1;3;4;6;7;8;9;10;13;14;15;17;18;21;22;23;24;25;26;27;29;32;34;35;36;39;40;42;43;44;45;46;49;52;53;55;56;57;58;59;60;61;62;63;64;66;68;69;70;74;76;79;80;84;85;87;88;89;90;92;94;99,100
A0A853LXB5,0.6140350877192983,3;4;6;8;10;11;13;14;15;16;17;18;19;21;22;23;25;26;27;28;30;31;33;34;35;43;44;45;47;49;50;51;52;53;56,57,2.2316782379150393,1.1291938787622402,0.7,1;2;3;4;5;6;7;8;10;11;12;13;14;15;19;20;21;22;23;24;26;27;28;29;30;31;32;33;34;35;37;40;41;43;44;45;46;51;52;53;54;55;56;58;59;60;61;63;65;66;67;68;70;72;73;76;77;78;79;80;82;84;86;87;88;90;93;95;96;100,100
A0A853LYQ8,0.20930232558139536,5;12;16;21;22;24;34;36;43,43,2.611437578201294,1.2216263655673316,0.15,6;11;23;25;49;62;64;70;72;74;76;80;85;92;100,100
A0A853M2B7,0.5576923076923077,2;3;4;6;7;8;10;11;12;13;14;15;16;17;19;20;21;29;30;31;32;33;38;40;46;48;49;50;52,52,2.381094295978546,1.1572475107237936,0.86,1;2;3;4;5;6;7;8;9;11;12;13;14;15;16;18;19;20;21;22;23;24;25;26;27;28;29;30;31;33;34;36;37;39;40;41;42;43;44;45;46;47;49;50;51;52;53;54;56;57;58;59;61;62;63;64;65;68;69;70;71;72;73;74;76;77;78;79;80;81;82;83;84;86;87;88;89;90;92;93;94;95;96;97;99;100,100
A0A8E2LPD0,0.10416666666666667,8;13;16;32;43,48,2.4713316440582274,1.0678562189484613,0.0,,100
A0A8H2PI19,0.38461538461538464,4;12;16;20;21;22;23;29;36;37;39;40;42;43;46;47;48;49;50;52,52,2.4100887978076937,1.2355608921225332,0.67,1;2;3;6;8;10;11;12;13;15;17;18;19;23;25;26;28;30;31;32;33;34;35;36;37;38;39;40;41;44;45;46;48;49;51;53;55;56;57;58;59;60;61;66;68;69;70;72;73;74;76;79;80;81;83;84;85;86;87;88;89;90;91;93;97;98;99,100
A0A8H2PIF1,0.38333333333333336,3;5;7;8;11;12;17;18;20;24;27;28;29;31;34;38;41;43;46;47;52;58;59,60,2.1966768062114714,1.1589796332374696,0.56,1;3;4;6;7;8;9;10;12;14;15;17;18;19;22;25;26;28;31;33;34;35;37;39;42;47;48;52;53;55;57;58;60;62;63;64;65;68;69;71;75;77;78;79;81;82;84;85;87;89;90;92;93;94;98;100,100
A0A8J3FU84,0.20689655172413793,12;23;29;30;36;37;38;47;50;52;54;57,58,1.9990378725528717,1.0933516833578036,0.86,1;2;3;4;5;6;7;8;9;10;11;12;13;14;15;16;17;18;19;20;21;22;23;24;25;27;28;29;30;31;32;33;34;35;36;37;38;40;41;42;43;44;46;47;48;49;51;52;53;54;55;56;57;60;61;62;64;65;66;68;69;70;71;72;73;74;75;76;77;78;80;81;82;83;85;87;88;90;92;93;94;95;96;97;98;100,100
A0A8J4A7U7,0.39655172413793105,2;5;6;11;12;14;16;17;21;25;26;27;28;30;31;33;36;40;44;50;55;56;57,58,2.1650453305244444,1.2005526682786996,0.07,3;11;17;22;37;46;90,100
A0A917FVC2,0.2,2;3;4;9;19;22;23;27;28;31;38,55,2.272502032518387,1.280919887652604,0.67,1;3;5;6;7;8;10;11;14;15;16;17;18;20;21;22;23;24;26;27;28;29;30;31;32;33;34;35;38;39;41;43;45;46;48;50;51;52;53;54;56;57;58;59;61;62;63;64;66;67;69;70;73;74;76;78;80;81;82;84;86;89;90;92;95;97;98,100
A0A917RUF6,0.46296296296296297,2;3;4;6;7;8;9;10;11;14;15;18;21;23;24;25;27;29;34;37;39;40;44;46;53,54,2.379869046807289,1.2001265284251559,0.41,1;3;8;9;11;13;15;17;19;21;24;26;28;30;36;37;39;40;44;46;50;55;56;57;59;60;69;72;75;76;77;78;79;84;85;88;89;93;94;97;98,100
A0A918CWM2,0.14754098360655737,13;21;33;34;37;42;47;60;61,61,2.1811596047878266,1.199491194423498,0.06,21;36;49;59;76;82,100
A0A919J5R3,0.12962962962962962,7;13;25;31;42;43;52,54,2.0599741500616076,0.9916516916219489,0.17,10;16;19;22;29;35;37;38;46;62;65;74;76;80;87;92;94,100
A0A927EY10,0.5370370370370371,2;4;6;8;12;14;15;16;19;23;24;27;30;32;34;35;36;37;38;39;40;41;42;43;44;46;47;49;50,54,2.4111174827814104,1.3366048478813066,0.97,1;2;3;5;6;7;8;9;10;11;12;13;14;15;16;17;18;19;20;21;22;23;24;25;26;27;28;29;30;31;32;33;34;35;36;37;38;39;40;41;42;43;44;45;46;47;48;49;50;51;52;53;54;55;56;57;59;61;62;63;64;65;66;67;68;69;70;71;72;73;74;75;76;77;78;79;80;81;82;83;84;85;86;87;88;89;90;91;92;93;94;95;96;97;98;99;100,100
A0A927JBF8,0.17307692307692307,7;10;13;20;29;33;35;50;52,52,2.3937413132190706,1.2696631726608387,0.07,12;17;22;62;73;78;81,100
A0A927MND6,0.05454545454545454,16;20;34,55,2.3111061972379683,1.2956680845396003,0.01,52,100
A0A934NT38,0.34545454545454546,2;6;16;17;24;25;27;30;32;37;38;41;43;44;45;48;52;53;55,55,2.3060879415273665,1.1969116749162012,0.79,1;2;3;4;5;6;7;8;9;10;11;12;13;14;15;17;19;20;21;22;23;24;25;27;28;29;30;31;32;33;35;36;38;39;40;42;44;45;46;47;48;49;50;51;53;56;57;58;59;60;61;62;64;65;66;67;69;71;72;73;75;76;77;79;82;83;84;85;86;89;90;91;93;94;95;96;97;98;100,100
A0A937RSP3,0.6,1;2;5;6;8;10;11;12;14;15;18;20,20,3.1658619439601896,1.0775617715791534,0.54,5;6;7;8;10;12;13;14;18;20;21;22;23;25;26;27;28;29;30;33;34;36;38;40;41;42;43;49;50;51;52;53;55;58;59;60;61;64;65;66;67;69;73;74;75;77;78;81;82;86;87;91;93;97,100
A0A939FJS2,0.19607843137254902,1;5;11;18;19;20;26;29;31;38,51,2.3677857369184494,1.2328408532383184,0.08,11;16;23;30;68;83;90;96,100
A0A975JWU9,0.2727272727272727,8;10;12;13;14;18;20;23;31;32;34;36,44,2.476877905130386,1.0854843125574474,0.66,1;2;3;4;5;6;7;8;10;11;13;14;15;17;18;19;21;22;23;24;25;26;28;29;30;31;32;34;35;36;37;38;39;40;41;43;44;46;48;49;52;53;54;55;57;60;62;63;65;72;73;75;76;77;78;79;84;85;87;90;91;93;95;96;97;100,100
A0A9N7QL79,0.38181818181818183,7;8;14;15;17;18;20;22;23;26;29;31;32;36;38;40;41;43;44;48;51,55,2.3131816679239274,1.2622510649426228,0.79,1;2;3;4;5;6;7;8;9;10;11;12;13;15;16;17;18;20;21;22;23;24;26;29;30;32;34;35;36;37;38;39;40;41;42;44;45;46;47;48;49;50;51;52;53;54;55;56;58;59;60;61;62;64;66;67;68;70;71;72;74;75;77;78;79;80;81;82;84;85;86;87;88;89;90;93;95;96;99,100
A0A9N7QNJ2,0.08955223880597014,6;19;21;36;59;61,67,1.9864544993638993,1.1727525762736952,0.16,3;6;16;36;38;42;45;48;65;66;69;87;89;91;98;100,100
A0A9P3UYS2,0.4358974358974359,1;11;12;14;15;16;18;22;23;24;25;26;27;29;30;32;33,39,2.5365635597705842,1.2017519673990553,0.67,3;4;5;6;9;10;12;13;14;15;16;17;18;20;22;23;24;25;26;27;28;29;30;33;34;35;38;39;40;41;43;45;46;47;52;53;54;57;58;60;62;64;65;66;68;69;70;71;74;75;77;78;79;80;81;82;83;85;86;87;89;91;92;93;95;97;98,100
A0A9Q7SE40,0.26865671641791045,4;8;12;14;15;19;20;24;29;31;36;41;43;47;51;54;55;64,67,1.9899750262498856,1.1148492109124413,0.44,2;6;10;11;12;15;17;18;19;20;22;23;26;30;33;35;36;37;44;46;47;51;52;55;56;61;62;63;64;65;68;75;77;79;80;81;88;89;90;92;93;94;96;100,100
A0A9Q7SI49,0.5072463768115942,7;8;12;13;14;15;16;17;20;23;25;27;30;32;33;34;38;40;41;42;43;44;47;49;50;51;52;54;55;59;60;62;64;68;69,69,1.8080362272262573,1.2376557940354056,0.96,1;2;3;4;5;6;7;8;9;10;11;12;13;14;15;16;17;18;19;20;21;22;23;24;25;26;27;28;29;30;31;32;33;34;35;36;37;38;39;40;41;42;43;44;45;48;49;50;51;52;53;54;55;56;57;58;59;61;62;63;64;65;66;67;68;69;70;71;72;73;74;75;76;77;78;79;81;82;83;84;85;86;87;88;89;90;91;92;93;94;95;96;97;98;99;100,100
A0A9Q7WGW0,0.45,5;7;8;9;10;11;12;16;18;19;20;21;23;26;27;32;34;36;39;40;42;43;45;48;52;56;58,60,2.090918285250664,1.0892465623332341,0.98,1;2;3;4;5;6;7;8;9;10;11;12;13;14;15;16;17;18;19;20;21;22;23;24;25;26;27;28;29;30;31;32;33;34;35;36;37;38;39;40;41;42;43;44;45;46;47;48;49;50;51;52;53;54;55;56;57;58;59;60;61;62;63;64;65;66;67;68;69;70;71;72;73;74;75;76;77;78;79;80;81;83;84;85;86;87;89;90;91;92;93;94;95;96;97;98;99;100,100
A0A9Q7WIY4,0.6,3;5;6;7;9;10;13;14;15;16;17;18;19;22;23;25;27;29;32;33;35,35,2.891391834020615,1.2289792635232002,0.9,1;2;3;4;5;6;7;8;9;10;11;12;13;14;15;16;18;19;20;21;22;23;24;25;26;27;28;29;30;31;32;33;34;36;38;39;41;42;43;44;45;46;47;48;49;50;51;52;53;54;55;56;57;58;59;60;62;63;64;65;66;67;68;70;72;73;74;75;76;77;78;79;80;81;82;83;84;85;86;87;88;90;92;93;94;95;96;97;99;100,100
A0A9W4AZG8,0.1935483870967742,4;8;21;22;28;29;30;33;36;48;61;62,62,2.1132632809877396,1.2257250036712806,0.27,14;18;19;20;29;30;31;35;37;48;50;55;58;60;61;62;71;73;77;79;81;84;86;91;92;95;98,100
A0A9X2E3D3,0.03278688524590164,12;14,61,2.0616712093353273,1.320324332334327,0.02,14;64,100
A0A9X2E3I2,0.3877551020408163,4;5;8;9;10;11;12;14;15;17;18;21;24;29;37;39;41;43;44,49,2.4313426220417025,1.387183829113655,0.4,1;5;6;8;9;11;13;14;17;18;19;21;24;25;27;29;31;37;38;40;41;44;46;48;50;51;52;58;61;68;70;75;79;83;85;86;87;91;97;98,100
A0A9X2E4R0,0.05714285714285714,32;35,35,2.6915502536296843,1.0087396875375947,0.06,3;16;45;70;71;90,100
A0A9X2YIQ0,0.2558139534883721,1;7;8;17;23;24;30;33;34;40;41,43,2.594941781163216,1.290891467238994,0.44,1;3;6;7;8;12;13;18;22;29;30;31;32;33;40;41;43;47;49;52;53;54;56;57;58;59;63;66;68;69;73;74;75;77;79;80;81;86;87;90;91;94;96;99,100
A0A9X2YRI8,0.21428571428571427,1;3;4;11;23;26;31;35;39;40;41;44,56,2.238366527557373,1.2679413518891811,0.09,3;20;22;37;46;50;59;99;100,100
A0A9X2Z2J6,0.06976744186046512,3;5;21,43,2.616257238984108,1.4030062132952545,0.01,14,100
A0A9X3BRH0,0.2222222222222222,1;2;6;8;12;13;18;20;27;32;43;47;49;61,63,2.061189758181572,1.0543858416393852,0.31,1;4;5;9;11;16;24;28;29;31;34;38;39;47;49;51;52;54;59;69;78;79;81;83;84;89;90;92;95;97;100,100
A0A9X3C2T0,0.09090909090909091,6;9;23;30,44,2.715469474196434,1.3367337865225009,0.36,1;2;5;6;7;15;22;23;25;29;31;36;39;41;42;44;45;47;49;52;55;57;60;65;69;72;75;80;81;82;85;87;88;90;91;93,100
A0A9X7ILG2,0.3829787234042553,2;3;4;9;10;11;14;15;18;19;23;24;25;26;29;37;43;46,47,2.4943496865034103,1.3043363222926951,0.77,1;2;3;4;6;7;9;10;11;12;13;14;17;18;19;21;22;23;24;25;26;27;29;31;32;33;34;35;36;37;38;39;40;41;42;43;44;47;48;49;50;51;52;53;54;55;57;58;59;60;64;66;67;68;69;70;71;73;76;77;78;79;80;83;84;85;86;87;88;89;90;91;92;93;95;98;99,100
A0A9X7WHR6,0.627906976744186,2;5;6;7;8;10;11;12;13;14;15;16;17;19;20;21;22;24;30;31;32;35;37;38;39;40;41,43,2.5730914211273195,1.2636363761344351,0.9,1;2;3;4;5;6;7;8;9;10;11;12;13;14;16;18;19;20;21;22;24;27;28;29;30;31;32;33;34;35;36;37;38;39;40;41;42;43;44;45;46;47;48;49;50;51;52;53;54;55;56;57;58;60;61;62;64;65;67;68;69;70;71;72;73;74;75;76;77;78;79;80;81;83;84;85;86;88;89;90;91;92;93;94;95;96;97;98;99;100,100
A0A9X8QZ54,0.07692307692307693,17;30;31,39,2.7252342545986177,1.075888182746489,0.33,2;7;9;25;26;27;30;31;37;39;43;45;48;49;51;58;60;62;63;67;68;76;77;79;81;85;86;92;93;94;96;98;99,100
A0A9Y2IBK6,0.24489795918367346,5;6;9;18;21;28;31;34;36;38;44;46,49,2.5213542306423187,1.1736906018365165,0.06,30;32;68;71;72;85,100
A0A9Y2N0A1,0.21428571428571427,6;12;13;14;18;27;28;31;37,42,2.5554489278793335,1.1605331041080087,0.24,2;5;8;19;20;21;24;36;41;44;47;52;55;59;60;64;66;68;70;81;90;95;97;100,100
A0AA37PJ36,0.09615384615384616,10;15;19;31;34,52,2.3553299069404603,1.0633268907034579,0.16,8;37;43;45;46;48;51;55;67;68;72;83;92;94;95;99,100
A0AA37PJQ2,0.18421052631578946,1;3;5;9;11;12;28,38,2.672994272708893,1.2554889501208004,0.15,1;12;25;36;53;54;59;60;62;65;73;76;81;86;93,100
A0AA37PNY0,0.39473684210526316,3;11;12;17;18;19;20;22;23;25;28;30;31;32;34,38,2.5872493040561677,1.0503904460287292,0.6,1;2;4;5;6;7;8;9;10;14;15;16;17;19;20;21;23;24;27;28;30;33;35;36;37;39;40;42;43;44;47;49;51;53;54;55;57;58;59;60;62;63;65;67;69;71;72;75;77;78;81;82;83;86;89;91;94;95;99;100,100
A0AA37PRM7,0.5217391304347826,3;4;5;6;7;8;9;10;11;15;21;23;25;27;28;29;32;35;36;37;38;40;43;44,46,2.5475912499427795,1.152205318052831,0.88,1;2;4;5;6;7;8;9;10;11;12;13;14;15;16;17;18;20;21;22;23;24;25;26;27;28;29;31;32;33;35;37;38;39;40;41;42;43;44;47;49;50;51;52;53;54;55;56;57;58;59;60;61;62;63;64;65;66;67;68;69;70;71;72;73;75;76;77;79;80;81;82;83;84;85;86;87;88;89;90;91;92;93;94;95;96;98;100,100
A0AA42BYT1,0.5294117647058824,7;9;10;11;12;14;15;16;18;20;23;24;25;26;27;28;29;30;34;35;37;39;41;42;43;44;49,51,2.304746332168579,1.2276306543424478,0.14,18;24;25;34;46;60;63;64;66;73;76;89;92;98,100
A0AA91EXD2,0.32786885245901637,1;3;5;6;7;18;20;21;24;27;28;29;30;38;40;48;49;53;54;56,61,2.178078996539116,1.1849300252847517,0.52,2;4;5;6;7;8;9;13;15;16;17;20;21;25;31;32;34;38;39;40;43;44;45;46;47;49;50;51;52;53;55;58;59;60;62;66;67;68;69;73;75;77;80;81;83;84;85;86;93;94;95;99,100
A0AA91M3B5,0.43103448275862066,2;3;5;7;8;12;15;16;17;18;20;21;23;26;27;28;29;34;35;39;48;50;54;56;57,58,2.159191305041313,1.273674657732139,0.5,2;3;4;5;6;12;14;15;18;19;20;21;23;24;26;27;28;34;35;37;41;42;44;46;48;51;52;54;55;56;57;59;60;62;67;68;73;74;76;78;82;83;87;91;93;94;96;97;98;99,100
A0AA94UBA0,0.022222222222222223,10,45,2.5825411212444305,1.1677092729809744,0.19,1;7;10;12;15;19;24;39;46;57;58;65;74;77;81;88;94;95;100,100
A0AAC9VV50,0.2,1;4;14;15,20,3.0948947966098785,1.1301478596450378,0.1,5;19;23;29;33;41;65;78;79;88,100
A0AAC9YL18,0.2545454545454545,2;5;6;8;12;13;20;23;26;27;46;47;51;55,55,2.2858889579772947,1.1974037121524128,0.15,33;38;43;47;53;54;59;68;71;76;86;90;94;97;99,100
A0AAC9YPU9,0.2641509433962264,2;5;8;18;19;29;36;37;40;48;49;51;52;53,53,2.3372435647249223,1.2773611584104407,0.32,2;3;4;6;8;9;12;14;17;18;22;23;33;37;39;41;46;48;49;54;60;62;65;67;85;88;90;91;92;93;96;98,100
A0AAD1H459,0.3559322033898305,1;2;5;8;11;13;15;16;27;28;30;32;36;38;42;43;51;53;54;55;57,59,2.0596899509429933,1.1816291979814733,0.66,1;3;4;7;9;10;11;14;15;16;18;19;20;21;22;23;24;26;28;29;30;31;32;33;34;36;37;39;40;41;43;44;47;48;51;53;55;56;58;59;60;62;63;64;65;66;67;68;71;72;73;75;77;78;79;80;81;83;85;89;91;92;94;95;96;97,100
A0AAD1HCQ5,0.6326530612244898,1;2;3;5;8;9;10;11;12;14;15;16;17;21;23;25;26;31;32;34;35;36;38;39;40;43;44;45;46;48;49,49,2.375403199195862,1.1882726908164072,0.88,1;2;3;4;5;6;7;8;9;10;11;12;13;14;15;16;17;18;19;20;21;22;23;24;25;26;27;28;29;30;31;32;33;34;35;36;37;38;39;40;42;43;44;45;46;47;48;49;50;51;54;56;57;58;59;60;61;63;64;65;66;67;68;69;70;71;72;74;75;76;77;78;80;81;82;83;84;85;87;88;89;91;92;94;95;96;98;99,100
A0AAD1HL52,0.3269230769230769,1;6;7;9;10;12;15;16;21;23;25;33;38;41;46;48;51,52,2.2345210403203963,1.1347877788669867,0.69,1;2;3;4;5;6;7;10;12;14;15;17;18;19;20;21;22;23;24;25;26;27;28;30;31;32;33;35;36;37;39;41;43;44;45;46;48;49;50;52;54;56;57;58;59;60;62;64;67;68;69;71;73;75;76;77;78;79;80;81;82;83;86;87;90;91;97;98;100,100
A0AAD1I0L4,0.12903225806451613,10;12;15;28,31,2.7532630491256715,1.010516479819079,0.03,49;55;87,100
A0AAD1I1H5,0.35135135135135137,1;3;4;9;11;15;18;20;21;28;29;31;33,37,2.8618543833494186,1.3451813371758625,0.71,1;2;5;6;7;8;9;11;12;13;14;15;16;17;18;20;23;24;25;27;28;30;31;32;33;35;36;37;38;41;43;47;48;49;51;52;54;57;58;62;63;65;66;69;70;71;72;73;74;75;78;79;80;81;82;83;84;85;86;89;90;91;92;93;94;95;96;97;98;99;100,100
A0AAD1IMP5,0.14583333333333334,1;6;26;28;29;35;41,48,2.3171819335222246,1.1196871860200637,0.89,1;2;4;6;7;8;9;10;12;14;15;16;17;19;20;21;22;23;24;25;26;27;28;29;30;31;32;33;34;35;36;37;40;41;42;43;44;45;46;47;49;50;52;53;54;55;56;57;58;60;61;62;63;64;65;66;67;68;69;70;71;72;73;74;75;76;77;78;79;80;81;82;83;84;85;86;87;88;89;90;91;93;94;95;96;97;98;99;100,100
A0AAD1IMS5,0.06382978723404255,5;36;41,47,2.6744673824310303,1.3172853881732225,0.35,4;5;9;11;21;23;26;28;31;32;34;35;36;39;41;49;51;52;55;59;60;62;67;69;72;73;78;79;81;84;85;86;87;92;95,100
A0AAE4RDM5,0.8275862068965517,1;2;3;4;7;8;9;10;11;12;13;14;16;17;18;20;21;22;23;24;25;26;27;29,29,2.9504388254880904,1.047745625410577,0.88,1;2;3;4;5;7;8;9;10;11;12;13;14;15;16;17;18;19;20;21;22;23;24;25;26;27;28;29;30;31;33;35;36;38;39;41;42;43;44;45;46;48;49;50;51;52;53;54;55;56;57;58;59;61;62;64;65;67;68;69;70;71;72;73;74;75;76;77;78;79;80;81;82;83;84;85;86;87;88;89;90;92;94;95;97;98;99;100,100
A0AAE4UCZ3,0.5138888888888888,4;5;6;7;8;9;13;14;15;17;18;20;26;27;28;29;30;31;36;37;39;40;41;43;44;45;46;48;50;54;58;60;61;67;69;70;72,72,1.7104898554086685,0.8812341407439833,0.87,1;2;3;5;7;8;9;10;11;12;13;14;15;16;17;18;20;21;22;23;24;25;26;27;28;30;31;32;34;35;36;37;38;39;40;42;43;44;45;46;47;48;49;50;51;52;53;54;55;56;58;59;60;61;62;63;64;65;66;67;68;69;70;72;73;74;75;77;78;79;80;83;85;86;87;89;90;91;92;93;94;95;96;97;98;99;100,100
A0AAE4UD82,0.18,10;13;14;24;32;40;45;46;47,50,2.44465484559536,1.2510295883594558,0.26,3;4;15;16;22;24;26;29;30;31;33;37;44;48;53;65;66;70;74;86;92;93;95;96;98;99,100
A0AAE4VIV1,0.46,2;7;8;9;13;14;17;18;20;21;23;24;26;27;29;30;31;33;39;41;44;45;46,50,2.5046428310871125,1.1999082210886185,0.78,1;2;3;4;5;6;7;8;9;10;11;12;13;14;15;16;17;18;20;21;22;23;24;25;27;28;29;30;31;32;34;35;36;37;38;39;41;42;43;44;46;47;48;49;50;51;54;55;58;59;60;61;67;68;69;70;71;72;73;74;75;76;77;78;79;80;81;84;87;89;90;91;93;94;95;98;99;100,100
A0AAE6TQG2,0.25862068965517243,4;5;13;17;30;32;33;36;42;45;47;51;52;54;55,58,2.182164327502251,1.0848411487041991,0.5,1;5;6;10;12;14;15;16;17;18;19;21;24;25;26;28;33;35;37;38;40;43;45;47;49;53;58;60;61;66;67;68;69;70;72;73;74;75;78;83;84;85;86;87;89;91;92;98;99;100,100
A0AAI8TZQ7,0.3333333333333333,2;7;12;13;15;16;19;21;23;25;27;32,36,2.8214490842819213,1.204047435222053,0.67,1;2;3;4;5;7;8;9;10;11;13;14;15;16;17;19;20;21;22;23;24;25;26;27;29;30;34;37;40;43;44;45;49;50;52;53;55;56;57;60;61;62;63;66;67;69;70;71;73;74;76;78;79;80;81;82;83;84;85;87;90;92;93;94;95;96;100,100
A0AAI8U017,0.39473684210526316,2;3;6;7;12;15;16;18;23;25;29;30;31;34;38,38,2.5817130440473557,1.2636688605823236,0.37,7;11;12;13;20;22;24;26;32;34;35;36;38;39;40;41;42;45;47;49;50;51;54;61;62;63;64;70;71;74;75;79;80;81;90;92;96,100
A0AAJ1W4G5,0.2222222222222222,1;2;5;8;18;19;20;24;25;32;45;50;56;59,63,2.0167357939481736,1.1499441610396277,0.41,1;3;4;11;12;14;15;18;22;26;27;30;31;35;38;40;44;46;47;49;50;51;54;56;57;60;62;66;67;68;73;78;81;83;84;93;94;95;97;98;99,100
A0AAJ3NLH7,0.22916666666666666,2;7;10;15;17;18;22;25;35;38;46,48,2.4819764375686644,1.2293265627271515,0.22,5;6;11;12;25;27;32;34;37;41;50;51;55;61;70;73;79;80;83;87;93;95,100
A0AAJ3NT49,0.4074074074074074,1;2;4;7;8;9;10;11;13;15;17;20;21;22;23;28;33;34;42;47;48;54,54,2.2213185691833495,1.0894705717981685,0.07,7;48;53;62;76;77;92,100
A0AAJ3TVZ5,0.23076923076923078,2;4;6;12;16;35;38;39;41;46;48;49,52,2.392401294708252,1.243384041137011,0.41,1;6;7;8;9;10;13;15;19;21;22;24;27;28;29;30;32;35;41;50;53;55;56;57;62;63;67;70;74;77;78;79;82;83;86;87;89;92;95;97;98,100
A0AAP6BDL8,0.2153846153846154,12;16;18;24;37;43;44;47;53;54;57;60;61;62,65,1.894780895113945,1.232447916524951,0.99,1;2;3;4;5;6;7;8;9;10;11;12;13;14;15;16;17;18;19;20;21;22;23;24;25;26;27;28;29;30;31;32;33;34;35;36;37;38;39;40;41;42;43;44;45;46;47;48;49;50;51;52;53;54;55;56;57;58;59;60;61;62;63;64;65;66;67;68;69;70;71;72;73;74;75;76;77;78;79;80;81;82;83;84;85;86;87;88;89;90;91;93;94;95;96;97;98;99;100,100
A0AAU4K3W1,0.38095238095238093,7;8;10;11;13;14;16;18;19;21;28;31;34;36;38;41,42,2.6345086002349856,1.1029091135153313,0.68,1;3;4;6;8;9;10;11;12;13;14;16;17;19;21;22;23;24;25;27;28;29;31;33;34;36;37;38;42;45;46;48;49;51;53;54;57;59;60;65;66;67;68;69;70;74;75;78;79;80;81;82;83;84;85;86;87;88;89;90;91;92;93;94;95;97;99;100,100
A0AAV2WH99,0.25806451612903225,7;9;10;12;18;28;29;30,31,2.767051773071289,1.0255574225489372,0.24,2;3;4;8;9;10;11;15;18;26;34;35;53;56;62;66;72;73;79;89;92;94;96;99,100
A0AAW5S5J5,0.0,,45,2.5075476217269896,1.2416908927235584,0.0,,100
A0AAW5SKH5,0.027777777777777776,20,36,2.6347329115867613,1.0454578288262115,0.0,,100
A0AAW5TB97,0.5263157894736842,1;4;5;6;10;11;14;15;16;18;20;21;22;24;26;28;29;30;31;33,38,2.8215658462047575,1.27977525602768,0.66,1;2;3;4;5;7;10;12;13;16;17;21;22;27;28;29;30;31;32;34;37;38;39;41;43;44;45;46;47;49;50;51;52;53;54;55;56;57;60;61;63;64;65;66;67;69;72;73;74;75;76;78;79;81;82;86;87;89;92;93;94;96;97;98;99;100,100
A0AAW5THR0,0.2962962962962963,2;3;4;7;9;13;15;16,27,2.8421630239486695,0.96714938180319,0.46,1;3;4;5;6;8;9;10;17;18;21;22;23;24;25;26;28;30;32;37;46;48;53;54;55;62;64;65;66;70;73;74;75;76;77;79;80;82;85;86;88;91;94;95;98;99,100
A0AAX1J9Y8,0.5357142857142857,3;4;6;7;8;11;12;15;16;17;20;21;22;23;25;28;30;33;34;35;40;41;42;44;47;48;49;54;55;56,56,2.2902801555395125,1.3388297217475402,0.18,20;28;37;43;47;48;51;52;53;54;65;66;70;71;74;75;87;92,100
A0AAX1JCS8,0.4915254237288136,1;2;4;5;6;8;11;13;15;18;21;22;23;24;28;29;30;31;36;37;39;42;45;47;48;53;54;55;56,59,2.0975123089551926,1.0277075890515899,1.0,1;2;3;4;5;6;7;8;9;10;11;12;13;14;15;16;17;18;19;20;21;22;23;24;25;26;27;28;29;30;31;32;33;34;35;36;37;38;39;40;41;42;43;44;45;46;47;48;49;50;51;52;53;54;55;56;57;58;59;60;61;62;63;64;65;66;67;68;69;70;71;72;73;74;75;76;77;78;79;80;81;82;83;84;85;86;87;88;89;90;91;92;93;94;95;96;97;98;99;100,100
A0AAX1JED5,0.5897435897435898,3;4;5;6;7;8;9;10;12;14;19;21;26;27;29;30;31;32;34;35;36;38;39,39,2.7734347319602968,1.300246088678985,0.93,1;2;3;4;5;6;7;8;9;10;11;12;13;14;15;17;18;19;20;21;22;23;24;25;26;27;28;29;31;32;33;34;36;37;38;39;40;41;42;43;44;45;46;47;48;49;50;51;52;53;54;55;56;57;58;59;60;61;62;63;65;66;69;70;71;72;74;75;76;77;78;79;80;81;82;83;84;85;86;87;88;89;90;91;92;93;94;95;96;97;98;99;100,100
A0AAX1JEG7,0.1206896551724138,2;3;6;10;18;22;48,58,2.053745408654213,1.3306165409302644,0.0,,100
A0AAX2ZQB8,0.9130434782608695,1;2;3;4;5;6;7;8;9;11;12;13;14;15;16;17;18;19;20;22;23,23,3.112085784673691,1.1217324892019422,0.92,1;2;3;4;5;6;7;8;9;10;11;12;13;14;15;16;17;18;19;20;21;22;24;25;26;27;28;29;30;31;32;33;34;35;36;37;38;39;40;41;44;45;46;47;48;49;50;51;52;53;54;56;57;59;60;61;62;63;64;65;66;67;69;70;71;72;73;75;76;77;79;80;81;82;83;84;85;86;87;88;89;90;91;92;93;94;95;96;97;98;99;100,100
A0AAX2ZQD4,0.4838709677419355,2;3;4;7;8;11;14;15;18;24;27;28;29;30;31,31,2.861498055458069,1.1659088422915773,0.39,4;8;9;11;13;24;27;28;30;32;36;38;39;40;46;47;48;50;52;53;55;57;59;63;66;67;69;70;71;75;77;78;79;80;90;92;93;94;99,100
A0AAX3A495,0.4666666666666667,7;9;10;11;12;17;19;20;22;26;28;32;33;34;35;36;38;41;42;44;45,45,2.37639419734478,1.2291495394013314,0.7,1;2;3;4;5;6;7;8;11;12;13;15;17;18;19;21;23;24;25;27;28;29;30;32;34;36;37;38;39;40;41;42;43;44;45;46;47;48;50;52;53;54;55;56;57;58;59;60;61;63;64;67;69;73;74;78;79;80;81;82;84;85;86;87;88;91;92;93;96;98,100
A0AB33ACF4,0.7619047619047619,1;2;4;5;6;7;9;10;12;15;16;17;18;20;21;23;24;25;28;30;32;33;34;35;36;37;38;39;41;42;43;44;45;46;47;49;50;52;53;54;55;56;57;59;60;61;62;63,63,2.1379921054840088,1.1575295732916542,0.98,1;2;3;4;5;6;7;8;9;10;11;12;13;14;15;16;17;18;19;20;21;22;23;24;25;26;27;28;29;30;31;32;33;34;35;36;37;38;39;40;41;42;43;44;45;46;47;48;49;50;51;52;53;54;55;56;57;58;59;60;61;62;63;65;66;67;68;69;70;71;72;73;74;75;76;77;78;79;80;81;82;83;84;85;86;87;88;89;90;91;92;93;94;96;97;98;99;100,100
A0AB33ACN0,0.45588235294117646,5;9;10;12;13;16;20;21;23;24;27;30;31;32;33;34;35;40;43;46;47;48;49;51;52;56;57;58;59;61;64,68,2.0671647709608076,1.1403669446221942,0.89,1;2;3;4;5;6;7;8;10;11;12;13;15;16;17;18;19;20;21;22;23;24;25;26;27;28;29;30;31;32;33;34;35;36;37;38;39;40;41;43;44;45;47;48;49;51;52;53;54;55;56;57;58;59;60;61;62;63;64;65;66;67;68;69;70;71;72;74;75;76;79;80;81;82;83;84;86;87;88;89;91;92;93;94;95;96;97;99;100,100
A0AB33ADN5,0.6415094339622641,1;2;6;7;9;12;13;15;16;17;18;20;21;23;24;25;26;27;32;33;34;35;36;37;38;39;40;41;42;45;47;51;52;53,53,2.2713158559799194,1.042947082678471,0.77,1;2;3;4;5;6;7;8;10;11;12;13;14;15;16;17;18;19;20;21;22;23;24;27;29;30;31;32;33;35;37;38;40;41;42;44;45;46;47;48;49;50;51;52;53;55;56;58;60;62;64;65;67;68;70;71;72;73;74;75;77;78;81;82;83;84;85;87;90;91;93;94;95;96;97;98;99,100
A0AB33AHW7,0.5384615384615384,2;6;7;8;10;11;12;13;14;15;16;17;18;20;21;22;24;25;26;29;31;32;33;34;35;43;47;49;50;53;56;57;61;63;65,65,1.785235531926155,1.1629592216860467,0.43,2;4;6;8;10;11;12;13;18;19;20;25;27;30;31;32;34;39;42;43;44;46;47;48;49;50;53;60;61;63;67;68;69;71;74;77;78;79;82;85;87;89;90,100
A0AB33TCW4,0.328125,2;8;9;11;12;20;21;26;27;30;31;32;34;37;38;39;49;52;53;58;63,64,2.016383855342865,1.255211350801386,0.88,1;2;3;5;6;8;9;10;11;13;14;15;16;17;18;19;20;22;24;25;26;27;28;29;30;31;32;33;34;35;37;38;39;40;41;42;43;44;45;46;47;48;49;51;52;53;55;56;57;58;59;60;61;62;63;64;65;66;68;69;70;71;73;74;75;76;77;79;80;81;82;83;84;85;86;87;89;90;91;92;93;94;95;96;97;98;99;100,100
A0AB33TD28,0.4,4;6;9;11;16;17;18;21;23;24;27;28;31;33;34;35;38;42,45,2.43920613527298,1.179193389254062,0.81,1;2;4;5;6;7;8;9;14;16;17;19;21;22;23;24;25;26;28;29;30;31;32;33;34;35;36;37;38;39;40;41;42;43;44;45;46;47;49;50;51;52;53;54;55;57;58;59;61;62;63;64;65;66;67;69;70;71;73;75;76;77;78;79;80;81;82;83;84;85;86;87;88;89;91;92;93;95;97;98;99,100
A0AB38CYE9,0.8392857142857143,1;2;3;5;6;7;9;10;11;12;14;15;16;17;18;19;20;21;22;23;24;25;26;27;29;30;31;32;33;34;35;36;37;39;40;41;42;44;45;46;49;51;52;53;54;55;56,56,2.2681869208812713,1.022907080205422,0.99,1;2;3;4;5;6;7;8;9;10;11;12;13;14;15;16;17;18;19;20;21;22;23;24;25;26;27;28;29;30;31;32;33;34;35;36;37;38;39;40;41;42;43;44;45;46;47;48;49;50;51;52;53;54;55;56;57;58;59;60;61;62;63;64;65;66;67;68;69;70;71;72;73;74;75;76;77;78;79;81;82;83;84;85;86;87;88;89;90;91;92;93;94;95;96;97;98;99;100,100
A0AB38CZ04,0.5660377358490566,9;11;12;13;15;17;20;22;23;24;25;27;28;30;31;32;33;35;36;37;39;40;41;42;43;44;45;46;49;50,53,2.2685310465097426,1.1994537665721146,0.91,1;2;3;4;5;6;7;8;10;11;12;13;14;15;16;17;18;19;21;22;23;24;25;26;27;28;29;30;31;32;33;34;35;36;37;38;39;40;41;42;43;44;45;46;47;48;49;50;51;52;53;54;55;56;57;58;59;60;61;62;63;64;65;66;67;68;69;70;71;74;75;77;78;79;82;83;84;85;86;87;88;89;90;91;93;94;95;96;98;99;100,100
A0AB38D5A4,0.19402985074626866,21;25;42;43;45;47;48;51;52;53;63;64;65,67,1.8945616328716277,1.3056012733235196,0.22,4;8;12;13;17;19;27;31;40;43;45;52;56;62;64;66;67;73;80;84;88;93,100
A0AB38USB2,0.6521739130434783,2;3;4;5;6;7;9;10;11;12;14;17;20;22;23;25;26;28;29;30;33;34;35;36;38;40;42;44;45;46,46,2.62992663025856,1.2350764622091255,0.84,1;2;3;4;5;7;8;9;10;11;12;13;14;15;16;17;18;19;20;22;23;24;25;28;29;30;31;32;33;35;37;38;39;40;41;42;43;44;45;48;49;50;51;52;53;54;55;56;57;58;59;61;64;65;66;67;69;70;71;73;74;75;76;77;78;79;80;81;82;84;85;86;88;89;90;91;92;94;95;96;97;98;99;100,100
A0AB72XQA2,0.6730769230769231,2;3;4;6;7;8;9;10;11;12;14;15;16;17;18;20;21;23;28;29;30;31;32;33;35;36;38;39;40;42;43;44;45;46;50,52,2.414433618783951,0.9998618553100305,0.51,4;5;6;7;8;9;10;13;14;18;19;20;22;23;24;25;26;27;28;31;34;36;37;43;45;46;49;50;51;53;58;60;61;62;72;75;76;77;78;79;83;84;85;87;89;90;93;97;98;99;100,100
A0AB73LE91,0.5384615384615384,3;4;5;8;9;12;13;14;16;17;18;22;23;26,26,2.8718459856510163,0.9749511310930081,0.88,1;2;3;4;5;6;7;8;9;10;11;12;13;14;15;16;17;18;19;21;22;24;25;26;27;28;29;30;31;32;33;34;35;36;37;39;40;41;42;43;44;45;46;49;50;51;52;53;54;55;56;57;58;61;62;63;64;65;66;67;68;70;71;73;74;75;76;77;78;79;80;81;82;83;84;85;86;87;88;92;93;94;95;96;97;98;99;100,100
A0AB73LM64,0.14814814814814814,7;16;23;25;28;40;44;49,54,2.4186608201265334,1.2926476049378295,0.65,1;2;4;5;6;8;9;10;11;14;15;16;17;19;20;21;22;23;24;25;26;27;29;30;32;33;34;35;37;38;39;43;44;45;50;51;52;55;56;57;59;60;61;62;64;65;69;70;72;73;76;77;78;79;81;85;86;87;89;91;93;95;96;97;98,100
A0AB73MHS4,0.1,7;11;29;33;51;59,60,2.2272055089473723,1.0664181664124255,0.08,14;22;37;46;47;54;59;62,100
A0AB73N8J1,0.5892857142857143,1;3;4;8;9;11;13;14;17;18;21;23;26;28;30;31;35;37;38;39;40;42;43;44;45;48;49;50;52;53;54;55;56,56,2.0859730005264283,1.3113298114585412,0.9,1;2;3;4;5;6;7;8;9;10;12;13;14;15;16;17;18;19;20;21;23;24;25;26;27;28;29;30;31;32;33;34;35;36;37;38;39;40;41;42;43;44;45;46;47;48;49;50;51;52;53;54;55;57;58;60;61;62;63;65;66;67;68;69;70;71;73;75;76;77;78;79;80;81;82;85;86;87;88;89;90;91;92;93;94;95;96;97;99;100,100
A0AB73U2P7,0.6285714285714286,1;3;5;6;7;8;9;12;13;14;16;18;20;22;23;24;25;26;28;29;30;34,35,2.6960875844955443,1.0562659200539262,0.81,1;2;3;4;6;7;8;9;10;11;13;14;15;16;17;18;19;20;21;22;23;25;26;29;30;31;32;33;35;36;37;38;40;41;42;43;44;45;46;47;48;49;50;51;52;53;55;56;57;58;59;61;62;63;64;65;66;67;68;69;70;71;73;75;76;77;78;79;80;84;85;86;89;90;91;92;95;96;97;98;100,100
A0AB73U621,0.24561403508771928,2;11;23;25;27;28;30;37;43;44;45;46;54;56,57,2.266363155245781,1.1616152741597636,0.67,1;2;3;4;5;7;8;9;12;13;14;15;16;17;18;20;21;22;24;25;26;28;29;31;32;33;35;36;37;42;43;44;45;46;47;48;50;51;53;54;56;57;58;59;63;64;66;67;68;69;70;73;75;78;79;82;83;84;85;87;89;90;94;96;97;99;100,100
A0AB73U7U3,0.29310344827586204,6;7;11;22;23;25;29;30;35;37;40;43;45;50;51;57;58,58,1.95149478495121,1.1880511705338013,0.65,1;2;3;4;5;6;7;8;9;11;14;15;18;19;20;21;22;23;24;25;27;28;29;30;31;32;33;34;35;36;37;38;39;40;44;45;46;49;53;54;55;56;59;60;63;64;65;69;70;71;72;73;74;76;77;79;81;86;87;88;90;91;96;97;99,100
A0AB73U9A3,0.0,,53,2.267759670615196,1.2459571981259685,0.0,,100
A0AB74F9U6,0.42105263157894735,1;3;4;6;7;8;11;14;16;20;22;23;25;28;29;31;33;37;41;42;44;51;52;53,57,2.208152437210083,1.1473429142301201,0.79,1;2;4;5;6;7;8;9;10;11;12;13;14;15;16;17;18;20;21;22;23;24;25;26;27;29;30;31;32;33;34;35;36;37;38;39;40;41;42;44;45;46;47;48;49;52;53;54;55;56;58;59;60;62;63;66;67;69;70;71;72;73;75;76;77;80;81;84;85;87;88;89;91;92;93;94;95;97;98,100
A0AB74FEB0,0.2962962962962963,3;4;7;20;24;26;27;29;36;37;38;41;44;45;46;51,54,2.304226865768433,1.3200572671998154,0.85,1;2;3;4;5;6;7;8;9;10;11;12;13;14;15;16;17;18;19;20;21;22;23;25;26;27;28;29;30;31;32;33;35;37;38;39;40;41;42;43;44;45;46;47;48;49;50;52;53;54;57;59;60;61;62;63;65;67;68;70;71;72;73;74;76;77;78;79;80;81;83;84;87;88;89;90;91;92;93;94;95;96;97;98;100,100
A0AB74FGQ8,0.047619047619047616,16;20;44,63,1.9968923264741898,1.2950742063881302,0.01,23,100
A0ABD6QL27,0.4318181818181818,2;6;7;8;9;10;11;12;13;14;15;16;21;22;27;29;33;35;38,44,2.5114480459690096,1.2168174319926648,0.6,1;3;6;7;11;12;13;14;15;16;17;19;20;21;23;25;27;30;32;35;37;38;40;41;42;45;47;49;50;51;52;53;54;55;56;57;58;60;61;62;63;66;72;73;74;76;77;78;80;81;83;84;85;86;87;92;94;95;96;99,100
A0ABD6QS80,0.41379310344827586,1;2;6;7;9;10;11;12;16;23;24;29,29,3.0084659671783447,1.1220928568548494,0.08,19;33;48;53;69;75;79;92,100
A0ABD7HN08,0.7313432835820896,2;5;6;8;9;11;12;13;14;16;17;18;19;21;22;23;24;25;26;27;28;29;31;32;34;35;36;38;40;41;42;43;44;47;49;50;51;52;53;55;56;57;58;59;61;62;64;66;67,67,1.8362465023994445,0.9609886059447619,0.96,1;2;3;4;5;6;7;8;9;10;11;12;13;14;15;16;17;18;19;20;21;22;23;24;25;26;27;28;29;30;31;32;33;34;35;36;37;38;39;40;41;42;43;44;45;46;47;48;49;50;52;53;54;55;56;57;58;59;60;62;63;64;65;66;67;68;69;70;71;72;73;74;75;76;77;78;79;80;81;82;83;84;85;86;87;88;89;90;92;94;95;96;97;98;99;100,100
A0ABF7PG24,0.171875,4;7;17;20;28;39;40;43;46;52;55,64,1.9760474288463592,1.2378453108822693,0.11,10;18;44;47;49;55;60;61;82;87;97,100
A0ABM7I197,0.4032258064516129,1;2;3;5;6;8;10;12;13;14;17;18;22;24;26;32;34;37;46;47;48;49;50;60;62,62,2.118413187265396,1.3461178805084486,0.49,1;3;4;5;6;8;9;10;11;12;13;15;18;20;21;23;24;30;31;32;33;34;35;39;40;41;42;46;48;51;52;55;57;58;59;62;65;66;68;70;71;73;75;77;85;86;89;93;99,100
A0ABM7J8Q1,0.09090909090909091,4;15;30,33,2.620054612159729,0.9772968070007795,0.12,18;21;38;39;44;47;49;76;78;90;92;99,100
A0ABM7JWD3,0.3088235294117647,1;4;6;9;11;15;16;17;18;21;22;23;25;31;32;35;36;46;52;58;68,68,1.8863134235143661,1.109175598792091,0.08,5;7;8;10;14;29;59;64,100
A0ABM7K1P0,0.41379310344827586,1;2;3;6;7;8;9;10;11;12;13;14;15;16;17;21;22;26;40;43;47;49;51;55,58,2.1153019773960113,1.1780534147351618,0.57,1;4;5;7;9;10;11;12;15;19;20;21;22;23;24;25;27;28;29;30;31;34;35;36;37;38;39;43;47;48;49;51;52;54;57;64;67;71;73;74;75;76;77;78;79;82;83;84;85;86;87;90;92;93;95;97;98,100
A0ABM7SIW3,0.14,4;11;14;29;35;37;39,50,2.376098646521568,1.3089225901370674,0.31,4;5;14;15;26;27;28;29;31;35;39;41;42;47;50;51;54;55;56;58;63;75;77;80;81;83;86;88;90;96;99,100
A0ABM7SN96,0.7090909090909091,2;4;6;9;10;12;13;14;15;16;17;18;19;20;21;22;24;25;26;27;28;29;31;32;33;37;38;40;42;43;44;45;46;47;48;49;52;53;54,55,2.234197347164154,1.2866750874293744,0.97,1;2;3;4;5;6;7;8;9;10;11;12;13;14;15;16;17;18;19;20;21;22;23;24;25;26;27;28;29;30;31;32;33;34;35;36;37;38;39;40;41;42;43;44;45;46;47;48;49;50;51;52;54;55;56;57;58;59;60;61;62;63;64;65;66;67;68;69;70;71;72;73;74;75;76;77;78;79;80;82;83;84;86;87;88;89;90;91;92;93;94;95;96;97;98;99;100,100
A0ABM7SX73,0.3076923076923077,4;5;9;10;11;12;16;17;18;19;22;23;27;31;33;38;43;49;53;60,65,2.0256641715765,1.1478777394315078,0.32,3;10;12;13;14;18;20;21;22;23;27;32;40;44;46;50;54;58;61;68;71;72;73;76;79;81;88;90;91;93;94;100,100
A0ABM9LWN3,0.45098039215686275,1;2;3;4;5;6;8;9;11;12;16;17;18;19;22;24;27;29;31;34;38;44;50,51,2.311828365325928,1.1894117474464956,0.8,1;3;4;5;6;7;8;9;10;11;12;13;14;15;16;17;18;19;20;21;22;23;25;26;27;28;29;30;31;33;34;36;37;39;40;42;43;44;45;46;49;50;52;53;54;55;57;59;60;61;63;65;66;67;68;71;72;73;74;75;76;77;78;79;80;81;83;84;85;87;88;89;90;92;93;94;95;96;97;100,100
A0ABN0UZZ3,0.05555555555555555,7;23,36,2.541260088682175,0.9737753094785816,0.03,4;7;71,100
A0ABN1T3W5,0.6166666666666667,1;2;4;5;6;8;9;10;11;12;14;15;16;18;19;20;21;22;23;26;27;28;29;30;31;32;33;34;35;36;39;41;44;45;48;54;59,60,2.266903473138809,1.1342339450529932,0.92,1;2;3;4;5;6;7;8;9;10;11;12;13;14;15;16;18;19;20;21;22;23;24;25;26;27;28;29;30;31;32;33;34;35;36;37;38;39;40;41;42;43;45;46;47;48;49;50;51;52;53;55;56;57;58;59;60;61;62;63;64;65;66;67;68;69;70;71;72;74;75;76;77;78;79;80;83;84;85;86;87;88;89;90;92;93;94;95;96;97;98;99,100
A0ABN1UVC2,0.4727272727272727,5;8;9;10;12;13;14;15;16;20;22;26;27;31;32;33;38;39;40;41;42;43;44;45;47;54,55,2.299044840335846,1.3028862221185469,0.89,1;2;3;4;5;6;7;9;10;11;12;13;14;15;16;17;19;20;21;22;23;24;25;26;27;28;29;30;31;32;33;34;35;36;37;38;39;40;41;43;45;46;47;48;49;50;51;52;54;55;56;57;58;59;60;62;63;65;66;67;68;69;71;72;73;75;76;77;78;79;80;81;82;83;84;86;87;88;89;90;91;92;93;95;96;97;98;99;100,100
A0ABN2Q9Z6,0.3620689655172414,1;4;5;7;11;14;17;19;20;22;24;28;30;31;32;33;34;42;52;55;57,58,2.2954053109884263,1.2191908606045228,0.33,1;3;4;5;6;14;15;16;17;18;24;28;31;32;34;37;42;43;44;47;49;50;51;53;56;69;75;78;87;91;96;97;100,100
A0ABN3KZK6,0.49056603773584906,1;3;4;10;15;16;17;20;22;23;24;25;26;29;30;31;32;33;34;36;38;43;44;45;47;51,53,2.3054893869161606,1.3823742824691543,0.37,1;2;4;6;9;10;11;15;18;20;30;32;33;34;36;39;43;45;46;47;53;54;57;58;64;65;67;69;72;75;83;90;92;93;94;95;97,100
A0ABN5YF31,0.17647058823529413,1;7;10;11;13;15;16;37;50,51,2.5421097469329834,1.3627580610428116,0.33,2;4;7;13;14;16;17;18;21;22;23;26;35;36;37;41;42;45;52;53;54;55;57;63;66;71;75;77;82;85;92;94;98,100
A0ABN5YVZ6,0.07692307692307693,4;14;17;43,52,2.3541258364915847,1.2892620004122206,0.02,38;51,100
A0ABN5YWL7,0.13043478260869565,7;11;18;21;25;31,46,2.5342240631580353,1.1508193590830265,0.32,1;7;8;9;15;20;21;23;25;26;30;35;37;38;42;43;46;51;55;62;66;69;72;75;77;78;82;86;90;92;97;99,100
A0ABN5ZR55,0.5423728813559322,2;3;10;11;12;14;19;20;21;22;26;29;30;31;32;33;35;37;40;44;45;48;49;50;51;52;54;55;56;57;58;59,59,2.2959638327360152,1.227040077701283,0.79,1;2;3;5;6;7;8;9;10;11;12;14;15;16;18;22;23;24;25;26;27;29;30;32;33;34;36;37;38;39;40;42;44;45;46;47;48;49;50;52;53;54;56;58;59;60;61;62;63;64;65;66;68;69;71;72;75;76;77;78;79;80;81;82;84;85;86;88;89;90;91;92;94;95;96;97;98;99;100,100
A0ABN5ZWQ7,0.3103448275862069,14;15;17;18;20;24;26;27;28;33;38;43;46;47;48;53;55;56,58,2.093388103246689,1.121152560811879,0.46,1;2;5;8;9;11;12;14;15;16;21;23;24;25;26;27;28;33;34;35;36;37;39;42;43;44;46;48;49;55;56;61;62;69;70;71;75;80;81;83;85;87;89;92;97;100,100
A0ABN6AMT8,0.5094339622641509,2;5;7;8;9;10;11;14;16;19;21;24;26;27;28;31;33;36;37;41;42;43;47;48;49;52;53,53,2.2103729528188705,1.2545710730975024,0.61,1;2;3;4;6;8;9;10;11;13;14;19;21;22;23;24;27;28;30;31;32;33;34;35;36;38;39;41;42;45;46;52;53;57;62;63;64;65;66;68;69;70;71;72;73;75;76;79;81;82;83;85;87;88;92;93;95;97;98;99;100,100
A0ABN6AP09,0.3050847457627119,1;5;6;7;8;11;13;18;20;24;30;32;36;41;47;53;54;59,59,2.0436694592237474,1.103719479254989,0.54,1;2;3;5;6;9;12;16;17;18;20;21;22;23;25;27;30;31;34;36;37;38;44;45;46;48;51;52;54;56;57;58;61;62;63;64;65;66;67;69;73;74;75;78;79;80;82;83;86;88;90;93;95;100,100
A0ABN6IEF7,0.40816326530612246,1;8;14;15;17;18;22;23;24;25;26;27;30;31;38;39;41;43;45;46,49,2.3926522338390352,1.2515573881384647,0.64,1;2;3;4;5;6;8;9;10;11;13;14;15;17;20;21;24;26;27;28;29;30;33;34;35;37;38;39;42;43;44;45;47;48;51;52;55;56;58;61;62;63;65;66;69;71;72;73;74;77;79;80;83;85;86;89;90;91;92;93;94;97;98;99,100
A0ABN6IL17,0.24324324324324326,4;11;12;16;21;28;30;35;36,37,2.8300369703769683,1.2770604678841637,0.43,2;3;7;8;13;14;15;16;20;22;29;30;31;33;35;36;38;44;50;52;54;56;58;64;65;67;68;69;70;73;75;76;77;82;83;88;90;91;92;93;95;97;100,100
A0ABN6U5V0,0.34615384615384615,2;5;12;19;20;21;23;27;28;29;31;40;41;43;44;45;50;51,52,2.3402787178754805,1.2571842126011172,0.25,10;16;18;19;30;34;37;39;40;42;47;48;50;51;57;60;61;62;65;74;76;82;83;97;98,100
A0ABN9NWH6,0.28,3;4;6;7;8;10;16;18;24;31;35;42;48;49,50,2.5396786558628084,1.3174689658718537,0.21,2;5;7;11;19;20;23;30;32;34;39;43;45;46;56;58;66;71;76;91;99,100
A0ABP6W264,0.03333333333333333,7;33,60,1.9843243646621704,1.1108480001497723,0.08,1;28;48;63;68;86;96;99,100
A0ABP7F641,0.017857142857142856,7,56,2.347943911552429,1.2996445714911316,0.01,77,100
A0ABP8EZM2,0.3023255813953488,1;4;6;11;13;14;15;20;22;27;36;39;43,43,2.645385138988495,1.1273978367194013,0.24,4;12;17;26;31;43;44;46;52;53;56;58;61;63;65;66;68;72;76;80;82;91;94;100,100
A0ABP8RAE2,0.37254901960784315,1;3;4;6;8;9;12;17;18;22;30;35;36;38;40;41;44;45;50,51,2.1764322257041933,1.0839576205751806,0.86,1;2;3;4;5;6;7;8;11;12;13;14;15;16;17;18;19;20;22;23;24;25;26;27;28;29;30;31;32;33;34;35;36;37;39;40;41;42;43;44;45;46;47;49;50;51;52;53;55;57;60;61;63;65;66;67;68;69;70;71;72;73;74;75;76;77;78;79;80;81;82;83;85;86;87;88;89;90;91;93;95;96;97;98;99;100,100
A0ABP9K210,0.5333333333333333,3;4;7;8;9;10;11;13;14;17;19;20;21;23;24;25;26;30;31;32;34;40;41;43;44;46;49;51;53;55;56;60,60,2.216248432397842,1.2203922240455494,0.53,1;2;3;9;10;11;12;13;15;16;18;19;20;21;23;24;25;26;27;29;31;35;36;37;38;39;40;41;43;44;45;46;49;53;60;62;63;66;67;69;70;73;74;75;78;79;81;83;89;94;95;96;97,100
A0ABQ1C2G9,0.2833333333333333,2;3;4;5;6;8;12;13;16;34;37;39;40;42;49;50;59,60,2.2300320529937743,1.2551172830681188,0.31,2;3;6;10;18;20;23;25;30;32;33;34;35;36;39;41;42;44;46;49;50;53;54;60;66;69;71;76;86;88;92,100
A0ABQ1CET0,0.43137254901960786,1;2;4;6;7;9;10;11;14;16;17;19;21;22;27;31;34;37;38;41;43;48,51,2.3585800647735597,1.1855005251527364,0.22,7;8;10;11;17;18;21;24;27;32;37;45;49;59;61;70;75;83;88;90;93;97,100
A0ABQ1V3W2,0.43636363636363634,4;5;9;11;12;13;18;19;23;28;29;33;35;37;39;40;43;44;46;47;49;50;52;53,55,2.3682266038656237,1.2616721612586008,0.62,1;2;3;4;5;6;7;8;11;12;13;14;15;19;20;21;22;23;25;26;30;35;36;37;38;41;43;45;46;48;49;50;51;53;54;55;57;58;61;62;63;65;66;67;68;70;72;74;77;78;81;83;84;85;87;88;90;95;96;97;98;100,100
A0ABQ2KKB0,0.2676056338028169,1;7;12;19;20;24;25;26;28;30;36;39;40;45;52;53;58;63;65,71,1.8299732810258866,1.1663329628398815,0.97,1;2;3;4;5;6;7;8;9;10;11;12;13;14;15;16;17;18;19;20;21;22;23;24;25;26;27;28;29;30;31;32;33;34;35;36;37;38;39;40;41;42;43;44;45;46;47;48;49;50;51;52;53;54;55;56;57;58;59;60;61;62;63;64;66;67;68;69;70;71;72;74;75;76;77;78;79;80;81;82;83;84;85;86;87;88;89;90;91;93;94;95;96;97;98;99;100,100
A0ABQ3MHH6,0.65,2;5;7;8;10;11;12;15;16;17;18;19;21;22;23;24;25;26;27;29;30;31;32;36;37;38,40,2.631035522222519,1.0192634887829424,0.46,1;2;3;4;6;8;15;16;19;20;22;23;24;25;29;31;34;35;36;37;39;40;41;44;45;48;51;52;55;56;57;59;62;63;69;70;71;72;74;76;77;82;86;89;90;99,100
A0ABQ3SCS9,0.03571428571428571,22;48,56,2.273382630944252,1.1319055180524646,0.03,57;62;82,100
A0ABQ4FMS5,0.4318181818181818,1;3;4;8;9;12;14;16;17;23;26;30;32;34;36;37;38;43;44,44,2.545643275380135,1.36439527695875,0.35,2;3;5;6;8;10;11;12;13;14;17;18;20;23;27;41;47;52;53;55;59;63;66;67;68;71;72;73;74;79;81;82;86;87;90,100
A0ABR4YVY6,0.0,,32,2.99243958234787,1.178025707606748,0.0,,100
A0ABR4YVZ6,0.5849056603773585,1;2;3;4;5;7;8;10;12;13;14;16;17;18;19;20;22;23;24;27;31;33;34;35;36;39;41;43;47;48;52,53,2.3497623884677887,1.2090328786628046,0.64,1;3;5;6;8;9;12;13;14;18;19;20;22;23;24;25;26;27;29;30;31;32;35;36;39;40;43;44;47;48;49;51;52;53;54;55;57;60;65;66;67;68;70;71;72;73;74;75;76;78;80;82;84;86;87;90;91;92;93;94;95;96;98;99,100
A0ABR4ZAR7,0.09803921568627451,2;3;9;22;48,51,2.4710288220643997,1.2969840862689166,0.01,39,100
A0ABR4ZEC0,0.13636363636363635,2;7;11;23;28;30,44,2.5623256170749666,1.2692059194736436,0.0,,100
A0ABR5FFS4,0.21666666666666667,2;4;20;23;25;31;40;42;43;45;46;48;53,60,2.002641052007675,1.1994002655331395,0.41,1;2;5;7;10;11;13;20;23;27;29;30;31;33;37;41;42;43;46;47;49;50;54;58;63;64;65;66;69;70;72;73;74;76;79;86;88;92;93;94;98,100
A0ABR5FS25,0.6190476190476191,1;2;3;4;5;6;7;9;10;11;12;13;15;16;18;19;20;23;24;27;28;29;32;33;34;36;37;39;40;41;46;47;48;49;57;58;61;62;63,63,2.0879946607351303,1.1288383473227892,0.15,5;14;17;42;49;52;55;57;67;69;70;71;74;79;86,100
A0ABR5ICW2,0.5789473684210527,1;3;5;6;7;8;9;11;12;13;14;15;16;18;20;21;22;24;25;28;33;37,38,2.8546267527341844,1.4673566807869978,0.96,1;2;3;4;5;6;7;8;9;10;11;12;13;14;15;16;17;18;19;20;21;22;23;24;25;26;27;28;29;30;31;32;33;34;35;36;37;38;39;40;41;42;43;44;45;46;47;48;50;51;52;53;54;55;56;57;58;59;60;61;62;63;64;65;66;68;69;70;71;72;73;74;75;76;77;78;79;80;82;83;84;85;86;87;88;89;90;91;92;93;94;95;96;97;98;100,100
A0ABR6BBF3,0.6551724137931034,3;5;6;7;8;9;10;11;12;13;14;15;16;21;24;28;31;32;34;35;36;37;38;39;40;41;42;43;44;45;47;48;49;50;51;54;57;58,58,2.228749556541443,1.1953283463784894,0.75,1;2;3;5;6;7;8;9;10;11;12;13;14;15;16;17;18;19;20;21;23;24;25;26;28;29;30;31;33;34;35;36;37;38;39;41;43;44;45;46;47;48;50;51;52;53;54;55;56;57;58;60;61;62;64;65;66;68;69;70;71;74;75;77;78;79;80;81;83;84;85;88;96;97;99,100
A0ABS1MF83,0.1016949152542373,6;30;37;48;51;54,59,2.16801389336586,1.180708857296408,0.15,5;6;13;17;24;26;37;41;43;51;53;59;64;82;100,100
A0ABS1N1S8,0.5483870967741935,1;2;5;7;8;11;12;14;15;16;17;18;20;21;24;28;30,31,2.7136558401584625,0.9380806952594297,0.84,2;3;4;5;6;8;12;13;14;15;16;18;19;20;21;23;24;25;26;27;28;29;30;31;34;35;36;37;38;39;40;41;42;43;44;46;47;48;49;50;51;52;54;55;57;58;59;60;61;62;63;64;65;66;67;69;70;71;74;75;77;78;79;80;81;82;83;84;85;86;87;88;89;90;91;92;93;94;95;96;97;98;99;100,100
A0ABS2KQI4,0.5737704918032787,1;3;6;7;9;10;11;13;15;16;17;19;20;22;24;26;27;29;31;33;37;38;39;40;41;45;46;47;49;50;51;52;53;55;56,61,2.124699716567993,1.2422251407822051,0.41,1;3;4;5;8;11;13;16;17;18;19;20;21;22;24;25;29;30;33;34;35;36;37;38;40;46;50;51;54;56;57;59;61;64;68;70;76;77;88;95;99,100
A0ABS4QNX2,0.3333333333333333,1;2;7;8;9;11;18;19;20;21;23;27;28;30;31;32;36;41;55,57,2.0894997000694273,1.0704259284161028,0.12,19;27;32;43;48;62;65;76;84;90;92;93,100
A0ABS4ZTS0,0.2826086956521739,2;5;8;14;15;17;20;22;27;30;36;40;45,46,2.4587347000837325,1.2834456891210677,0.07,7;26;29;54;66;82;96,100
A0ABS4ZW31,0.5862068965517241,2;4;5;7;8;9;11;13;15;16;17;18;19;21;22;23;25;29;31;32;34;36;37;40;42;44;46;47;48;49;51;52;56;57,58,2.241088274717331,1.237842418717795,0.48,4;7;12;13;14;17;18;19;21;22;23;24;25;26;29;32;33;35;36;37;38;39;41;42;43;45;47;49;51;55;56;57;58;61;62;63;66;68;72;74;76;77;80;82;83;84;85;93,100
A0ABS5AT52,0.023809523809523808,7,42,2.726774713397026,1.2383416350211105,0.03,67;94;96,100
A0ABS5RPE8,0.2647058823529412,4;15;18;20;21;26;29;30;34,34,2.8505079555511474,1.0972121846370524,1.0,1;2;3;4;5;6;7;8;9;10;11;12;13;14;15;16;17;18;19;20;21;22;23;24;25;26;27;28;29;30;31;32;33;34;35;36;37;38;39;40;41;42;43;44;45;46;47;48;49;50;51;52;53;54;55;56;57;58;59;60;61;62;63;64;65;66;67;68;69;70;71;72;73;74;75;76;77;78;79;80;81;82;83;84;85;86;87;88;89;90;91;92;93;94;95;96;97;98;99;100,100
A0ABS5RSN2,0.7758620689655172,1;2;3;4;5;7;9;10;11;12;13;14;15;16;17;18;20;21;22;23;25;26;27;28;29;30;32;33;34;35;36;37;38;39;42;44;47;48;50;51;53;54;55;57;58,58,2.259920144677162,1.2167923504536462,0.77,1;2;3;4;5;6;7;8;9;10;12;13;14;15;16;17;18;19;20;21;23;25;26;29;30;31;32;33;34;35;36;39;40;41;42;44;46;47;48;49;50;51;52;53;54;56;57;59;60;62;63;68;70;71;72;74;77;78;81;82;83;84;85;86;87;89;90;91;92;93;94;95;96;97;98;99;100,100
A0ABS6B2B6,0.0,,54,2.288311722278595,1.220751718545201,0.0,,100
A0ABS6B304,0.09433962264150944,13;17;30;35;44,53,2.1939257657527924,1.2476476343689602,0.2,10;15;26;27;28;30;32;35;37;41;42;48;56;59;63;64;68;72;75;94,100
A0ABS6B561,0.5,1;2;7;9;10;13;15;17;18;20;23;26;27;28;29;30;32;35;37;38;40;42;43;44,48,2.46919268488884,1.2938860707520663,0.11,20;31;39;45;59;74;78;82;95;97;100,100
A0ABS6B8N5,0.1,5;12;16;39;44,50,2.4322243756055832,1.163662965878091,0.83,1;3;4;5;7;8;10;12;13;16;17;18;19;20;21;22;23;25;27;28;29;30;31;33;36;37;38;39;40;41;42;43;44;45;46;47;48;49;50;51;52;53;54;55;56;57;58;59;60;61;62;63;64;65;66;67;68;69;70;71;72;73;74;75;76;78;79;80;81;82;83;84;85;87;88;89;92;93;94;95;97;98;99,100
A0ABS6HLI0,0.3559322033898305,2;5;8;10;14;15;17;24;25;30;40;41;42;43;44;48;51;52;54;55;56,59,2.0666245478391647,1.0361905208275097,0.72,2;3;4;5;6;8;9;10;12;15;16;18;19;20;22;23;25;26;28;30;31;32;33;34;35;36;37;39;40;41;42;43;46;47;48;49;50;51;53;54;55;56;57;58;59;61;62;63;64;66;67;69;70;71;74;75;77;78;81;82;84;85;87;88;89;90;92;95;96;97;98;99,100
A0ABS6HWS9,0.42857142857142855,3;6;7;9;10;12;14;16;18;21;25;28;30;31;34;37;39;41,42,2.781255259513855,1.2608861112007432,0.32,6;9;12;25;28;30;32;34;35;36;42;44;47;51;55;61;64;73;74;75;77;81;82;83;85;87;88;89;90;92;98;99,100
A0ABS6KMF6,0.2558139534883721,4;5;8;10;13;19;27;29;32;35;37,43,2.646977795958519,1.3387097490388944,0.19,3;5;23;24;27;29;36;41;53;59;67;72;83;84;86;87;89;90;94,100
A0ABS6KMP2,0.29411764705882354,2;9;10;13;15;16;19;24;31;37;43;45;47;50;51,51,2.4957586693763734,1.144953752136336,0.11,8;24;27;33;48;49;53;56;61;63;84,100
A0ABS7NQE0,0.2894736842105263,7;23;25;28;29;30;33;34;36;37;38,38,2.7668557351827623,1.139969742746747,0.45,1;2;3;4;5;7;11;12;13;17;19;21;22;24;27;31;34;36;42;43;45;46;48;51;52;53;54;55;58;61;63;64;66;68;72;74;75;78;79;87;88;89;91;92;93,100
A0ABS7P1E6,0.5476190476190477,1;3;8;9;11;12;13;14;16;19;20;23;27;28;30;31;33;34;36;38;39;40;42,42,2.774824974536896,1.1408713699948987,0.6,6;7;9;10;11;13;14;16;17;18;19;20;22;23;25;26;28;29;32;33;34;35;36;38;39;40;42;44;46;47;48;50;51;52;55;61;64;66;67;68;70;72;73;74;76;77;80;81;82;83;86;88;89;90;91;93;94;96;98;100,100
A0ABS7R0Q3,0.08,13;26;36;46,50,2.416188747882843,1.0553927555580849,0.06,2;8;40;52;56;58,100
A0ABS8Z8Y9,0.07142857142857142,7;15,28,2.952411285638809,1.1158489365237936,0.04,35;58;65;73,100
A0ABT0DZ76,0.2857142857142857,3;6;9;10;14;16;19;22;25;28;29;33,42,2.6331945842504503,1.2914701323603486,0.0,,100
A0ABT1GWJ1,0.3389830508474576,6;7;11;14;18;19;20;23;25;34;37;39;40;42;46;47;48;49;51;59,59,2.050161994099617,1.1316948104444433,0.54,1;3;5;9;10;16;17;18;19;21;22;23;26;28;30;31;32;33;34;35;39;41;42;48;49;50;51;53;54;57;58;59;60;61;62;64;65;66;67;68;69;73;75;78;79;83;85;87;89;90;91;92;96;97,100
A0ABT1H9N7,0.08,6;16;23;31,50,2.4920911955833436,1.1759311673517874,0.08,17;27;64;65;77;84;86;98,100
A0ABT1I9G9,0.24074074074074073,2;7;9;10;14;17;18;25;27;37;39;41;43,54,2.164234939813614,1.1603737922782573,0.62,1;2;3;4;5;6;7;8;9;10;12;13;14;15;17;19;20;21;22;27;31;33;34;35;37;38;41;43;44;45;46;47;51;53;54;56;57;58;61;64;67;68;69;71;72;73;75;76;78;79;81;83;84;85;86;87;89;90;91;93;98;99,100
A0ABT1M7B6,0.6875,1;2;3;5;6;7;9;10;11;12;13;15;16;17;18;19;21;22;23;24;25;26;29;30;32;34;37;39;41;43;44;45;48,48,2.4256007081270217,1.3562002466108574,0.62,1;2;6;7;8;13;15;17;19;20;21;22;23;25;31;32;33;35;36;38;39;40;45;46;49;50;52;53;54;57;58;60;62;64;65;67;68;69;70;71;72;73;75;76;77;78;79;80;82;83;85;86;87;88;90;91;94;95;96;98;99;100,100
A0ABT2MBH6,0.19230769230769232,4;11;12;15;16;17;19;34;43;47,52,2.3684874844551085,1.3426992407686127,0.41,2;3;5;7;10;13;18;20;21;22;23;24;26;27;34;35;37;38;39;40;45;46;47;48;49;50;51;58;59;61;66;67;69;71;75;79;82;87;89;92;99,100
A0ABT3CFH2,0.3333333333333333,4;9;11;14;16;17;18;20;27;28;31;33;34;35;36;37;38;48,54,2.3039422607421876,1.2761813658904473,0.35,6;11;21;22;25;26;27;32;33;34;37;42;44;45;49;54;55;57;58;59;61;62;66;71;72;76;83;84;85;86;88;93;97;99;100,100
A0ABT3CH10,0.375,2;4;5;6;7;8;11;14;15;18;21;23;26;29;34;35;38;43,48,2.437860806584358,1.22372821682149,0.21,3;6;8;10;23;26;29;33;43;48;56;58;65;72;81;88;89;90;91;99;100,100
A0ABT3S7W5,0.19607843137254902,3;8;12;21;24;25;32;33;34;41,51,2.410873984694481,1.1277127846992274,0.21,2;5;10;12;18;24;28;30;31;39;41;45;47;48;49;55;56;58;67;71;81,100
A0ABT3SKC9,0.7307692307692307,1;2;3;4;5;7;8;10;11;12;13;14;15;16;17;19;21;22;23,26,2.7700275778770447,0.91253031662335,0.98,1;2;3;4;5;6;7;8;9;10;11;12;13;14;15;16;17;18;19;20;21;22;23;24;25;26;27;28;29;30;31;32;33;34;35;36;37;38;39;40;41;42;43;44;45;46;47;48;49;51;52;53;54;55;56;57;58;59;60;61;62;63;64;65;66;67;68;69;70;71;72;73;74;75;76;77;78;79;80;81;82;83;84;85;86;87;88;89;90;91;92;93;94;95;96;97;98;100,100
A0ABT4HB77,0.46296296296296297,1;2;5;7;9;14;15;17;19;21;22;26;28;31;32;35;39;40;42;48;49;50;51;52;54,54,2.2988112205266953,1.220103239890685,0.12,16;23;33;37;46;49;59;65;72;80;94;99,100
A0ABT4MHH0,0.6721311475409836,1;2;4;5;6;7;8;10;11;13;15;16;17;18;19;22;24;25;26;27;28;29;33;34;36;37;38;40;42;43;44;45;46;47;50;51;52;55;56;57;60,61,2.1197380244731905,1.0631505695788148,0.84,1;2;3;4;5;6;8;9;10;11;12;13;14;15;17;18;19;20;21;22;23;25;26;27;28;29;30;31;32;33;34;35;36;38;39;40;41;42;43;44;45;46;47;48;49;51;52;53;54;55;56;57;59;60;61;64;65;66;67;68;69;71;73;74;75;76;77;78;79;80;81;82;83;84;86;87;89;91;92;94;95;96;98;99,100
A0ABT4PYE8,0.17073170731707318,6;17;19;22;34;36;38,41,2.7102313911914826,1.1829096949534357,0.26,5;11;13;14;19;23;24;31;33;39;43;44;45;50;54;55;65;68;72;73;77;80;82;93;95;98,100
A0ABT5G3U5,0.14,4;15;18;31;33;35;38,50,2.4684734857082367,1.14088449386266,0.06,18;41;52;64;70;77,100
A0ABT6CN04,0.11864406779661017,4;10;11;15;20;34;45,59,2.080284307003021,1.1159115244363507,0.09,7;8;31;32;43;45;53;68;92,100
A0ABT6GXB0,0.17307692307692307,3;6;15;21;26;29;30;38;51,52,2.285675607919693,1.147993707504703,0.12,2;3;29;37;41;43;48;59;60;79;81;99,100
A0ABT6KSA3,0.15789473684210525,1;2;18,19,3.191655282974243,1.0245434619384066,0.11,8;14;25;26;41;42;54;79;81;83;94,100
A0ABT6KTL6,0.5526315789473685,1;3;4;6;7;8;9;13;15;16;17;18;19;22;23;25;28;33;36;37;38,38,2.84338660299778,1.2618302844777305,0.9,1;2;3;5;6;7;8;9;10;11;12;13;14;15;16;17;18;19;20;21;22;24;25;26;27;28;29;30;31;32;33;34;35;36;38;39;40;42;43;44;45;46;47;48;50;51;52;53;55;56;57;58;59;60;61;62;63;64;65;66;68;69;70;71;72;73;74;75;76;77;78;79;80;81;82;83;85;86;87;88;89;90;91;92;93;94;95;96;97;98,100
A0ABT6MJ18,0.14705882352941177,2;3;7;16;19,34,2.627239158153534,1.1152211938966243,0.04,34;45;90;92,100
A0ABT6PWS8,0.32653061224489793,1;2;3;7;14;15;17;23;24;28;31;32;33;38;47;49,49,2.280377414226532,1.2515868646604997,0.51,1;3;4;6;8;9;10;11;12;14;15;18;20;21;22;27;28;30;31;32;34;35;38;39;40;41;42;45;46;48;50;54;60;61;63;65;67;75;77;78;80;82;83;85;86;88;90;91;92;99;100,100
A0ABT8HAL2,0.45,5;7;10;11;13;16;17;18;20,20,2.866637724637985,0.8886038149576829,0.24,1;4;8;11;18;21;25;27;28;39;41;43;49;57;59;62;74;78;84;85;89;92;97;99,100
A0ABT8UIQ8,0.19148936170212766,3;11;17;18;19;24;26;28;29,47,2.5059974455833434,1.286783317489254,0.38,2;8;11;15;17;19;22;23;24;25;27;33;35;40;41;46;47;48;49;51;56;60;61;68;72;74;76;79;80;81;84;85;86;91;92;93;96;97,100
A0ABU1J6J1,0.07547169811320754,7;9;13;44,53,2.3881556379795073,1.2190742372053034,0.11,30;37;52;60;65;67;83;85;91;92;99,100
A0ABU1XFG9,0.1791044776119403,16;21;23;32;34;38;47;48;51;53;58;63,67,1.9664470398426055,1.1400562188194778,0.96,1;2;3;4;5;6;7;8;9;10;11;12;13;14;15;16;17;18;19;20;21;22;23;24;25;26;28;29;30;31;32;33;34;35;36;37;38;39;40;41;42;43;44;45;46;47;49;50;51;53;54;55;56;57;58;59;60;61;62;63;64;65;66;67;68;69;70;71;72;73;74;76;77;78;79;80;81;82;83;84;85;86;87;88;89;90;91;92;93;94;95;96;97;98;99;100,100
A0ABU2T218,0.0,,32,2.710974349975586,1.1176718315679723,0.0,,100
A0ABU2TUM7,0.08928571428571429,15;19;41;49;52,56,2.1667137998342514,1.1546343423155259,0.15,6;13;19;32;33;45;58;61;62;75;77;79;83;86;93,100
A0ABU2UT33,0.3,2;4;6;7;9;16;18;21;25;29;30;35;38;42;45;53;59;60,60,2.1673871171474457,1.2477364956619825,0.96,1;2;3;4;5;6;7;8;9;10;11;12;13;14;15;16;17;18;19;20;21;22;23;24;25;26;27;28;29;30;31;32;33;34;35;36;37;38;39;40;41;42;43;44;46;47;48;49;50;51;52;53;54;55;56;57;58;59;61;62;63;64;65;66;67;68;69;70;71;72;73;74;75;76;77;78;79;80;81;82;83;84;85;86;87;89;90;91;92;93;94;95;96;97;99;100,100
A0ABU4B4H7,0.23255813953488372,4;11;12;17;18;26;30;33;37;43,43,2.635009628534317,1.354638789975431,0.28,6;9;10;14;16;17;23;24;26;30;38;42;48;55;61;64;65;67;68;69;70;78;81;83;86;88;91;94,100
A0ABU4BCL6,0.56,3;4;5;6;7;8;11;12;16;18;20;21;22;23;24;25;29;32;33;36;38;39;42;43;45;48;49;50,50,2.4707508331537245,1.2119214159374316,0.56,1;4;5;6;7;8;9;13;14;15;16;17;18;20;21;22;23;24;26;28;30;31;32;34;37;38;41;42;43;45;46;49;50;51;52;56;59;62;63;64;68;69;70;71;78;79;80;81;87;89;90;92;94;96;97;99,100
A0ABU4D5Q4,0.5,6;7;11;14;17;19;21;22;24;26;27;28;31;32;34;35;37;39;41;43;44;45;47;50;51;53;54,54,2.349953041672707,1.2737719492286679,0.94,1;2;3;4;5;6;7;8;9;10;11;12;13;14;15;16;17;18;19;20;21;22;23;24;25;26;27;28;29;30;31;32;33;34;35;36;37;38;39;40;41;42;43;44;45;46;47;48;49;50;51;52;53;54;55;56;58;59;60;61;62;63;64;65;66;67;69;70;71;72;73;74;75;76;78;79;80;81;82;83;84;85;87;88;89;90;91;92;93;94;95;96;97;99,100
A0ABU5XGE3,0.5882352941176471,2;3;5;6;7;8;10;11;15;16;17;19;21;25;26;28;29;33;35;36;37;38;41;42;44;45;47;48;49;50,51,2.3069239974021913,1.1877754897305979,0.61,1;4;5;6;9;10;12;13;16;18;19;22;23;24;25;27;29;30;31;32;34;38;39;41;42;43;44;45;47;48;49;50;51;52;55;56;60;61;62;67;68;69;70;71;72;73;78;79;83;84;86;87;88;90;91;92;93;96;98;99;100,100
A0ABU5XMQ5,0.47368421052631576,1;2;5;6;7;10;12;13;15;16;18;19;20;22;25;30;31;35;36;38;41;43;46;48;50;54;55,57,2.2566260361671446,1.3123730916623197,0.18,1;2;11;18;19;26;30;36;38;44;48;49;55;62;73;79;83;95,100
A0ABU5XT42,0.6333333333333333,1;2;4;5;8;9;10;11;13;14;16;17;18;19;20;22;23;26;27;31;34;35;36;37;38;40;41;42;46;47;50;51;52;55;57;58;59;60,60,2.1284324967861177,1.1233099797900796,0.32,2;3;4;7;15;16;18;20;23;28;29;34;41;42;43;45;48;55;56;58;63;64;67;69;75;77;82;88;90;92;96;98,100
A0ABU5Y1S8,0.6037735849056604,1;2;3;4;6;9;10;11;15;16;17;18;19;20;22;23;24;25;26;27;29;32;35;36;37;39;42;45;49;50;51;52,53,2.2717208808660505,1.2736419062613973,0.65,1;2;3;4;5;6;7;8;10;11;12;13;14;15;16;18;19;20;23;24;25;26;28;29;31;35;36;37;38;39;41;43;44;47;49;50;51;52;53;54;56;57;58;59;60;62;64;66;67;68;71;72;75;77;78;79;85;86;87;90;92;93;95;97;98,100
A0ABU5YQP4,0.48148148148148145,1;4;8;9;10;14;15;20;25;27;28;30;31;32;34;35;36;38;39;41;44;46;47;50;52;54,54,2.2960312581062317,1.3279925816791296,0.72,3;4;7;8;9;10;11;12;13;14;16;17;18;19;20;21;22;26;28;30;32;33;34;36;38;42;43;44;45;46;47;48;50;51;52;53;55;56;57;58;59;60;61;62;63;64;65;66;69;70;71;73;74;75;77;79;80;81;82;83;84;86;87;88;89;90;91;93;95;96;97;100,100
A0ABU5YW85,0.3333333333333333,1;3;5;6;8;10;16;18;24;27;31;32;33;37;38;39,48,2.5222238558530807,1.2252312015882496,0.31,1;4;8;9;14;15;27;30;32;35;36;40;41;43;44;45;46;52;53;59;68;70;74;75;79;82;83;84;89;91;98,100
A0ABU6ARK2,0.26153846153846155,3;5;6;14;15;16;20;34;41;43;49;51;55;56;58;59;60,65,2.1067302227020264,1.2579211086135746,0.52,1;4;7;8;9;12;13;14;15;16;18;19;21;22;24;25;26;28;29;31;32;33;34;37;41;44;46;47;49;53;55;56;57;58;59;62;63;64;67;68;69;73;75;83;85;87;88;92;95;97;98;100,100
A0ABU7WS67,0.5806451612903226,2;3;4;5;7;8;9;11;12;13;14;17;19;22;24;25;26;30;32;35;36;37;39;41;42;44;46;47;49;50;51;54;55;56;57;62,62,2.1521283757686613,1.2600666471589232,0.93,1;2;3;4;5;6;7;9;10;11;12;13;14;15;16;17;19;20;21;22;23;24;26;27;28;29;30;31;32;33;34;35;36;38;39;40;41;42;44;45;46;47;48;49;50;51;52;53;54;55;56;57;58;59;60;61;62;63;64;65;66;68;69;71;72;73;74;75;76;77;78;79;80;81;82;83;84;85;86;87;88;89;90;91;92;93;94;95;96;97;98;99;100,100
A0ABU7WS89,0.4807692307692308,1;2;4;5;6;7;9;10;12;13;15;16;18;23;24;25;26;28;32;34;35;39;43;49;52,52,2.2972755086421968,1.175278598512869,0.37,1;4;6;7;10;11;12;15;17;18;19;21;23;24;28;29;30;33;34;35;39;40;45;49;58;59;60;61;65;66;76;83;85;86;88;96;98,100
A0ABU8RZH5,0.21212121212121213,1;2;4;7;10;12;30,33,2.902839685678482,1.0271299022827332,0.27,2;15;17;21;24;26;32;34;35;42;44;47;48;52;56;65;69;70;72;77;78;79;80;81;83;93;95,100
A0ABU9CVT7,0.5789473684210527,3;7;8;10;11;15;16;17;18;19;21;22;23;24;29;31;32;33;34;36;37;39;40;43;44;45;46;47;48;50;51;54;57,57,2.320926262140274,1.0862981547450279,0.7,1;2;3;4;5;6;7;8;9;10;11;12;13;14;15;17;19;20;21;22;23;24;25;26;27;28;29;32;33;35;36;38;40;41;43;44;45;46;47;48;49;50;51;53;54;56;57;58;59;60;63;64;65;66;67;68;69;72;73;75;77;78;80;84;89;91;92;93;96;99,100
A0ABV1XJ74,0.5892857142857143,1;5;9;10;13;14;15;16;18;19;20;22;23;24;26;27;28;31;32;33;34;36;37;38;39;41;42;44;46;51;54;55;56,56,2.404051362276077,1.156403645420384,0.98,1;2;3;4;5;6;7;8;9;10;11;12;13;14;16;17;18;19;20;21;22;23;24;25;26;27;28;29;30;31;32;33;34;35;36;37;38;39;40;41;42;43;44;45;46;47;48;49;50;51;52;53;54;55;56;57;58;59;60;61;62;63;64;65;66;67;68;69;70;71;72;73;74;75;76;77;78;79;80;81;82;83;84;85;86;87;88;89;90;91;92;94;95;96;97;98;99;100,100
A0ABV2WK41,0.6153846153846154,2;3;4;6;10;12;13;14;15;16;17;22;23;25;28;29;30;31;32;33;34;35;36;39,39,2.6197781014442443,1.066155805834771,0.15,12;22;33;36;38;44;52;53;74;75;81;86;87;97;100,100
A0ABV2XGH3,0.2727272727272727,4;9;10;13;17;28;29;31;36;39;40;43;46;49;55,55,2.3289188212156295,1.2108293190700168,0.32,1;5;8;11;15;19;20;25;29;33;36;37;41;43;45;49;50;59;65;68;69;75;76;78;80;82;88;92;93;95;97;100,100
A0ABV3F2R5,0.5333333333333333,1;6;7;9;13;14;15;16;17;18;19;23;24;27;28;34;35;37;38;40;41;44;45;49;50;51;52;54;56;57;58;60,60,2.2061164915561675,1.0847354731417922,0.43,1;2;3;4;7;8;9;10;11;12;13;15;18;20;23;24;25;28;30;31;32;33;34;38;41;43;44;45;53;57;58;62;64;68;69;70;73;78;81;83;85;91;92,100
A0ABV3VAG8,0.4482758620689655,1;10;11;15;17;23;24;27;28;29;31;32;33;39;40;41;44;46;47;48;50;51;52;53;55;56,58,2.158315007686615,1.162488706549565,0.83,1;2;3;5;6;7;8;9;10;11;12;14;15;16;18;19;20;21;22;23;24;25;26;27;28;29;30;31;32;33;34;35;36;38;39;40;41;44;47;49;51;52;54;55;56;57;58;59;60;61;62;63;64;65;66;67;68;69;70;71;72;73;74;75;77;78;79;81;83;84;86;87;88;89;91;92;93;94;95;96;97;98;100,100
A0ABV3VN90,0.5365853658536586,3;4;7;8;9;12;13;15;16;17;18;19;20;22;23;24;26;28;30;32;34;36,41,2.7685308611392974,1.2268505800572431,0.19,5;13;14;16;17;22;28;35;57;68;71;72;73;76;80;82;85;86;98,100
A0ABV4C2Z2,0.22641509433962265,1;3;5;9;23;36;37;44;45;48;50;53,53,2.2455558359622954,1.1790599204615695,0.27,7;12;14;16;17;19;20;22;28;29;32;39;44;54;58;60;67;68;80;82;83;84;85;89;91;95;96,100
A0ABV6MMA8,0.4098360655737705,1;5;6;9;14;15;17;18;21;22;23;26;28;31;35;37;38;40;44;46;47;49;50;56;57,61,2.008224976062775,0.9991489892557035,0.75,1;2;3;4;5;6;7;8;9;10;12;13;14;16;17;18;20;21;22;24;25;26;27;28;29;30;31;33;34;35;36;37;38;39;41;42;43;44;45;46;47;48;50;51;52;53;55;56;57;58;59;60;63;64;65;66;67;68;69;70;71;72;73;74;75;79;80;81;83;84;85;87;90;91;100,100
A0ABV6V4L7,0.6041666666666666,5;7;9;12;13;14;15;16;18;19;20;22;25;26;27;28;30;31;32;37;38;39;40;41;43;44;45;47;48,48,2.3091503912210465,1.1557007447526868,0.98,1;2;3;4;5;6;7;8;9;10;11;12;13;14;16;17;18;19;20;21;22;23;24;25;26;27;28;29;30;31;32;33;34;35;36;37;38;39;40;41;42;43;44;45;46;47;48;49;50;51;52;53;54;55;56;57;58;59;60;61;62;63;64;65;66;67;68;69;70;71;72;73;74;75;76;77;78;79;80;81;83;84;85;86;87;88;89;90;91;92;93;94;95;96;97;98;99;100,100
A0ABV6XEA6,0.6911764705882353,2;3;6;7;8;9;11;13;17;19;20;21;22;23;24;26;27;29;30;31;33;35;36;37;38;39;42;43;44;46;47;48;49;50;52;53;54;55;56;57;58;59;61;63;64;65;66,68,1.8129614013433457,1.0107338826518932,0.98,1;2;3;4;5;6;7;8;9;10;11;12;13;14;15;16;17;18;19;20;21;22;23;24;25;26;27;28;29;30;31;32;34;35;36;37;38;39;40;41;42;43;44;45;46;47;48;49;50;51;52;53;54;55;56;57;58;59;60;62;63;64;65;66;67;68;69;70;71;72;73;74;75;76;77;78;79;80;81;82;83;84;85;86;87;88;89;90;91;92;93;94;95;96;97;98;99;100,100
A0ABV8VFU1,0.3389830508474576,2;10;14;18;20;22;23;25;28;29;33;36;38;41;43;44;45;47;49;55,59,2.1883287835121155,1.3075644610791317,0.53,1;2;3;4;5;6;8;9;10;11;12;13;14;17;19;20;22;26;27;28;29;30;34;38;39;40;42;49;51;52;56;58;59;60;61;63;64;66;68;70;71;77;79;82;84;85;86;89;90;92;97;98;99,100
A0ABV9A5N2,0.5384615384615384,2;3;6;8;9;11;14;15;16;18;21;22;26;32;35;38;39;40;41;42;43;44;45;46;47;50;51;52,52,2.256021286845207,1.1123104124415044,0.77,1;3;4;5;6;7;8;10;11;12;13;14;15;16;17;19;20;22;23;24;25;26;27;29;30;32;33;34;35;36;37;38;39;40;41;42;43;46;47;48;50;51;52;53;54;55;56;57;58;59;61;64;66;68;69;70;71;73;75;77;78;79;81;82;83;84;85;87;88;90;91;92;93;96;97;98;99,100
A0ABV9EQP6,0.038461538461538464,11;16,52,2.221981256008148,0.8156671041073575,0.61,2;4;6;10;11;15;18;19;20;22;24;28;29;32;33;34;36;38;39;40;41;42;43;45;47;48;50;52;53;56;57;58;59;60;62;63;64;65;67;68;70;72;75;76;77;78;80;81;82;83;84;85;86;87;91;94;95;96;97;99;100,100
A0ABW0AKB8,0.26153846153846155,2;5;6;8;10;11;12;13;16;23;24;31;33;45;48;51;56,65,2.141868302822113,1.1847055778596316,0.32,2;4;5;8;11;14;17;21;22;24;25;26;28;30;31;32;38;42;48;51;54;55;59;64;65;66;73;75;80;82;83;87,100
A0ABW1EUK8,0.16417910447761194,3;11;19;28;29;35;38;42;63;65;66,67,2.1276320385932923,1.2365602846766917,0.32,1;2;3;7;8;11;13;14;15;30;31;34;37;38;39;42;46;47;53;54;64;65;70;72;73;74;77;79;81;85;94;95,100
A0ABW1JN02,0.0,,61,2.2848608481884,1.2763377803018503,0.0,,100
A0ABW2P8T1,0.38333333333333336,1;4;5;11;12;16;19;20;24;25;26;27;33;37;38;39;40;45;47;49;52;53;60,60,2.0690086275339126,1.125041025856693,0.61,5;6;7;8;9;15;17;19;25;26;28;29;30;31;32;33;34;36;37;38;39;40;41;42;43;44;45;47;48;52;53;54;55;58;59;61;62;63;66;68;69;73;74;75;76;78;79;80;81;82;83;84;85;89;90;92;93;95;96;97;98,100
A0ABW3GAX3,0.25,2;4;5;6;10;18;22;25;27;28;37;39;50,52,2.33710363805294,1.279509133325003,0.39,2;3;4;5;6;7;8;10;11;12;13;14;16;18;19;21;23;24;26;29;30;31;36;38;44;45;46;47;48;51;52;55;60;73;79;80;83;85;86,100
A0ABW6NT79,0.09375,7;8;25;30;37;41,64,1.9924830842018126,1.2578897064176129,0.01,53,100
A0ABW6P5Z0,0.3709677419354839,3;6;7;18;19;21;22;25;26;27;28;29;32;33;38;40;44;47;48;51;56;58;61,62,2.0996896636486055,1.0975418473093066,0.79,1;2;4;5;6;9;10;11;12;13;14;15;16;19;20;21;22;23;24;26;27;28;30;31;33;34;36;37;38;39;41;42;43;44;45;46;47;48;49;50;51;52;53;54;56;57;58;59;60;61;62;63;65;66;67;68;69;70;71;72;73;75;76;77;78;81;82;83;84;87;89;90;92;93;94;95;97;98;100,100
A0ABW6PLC4,0.5087719298245614,2;5;8;9;10;11;12;14;16;17;18;19;20;21;22;25;26;27;28;31;34;35;37;39;42;43;46;54;55,57,2.2055340176820755,1.265781686286844,0.6,1;2;3;4;5;7;8;10;11;12;13;14;15;16;17;18;21;22;25;28;29;31;33;36;37;38;40;41;42;43;46;48;49;52;55;57;58;60;61;62;64;67;70;73;74;75;77;79;80;82;84;86;87;89;94;95;96;97;99;100,100
A0ABW6R4U0,0.35185185185185186,1;2;4;5;15;18;19;20;21;22;26;27;28;31;32;41;43;44;54,54,2.3929464620351792,1.1899890141751748,0.61,1;2;3;5;6;7;9;10;11;12;13;14;15;16;20;21;25;26;27;30;33;34;35;37;38;39;41;43;44;48;49;50;52;53;54;55;56;58;62;63;64;65;68;69;70;71;73;76;77;81;86;87;88;89;90;92;93;94;96;97;100,100
A0ABW6RDE0,0.39473684210526316,2;4;5;7;8;13;14;16;17;18;22;24;25;27;34,38,2.631670963168144,1.170114327199337,0.29,5;6;8;11;12;16;18;20;27;29;30;32;35;40;45;47;48;49;51;52;56;58;62;72;79;85;87;88;94,100
A0ABW6RV11,0.7755102040816326,1;2;3;4;5;6;7;8;9;11;13;14;15;16;19;20;21;22;23;25;26;27;28;29;30;32;33;35;36;37;38;39;40;41;42;43;45;49,49,2.6003667509555815,1.4117722849157315,0.8,1;2;3;4;5;6;7;9;10;11;12;13;14;15;16;17;20;21;23;24;25;27;28;29;30;31;32;34;35;36;37;38;39;40;41;43;44;45;47;49;50;51;52;53;54;55;56;58;59;62;63;64;65;66;67;68;69;71;72;73;74;75;76;77;79;81;83;85;87;88;89;90;91;92;93;94;95;98;99;100,100
A0ABW6S3H3,0.1509433962264151,3;6;8;14;15;19;25;26,53,2.3846669358015062,1.258883875600592,0.1,3;21;36;61;63;68;69;82;89;97,100
A0ABW6S8I6,0.10526315789473684,4;5;14;40;42;56,57,2.232127206325531,1.2032436308625336,0.0,,100
A0ABW6S9H6,0.4318181818181818,1;2;3;6;7;9;10;11;12;18;19;20;21;26;27;32;34;39;43,44,2.659737943410873,1.163830829573131,0.25,1;5;6;17;19;22;24;26;28;32;40;41;48;50;59;62;66;68;71;73;78;82;96;98;100,100
A0ABW6S9K2,0.4186046511627907,5;8;12;14;20;23;26;28;29;30;32;33;36;37;39;40;42;43,43,2.549270514845848,1.2362702301169495,0.05,41;78;84;86;91,100
A0ABW6TDD8,0.12307692307692308,8;11;19;34;46;47;56;61,65,2.0355047768354417,1.1586289640198821,0.12,1;2;5;8;31;40;65;76;79;91;95;100,100
A0ABW7R617,0.2926829268292683,3;4;6;8;11;15;16;18;19;20;21;35,41,2.558548562526703,1.0436896457238427,0.2,6;17;20;27;29;33;47;51;53;54;57;58;59;69;81;92;95;96;97;99,100
A0ABW7VTR0,0.5416666666666666,1;3;4;8;11;12;16;17;18;19;22;23;24,24,2.7978824484348297,0.9288456167098934,0.71,2;3;4;5;6;7;8;9;10;11;12;13;16;19;21;23;24;26;27;28;30;31;32;33;34;35;36;41;42;43;44;45;46;47;49;50;52;54;55;56;58;59;60;61;63;64;65;67;71;72;73;74;75;76;79;80;82;83;86;87;88;89;90;91;92;93;95;96;97;99;100,100
A0ABW7WFK0,0.3584905660377358,1;8;11;13;15;16;19;20;27;29;31;39;44;45;47;48;49;51;52,53,2.3755821990966797,1.3815193993000938,0.68,1;2;4;5;7;8;9;10;11;12;13;14;16;17;18;20;22;23;25;26;27;28;29;30;31;32;34;35;37;38;39;40;41;42;44;46;47;48;49;50;51;52;53;58;59;60;62;65;66;67;68;69;71;76;77;78;79;80;82;84;85;86;87;88;91;94;95;100,100
A0ABW7X529,0.2,4;5;6;8;10;16;20;23;33;39,50,2.367992024421692,1.2608183595168139,0.29,5;6;9;13;17;19;22;24;25;29;33;36;40;42;48;51;52;54;67;73;74;77;84;85;88;89;90;95;99,100
A0ABW9FXS8,0.4,1;2;3;4;5;6;8;9;11;12;15;17;20;23;24;27;29;35,45,2.453067045211792,1.2438819669651984,0.12,1;7;17;20;34;35;42;53;56;58;88;89,100
A0ABW9HJC1,0.125,1;5;8;13;20;41,48,2.503273134827614,1.3535965302364685,0.07,3;28;67;82;83;93;99,100
A0ABW9L2Z5,0.7962962962962963,1;2;3;4;5;6;7;8;9;10;12;13;14;15;16;17;18;19;20;21;22;23;24;25;26;27;29;30;31;32;33;35;36;39;40;41;43;44;45;48;50;51;52,54,2.4553719276189803,1.3591280963719248,0.97,1;2;3;4;5;6;7;8;9;10;11;12;13;14;15;16;17;18;19;20;21;22;23;24;25;26;27;28;29;30;31;32;33;34;35;36;37;38;39;40;41;42;43;44;45;46;47;48;49;50;51;52;53;54;55;56;57;58;59;60;61;62;63;64;65;66;67;68;69;70;71;72;73;74;75;76;77;78;79;80;81;83;84;85;86;87;88;89;90;92;93;94;95;96;97;98;99,100
A0ABW9L5T4,0.058823529411764705,10;13,34,2.7253770512342452,1.250091786195626,0.01,10,100
A0ABW9M0T7,0.72,1;2;4;6;7;9;11;13;15;16;17;18;19;21;23;25;26;27;28;29;31;33;34;35;36;37;38;40;43;44;45;46;47;48;49;50,50,2.3689500880241394,0.9670824210206038,0.97,1;2;3;4;5;6;7;8;9;10;11;12;13;14;15;16;17;18;19;20;21;22;23;24;25;26;27;28;29;30;31;32;33;34;35;36;37;38;39;40;41;43;44;45;46;47;48;50;51;52;53;54;55;56;57;58;59;60;61;62;63;64;65;66;67;68;69;70;71;72;73;74;75;76;77;78;79;80;81;82;83;84;85;86;87;88;89;90;91;92;94;95;96;97;98;99;100,100
A0ABW9M0U1,0.14634146341463414,5;6;11;15;25;40,41,2.5342887300252914,1.1814793081262496,0.15,8;35;37;40;43;50;62;64;66;68;71;75;76;97;98,100
A0ABX0CLH8,0.1323529411764706,11;15;19;21;25;45;48;56;57,68,1.957529849410057,0.9498523487537748,0.06,20;25;42;65;74;80,100
A0ABX2JV81,0.24615384615384617,1;4;8;12;16;17;21;22;30;33;34;35;37;45;46;65,65,1.9647782886028289,1.2252514232469298,0.22,3;4;8;10;12;16;19;21;25;41;52;55;56;57;62;64;68;70;79;82;87;89,100
A0ABX3BV59,0.5428571428571428,2;3;5;10;11;14;15;17;21;22;23;24;25;26;27;29;31;32;34,35,2.7439185106754302,1.2129300796814042,0.27,2;5;7;11;12;19;33;37;46;47;50;51;55;56;61;62;63;67;68;70;71;72;88;90;91;98;100,100
A0ABX3BV79,0.22641509433962265,7;14;19;21;32;35;37;40;41;47;50;53,53,2.4419257283210754,1.289947466899043,0.81,1;2;3;4;5;8;9;10;11;12;13;14;15;16;17;18;19;20;22;25;26;28;29;30;31;32;33;34;36;37;38;40;41;43;44;46;47;48;49;50;51;52;53;54;55;56;58;59;60;61;62;63;64;65;66;67;68;69;70;71;72;74;75;76;78;80;81;82;85;86;87;88;91;92;94;95;96;97;98;99;100,100
A0ABX3C2C3,0.6865671641791045,2;3;4;5;6;7;8;9;10;11;12;14;16;17;18;19;21;22;24;25;26;27;29;31;33;34;35;36;37;38;40;42;43;45;46;48;51;52;53;55;58;59;61;65;66;67,67,1.9048870408535004,1.2547091594136488,0.84,1;2;5;6;7;8;9;10;11;12;13;14;15;17;19;20;21;22;23;24;28;29;31;32;33;34;35;36;37;38;39;40;41;42;43;44;45;46;47;50;51;52;53;55;56;57;58;59;60;61;62;63;64;65;66;67;69;70;71;72;73;75;76;77;78;79;80;81;83;84;85;86;87;88;89;90;91;92;93;95;97;98;99;100,100
A0ABX3C6K0,0.42592592592592593,7;9;11;13;15;17;18;20;21;22;25;28;31;32;33;34;37;39;40;41;42;48;53,54,2.152337272167206,1.0545100385093626,0.36,4;7;8;14;15;16;22;23;25;28;30;31;33;41;43;47;51;52;55;57;58;59;61;62;65;67;70;72;75;83;86;89;95;98;99;100,100
A0ABX3RCA5,0.225,1;2;3;10;13;18;22;29;40,40,2.6532742792367934,1.3461277714455298,0.19,5;19;25;44;46;50;51;55;68;73;76;77;81;85;86;91;93;94;99,100
A0ABX3RX86,0.030303030303030304,35;52,66,1.9546139818429946,1.1294814390164247,0.62,1;3;4;5;6;7;8;10;11;12;14;15;16;18;20;24;25;26;28;29;31;33;34;36;37;39;41;42;44;45;46;49;50;51;53;55;56;58;59;61;63;65;66;67;68;69;71;72;73;74;75;79;83;84;88;89;93;94;96;97;98;100,100
A0ABX3SQI7,0.24615384615384617,3;6;8;10;15;18;19;22;34;38;41;42;46;54;55;57,65,1.8644391453266145,0.9982345106995549,0.11,18;25;26;28;37;47;56;66;70;71;75,100
A0ABX3T0P8,0.54,2;3;4;6;7;9;11;16;19;20;21;25;27;28;30;32;33;35;36;37;38;39;40;41;42;45;47,50,2.318802578449249,1.1810373634686355,0.41,3;4;7;10;12;13;15;17;19;20;23;24;25;27;32;33;34;35;38;41;42;44;51;56;60;63;67;70;71;73;75;80;83;85;86;87;91;92;94;95;98,100
A0ABX3T954,0.3220338983050847,9;10;12;14;15;18;21;24;29;30;35;38;44;46;47;48;51;52;55,59,2.0945062881708143,1.323076473287358,0.61,1;3;4;5;6;7;8;9;10;11;12;14;16;17;18;19;21;23;24;26;28;29;32;33;34;35;36;37;39;41;42;45;46;47;53;56;57;58;59;60;61;62;63;65;66;68;69;70;71;73;75;78;81;82;85;86;87;88;92;93;96,100
A0ABX3TLS6,0.32727272727272727,1;2;4;6;7;13;16;20;21;22;28;29;30;34;36;49;51;55,55,2.30256027340889,1.2330573528371775,1.0,1;2;3;4;5;6;7;8;9;10;11;12;13;14;15;16;17;18;19;20;21;22;23;24;25;26;27;28;29;30;31;32;33;34;35;36;37;38;39;40;41;42;43;44;45;46;47;48;49;50;51;52;53;54;55;56;57;58;59;60;61;62;63;64;65;66;67;68;69;70;71;72;73;74;75;76;77;78;79;80;81;82;83;84;85;86;87;88;89;90;91;92;93;94;95;96;97;98;99;100,100
A0ABX3VAQ3,0.6666666666666666,1;4;6;7;8;9;11;12;13;14;15;16;17;18;19;20;21;23;25;28;29;32;33;35;36;37;38;39;40;42;45;47;48;50,51,2.4227019464969635,1.1663053643083978,0.73,1;2;3;4;5;6;7;8;9;10;11;12;13;14;16;17;18;19;20;21;23;27;28;32;34;35;37;38;39;41;42;44;45;46;50;51;52;54;55;56;57;59;60;62;64;65;67;68;70;71;72;73;74;75;77;78;79;81;82;84;86;87;88;89;90;91;92;93;94;96;97;99;100,100
A0ABX3VJI1,0.3584905660377358,3;11;12;13;14;17;20;21;30;31;34;35;38;40;41;42;43;44;49,53,2.252749952673912,1.2483629171823283,0.27,3;5;13;16;20;24;25;27;29;34;48;49;50;52;55;56;57;59;69;74;77;81;82;83;89;98;100,100
A0ABX4V4X1,0.34615384615384615,2;3;4;5;7;9;13;15;18;19;22;25;26;33;35;36;48;50,52,2.3270017594099044,1.2201550873448774,0.13,2;9;28;32;40;42;46;57;62;77;86;89;95,100
A0ABX6HJR3,0.6029411764705882,1;3;5;6;10;11;12;15;16;17;18;20;21;23;25;27;28;29;31;33;34;35;36;38;39;40;41;44;45;46;49;51;52;53;54;56;58;62;64;66;67,68,2.040104791522026,1.29831822392467,0.92,1;2;3;4;5;6;7;8;10;11;12;13;14;15;16;17;19;20;21;22;23;25;26;27;28;29;30;31;32;33;34;35;36;37;38;39;40;41;42;43;45;46;47;48;49;51;52;53;54;55;56;58;59;60;61;62;63;64;65;66;67;68;69;70;71;72;73;74;75;76;77;78;79;80;81;82;84;85;86;87;88;89;90;91;93;94;95;96;97;98;99;100,100
A0ABX7RQ37,0.10416666666666667,11;23;28;34;44,48,2.4247206485271455,1.1187982431942625,0.01,97,100
A0ABX8CHF2,0.5072463768115942,4;7;8;9;10;11;13;14;15;16;17;18;19;21;22;25;26;30;32;33;35;38;39;43;48;49;56;58;59;60;64;65;66;67;68,69,1.823389949798584,1.1501582357068014,0.4,1;4;6;7;8;9;12;13;15;16;17;19;20;22;23;25;28;29;31;32;33;34;35;44;46;49;51;56;57;58;61;70;71;75;79;80;83;84;85;94,100
A0ABX8QPS0,0.06349206349206349,4;12;16;32,63,1.9899321627616882,1.1577532760397227,0.03,11;25;85,100
A0ABX8REJ1,0.46153846153846156,1;2;3;4;5;6;7;9;12;13;14;17;22;23;25;26;27;28;29;33;34;37;44;51,52,2.317629461884499,1.2223233018518638,0.48,1;2;3;5;7;8;9;11;12;15;16;19;27;34;35;37;42;43;44;46;47;49;52;53;56;57;58;61;63;65;66;67;68;70;74;79;80;81;83;84;86;87;88;89;91;93;96;99,100
A0ABX8REM5,0.46153846153846156,7;9;11;12;13;14;15;17;18;21;23;27;29;30;33;34;36;37;38;40;41;44;46;47;48;51;52;57;61;63,65,1.9902614951133728,1.07711568884,0.88,1;3;4;5;6;7;8;9;10;11;12;13;14;15;16;18;19;20;21;22;23;24;25;26;27;28;29;30;31;32;33;34;35;36;37;38;39;40;41;42;44;45;46;47;49;50;51;52;53;55;56;57;59;61;62;63;64;65;66;67;68;69;71;74;75;76;77;78;79;81;82;83;84;85;86;87;88;89;90;92;93;94;95;96;97;98;99;100,100
A0ABX8VN38,0.36363636363636365,6;8;9;10;11;13;21;25;26;27;28;32;34;35;36;40;44;46;49;51,55,2.278345276713371,1.25574886064062,0.49,1;3;6;9;10;11;12;13;14;15;17;20;23;24;25;27;28;29;32;33;34;35;42;45;46;48;49;51;57;61;64;65;68;69;71;72;74;75;77;79;80;81;84;87;91;95;96;99;100,100
A0ABY2G9V5,0.26,1;5;12;14;18;21;23;32;38;39;41;44;48,50,2.4105562591552734,1.2588451910261478,0.47,4;9;11;12;15;17;18;23;24;27;28;29;31;36;43;44;45;46;49;52;58;60;61;62;64;65;68;69;70;71;73;74;75;76;78;79;81;82;85;86;88;93;95;96;97;98;100,100
A0ABY3TX45,0.15,10;12;14;17;18;30;33;34;56,60,2.121536676287651,1.1736407315118704,0.32,1;6;9;10;12;14;20;25;27;32;33;37;41;43;48;49;50;52;56;60;66;68;69;71;74;78;81;82;90;93;99;100,100
A0ABY3TZG2,0.5098039215686274,1;2;3;4;7;8;9;10;11;12;14;15;16;17;20;22;23;24;25;29;30;34;38;47;48;51,51,2.4134095871448515,1.1779235276606634,0.85,1;2;4;5;6;7;8;9;10;12;14;15;16;18;19;20;21;22;23;24;25;27;28;29;30;31;32;33;34;35;36;37;38;39;40;41;42;43;44;45;46;47;49;50;51;52;53;54;55;56;58;59;60;61;63;65;66;67;68;69;70;72;73;74;75;76;77;78;82;83;84;85;86;87;88;89;90;91;92;93;94;96;97;98;99,100
A0ABY3USZ0,0.5476190476190477,2;3;4;8;10;11;13;14;15;17;18;20;21;22;23;24;25;26;32;33;34;35;42,42,2.620927083492279,1.1293027751749263,0.96,1;2;3;5;6;8;9;10;11;12;13;14;15;16;17;18;19;20;21;22;23;24;25;26;27;28;29;30;31;32;33;34;35;36;37;38;39;40;41;42;43;44;45;46;47;48;49;50;51;52;53;54;55;56;57;58;59;60;61;62;63;64;65;66;67;68;69;70;71;72;73;74;75;77;78;79;80;81;82;83;84;85;86;87;88;89;90;91;92;93;94;95;96;97;98;100,100
A0ABY3UXN4,0.6756756756756757,1;2;3;5;6;7;8;9;10;11;12;13;15;16;17;20;22;23;25;26;27;28;29;31;32,37,2.669861834049225,1.0035166108977152,0.4,2;3;4;5;6;11;13;17;19;22;25;27;28;29;31;36;43;45;50;51;58;59;60;62;64;66;68;70;76;78;81;83;84;86;87;90;92;93;96;97,100
A0ABY3UYZ5,0.08695652173913043,12;17;23;40,46,2.57101225733757,1.1872978375211811,0.03,8;56;85,100
A0ABY3V8K0,0.09433962264150944,6;23;34;43;52,53,2.1718740463256836,1.1824422597926658,0.02,48;52,100
A0ABY3VE79,0.3157894736842105,3;9;12;15;18;19;22;24;26;27;32;38,38,2.6200687021017073,1.261342921745624,0.5,1;4;5;6;8;11;12;13;14;17;19;20;21;22;23;24;26;28;29;33;36;37;39;44;48;49;50;54;55;61;62;63;64;66;68;73;75;77;78;80;81;83;84;85;89;90;93;94;97;98,100
A0ABY3VMA4,0.2830188679245283,2;4;6;10;12;19;31;33;34;35;37;38;40;50;53,53,2.2867626291513443,0.9372979646775338,0.68,1;3;5;6;7;8;11;12;13;14;16;18;19;20;21;22;25;28;29;30;31;33;36;37;38;39;41;42;43;44;45;46;47;48;49;50;51;53;54;55;56;57;59;63;64;66;67;68;69;71;72;73;74;76;80;82;83;86;89;90;91;92;94;95;96;97;98;100,100
A0ABY4M3X2,0.47368421052631576,2;3;4;6;10;12;14;17;19;21;26;27;29;31;32;33;34;36;37;38;39;43;44;46;47;48;52,57,2.1197175222635267,1.1934646291755826,0.53,2;4;5;6;8;9;15;16;17;20;21;22;24;27;28;29;32;37;38;39;41;43;44;49;51;53;54;57;59;60;61;62;68;69;70;72;73;74;75;80;81;82;83;86;87;91;92;94;95;96;97;98;100,100
A0ABY4QIH6,0.17647058823529413,1;2;18;20;23;24;32;41;46,51,2.6319878339767455,1.2481720010753659,0.44,1;5;8;9;10;12;13;14;20;27;28;29;34;35;37;38;39;41;42;44;46;47;49;51;52;58;60;62;64;65;68;70;71;72;73;74;75;78;79;82;85;86;89;94,100
A0ABY6RGT5,0.8636363636363636,1;2;3;4;5;6;7;8;9;10;11;12;13;14;15;16;17;18;20;22;23;24;25;26;27;29;30;31;32;33;35;36;38;39;40;41;43;44,44,2.606201460361481,1.09889177342472,0.75,1;2;4;5;6;7;8;10;11;12;14;16;17;18;20;21;22;24;25;26;27;28;30;31;32;34;36;37;39;40;41;42;43;44;45;46;47;49;50;51;52;53;55;57;58;61;62;63;64;65;66;67;69;70;71;73;75;76;77;78;80;81;82;84;85;86;87;88;89;90;91;92;93;94;96,100
A0ABY7PX64,0.42857142857142855,1;2;3;4;6;7;11;13;14;18;19;20;22;23;26;30;31;34;35;38;39;43;50;56,56,2.284921340942383,1.1082048099465083,0.79,1;2;3;4;5;6;7;8;9;10;11;12;13;14;15;16;18;19;20;21;22;23;24;25;28;29;30;31;32;33;34;35;37;40;41;42;43;44;45;46;47;48;49;51;52;53;56;57;58;59;60;61;62;63;64;65;66;67;68;69;71;72;73;74;75;78;79;80;81;83;84;90;91;92;93;94;95;97;99,100
A0ABY8W257,0.23529411764705882,4;8;11;13;15;20;23;27,34,2.8435677790641787,1.2990101396006504,0.09,3;39;57;62;70;72;85;86;87,100
A0ABY9FP74,0.35555555555555557,3;5;6;10;14;16;17;20;24;25;28;32;33;35;43;44,45,2.6592538678646087,1.1233949164757941,0.2,7;13;17;20;34;38;39;43;46;57;59;62;68;70;75;78;80;92;96;98,100
A0ABY9HWL0,0.19672131147540983,7;11;12;13;20;24;28;32;34;35;37;42,61,2.0942019641399385,1.0154675313482944,0.2,1;3;4;5;10;12;22;26;27;33;40;49;52;55;63;65;89;90;93;100,100
A0ABY9WDG4,0.6410256410256411,1;2;3;7;9;10;11;14;17;18;19;20;21;23;24;27;28;29;30;32;33;34;35;38;39,39,2.641845536828041,1.2517063492929195,0.82,2;3;4;5;7;8;10;11;12;14;15;16;17;18;19;20;21;22;23;24;25;26;27;28;29;30;31;33;34;35;36;39;40;41;43;44;45;46;47;48;49;50;52;53;54;55;56;57;59;60;61;62;65;66;69;70;71;72;74;75;76;77;78;79;80;82;83;84;86;87;88;89;90;91;92;94;95;96;97;98;99;100,100
A0ABZ1F9Z2,0.09090909090909091,13;18;24;35;42,55,2.244451190829277,1.245213488564536,0.06,36;38;43;55;81;87,100
A0ABZ1HYA1,0.4634146341463415,4;5;6;7;17;19;21;22;23;26;27;28;29;31;33;37;39;40;41,41,2.6758077228069306,1.0513598989091346,0.74,1;2;3;4;5;6;7;8;9;10;11;12;13;14;15;17;19;20;21;22;23;24;25;26;27;28;29;30;31;32;33;34;35;36;37;39;41;42;43;44;45;49;50;52;53;54;56;57;58;59;60;61;62;63;65;68;69;70;72;75;76;77;79;80;84;85;87;88;89;91;92;95;96;100,100
A0ABZ1N1W0,0.4222222222222222,1;2;3;11;12;13;14;15;17;19;20;26;28;32;35;39;41;42;45,45,2.7144040286540987,1.3849274832187028,0.93,1;2;3;4;5;6;7;8;9;10;11;12;13;14;15;16;18;19;20;21;22;23;24;25;26;27;28;29;30;31;32;33;34;35;36;37;38;39;40;41;42;43;44;45;46;47;48;49;50;52;53;55;57;58;59;60;61;62;64;65;66;67;68;69;70;71;72;73;74;75;76;77;78;79;80;81;82;83;85;86;87;88;89;90;91;92;94;95;96;97;98;99;100,100
A0ABZ1VXB9,0.017857142857142856,42,56,2.3181173861026765,1.2670700240458446,0.05,42;66;67;85;89,100
A0ABZ1YLN8,0.7222222222222222,2;3;4;5;6;8;9;10;12;13;14;17;18;19;20;21;22;23;24;26;27;28;30;31;32;34,36,2.7687511825561524,1.0163597414835241,0.81,1;2;3;4;6;8;9;10;11;12;13;14;15;16;17;18;19;20;21;22;23;24;25;26;27;28;29;31;33;34;35;36;38;39;40;41;42;43;44;45;46;50;51;52;54;56;57;58;59;60;61;62;64;65;67;68;70;71;72;73;75;76;77;79;80;81;82;83;84;85;86;87;88;91;92;93;95;96;97;98;100,100
A0ABZ1YUC5,0.484375,3;4;6;14;17;18;19;20;21;23;28;29;30;31;32;35;38;39;40;47;48;49;51;52;53;54;55;56;57;59;64,64,1.9813963729143143,1.1195830241870677,0.95,1;2;3;4;5;6;7;8;9;10;12;13;14;15;16;17;18;19;20;21;22;23;24;25;26;27;28;29;30;31;32;33;34;35;36;37;38;39;41;42;43;44;45;46;48;49;50;51;52;53;54;55;56;57;58;59;60;61;62;63;64;65;66;67;68;69;70;72;73;74;75;76;78;79;80;81;82;83;84;85;86;87;88;89;90;91;92;93;94;95;96;97;98;99;100,100
A0ABZ2PCG2,0.3023255813953488,2;3;13;15;18;20;21;22;26;29;34;35;36,43,2.4717618083953856,1.040205241695337,0.42,1;2;3;4;5;7;9;11;13;14;15;16;20;22;23;24;25;29;31;32;35;37;41;42;44;45;47;48;50;54;55;56;57;64;67;82;83;90;94;96;98;99,100
A0ACC6MKA3,0.02702702702702703,28,37,2.693493674993515,0.9967294508791029,0.0,,100
A0ACD1FAL4,0.3333333333333333,2;4;6;10;13;17,18,3.236893725395203,1.0390331521118377,0.24,9;17;20;21;24;29;32;33;34;37;39;41;48;49;54;55;65;71;77;81;86;90;93;98,100
A0ACD1FAN4,0.6326530612244898,1;2;4;6;8;9;10;12;13;14;16;17;18;19;21;23;26;27;28;29;30;36;38;39;41;42;43;44;45;48;49,49,2.46490403175354,1.1151129408516762,0.35,5;6;8;12;19;21;25;27;31;32;33;34;37;42;44;47;48;51;52;60;61;69;70;73;77;79;80;83;84;85;89;90;93;95;100,100
A0ACD2EK82,0.49056603773584906,1;2;3;4;5;6;7;9;12;13;14;18;23;24;26;27;28;35;39;42;45;46;49;51;52;53,53,2.302844987511635,1.4059237893609093,0.69,1;2;3;4;5;7;8;10;11;12;13;15;16;17;19;20;21;22;23;24;27;28;33;34;35;36;37;39;40;41;42;44;46;47;48;49;52;53;56;57;58;59;62;65;66;67;68;69;70;72;73;74;75;77;78;80;81;82;83;85;86;87;91;92;93;94;96;98;99,100
A0ACD2ERW5,0.5,1;2;3;4;5;9;13;14;15;17;18;19;20;21;22;25;28;34;35;37;38;39;41;45,48,2.3358167493343354,0.884297730072636,0.88,1;2;3;4;6;7;8;9;10;12;13;14;15;16;18;19;22;23;25;26;27;28;29;30;31;32;33;34;36;37;38;39;40;41;42;43;44;45;46;47;48;50;51;52;53;54;55;56;57;58;59;60;61;62;63;64;65;66;67;68;69;70;72;73;74;75;76;77;78;79;80;81;82;84;85;86;87;88;90;91;92;93;94;95;96;97;99;100,100
A0PPD8,0.27450980392156865,3;6;7;8;15;21;23;24;29;30;34;37;38;46,51,2.4262652832269667,1.1706966857003283,0.14,2;9;12;17;20;31;39;44;58;62;64;75;89;90,100
A1T887,0.36538461538461536,1;4;9;11;12;14;15;16;19;20;33;34;38;39;40;43;45;47;48,52,2.2392474567890166,0.9788166800875868,0.24,6;7;15;18;24;26;34;38;39;42;43;44;45;58;60;62;64;65;75;79;80;88;94;98,100
A8M8D3,0.17647058823529413,2;4;12;14;15;18;24;34;39,51,2.33073695898056,1.2664051550503208,0.09,15;25;40;56;60;61;64;66;95,100
B1VMZ4,0.3617021276595745,2;6;7;10;12;21;29;32;33;34;37;39;40;41;42;45;47,47,2.4447722244262695,0.992263528614134,0.59,1;2;3;4;5;6;7;8;9;13;14;17;19;21;22;24;26;27;28;30;32;34;35;36;38;40;45;47;50;51;52;53;54;55;57;58;59;61;62;65;66;70;71;74;75;77;81;82;83;84;86;87;89;91;92;93;94;95;98,100
B2HE95,0.3111111111111111,1;2;3;4;8;9;17;18;21;23;27;31;36;43,45,2.5375359690189363,1.2236423196924842,0.09,32;46;47;55;79;84;93;94;95,100
B2HN69,0.8285714285714286,3;4;5;6;8;9;10;11;12;14;15;16;17;18;19;20;21;22;23;24;25;26;27;28;29;30;32;33;35,35,2.7178354382514955,1.1682440340376596,1.0,1;2;3;4;5;6;7;8;9;10;11;12;13;14;15;16;17;18;19;20;21;22;23;24;25;26;27;28;29;30;31;32;33;34;35;36;37;38;39;40;41;42;43;44;45;46;47;48;49;50;51;52;53;54;55;56;57;58;59;60;61;62;63;64;65;66;67;68;69;70;71;72;73;74;75;76;77;78;79;80;81;82;83;84;85;86;87;88;89;90;91;92;93;94;95;96;97;98;99;100,100
D5PAD3,0.2909090909090909,2;7;9;10;12;13;19;27;36;37;38;39;43;48;49;54,55,2.2847093212604523,1.1852938831347877,0.37,1;4;7;10;16;19;21;24;27;31;32;33;34;38;43;44;50;51;52;53;54;57;59;62;64;65;66;68;69;73;78;79;85;89;95;96;99,100
D5PI48,0.1206896551724138,1;9;17;20;21;39;40,58,2.273455895781517,1.2541914981844255,0.13,7;10;22;24;28;41;45;54;63;64;70;80;84,100
D6Z860,0.6349206349206349,4;6;8;10;13;14;15;16;20;24;25;26;27;28;29;30;31;32;33;35;36;37;38;39;40;41;42;44;45;46;48;49;51;52;53;54;55;56;57;59,63,2.0593326592445376,1.243423109778733,1.0,1;2;3;4;5;6;7;8;9;10;11;12;13;14;15;16;17;18;19;20;21;22;23;24;25;26;27;28;29;30;31;32;33;34;35;36;37;38;39;40;41;42;43;44;45;46;47;48;49;50;51;52;53;54;55;56;57;58;59;60;61;62;63;64;65;66;67;68;69;70;71;72;73;74;75;76;77;78;79;80;81;82;83;84;85;86;87;88;89;90;91;92;93;94;95;96;97;98;99;100,100
D6ZDT1,0.1346153846153846,1;2;16;22;33;37;45,52,2.2909183126688,1.1675355842603785,0.06,56;78;86;87;94;100,100
E3J9G9,0.35714285714285715,1;4;6;7;8,14,3.2152681183815,0.989165273056709,0.12,1;29;30;38;41;55;65;75;80;83;92;96,100
E5XP76,0.3148148148148148,6;7;13;14;21;22;23;26;27;29;43;44;46;47;48;50;54,54,2.306353958249092,1.2916228139911843,0.51,4;7;9;12;14;16;17;20;21;23;25;26;28;30;31;33;34;35;36;37;38;39;40;42;45;46;48;51;53;54;55;56;58;59;61;62;64;67;69;72;73;79;80;81;83;85;91;93;94;95;98,100
E5XUS9,0.03389830508474576,3;55,59,2.245540325641632,1.220149201566144,0.0,,100
F5YUX6,0.6181818181818182,2;6;7;8;9;10;11;12;15;19;20;22;23;26;27;29;30;31;32;34;37;38;39;40;41;43;45;46;47;48;50;51;53;54,55,2.175769119262695,1.2999422923039514,0.68,2;3;4;5;6;8;9;10;13;14;15;16;17;19;20;22;23;24;26;28;30;31;32;33;34;39;40;42;45;46;47;48;50;51;52;53;54;55;56;59;60;62;63;64;65;69;70;71;72;73;74;76;79;80;81;83;85;87;88;89;92;94;95;96;97;98;99;100,100
G8RIP0,0.3492063492063492,3;9;11;12;16;27;29;30;32;33;35;37;38;41;45;47;50;54;55;56;59;60,63,2.175077422261238,1.2804186176653944,0.29,14;16;17;20;22;23;30;45;52;53;56;57;59;60;63;67;78;79;80;81;83;86;87;90;92;95;96;97;98,100
H5U1W4,0.5625,1;2;3;4;5;6;9;10;11;12;13;14;15;18;20;21;23;24;25;29;32;35;38;41;42;44;45,48,2.4983187234401703,1.1312516999413786,0.73,1;2;3;4;5;6;8;9;10;11;12;16;17;18;19;20;21;22;25;28;29;31;32;33;34;35;36;37;38;39;41;42;43;45;46;47;48;49;50;52;53;55;56;57;59;60;61;62;63;65;66;69;70;71;72;73;74;77;80;81;83;84;85;86;87;89;90;91;92;93;95;96;98,100
H6R914,0.2222222222222222,2;14;15;18;28;33;36;38;39;43;47;50;52;58,63,2.096412370800972,1.1119391925561708,0.11,1;5;7;21;22;33;49;55;83;92;93,100
H8IJH7,0.7446808510638298,1;2;5;6;7;8;9;10;12;13;14;15;16;17;18;21;22;23;24;25;26;29;30;31;32;34;35;36;38;39;41;42;44;45;47,47,2.2212204122543335,1.0107787688317862,0.83,1;2;3;4;5;6;8;9;11;12;13;17;18;19;20;21;22;23;24;25;26;27;28;29;30;31;32;33;34;35;36;37;38;39;40;41;42;43;44;45;46;47;48;49;50;52;53;55;56;57;58;59;61;63;64;65;66;67;69;70;71;72;74;75;77;78;81;82;83;84;86;87;88;89;90;91;92;94;95;97;98;99;100,100
H8ITF4,0.4,1;3;4;5;7;8;11;13;15;16;18;19;22;24;29;30;31;33;37;42;48;52,55,2.3390273547172544,1.2620859530897859,0.41,4;6;10;11;14;18;21;26;28;31;32;34;36;38;39;40;47;49;50;52;53;55;58;59;62;64;70;72;74;75;78;80;82;87;88;89;90;91;93;94;100,100
H8IU56,0.15,4;6;12;19;31;35,40,2.7470019710063935,1.3402736194340865,0.05,8;35;60;74;79,100
I4BIH7,0.1509433962264151,2;3;4;10;19;26;29;41,53,2.2769888484478,1.2666462886887166,0.38,3;4;7;8;9;10;12;20;25;26;28;29;30;37;40;41;42;45;46;47;49;52;56;57;58;59;61;69;71;72;73;77;84;85;87;92;97;98,100
I7C367,0.041666666666666664,19,24,2.8315407848358154,0.990401525894853,0.21,1;5;25;27;31;32;34;36;37;39;49;52;53;59;72;82;83;89;90;92;96,100
I7GER2,0.20512820512820512,7;11;22;24;28;36;37;39,39,2.6333770608901976,1.0915224670794943,0.83,1;2;3;4;5;6;8;9;11;12;13;15;16;17;19;20;21;22;24;25;26;29;31;32;33;34;35;36;37;38;39;40;41;42;44;45;46;47;48;49;50;51;52;53;54;55;56;57;58;60;61;62;63;64;66;67;68;69;71;73;74;75;76;77;78;79;80;81;82;83;85;88;89;90;91;92;93;94;95;96;97;98;99,100
J5E0P6,0.10714285714285714,5;14;16,28,2.9288938879966735,1.0721407547534068,0.17,6;14;19;31;35;39;40;42;44;46;59;65;70;84;90;92;96,100
J7U6E9,0.08620689655172414,5;17;47;50;51,58,2.2982267332077027,1.155949508354219,0.37,2;3;5;7;8;9;10;12;15;17;18;19;23;27;31;33;38;39;40;41;42;44;46;50;52;53;57;63;66;68;70;74;76;78;81;82;83,100
J9WJ93,0.061224489795918366,2;4;16,49,2.3869485157728194,1.2119814288028066,0.02,41;67,100
J9WJC3,0.4634146341463415,1;5;6;7;9;10;11;12;14;17;18;19;20;23;24;29;33;37;40,41,2.660306485891342,1.2380912385691603,0.59,8;9;11;12;13;15;16;17;21;23;24;25;27;28;31;33;34;35;36;38;40;43;45;49;50;51;52;53;56;57;58;60;61;62;63;64;67;68;69;70;71;73;74;77;78;79;80;81;82;84;86;87;88;89;91;92;95;96;98,100
J9WML3,0.3902439024390244,2;3;4;10;11;17;22;23;27;31;32;33;34;36;37;40,41,2.6173830223083496,1.1684833595183928,0.9,1;2;3;4;5;7;8;9;10;11;12;13;14;15;16;17;18;19;20;21;22;23;24;25;26;27;28;29;30;31;32;33;34;35;36;38;39;40;41;42;43;44;45;46;47;50;51;52;53;54;55;57;58;59;60;62;63;64;65;66;67;69;70;71;72;73;74;75;76;77;79;80;81;82;83;85;86;87;88;89;91;92;93;94;95;96;97;98;99;100,100
K0EPZ9,0.05714285714285714,11;19,35,2.8481541526317598,1.1521726148603584,0.01,69,100
K0EY54,0.3333333333333333,8;13;15;18;21;23;24;26;28;33;36;38;45;46;47;48;49;54;55;60,60,2.1701825642585755,1.2147890085178483,0.94,1;2;3;4;5;6;7;8;9;10;11;12;13;14;15;16;17;18;19;20;21;22;23;24;25;26;27;28;29;30;31;32;33;34;35;37;38;39;40;41;42;43;44;45;46;47;48;49;50;51;52;53;54;55;56;57;58;59;60;62;63;64;65;66;67;68;70;71;72;73;74;75;76;77;78;79;80;81;82;83;85;86;87;88;89;90;93;94;95;96;97;98;99;100,100
K0UL90,0.06896551724137931,6;9,29,2.9483465325832365,1.0888388441952308,0.01,91,100
K0V6S4,0.5227272727272727,2;6;7;8;9;10;11;12;14;15;18;19;20;21;22;25;29;33;38;41;42;43;44,44,2.671348807811737,1.182808864361051,0.41,2;4;5;6;8;10;11;12;16;17;18;19;22;23;24;26;27;28;32;34;37;38;41;46;52;53;54;59;60;64;67;69;73;79;84;89;90;94;95;98;99,100
K0V789,0.5172413793103449,2;4;6;8;9;12;13;16;17;18;19;22;24;27;28;29;33;34;35;37;38;39;40;42;46;47;48;51;55;57,58,2.260929911136627,1.1406405137989502,0.54,1;2;3;4;6;7;8;10;11;13;14;16;17;19;27;28;29;30;32;34;37;38;40;43;45;46;47;48;49;54;55;57;58;59;62;63;68;69;70;71;72;73;74;79;84;85;87;90;91;92;93;95;96;97,100
K0VFF7,0.2,3;4;11;12;13;21;34;35;39;42;53,55,2.184553858041763,1.1318354652599467,0.31,1;9;22;23;25;33;37;39;40;41;42;44;51;52;58;65;66;68;69;70;72;73;75;77;81;89;91;94;95;98;99,100
L7V833,0.30303030303030304,7;8;11;13;15;16;20;21;22;26,33,2.5815312838554383,0.861437995553766,0.09,21;26;51;71;76;86;88;92;99,100
L7V8G3,0.6875,1;3;4;5;7;8;9;11;15;16;17;18;20;21;22;23;24;25;26;27;29;31;32;33;34;36;38;39;40;42;44;47;48,48,2.5153974223136903,1.1970089925097962,0.74,1;2;3;4;6;7;9;10;11;13;15;16;17;18;19;21;22;24;26;27;28;29;30;31;32;34;35;36;37;38;39;40;41;42;43;44;45;46;47;49;52;53;56;57;58;59;60;62;65;66;69;70;72;73;75;77;78;79;80;82;83;84;85;86;87;88;89;90;91;94;95;96;99;100,100
O69484,0.15384615384615385,4;5;10;16;17;35,39,2.8332526755332945,1.2704031649138632,0.08,44;45;46;65;68;77;81;98,100
Q5YY80,0.06349206349206349,20;25;31;41,63,2.068344295620918,1.2825209785396456,0.03,13;63;77,100
Q6RKB1,0.5714285714285714,5;7;9;10;13;15;16;18;19;21;22;23;24;25;26;27;28;31;34;37;39;41;42;45;46;48;50;51;52;53;55;56,56,2.211226662993431,1.2008735082138646,0.42,1;2;4;6;8;11;12;13;15;16;18;24;25;26;28;29;32;37;42;44;45;52;56;57;58;62;68;69;71;73;74;78;79;80;83;86;91;93;94;95;99;100,100
Q741P9,0.48214285714285715,1;3;5;8;10;11;13;16;19;21;23;25;27;28;29;30;37;38;41;42;44;48;49;50;51;54;55,56,2.0836293578147886,1.1941403608697452,0.88,1;2;3;4;5;6;7;8;9;10;11;12;13;14;15;16;17;18;19;20;21;23;24;25;26;27;29;30;31;32;33;34;35;36;37;39;40;41;43;44;45;46;47;49;51;52;53;54;55;56;57;58;59;60;61;62;63;64;66;67;69;70;71;73;74;75;77;78;79;80;81;83;84;85;86;87;88;89;90;91;93;94;95;96;97;98;99;100,100
Q7D6X4,0.2708333333333333,1;3;6;10;12;18;19;21;28;30;32;36;43,48,2.489736017584801,1.2391166456016454,0.42,3;6;7;10;14;16;19;20;25;26;27;29;32;34;39;40;44;45;48;49;52;53;54;58;59;62;64;69;70;73;76;81;83;86;87;88;90;92;93;95;96;100,100
U5ELY0,0.34782608695652173,3;10;12;20;26;27;29;30;31;35;40;41;42;43;44;46,46,2.5894104743003847,1.437365664481416,0.77,1;2;3;4;5;6;8;9;11;12;14;15;16;17;18;19;20;22;23;25;26;27;29;30;31;32;34;35;36;38;40;41;42;43;44;46;47;48;49;50;51;52;53;54;55;56;57;58;59;60;62;63;64;65;66;67;69;70;71;72;73;74;75;76;77;79;81;82;83;85;87;88;90;91;94;98;100,100
V5X749,0.4,5;6;8;15;17;19;21;22;24;25,25,2.984623816013336,1.0213888845579318,0.23,15;16;18;25;34;35;38;40;53;59;66;68;70;71;76;77;78;79;81;83;86;91;100,100
V5XIA1,0.5892857142857143,1;3;4;5;6;7;8;9;10;11;15;20;21;22;23;24;27;28;30;31;32;34;35;36;37;39;41;43;45;46;52;53;56,56,2.2596713161468505,1.2776342603516044,0.79,1;6;7;10;11;12;14;16;17;18;19;20;21;22;23;24;25;26;28;29;30;31;33;37;38;39;40;41;42;43;44;45;46;48;50;51;52;53;54;55;56;57;59;61;62;63;64;65;66;67;68;69;70;71;72;73;74;75;76;78;79;80;81;82;83;84;87;88;89;90;91;92;93;95;96;97;98;99;100,100
W5WC87,0.7818181818181819,1;2;3;4;5;7;8;9;10;11;12;13;14;15;16;17;18;20;21;22;23;24;25;26;27;29;30;32;33;34;35;36;37;38;40;41;42;46;49;50;52;54;55,55,2.2269112706184386,1.3010329332568147,0.86,1;2;3;4;5;6;7;8;9;10;11;12;13;14;15;16;17;18;19;20;21;22;23;24;25;27;28;29;30;31;32;33;36;37;38;39;40;42;43;44;45;46;47;49;50;51;52;53;54;55;56;57;58;59;60;62;63;64;65;66;68;69;70;71;72;74;75;76;78;79;80;81;82;84;85;86;87;88;89;91;92;94;96;98;99;100,100
W7J139,0.32786885245901637,1;5;8;12;13;15;16;17;18;19;22;25;26;32;35;36;50;51;53;58,61,2.1218675714731217,1.2169727451483792,0.73,1;2;4;5;7;8;9;11;12;13;15;16;17;18;19;21;23;24;25;26;28;30;31;34;35;36;37;38;39;40;41;42;43;44;45;47;49;52;53;56;57;58;59;60;62;64;65;66;67;68;69;70;71;72;73;76;78;79;80;81;82;85;86;87;88;89;90;91;92;93;94;96;98,100
W9AKH0,0.14583333333333334,8;19;24;25;30;34;41,48,2.3958950424194336,0.9887734842924361,0.77,1;2;3;4;5;6;7;8;9;10;11;12;13;14;15;18;19;21;22;23;25;26;27;28;30;31;32;33;34;35;37;38;40;41;42;44;45;47;49;52;53;54;55;56;57;58;59;60;61;62;63;64;65;67;69;70;71;72;73;74;75;76;77;82;83;84;85;89;91;92;93;94;95;96;97;98;99,100
W9AZM3,0.3076923076923077,2;9;12;14;16;21;22;24;26;31;32;33;35;38;42;47,52,2.3422995829582214,1.3402910075280885,0.49,2;4;6;7;9;10;12;13;14;18;19;20;21;22;26;28;29;30;31;38;40;41;42;43;44;46;48;52;53;58;62;63;68;69;74;76;77;78;79;80;82;83;86;87;89;91;94;99;100,100
W9B0J1,0.6388888888888888,2;3;5;6;7;8;11;13;15;16;18;19;21;22;23;25;26;27;28;29;32;34;35,36,2.751899380683899,1.1116208928256013,0.22,2;13;19;29;34;35;37;42;43;48;59;62;63;65;71;74;75;80;89;92;93;99,100
X0Q040,0.06666666666666667,2,15,3.2012502324581145,0.9715024061846288,0.14,5;8;15;22;24;35;47;54;67;75;83;84;95;96,100
X8A9W7,0.13114754098360656,4;7;25;33;39;43;47;56,61,2.2217426753044127,1.3113183925231535,0.11,11;12;35;47;50;56;57;58;67;84;97,100
X8CEN6,0.5384615384615384,2;3;4;5;9;11;13;14;15;19;22;23;25;26;29;30;32;33;36;39;40;42;43;44;46;47;51;52,52,2.255478149652481,1.1126299018878116,0.63,1;2;3;4;5;6;7;8;10;13;14;15;16;17;18;19;20;22;24;25;26;27;29;30;31;33;34;35;36;37;39;41;42;45;47;48;49;50;51;52;53;55;56;57;58;59;61;62;63;65;67;68;74;76;82;86;88;90;91;92;95;98;99,100
X8DPU6,0.6190476190476191,1;4;6;8;9;10;11;12;13;14;15;16;17;18;20;22;23;24;28;29;30;32;33;34;35;42,42,2.5282017517089845,1.1789717342162946,0.88,1;2;3;4;5;6;7;8;9;10;11;12;13;14;15;16;17;18;19;20;21;22;23;24;25;26;27;28;29;30;32;33;34;35;36;37;38;39;40;41;42;43;44;45;46;47;48;49;50;52;53;54;55;56;57;58;59;61;64;65;66;67;68;70;71;72;74;75;76;78;79;81;82;83;84;85;86;88;89;90;91;92;94;95;96;97;98;100,100
X8DWH6,0.37777777777777777,7;8;14;15;17;20;22;24;27;30;34;35;36;37;41;43;45,45,2.423635870218277,1.1437651144162877,0.9,1;3;5;6;7;8;9;11;12;13;14;15;16;17;18;19;20;21;22;23;24;25;26;27;28;29;30;31;32;33;35;36;37;38;39;40;41;43;44;45;46;47;48;49;50;51;52;53;54;55;56;57;58;60;61;62;63;64;65;66;67;69;70;71;72;74;75;76;77;78;79;80;81;82;83;84;85;86;87;88;89;90;91;92;93;94;95;97;98;100,100

