entry,nac_fraction_holo,nac_holo_idxs,n_confident_holo,prmsd_mean,prmsd_std,nac_fraction_apo,nac_apo_idxs,n_confident_apo
A0A010YLP6,0.35294117647058826,2;3;5;6;7;9;11;15;16;19;22;26;36;38;40;43;47;50,51,2.4097067093849183,1.1432419777790899,0.32,3;4;5;7;8;10;12;16;18;19;27;31;45;46;49;50;55;56;58;59;62;67;69;71;74;75;76;78;89;93;96;99,100
A0A024JSK2,0.05263157894736842,15,19,3.055211184024811,1.0794696455267443,0.83,1;2;3;4;5;6;7;8;9;10;11;12;13;14;15;16;17;18;19;20;21;22;25;26;27;28;29;31;32;33;34;35;37;38;39;40;42;43;45;46;48;49;52;53;54;55;56;57;58;59;61;62;63;64;65;67;68;71;72;73;74;75;76;79;80;81;82;83;84;85;86;87;88;89;90;92;93;94;95;96;97;99;100,100
A0A024JWI0,0.08695652173913043,7;19,23,2.7518966472148896,0.9431921152771795,0.74,1;2;4;5;6;7;8;9;10;11;13;14;15;16;17;18;19;21;22;23;24;25;28;29;32;34;35;36;37;38;40;41;42;43;44;45;47;48;49;50;51;52;53;54;55;56;57;58;59;61;62;63;65;66;67;69;70;71;72;74;75;76;77;79;80;81;84;86;90;93;96;98;99;100,100
A0A024JZE3,0.16363636363636364,11;18;26;30;34;37;45;51;55,55,2.3922253012657166,1.165048540476019,0.22,8;11;15;27;34;36;44;51;56;59;61;63;67;68;73;82;86;88;89;92;94;98,100
A0A024JZE8,0.2727272727272727,1;3;4;11;14;19;28;29;42;43;44;50;52;53;54;55;57;60,66,2.0193569505214692,1.2265249810485237,0.16,5;8;10;21;54;57;59;63;64;70;83;84;86;88;90;96,100
A0A045K2P5,0.16363636363636364,7;15;31;32;36;39;45;54;55,55,2.2034770065546034,1.3274502942905073,0.23,7;13;17;19;21;25;34;37;40;41;42;47;64;78;86;87;88;89;90;91;97;99;100,100
A0A051U3G5,0.2236842105263158,1;7;12;19;20;21;25;26;27;35;42;43;46;49;54;60;63,76,1.7061151081323624,0.8877098949013248,0.07,4;69;77;80;82;88;91,100
A0A051UFG9,0.0,,20,3.223714807033539,1.2366233013099313,0.0,,100
A0A064CG00,0.5362318840579711,3;9;10;13;16;17;19;23;24;25;28;29;31;32;36;37;38;40;41;43;44;45;46;47;48;50;51;52;54;56;57;58;61;64;65;67;69,69,1.983791418671608,1.0977467850794242,0.68,1;2;3;6;8;9;10;11;12;13;14;15;18;19;21;22;23;24;26;27;28;29;31;32;34;35;36;37;38;39;40;41;42;43;44;46;47;48;49;52;53;55;59;60;61;63;66;67;72;74;75;76;77;78;79;83;84;85;87;90;91;93;94;95;97;98;99;100,100
A0A0B1ZH49,0.3333333333333333,1;4;11;16;18;20;21;24,24,2.7795657670497893,0.9972267490477595,0.89,2;3;4;6;7;8;9;10;11;12;13;15;16;17;18;19;20;23;24;25;26;27;28;29;30;31;32;33;34;35;36;37;38;39;40;41;42;43;44;45;46;47;48;49;50;51;52;53;54;55;56;57;58;59;60;61;62;63;64;65;66;68;69;70;71;72;73;74;75;76;77;78;79;81;82;83;84;85;87;89;90;91;92;93;94;95;96;99;100,100
A0A0B1ZIQ0,0.4262295081967213,1;2;4;5;7;13;16;17;19;22;23;25;26;27;28;30;37;38;40;41;42;46;49;53;57;61,61,2.125819736123085,1.2297965471595518,0.45,1;3;5;6;8;9;10;11;12;14;15;24;27;28;30;33;34;44;46;47;50;54;55;60;62;63;64;65;67;68;69;71;73;74;75;77;78;82;83;85;86;89;90;91;100,100
A0A0B8NM02,0.30985915492957744,3;8;11;12;15;19;23;24;27;30;31;34;35;39;40;46;49;53;60;66;67;71,71,1.9740766555070877,1.0260954303715029,0.26,3;4;7;18;26;30;32;35;37;42;47;48;49;50;51;58;68;69;74;75;79;85;89;92;98;99,100
A0A0D1L7Y1,0.016129032258064516,60,62,2.136219564080238,1.2141701500143869,0.07,4;8;56;60;74;79;98,100
A0A0D1LMF4,0.04054054054054054,2;35;62,74,1.8110304737091065,0.9768026593775465,0.04,14;15;16;25,100
A0A0D2EWW5,0.5,1;6;7;8,8,3.418296704292297,0.948190040308589,0.26,5;8;10;13;20;22;23;27;31;33;35;41;43;55;56;58;60;64;67;78;85;86;87;89;94;97,100
A0A0E4CLA0,0.4375,1;2;8;11;12;15;16,16,3.21807163476944,1.131996797509663,0.91,1;2;3;5;6;7;8;9;10;11;12;13;14;15;16;17;18;19;20;21;22;23;25;26;27;28;29;30;31;32;33;34;35;36;37;38;39;40;41;42;43;44;45;46;47;49;50;51;52;53;54;55;56;58;59;61;62;63;65;66;67;68;69;70;71;72;73;74;75;76;77;78;79;80;81;82;83;84;86;88;89;90;91;92;93;94;95;96;98;99;100,100
A0A0E4GX90,0.047619047619047616,21;51;59,63,2.1675453001260756,1.1698021971671058,0.05,5;31;49;91;97,100
A0A0F4ES51,0.47619047619047616,1;3;7;8;11;12;13;15;16;18;19;24;25;26;27;28;29;30;32;37;39;40;42;44;52;56;57;58;61;63,63,2.1859159314632417,1.36336519628486,0.51,1;3;4;6;9;10;11;12;13;18;19;20;21;22;23;25;29;31;32;33;34;35;40;41;43;44;45;46;48;53;54;55;57;58;60;61;62;63;64;68;69;70;72;73;76;77;80;82;90;92;95,100
A0A0F5MSZ2,0.1206896551724138,1;4;7;12;17;18;47,58,2.4083694183826445,1.5432285867028674,0.02,41;46,100
A0A0F5NA60,0.4444444444444444,1;5;6;8;13;16;18;19;20;22;26;27;30;34;35;36;37;40;44;47;49;50;53;54,54,2.3161791980266573,1.0848609726602323,0.73,1;2;3;4;5;6;7;9;11;12;13;15;16;18;21;22;23;24;25;26;27;28;29;30;31;32;33;34;35;37;38;39;40;41;42;43;46;47;48;50;51;53;54;55;57;59;60;61;62;63;65;66;67;68;71;73;75;77;78;79;80;81;82;83;85;86;87;88;92;93;97;99;100,100
A0A0H2ZUI5,0.2833333333333333,2;7;9;19;24;25;27;28;34;36;42;51;52;53;55;56;60,60,2.196212134361267,0.9925575392932642,0.09,5;11;13;17;24;27;47;63;71,100
A0A0H3MCY6,0.39436619718309857,8;9;11;15;20;21;23;28;29;33;37;38;40;42;43;44;47;50;54;56;59;61;63;64;68;69;70;71,71,1.83995490193367,1.3270214682807262,0.89,1;2;3;4;5;6;7;9;10;11;12;13;16;17;18;20;21;22;23;24;25;26;27;28;29;30;31;33;34;35;36;37;38;39;40;41;42;43;44;45;46;47;48;49;50;52;53;54;56;57;58;59;60;61;62;63;64;66;67;68;69;70;71;72;73;74;75;76;77;78;80;81;82;84;85;86;87;88;89;90;91;92;93;94;95;96;98;99;100,100
A0A0H3MU55,0.15,11;12;16,20,2.9967678785324097,1.0944738475215905,0.48,1;2;4;5;6;9;10;11;12;14;17;21;22;27;28;29;30;34;38;40;44;45;54;57;58;59;61;62;66;67;69;70;71;72;73;74;75;79;80;84;85;88;90;92;93;94;96;97,100
A0A0H5BB76,0.12280701754385964,10;13;15;16;33;55;56,57,2.273674733042717,1.2760568716821932,0.1,40;41;48;52;58;68;76;78;80;91,100
A0A0H5NNV9,0.08163265306122448,16;36;47;48,49,2.6255650937557222,1.1383426700101087,0.01,86,100
A0A0H5RL48,0.2857142857142857,2;10;11;12,14,3.141492202281952,1.0342442682793238,0.32,1;3;6;8;9;10;11;16;19;20;21;26;31;33;34;36;41;43;50;51;53;54;62;72;75;80;82;84;86;94;95;98,100
A0A0H5RMP7,0.1,9;19,20,2.9135602831840517,1.0371141345590835,0.31,2;4;7;8;9;13;15;18;19;20;24;28;33;35;36;39;40;42;47;48;51;54;58;60;64;66;67;81;85;92;95,100
A0A0I9Z3I8,0.2978723404255319,7;9;11;13;14;20;23;27;29;30;31;34;36;42,47,2.522477914094925,1.0962503899930385,0.96,1;2;3;4;5;6;7;8;9;10;11;12;13;14;15;17;18;19;20;21;22;24;25;26;27;28;29;30;31;32;33;34;35;36;37;38;39;40;41;42;43;44;45;46;47;48;49;50;52;53;54;55;56;57;58;59;60;61;62;63;64;65;66;67;68;69;71;72;73;74;75;76;77;78;79;80;81;82;83;84;85;86;87;88;89;90;91;92;93;94;95;96;97;98;99;100,100
A0A0J6VW20,0.3958333333333333,2;3;4;6;7;9;11;15;18;22;24;25;30;32;33;39;40;45;48,48,2.7747543621063233,1.6926202492497833,0.8,1;2;3;4;5;6;7;9;10;11;12;13;14;15;16;17;18;19;23;24;25;26;27;29;30;32;34;35;36;37;38;39;40;42;43;45;46;48;49;50;51;52;53;54;55;57;58;59;61;62;64;66;67;68;69;70;71;72;73;74;76;78;79;80;81;82;83;85;86;87;88;89;90;92;93;94;95;98;99;100,100
A0A0J6VZP7,0.07142857142857142,9;24;29;49,56,2.3160334539413454,1.2399124141595639,0.56,2;3;6;9;11;12;16;17;20;21;22;23;24;30;31;34;38;39;40;41;42;44;45;46;47;48;49;50;51;52;54;58;60;61;63;65;66;67;69;70;71;73;75;76;77;79;80;81;83;88;89;91;93;96;98;99,100
A0A0J6WR15,0.047619047619047616,9;24;59,63,2.0639041024446487,1.175799312246067,0.06,2;10;63;78;86;94,100
A0A0J6Z0M9,0.2903225806451613,1;4;8;10;11;12;15;17;18;22;23;24;25;32;33;37;61;62,62,2.0699707859754564,1.2976192901586985,0.07,2;21;27;42;81;92;100,100
A0A0J8TWL2,0.38235294117647056,7;13;15;16;17;20;22;26;27;28;31;32;33,34,2.85212468624115,1.2051172002363542,0.59,1;2;4;5;6;7;8;9;10;11;13;15;16;17;18;19;22;24;25;26;27;28;29;31;32;34;35;36;37;39;40;41;47;49;53;55;57;58;59;60;61;63;65;66;67;68;70;72;73;74;77;84;85;87;88;91;93;95;100,100
A0A0J8TXD9,0.14285714285714285,9;13;14,21,2.8751560533046723,1.0722900184907356,0.37,1;2;3;5;9;10;12;13;14;17;20;22;24;25;32;37;39;40;43;45;51;57;62;68;69;70;73;76;77;80;81;86;87;88;97;98;99,100
A0A0K0X557,0.24,9;13;18;19;22;24,25,3.020921173095703,1.1803425392499545,0.87,1;2;3;4;5;6;7;8;9;10;11;12;13;14;15;16;17;19;21;22;23;24;25;26;27;28;29;30;31;32;33;35;36;37;40;41;43;44;45;46;47;48;49;51;52;53;54;55;56;57;58;60;61;62;63;64;65;67;69;70;71;72;73;74;75;77;78;79;81;82;83;84;85;86;87;88;89;91;92;93;94;95;96;97;98;99;100,100
A0A0K0XB28,0.03333333333333333,29,30,2.692341765165329,0.9795954208996099,0.18,13;14;16;22;30;33;38;39;48;53;57;62;64;88;90;95;97;98,100
A0A0K0XCM7,0.30303030303030304,3;9;12;13;16;21;25;28;30;31;33;34;35;45;52;53;54;55;64;66,66,1.98076198220253,1.117616265134023,0.24,5;11;14;16;21;25;26;36;42;46;49;50;56;57;61;66;67;76;77;82;85;95;97;100,100
A0A0L0JLL3,0.0,,7,3.0438801181316375,0.8612668928087309,0.0,,100
A0A0L0JTI1,0.16901408450704225,6;7;18;33;36;39;42;44;46;52;62;68,71,1.9295075398683548,0.9112388928692848,0.22,4;6;7;11;18;29;31;32;33;35;37;42;45;46;50;55;61;75;76;79;94;98,100
A0A0M2JYX2,0.08571428571428572,13;20;29;53;62;65,70,2.0472038733959197,1.302612129461243,0.03,61;81;91,100
A0A0M2WG04,0.11538461538461539,14;24;34;36;39;45,52,2.511969626545906,1.272723271740966,0.29,1;2;4;10;14;17;18;20;22;24;25;27;33;34;42;47;50;51;52;53;55;58;59;63;71;79;80;84;91,100
A0A0N9XFV2,0.3448275862068966,2;9;13;17;18;19;21;26;27;29,29,2.764778071641922,1.0179346761079766,0.31,5;6;8;10;12;17;18;20;22;24;25;26;28;33;35;38;39;40;45;48;55;56;62;68;69;74;76;91;93;95;100,100
A0A0N9YG13,0.21428571428571427,8;10;14;21;24;30;34;37;41,42,2.613718583583832,1.1359810014090257,0.52,1;2;3;4;6;8;9;12;13;15;18;20;22;23;24;26;32;35;37;40;43;44;46;47;49;50;51;52;53;58;61;64;65;66;67;69;72;73;74;75;77;78;79;85;86;89;91;92;93;95;96;100,100
A0A0Q2M080,0.42857142857142855,2;4;6,7,3.581980185508728,1.0575641552889838,0.35,7;13;18;19;20;30;32;33;37;40;41;42;44;53;54;55;58;60;65;66;68;69;76;78;81;84;85;89;90;91;92;95;96;98;100,100
A0A0Q2RTZ0,0.208955223880597,3;9;13;14;25;26;33;34;35;36;39;43;56;61,67,1.9047864943742752,1.241805293919197,0.18,1;6;9;12;15;23;24;28;29;30;42;45;51;54;64;85;90;92,100
A0A0U0WCI8,0.2375,3;10;13;19;24;34;35;38;40;48;49;56;58;61;64;65;75;77;78,80,1.6600737464427948,0.9105497794184568,0.34,2;3;4;11;13;15;16;25;26;28;29;31;35;37;40;42;48;49;50;54;55;58;59;62;65;66;70;72;76;78;79;92;94;95,100
A0A0U0ZG49,0.4307692307692308,1;2;4;6;8;9;12;20;21;26;27;28;33;39;41;44;45;47;48;49;51;53;54;58;60;61;64;65,65,2.1987477672100066,1.0092700936954908,0.75,1;2;3;4;5;6;7;8;9;10;11;12;14;15;16;17;18;19;20;21;22;23;24;26;27;31;32;34;36;37;38;43;44;45;46;47;49;51;53;54;56;57;58;59;61;62;63;65;67;68;69;72;73;74;75;76;77;78;79;82;83;84;85;86;87;88;89;91;92;94;96;97;98;99;100,100
A0A0U0ZGC0,0.3023255813953488,6;9;17;19;23;25;29;36;37;38;39;40;43,43,2.5926152265071867,1.0603275419698945,0.35,2;3;6;7;8;9;14;17;20;27;29;35;42;45;46;48;55;56;58;60;61;62;63;67;68;70;71;79;81;83;84;86;90;99;100,100
A0A0U0ZLV7,0.046875,22;42;58,64,2.069834238886833,1.2720493201627643,0.02,51;81,100
A0A0U0ZPX5,0.0,,10,3.08637300491333,0.9885792424367207,0.0,,100
A0A0U1D4T9,0.07142857142857142,9,14,3.297187330722809,1.184924272957702,0.51,2;3;6;7;8;9;11;13;15;16;23;29;32;33;34;38;44;46;47;48;51;53;54;55;56;57;59;60;61;64;65;67;70;72;73;75;78;79;80;82;85;87;88;91;92;93;95;97;98;99;100,100
A0A0U1DUP4,0.4696969696969697,6;9;10;13;16;17;20;21;22;24;27;29;31;32;33;37;41;43;46;48;49;50;51;52;55;57;59;61;63;64;66,66,2.2056134140491483,0.9976042944225584,0.39,3;5;6;9;12;15;19;21;22;24;25;26;36;37;39;40;42;43;46;48;53;55;56;58;59;61;62;63;64;67;70;71;78;79;85;91;96;99;100,100
A0A0U1E1C0,0.2833333333333333,5;9;19;20;25;28;30;34;36;39;42;48;49;54;56;59;60,60,2.2167198145389557,0.9803732400330171,0.82,1;3;4;5;6;7;8;9;10;12;13;14;15;16;17;18;19;20;21;22;23;24;25;27;28;29;30;32;34;35;37;39;40;41;42;43;44;45;46;47;48;49;50;51;52;53;54;55;56;57;58;59;60;61;62;63;64;65;66;67;68;70;71;73;74;76;77;79;80;81;82;83;86;87;89;93;94;95;97;98;99;100,100
A0A0U1Z2H3,0.3617021276595745,2;4;9;13;15;26;27;28;29;30;31;33;38;39;40;41;44,47,2.4245169162750244,1.0482354459855685,0.56,1;2;3;8;13;14;15;17;19;20;22;23;25;26;28;31;35;36;37;40;41;42;43;44;45;46;47;48;49;54;55;56;57;58;60;62;64;65;67;68;71;72;74;75;80;81;82;86;88;89;92;95;96;97;98;100,100
A0A100W5H8,0.11666666666666667,17;19;32;36;40;56;57,60,2.2572826457023623,1.3262786299632843,0.6,1;5;6;9;10;11;12;13;14;17;18;19;21;24;25;26;29;33;38;40;42;44;45;46;47;48;50;53;56;57;58;60;62;63;65;66;67;69;71;72;74;75;77;79;80;81;82;84;85;87;88;89;90;91;92;93;94;96;97;98,100
A0A100W5I0,0.4230769230769231,1;12;13;14;15;17;18;23;24;25;26,26,2.753838666677475,0.9609220587627539,0.4,7;8;9;13;14;15;16;19;22;23;25;26;28;30;34;35;37;40;42;43;47;49;52;53;54;58;59;62;63;64;66;69;70;74;77;81;84;85;93;99,100
A0A100WJQ5,0.15625,7;10;16;24;26;35;38;49;57;63,64,2.2158478653430937,1.0393875899641787,0.18,2;3;6;10;11;14;23;32;33;45;47;50;59;70;76;78;83;96,100
A0A100WL29,0.015151515151515152,12,66,2.011425505280495,1.1955190298708038,0.06,8;9;17;58;70;94,100
A0A117I9B3,0.0,,60,2.3310139346122742,1.2936348377453009,0.0,,100
A0A117I9Z0,0.0,,29,2.9996603500843046,1.3076422500409268,0.0,,100
A0A117IEQ2,0.20588235294117646,9;12;21;24;29;31;34,34,2.591509518623352,0.9549987905878384,0.22,2;4;5;6;7;9;17;23;26;28;34;36;39;44;55;56;63;65;71;83;92;94,100
A0A124DZH3,0.01818181818181818,42,55,2.5226709270477294,1.5806639308074857,0.01,47,100
A0A132PRD2,0.07142857142857142,44;46;47;52;67,70,1.8834255999326706,1.265124019020663,0.4,1;2;3;4;7;9;11;14;16;18;21;22;29;32;35;36;37;40;41;44;45;49;55;59;60;61;62;63;66;68;69;71;76;78;83;85;86;89;94;98,100
A0A132PS78,0.0,,24,2.7643602192401886,0.9728683128295421,0.0,,100
A0A143QSN8,0.0,,52,2.409344483613968,1.086652410154576,0.0,,100
A0A163Z098,0.2553191489361702,6;10;13;15;22;23;26;31;33;40;42;45,47,2.568899257183075,1.200782369541399,0.93,1;2;3;5;6;7;8;9;10;11;12;13;14;15;16;17;18;19;20;21;22;23;24;25;26;27;28;29;30;31;32;34;35;36;37;38;39;40;41;42;43;44;45;46;47;49;50;51;52;53;54;55;56;57;58;59;60;61;62;63;64;65;66;67;68;69;70;71;72;73;75;76;77;78;79;80;81;82;85;86;87;88;89;90;91;92;93;94;95;96;97;99;100,100
A0A164L8S1,0.3939393939393939,1;3;5;8;11;17;24;25;27;28;29;32;33;36;37;44;49;51;52;53;56;57;58;62;64;65,66,2.1166101551055907,0.9640358350073032,0.56,3;6;10;11;12;13;15;19;20;21;22;25;26;28;30;32;33;35;36;39;40;43;48;50;52;53;54;55;56;58;59;60;61;62;66;67;68;69;71;72;73;78;79;83;85;87;88;89;90;91;92;93;94;95;98;100,100
A0A164L8T1,0.273972602739726,7;8;17;21;24;29;33;35;38;39;44;45;48;52;54;61;66;67;68;70,73,1.6070843350887298,1.0038119271110677,0.17,14;18;31;37;38;54;65;66;70;74;76;77;78;86;87;91;98,100
A0A172UHW8,0.2,1;3;5;12;14;16;17;24;31;33;34;49,60,2.3351811534166336,1.4741003546058409,0.02,8;25,100
A0A178CV43,0.2857142857142857,8;12;13;14,14,3.5992350578308105,1.249862178867221,0.46,1;3;5;7;9;10;11;18;20;22;23;25;30;32;34;37;38;42;49;51;52;53;55;56;59;61;63;64;65;68;70;73;74;77;80;81;82;83;85;86;88;92;94;98;99;100,100
A0A178LTI6,0.35384615384615387,6;12;14;15;18;22;23;24;25;30;31;32;34;36;39;41;42;44;53;54;55;59;65,65,2.227576537132263,1.2129552342518717,0.74,1;2;3;4;5;7;8;9;10;11;12;13;14;15;16;17;18;19;23;24;25;27;28;30;31;32;33;34;36;37;38;39;40;41;43;44;46;47;48;49;50;51;52;54;55;57;58;62;64;65;66;67;68;70;71;78;80;81;83;84;85;86;87;88;89;90;91;93;94;95;96;97;99;100,100
A0A179V396,0.3902439024390244,3;9;10;11;14;17;19;23;25;28;31;33;34;38;39;40,41,2.521726884841919,0.9609904814969715,0.64,1;2;3;5;6;7;9;11;13;15;16;17;19;21;22;24;25;27;29;30;32;34;35;37;38;42;45;47;48;49;50;51;52;53;54;55;56;57;58;59;60;62;63;65;66;67;69;71;72;73;74;75;77;81;82;84;87;88;89;91;93;95;96;98,100
A0A179V451,0.2727272727272727,3;5;9,11,2.9901325833797454,0.911343127593071,0.12,8;10;19;25;33;44;54;63;70;73;76;96,100
A0A179VA95,0.0,,12,3.414989582300186,1.0482645845976142,0.0,,100
A0A179VCR2,0.015384615384615385,65,65,1.9958442026376724,1.2001003040100402,0.07,3;15;24;32;34;73;82,100
A0A1A0MX32,0.1,6;19;28;30;48;59,60,2.2035619908571245,1.3369831157751728,0.01,80,100
A0A1A0MY20,0.11864406779661017,3;10;22;31;35;47;51,59,2.105073012113571,0.9427035592697731,0.4,1;3;9;10;14;16;17;21;22;23;29;30;37;41;42;43;45;46;47;48;55;56;58;59;66;69;70;71;73;78;82;84;85;86;88;89;90;97;98;100,100
A0A1A0RF23,0.25,2;4;6;15;16;20;23;29,32,2.67508882522583,0.976641075597761,0.16,3;13;15;19;31;33;35;43;44;50;59;64;66;72;87;97,100
A0A1A0RF29,0.08823529411764706,13;18;27;38;50;56,68,1.8284708034992219,1.1658623349303903,0.24,2;4;5;8;10;13;17;19;22;26;36;37;38;39;47;49;51;54;61;65;70;73;91;95,100
A0A1A0V6S5,0.12,1;12;20;34;38;40,50,2.38023746073246,1.1442631928063218,0.18,2;11;24;31;32;36;38;41;49;59;65;70;72;79;81;82;89;90,100
A0A1A0VBY7,0.125,8,8,3.5342030084133147,0.9806568810780675,0.4,1;8;9;11;13;17;27;29;36;41;42;43;45;47;49;51;52;53;55;56;58;61;65;66;67;68;70;71;77;79;80;81;82;84;85;86;88;89;96;97,100
A0A1A0VEQ6,0.09090909090909091,4;5;10;14;42;61,66,2.054246304035187,1.200619144920125,0.01,13,100
A0A1A0VZR1,0.10526315789473684,12;13;18;22;23;27,57,2.323073496222496,1.3075992437745159,0.3,4;5;9;11;14;16;17;20;22;25;27;28;32;41;42;46;47;48;49;53;54;57;58;61;67;77;82;92;93;98,100
A0A1A1WCA4,0.32432432432432434,7;11;12;14;16;22;23;24;26;29;33;35,37,2.604179799556732,1.1018799435266016,0.54,2;5;6;8;11;12;13;14;16;18;20;23;24;26;28;30;31;32;33;34;35;37;38;40;41;42;45;46;48;51;54;56;57;58;59;60;64;65;75;79;80;81;84;87;89;90;91;92;93;94;96;97;98;99,100
A0A1A1WCB1,0.10810810810810811,12;26;28;37,37,2.6655078506469727,1.070859233697442,0.45,1;2;5;6;8;9;10;11;14;15;17;18;19;25;26;28;29;33;34;35;36;39;42;45;46;50;52;54;56;60;61;63;70;71;72;74;77;82;85;87;88;95;97;99;100,100
A0A1A2DP38,0.6981132075471698,1;3;4;5;7;12;14;15;16;18;21;22;23;24;25;26;27;28;29;30;31;33;34;35;36;38;39;40;41;42;45;46;47;49;50;51;52,53,2.5528624486923217,1.4152583105507894,0.77,1;2;3;4;5;6;7;8;10;12;13;14;15;16;17;18;19;21;22;24;25;26;27;28;29;30;31;32;33;34;36;37;38;40;41;42;43;44;45;46;47;50;52;53;54;55;56;57;58;59;60;61;62;65;66;67;69;70;71;72;73;76;77;80;81;82;83;86;87;88;89;92;94;95;97;98;100,100
A0A1A2EVY2,0.08888888888888889,27;29;34;42,45,2.4767010486125947,1.2946443985457399,0.52,1;2;3;4;8;9;11;12;13;14;16;17;18;21;23;25;28;30;31;32;34;35;38;41;44;45;46;52;53;54;58;60;66;67;68;71;72;74;79;80;81;83;86;89;90;91;93;94;97;98;99;100,100
A0A1A2NZX0,0.3488372093023256,2;5;11;14;16;18;23;29;32;33;34;37;41;42;43,43,2.5856728625297545,1.2122095987035728,0.74,2;4;6;7;8;10;11;12;13;14;15;17;18;19;22;24;25;26;29;30;31;32;34;35;37;38;39;40;41;42;43;45;46;48;50;51;52;53;54;56;57;58;59;60;62;63;64;66;70;71;73;74;75;76;77;78;79;81;82;83;84;85;87;88;89;90;91;92;94;95;96;97;98;99,100
A0A1A2P0A6,0.04838709677419355,3;8;48,62,2.1531536626815795,1.294172605799215,0.03,56;70;92,100
A0A1A2SD60,0.014705882352941176,10,68,2.101737002134323,1.2817200327570568,0.01,61,100
A0A1A2SGC1,0.21428571428571427,1;10;13,14,3.307620929479599,1.0786928749159257,0.25,2;3;6;19;32;36;43;46;50;51;57;58;65;66;68;71;74;75;78;82;84;85;88;93;100,100
A0A1A2SKN5,0.22058823529411764,4;10;15;25;27;38;40;45;47;48;52;54;57;65;67,68,2.0341059720516204,1.0153123094562984,0.55,2;3;4;5;7;8;9;11;12;13;14;15;16;17;18;19;21;25;27;31;32;33;34;36;37;39;41;45;46;48;50;51;52;54;55;56;57;59;60;64;65;67;68;70;71;74;76;77;78;80;82;85;86;88;91,100
A0A1A2SQA4,0.20754716981132076,6;23;41;42;45;47;48;50;51;52;53,53,2.56034818649292,1.3190241722933715,0.54,1;2;4;5;6;7;8;9;10;11;12;14;16;18;19;21;22;23;24;25;28;30;31;32;35;37;38;39;40;43;45;47;48;49;51;52;55;56;58;59;60;61;62;66;72;80;81;83;84;91;93;96;98;100,100
A0A1A2STK0,0.1111111111111111,5,9,2.988138333559036,1.0266214732469205,0.36,2;4;5;7;10;13;16;17;20;24;25;28;31;36;37;38;41;45;46;49;50;52;53;60;63;64;67;72;73;74;79;80;86;89;97;99,100
A0A1A2UBP1,0.16393442622950818,5;7;17;21;26;36;40;51;55;60,61,2.1987858283519746,1.1335448237837646,0.56,1;3;5;7;8;9;10;11;12;13;15;16;17;18;19;21;23;26;29;31;32;33;35;40;41;42;47;48;50;51;53;55;56;57;59;60;63;64;67;68;69;70;73;75;76;78;81;83;86;87;88;92;94;95;96;100,100
A0A1A2VM45,0.0,,17,3.0518538081645965,1.0817426054276018,0.0,,100
A0A1A2YRQ4,0.21428571428571427,3;13;14,14,3.4581308603286742,1.110522277959364,0.84,1;3;4;5;7;8;9;10;11;12;13;14;15;16;17;18;19;20;21;22;23;24;25;26;27;28;29;30;32;33;35;36;37;39;40;41;42;43;44;45;46;48;49;50;51;52;53;54;55;56;58;60;61;62;63;64;65;70;72;73;74;75;77;78;79;80;81;82;83;84;85;86;87;88;89;90;91;93;94;95;96;98;99;100,100
A0A1A2YVQ7,0.08571428571428572,18;25;32;36;47;58,70,1.853903401494026,0.9317210564274688,0.0,,100
A0A1A2YYV5,0.0,,51,2.7069083082675935,1.558307593274807,0.0,,100
A0A1A2Z2J8,0.29333333333333333,2;4;6;8;9;16;20;23;27;30;38;40;41;43;45;46;54;56;58;60;64;67,75,1.7141128921508788,0.9683460991318843,0.54,2;3;4;10;11;12;14;15;16;17;18;19;21;22;23;24;26;28;31;32;34;37;39;40;41;43;44;48;50;51;52;53;54;55;57;58;59;60;61;63;68;69;73;76;78;81;84;86;87;89;90;91;95;99,100
A0A1A2Z8H6,0.25,1;4;6;8;24;28;35;36;40;43;45;48,48,2.4379278516769407,1.0407992691174515,0.52,1;3;4;8;9;10;12;15;16;18;20;22;23;24;25;26;28;33;35;38;41;42;43;46;47;49;50;51;54;57;60;63;65;66;68;69;73;74;75;76;77;79;80;84;85;86;87;88;91;92;93;96,100
A0A1A2ZG36,0.16666666666666666,6;11;25;27;30;31;44;46;50;51,60,2.224062094092369,1.150698556485954,0.52,1;2;4;5;7;8;10;11;12;14;15;16;19;21;25;26;27;31;35;36;37;38;39;40;41;44;46;48;49;53;55;58;65;67;69;70;72;73;75;77;78;79;80;81;82;88;91;92;93;94;95;99,100
A0A1A3BEU1,0.24324324324324326,11;14;15;16;23;29;30;34;35,37,3.1024901646375658,1.4402855973189614,0.23,4;6;9;11;18;22;24;37;46;48;50;56;57;65;68;72;73;76;78;87;88;96;97,100
A0A1A3C4T0,0.17391304347826086,8;9;16;19;27;31;34;36,46,2.338963166475296,1.3432565102287957,0.23,2;10;11;16;30;42;46;47;48;62;64;65;66;76;81;84;85;86;87;92;96;97;100,100
A0A1A3GZZ6,0.25,11;15;16;18;20;22;30;32,32,2.6337152659893035,0.9286213268964078,0.25,1;6;7;9;10;13;15;16;19;20;22;24;25;26;29;35;36;43;47;51;52;57;59;71;91,100
A0A1A3H185,0.16326530612244897,6;16;18;19;25;29;31;42,49,2.508649351000786,1.278445008122676,0.01,74,100
A0A1A3KI76,0.16417910447761194,7;18;27;28;34;44;45;46;47;48;51,67,1.8581143629550934,1.1114130323311937,0.16,1;9;12;16;23;24;49;57;66;68;79;83;88;90;96;99,100
A0A1A3KJV4,0.10638297872340426,2;7;15;32;44,47,2.6331452178955077,1.1109728168219566,0.13,10;11;14;28;41;44;53;55;59;62;68;82;94,100
A0A1A3KPW7,0.3,4;8;9,10,3.2975679516792296,0.9593241215243676,0.87,1;2;3;4;5;7;8;10;13;14;15;16;18;19;20;21;22;23;24;25;26;27;28;29;30;31;32;33;34;35;36;37;38;39;40;41;42;43;44;45;47;48;49;50;51;52;53;54;55;56;57;58;59;60;61;63;64;65;66;67;68;69;71;72;73;74;75;77;78;79;80;82;83;84;87;88;89;90;91;92;94;95;96;97;98;99;100,100
A0A1A3N5H1,0.21739130434782608,9;16;19;20;21,23,3.071079227924347,1.1261328532683015,0.39,4;5;7;11;13;16;19;23;25;28;30;31;33;37;38;41;42;43;46;47;55;56;57;58;60;65;71;73;75;77;80;81;84;86;87;89;91;93;100,100
A0A1A3N7A1,0.24285714285714285,5;7;11;18;33;38;39;41;43;44;45;46;48;54;58;61;69,70,1.8101320910453795,1.0908694286197163,0.72,1;2;3;4;5;6;8;9;11;13;14;15;16;18;19;20;21;22;23;24;26;27;28;29;30;31;32;33;34;36;37;38;39;41;43;44;45;48;51;53;54;56;57;58;59;60;63;64;65;67;68;69;70;72;73;74;77;79;84;85;86;88;89;90;91;93;94;96;97;98;99;100,100
A0A1A3NWI0,0.26,7;9;13;22;24;25;26;27;28;30;31;35;38,50,2.4887136232852938,1.1019107653468274,0.53,2;6;7;8;10;12;13;14;16;17;18;22;23;24;30;32;33;34;35;37;39;40;41;42;43;45;48;51;53;54;55;58;61;65;67;68;70;71;73;78;79;80;81;87;88;90;91;94;96;97;98;99;100,100
A0A1A3P195,0.21428571428571427,2;11;13;21;27;30;34;37;38;44;48;53,56,2.175927772521973,1.4585316309869312,0.44,1;2;3;6;7;9;13;16;20;22;23;27;28;29;30;31;32;36;37;38;40;45;47;48;49;58;59;60;61;62;65;69;73;74;75;80;81;82;87;89;91;93;94;98,100
A0A1A3P7V6,0.2553191489361702,6;8;14;16;22;33;35;36;38;39;41;42,47,2.4151841163635255,1.047728310061265,0.54,1;3;4;6;8;10;11;14;16;21;22;24;25;27;29;31;32;33;37;38;39;40;41;42;45;46;47;48;49;51;54;61;62;64;65;67;68;70;72;73;74;77;79;81;83;88;89;90;91;92;94;95;97;98,100
A0A1A3TXF6,0.14583333333333334,4;8;9;37;39;41;46,48,2.478269523382187,1.0992545285765374,0.93,1;2;3;4;5;6;7;8;9;11;12;13;14;15;16;17;18;19;20;21;22;23;24;25;26;27;28;29;30;31;32;33;34;35;36;37;38;39;40;41;42;43;44;46;47;48;49;50;51;52;53;55;56;57;58;59;60;61;62;63;64;65;66;67;69;70;71;72;73;74;75;76;77;78;79;81;82;84;85;86;88;89;90;91;92;93;94;95;96;97;98;99;100,100
A0A1A3U111,0.3170731707317073,6;7;11;12;14;16;21;26;29;32;34;36;41,41,2.784305614233017,1.2734914945599023,0.37,1;2;6;10;12;14;15;16;17;18;21;24;26;31;33;34;37;41;42;44;57;61;62;66;67;72;73;74;75;76;82;84;86;87;88;90;93,100
A0A1A3U7T4,0.1,10;12;19;31;43;50,60,2.131009511947632,1.1178998015788943,0.07,15;16;25;65;69;80;97,100
A0A1A6BMZ1,0.21052631578947367,6;17;18;20;23;28;30;33;36;39;45;52,57,2.1258887034654617,1.2278265455173532,0.67,1;2;3;5;7;9;10;11;12;13;14;15;17;18;19;22;23;24;26;27;29;30;31;32;33;34;35;39;40;41;43;44;45;46;48;49;50;51;52;53;57;60;61;62;63;64;66;69;70;71;72;74;76;77;79;81;83;86;87;88;89;90;91;92;93;94;96,100
A0A1B4Y4X4,0.07407407407407407,17;26,27,2.8808117794990538,1.2034090963317292,0.23,3;6;7;11;13;15;16;26;28;31;33;34;36;44;45;54;64;75;86;87;89;92;93,100
A0A1B8SKL4,0.5,5;6;8;11;12;15;16;17;18;21;22;23;24;28;30;31;32;33;36;41;42;45;46;48;49;52;53;57;59;60,60,2.341624532341957,1.288394064251488,0.82,1;2;3;4;5;6;7;8;9;10;11;12;13;15;16;17;18;19;20;21;23;24;26;27;28;29;30;31;33;34;35;36;37;38;39;40;41;43;44;45;46;47;50;51;52;53;54;55;57;58;60;61;62;63;65;67;69;71;72;73;74;75;77;78;79;80;82;83;85;86;87;88;89;90;91;92;93;94;96;97;98;100,100
A0A1B9CJD7,0.18181818181818182,8;11,11,3.2629879868030547,1.0854942940787013,0.19,9;29;31;54;57;58;59;66;71;75;76;77;78;86;88;91;92;95;96,100
A0A1B9CX42,0.29508196721311475,5;6;7;10;12;14;15;16;18;32;35;40;44;45;46;52;56;59,61,2.039522520303726,1.220471818917128,0.35,2;3;6;9;10;12;17;19;22;26;32;36;39;41;43;45;48;50;57;60;65;68;70;73;75;76;79;80;82;84;89;92;93;94;99,100
A0A1D7VWY6,0.07142857142857142,18;34;42,42,2.4659450423717497,0.9351331088517502,0.0,,100
A0A1D8GAR9,0.32608695652173914,3;8;10;12;14;23;26;27;28;35;40;42;43;44;46,46,2.582999629974365,1.2251553950600227,0.58,5;6;8;9;10;11;12;14;15;16;17;18;19;20;21;24;25;27;29;30;34;35;36;37;41;42;43;44;46;49;50;51;53;56;58;60;61;62;63;64;66;67;68;70;73;74;78;84;87;89;90;91;92;94;95;97;98;100,100
A0A1E3RBW0,0.4883720930232558,1;3;4;6;7;10;12;14;15;21;22;24;29;31;32;33;34;36;41;42;43,43,2.5277632129192353,0.9821487233413582,0.7,2;6;7;8;9;10;11;12;13;14;15;17;18;19;20;21;22;23;24;27;28;29;30;31;32;33;34;36;37;38;39;41;43;46;47;48;49;50;51;52;53;54;56;57;58;59;60;61;62;63;64;66;68;70;75;77;78;80;82;83;84;85;86;87;89;90;94;95;96;100,100
A0A1E3S0K4,0.19696969696969696,2;13;18;20;22;23;24;26;30;31;33;39;53,66,2.1463715696334837,1.0274699720481788,0.31,10;18;19;23;32;38;40;42;44;45;46;47;48;53;55;57;59;61;63;65;66;69;72;76;79;80;81;82;90;92;96,100
A0A1E3S739,0.4032258064516129,4;5;8;9;10;18;19;20;22;26;27;30;33;34;39;40;42;44;48;51;53;55;56;59;62,62,2.353800743818283,1.2404522383261427,0.48,2;3;4;5;6;8;13;15;17;19;24;26;27;29;31;32;40;42;43;44;45;46;48;50;51;52;55;61;67;70;71;72;73;74;77;79;81;82;83;85;86;87;90;91;94;98;99;100,100
A0A1E3SKI4,0.2916666666666667,3;5;9;13;16;22;24,24,3.1182955467700957,1.1667864974914135,0.27,2;6;7;21;22;23;25;36;38;40;41;50;51;52;57;60;68;70;72;73;75;76;81;86;91;92;96,100
A0A1E3SLH6,0.1875,1;4;9,16,3.2451497602462767,1.112568486255375,0.94,1;2;3;4;5;6;7;8;9;10;11;12;13;14;15;16;17;18;20;21;22;23;24;25;26;27;28;29;30;31;33;34;36;37;38;39;40;41;42;43;44;45;46;48;49;50;51;52;53;54;55;56;57;58;59;60;61;62;63;64;65;66;67;68;69;70;71;72;73;74;76;77;78;79;80;81;82;83;84;85;86;87;88;89;90;91;92;93;94;95;97;98;99;100,100
A0A1E3SN70,0.17391304347826086,6;14;18;20,23,3.051961990594864,1.1244761925667635,0.56,1;2;3;4;5;8;11;13;14;15;18;20;21;25;26;27;29;31;32;33;34;35;39;40;41;42;44;45;50;53;54;57;58;60;61;63;64;67;68;69;72;73;74;75;79;80;81;82;85;86;87;93;94;96;97;99,100
A0A1E3SV84,0.3488372093023256,1;4;6;7;8;16;20;25;26;27;31;36;40;41;43,43,2.613824849128723,1.1282644471723295,0.88,1;2;3;5;6;7;9;10;11;12;13;14;15;16;17;18;19;20;21;22;25;26;27;28;29;30;31;32;33;34;35;36;37;38;39;40;41;42;43;45;46;47;48;49;50;51;52;53;55;57;58;59;60;61;62;63;64;65;66;67;68;69;70;71;72;73;74;75;76;77;79;80;81;82;83;84;86;87;88;89;90;92;94;95;96;98;99;100,100
A0A1E5P3C7,0.4,2;7;8;12;15;16;18;23;24;27;29;30;31;32;35;37;40;41;43;50,50,2.4741562712192535,1.2011713196131177,0.7,1;2;3;4;5;6;8;9;10;11;12;14;16;17;18;19;20;23;25;26;27;29;30;32;33;34;35;36;37;38;39;40;41;42;43;45;46;47;48;50;52;53;54;57;59;61;62;63;64;65;66;67;68;71;73;76;78;79;80;82;84;87;88;89;90;92;93;95;96;100,100
A0A1E7JQU2,0.07272727272727272,5;19;25;51,55,2.333792132139206,1.084908288609025,0.0,,100
A0A1E7L3V6,0.09836065573770492,6;12;17;23;24;58,61,2.321949225664139,1.1219255469745317,0.08,12;17;31;32;33;35;37;64,100
A0A1E8Q6I1,0.3333333333333333,1;4;5;9;10;11;19;21;22;25;26;28;29;30;31;32;33;34;35;49;57;66,66,2.06445937871933,1.1614108596058224,0.2,4;25;31;42;44;45;55;56;57;63;66;72;73;84;94;95;96;97;99;100,100
A0A1E8QAA5,0.05263157894736842,5;37,38,2.497539726495743,0.9375571185950474,0.47,3;4;6;9;10;13;15;16;23;28;30;31;32;34;36;39;40;41;42;45;46;50;52;54;57;59;60;61;64;65;69;70;71;74;76;77;78;79;81;82;83;86;88;92;93;94;100,100
A0A1G4V447,0.36363636363636365,1;3;8;11,11,3.4716917550563813,1.2400532807854332,0.3,2;3;5;7;9;10;16;17;20;21;24;26;31;34;38;42;44;46;47;55;57;59;60;67;70;82;85;86;93;98,100
A0A1G4WIS5,0.2711864406779661,5;9;18;30;31;32;34;35;40;43;44;46;49;51;55;56,59,2.210528885126114,0.9641817781975688,0.21,2;3;4;7;9;10;17;23;29;45;46;47;49;52;53;61;62;64;78;93;96,100
A0A1G6K7R0,0.08,3;34;41;46,50,2.5714616775512695,1.3332820558535625,0.95,1;2;3;4;5;6;7;8;9;10;11;12;13;14;15;17;18;19;20;21;22;23;24;25;26;27;28;29;30;31;32;33;34;35;36;37;38;39;40;41;42;43;45;46;47;48;49;50;51;52;53;54;55;56;57;58;59;60;62;63;64;65;66;67;68;69;70;71;72;73;74;75;77;78;79;80;81;82;83;84;85;87;88;89;90;91;92;93;94;95;96;97;98;99;100,100
A0A1G6PJB6,0.28169014084507044,1;2;5;8;14;15;24;28;31;34;41;43;44;45;51;52;58;60;68;71,71,1.8514409160614014,1.0788392527142432,0.38,1;3;6;7;15;19;20;22;23;26;27;28;29;31;32;34;37;39;41;43;46;49;50;51;52;53;54;56;65;67;68;73;75;76;78;79;93;94,100
A0A1G7L4S3,0.07246376811594203,26;34;52;56;59,69,2.05706689119339,1.0772467857716612,0.04,4;17;35;83,100
A0A1H6L3W8,0.14285714285714285,12;14;20;22,28,2.807793388366699,1.074945494838596,0.41,3;5;8;9;10;13;16;18;20;21;22;25;26;29;33;34;35;36;38;39;50;51;55;56;60;66;71;72;74;75;78;79;81;82;86;87;89;92;94;96;100,100
A0A1H7CJ42,0.2,5;6;9;13;28;29;31;34;38;48;53;54;61,65,2.150038657784462,1.2874333264980042,0.15,8;12;15;19;29;44;55;56;64;68;75;77;78;91;94,100
A0A1H8UHI3,0.34375,10;16;18;19;22;23;24;25;26;28;30;31;32;33;34;36;46;48;51;57;62;64,64,2.1892313253879547,1.1121517968175019,0.08,8;13;30;50;66;76;94;100,100
A0A1I0U7E5,0.14285714285714285,4;5;10,21,3.2541091907024384,1.1906441798597418,0.63,1;2;3;4;5;6;7;8;9;12;13;14;15;16;21;22;25;27;29;30;31;32;34;35;36;37;39;40;42;43;45;46;47;48;51;53;54;55;57;60;61;63;67;68;69;70;73;74;76;78;79;82;83;84;85;86;90;91;92;96;97;99;100,100
A0A1I5LZY6,0.5714285714285714,1;3;4;5;7;8;9;10;11;12;13;15;18;19;20;23;26;32;33;34;36;38;41;42;44;46;48;49;51;52;54;55,56,2.2405055034160615,1.409201224771412,0.0,,100
A0A1I6TMF1,0.24242424242424243,4;8;11;13;14;20;32;34;41;44;47;48;59;60;63;64,66,2.017026579976082,1.2119890987215354,0.2,8;9;12;13;14;27;49;51;53;62;63;65;68;70;74;81;82;86;98;99,100
A0A1J0VT15,0.208955223880597,15;19;23;30;36;45;52;59;62;63;64;65;66;67,67,2.0235384660959244,1.1042147625811431,0.86,1;2;3;4;6;7;8;9;10;11;12;14;15;16;17;18;19;20;21;22;23;24;25;26;27;29;32;33;35;36;37;38;39;41;42;43;44;45;46;47;48;49;50;51;52;53;54;55;56;57;58;59;60;61;62;63;64;65;66;67;68;69;71;72;74;75;76;77;78;79;81;82;83;84;86;87;88;90;91;92;93;94;95;97;98;99,100
A0A1Q4H4E6,0.265625,1;2;7;9;13;18;22;28;34;37;38;42;43;44;50;60;63,64,2.164978996515274,1.383964961509224,0.07,30;45;52;66;91;96;100,100
A0A1Q4HNQ9,0.17647058823529413,6;12;13,17,3.1890353500843047,1.0838757045888847,0.69,1;4;5;6;8;9;12;13;14;16;18;19;20;21;22;24;25;26;27;28;29;32;33;34;35;36;37;39;40;42;43;44;45;46;48;49;51;54;56;57;59;61;62;63;66;67;68;69;70;75;76;77;78;79;80;81;82;85;86;87;88;89;94;95;96;97;98;99;100,100
A0A1Q4HPF1,0.0,,59,2.0646905666589737,1.1575932625383316,0.0,,100
A0A1Q9W8K3,0.21311475409836064,1;6;11;12;19;23;27;28;31;43;50;55;60,61,2.1329687559604644,1.0533247004156057,0.52,3;5;7;9;10;11;13;14;15;17;18;19;21;22;23;26;27;29;31;33;34;35;40;41;42;46;48;49;51;53;58;59;60;61;63;65;66;69;70;76;77;79;82;85;86;87;89;94;95;96;98;100,100
A0A1R3Y1N0,0.296875,2;7;8;9;10;18;23;24;29;34;38;44;46;47;49;52;55;56;57,64,1.958753700852394,1.3017239812960408,0.87,1;2;3;4;5;6;7;8;9;10;12;13;14;16;17;18;19;20;21;22;24;25;26;27;28;29;31;32;33;34;35;36;37;38;39;40;41;42;43;44;45;46;48;49;50;53;54;55;56;57;59;61;62;63;64;65;66;67;68;69;70;71;72;73;74;75;76;78;79;80;81;82;83;84;85;86;87;88;89;91;94;95;96;97;98;99;100,100
A0A1S1KKY6,0.1694915254237288,2;3;12;16;30;36;37;40;52;56,59,2.0795555102825163,1.2395954768205875,0.57,1;2;3;4;8;10;11;12;13;17;19;20;21;22;24;25;26;27;28;31;32;38;40;41;42;45;49;51;52;56;58;59;60;63;67;68;70;71;72;73;74;75;77;78;80;82;83;84;85;86;89;90;91;92;94;98;100,100
A0A1S1KYS6,0.325,1;8;12;16;17;18;23;24;26;31;32;35;37,40,2.706013606786728,1.1831847481178115,0.41,2;3;4;5;10;12;14;15;16;17;21;22;23;30;35;37;39;41;42;43;44;46;47;48;49;50;51;56;62;65;70;71;76;77;81;83;84;85;92;95;97,100
A0A1S1L5R7,0.0,,9,3.3960959649086,0.9749529114144551,0.0,,100
A0A1S1L7L3,0.27906976744186046,8;15;22;24;28;29;30;32;33;35;36;39,43,2.3576851880550382,0.8562553531098016,0.84,1;2;3;4;5;7;8;9;10;11;12;13;14;15;16;17;19;20;22;23;24;26;27;28;29;30;31;32;34;35;36;37;38;40;42;43;47;48;49;50;51;52;54;55;57;58;59;61;62;63;64;65;66;67;68;69;70;71;72;73;75;76;77;78;79;80;81;82;83;85;86;87;88;89;90;91;93;94;95;96;97;98;99;100,100
A0A1S1LBB7,0.078125,2;7;31;58;62,64,2.1149279606342315,1.3173401088585863,0.03,33;46;92,100
A0A1S1LF81,0.0,,12,3.2196539354324343,1.068421664039669,0.0,,100
A0A1S1LFP5,0.24242424242424243,7;10;11;12;29;32;33;42;43;44;47;51;55;56;62;64,66,2.0883618175983427,1.0919763296944383,0.84,1;2;3;4;5;6;7;8;9;11;12;13;14;17;18;19;20;21;22;23;24;25;26;27;28;29;30;31;32;33;34;35;37;38;39;40;41;42;44;45;46;47;49;50;51;52;53;54;55;56;57;58;59;60;62;63;64;65;66;69;71;72;73;74;75;76;77;78;79;81;82;84;85;86;87;88;89;90;92;95;97;98;99;100,100
A0A1S1LPM2,0.3103448275862069,6;7;17;20;23;25;26;27;29,29,2.903436849117279,1.2124046073269306,0.14,1;4;6;9;14;18;21;23;24;26;28;47;71;73,100
A0A1S1LSR7,0.028985507246376812,13;45,69,1.8357958805561065,1.1009580088105613,0.1,8;15;34;47;55;59;66;70;80;90,100
A0A1S1LZ61,0.4576271186440678,2;3;6;10;11;12;14;17;19;20;24;27;28;34;36;37;39;40;41;42;43;46;51;53;54;55;59,59,2.323834443092346,1.1423117199528687,0.76,1;2;4;5;6;7;8;9;10;11;12;13;14;15;16;17;18;21;22;23;24;25;26;28;29;30;31;32;33;34;36;39;42;43;44;45;46;47;48;49;50;51;53;54;55;56;59;60;61;62;63;65;66;68;70;72;73;74;75;76;77;79;80;81;82;83;87;88;89;90;93;94;97;98;99;100,100
A0A1S1M3C1,0.13793103448275862,10;16;17;26,29,2.7807669508457185,1.0710675403382066,0.07,33;46;61;62;66;71;88,100
A0A1S1M770,0.08955223880597014,11;13;24;54;55;66,67,1.9898259896039963,1.2532705799668702,0.07,23;41;48;49;50;54;75,100
A0A1S1M9C0,0.0,,13,3.314127857685089,1.0907108748145184,0.0,,100
A0A1S1MVI3,0.0392156862745098,20;48,51,2.638788760304451,1.4178563046465982,0.61,1;2;3;4;6;8;11;12;13;15;16;17;18;20;21;22;24;27;28;29;34;36;37;38;40;43;44;46;47;49;51;52;53;54;55;56;60;61;62;65;66;68;69;71;72;75;78;79;81;84;85;86;87;88;90;92;94;95;96;99;100,100
A0A1S1NIB3,0.0,,67,2.1519696497917176,1.2465941725865395,0.0,,100
A0A1T3NLC9,0.031746031746031744,16;18,63,2.0459099233150484,1.3774057314287014,0.18,12;16;18;19;31;34;39;41;42;46;56;67;69;71;77;78;84;87,100
A0A1T3NUL4,0.11764705882352941,10;13;19;35;39;51;58;61,68,1.9598943197727203,1.1139007697813303,0.04,23;39;64;98,100
A0A1T5FEL0,0.24,8;9;10;20;21;24;26;27;29;33;46;48,50,2.374569092988968,1.009358991523201,0.06,16;42;55;70;89;92,100
A0A1T5FV39,0.03076923076923077,38;47,65,1.8808051943778992,1.1537906746174196,0.23,6;32;34;38;42;44;54;57;58;61;63;65;68;71;73;76;81;82;83;95;97;98;100,100
A0A1T5XJ36,0.016666666666666666,8,60,2.1442576497793198,1.3210498436281055,0.0,,100
A0A1T7HTT5,0.0,,8,3.2516545736789704,0.7829311650503743,0.0,,100
A0A1U3MWT7,0.5925925925925926,3;4;11;14;16;18;20;21;22;24;25;26;27;28;29;30;35;36;37;38;39;40;41;42;43;44;46;47;50;51;52;53,54,2.3412785589694978,0.9986341625491374,0.56,1;2;3;5;6;7;9;11;12;15;16;17;23;25;26;27;29;30;31;33;37;38;39;43;44;50;51;52;53;55;57;58;59;61;62;63;64;65;66;68;69;70;71;73;77;79;81;82;86;87;89;90;94;97;99;100,100
A0A1V3WG34,0.38636363636363635,4;7;11;14;15;18;24;28;29;32;36;37;38;39;41;43;44,44,2.644011979699135,1.2515624524379245,0.78,1;2;3;4;5;6;7;8;9;10;11;12;13;14;15;16;17;18;19;20;22;23;25;26;28;29;30;31;34;36;37;38;39;40;41;44;45;46;48;51;52;53;54;55;56;57;58;60;61;63;64;66;68;69;70;71;72;73;74;75;77;78;79;82;83;84;85;86;88;89;90;92;93;94;95;97;99;100,100
A0A1W9YPH5,0.13793103448275862,2;3;9;10;13;14;28;58,58,2.2844774943590163,1.4315222923112554,0.83,1;2;3;5;6;7;8;9;10;12;13;17;18;19;20;21;22;23;24;25;26;27;28;29;30;32;34;38;39;40;41;44;45;46;47;48;49;50;51;52;53;54;55;56;58;59;60;61;62;63;64;65;67;69;70;71;72;73;74;75;76;77;78;79;80;81;83;84;85;86;87;88;89;90;91;92;93;94;95;97;98;99;100,100
A0A1W9Z9K2,0.08955223880597014,12;29;32;40;50;61,67,2.0266157752275467,1.1606077290142753,0.16,17;27;34;50;51;54;55;57;63;64;77;78;82;94;98;99,100
A0A1W9Z9K6,0.06557377049180328,13;31;45;48,61,2.265386929512024,1.0445845799919722,0.2,2;10;15;34;37;43;48;53;56;57;60;66;71;78;81;86;87;89;91;92,100
A0A1W9ZC84,0.109375,5;12;36;37;39;48;61,64,1.9614950430393219,1.250262804939763,0.38,6;8;9;10;16;18;21;23;24;25;26;27;28;33;34;35;42;44;47;49;50;51;57;58;59;60;63;64;73;74;75;79;81;83;88;90;94;98,100
A0A1W9ZN90,0.0,,20,3.133047015666962,1.199750939003273,0.0,,100
A0A1W9ZSJ9,0.043478260869565216,14;45;65,69,1.800233729481697,1.2218300759223788,0.23,2;7;10;11;19;23;29;31;33;39;50;51;52;54;55;56;62;63;72;79;91;95;99,100
A0A1W9ZU79,0.1891891891891892,3;7;14;30;31;33;35,37,2.8311618530750273,1.1814711913252114,0.63,4;8;9;10;11;12;14;15;19;23;24;25;26;28;30;32;33;36;38;39;40;42;43;44;45;46;50;51;53;54;55;56;57;58;59;61;62;63;66;67;68;70;72;73;74;76;78;79;80;81;82;83;86;87;88;89;91;92;93;94;95;96;100,100
A0A1X0A2U5,0.03125,17;60,64,2.095144082903862,1.2290808932948696,0.01,50,100
A0A1X0AYB7,0.3225806451612903,3;4;5;9;11;17;18;22;25;27;28;29;30;33;40;44;46;52;53;59,62,2.207168264389038,1.3063977846684451,0.75,1;2;3;4;5;6;7;9;10;11;14;15;17;18;19;23;24;25;26;27;29;31;32;33;35;36;38;39;40;41;42;44;45;46;47;48;51;52;57;58;59;60;61;62;63;64;65;66;67;68;69;70;72;73;74;75;76;77;78;79;80;82;83;84;86;88;89;91;92;93;94;95;97;98;100,100
A0A1X0AZ01,0.2641509433962264,2;4;10;11;13;16;18;23;24;27;29;38;39;43,53,2.422288247346878,1.1151358986475892,0.45,2;3;4;5;6;7;9;10;12;13;14;16;17;18;21;22;23;24;25;27;33;35;38;39;40;41;44;46;51;55;57;65;67;69;73;75;76;79;82;83;85;86;87;90;99,100
A0A1X0BWL6,0.14814814814814814,3;8;30;40;44;48;49;54,54,2.256105682849884,1.0239842619246555,0.52,1;3;6;7;8;9;11;13;14;16;17;18;19;20;21;23;24;25;28;29;30;32;36;40;42;44;46;50;51;52;54;55;57;58;61;62;63;65;66;67;68;72;74;75;77;79;82;85;87;90;95;100,100
A0A1X0D333,0.16666666666666666,8;12;13;20;22;25;30;34;38;50,60,2.203796642422676,1.4731917217749506,0.4,1;4;5;6;7;9;11;15;17;18;19;24;27;28;30;32;37;47;48;50;53;55;62;63;64;67;68;69;70;79;81;84;86;87;89;91;92;93;96;98,100
A0A1X0DSG2,0.1,10;18,20,3.1519192135334015,1.1546110582481826,0.71,1;2;3;4;7;8;11;12;13;14;15;16;17;20;21;22;24;25;27;28;29;30;31;32;34;35;36;38;40;42;43;45;46;47;49;51;53;55;56;57;58;60;64;65;66;67;69;70;71;73;74;75;76;78;79;80;81;83;84;85;86;87;88;89;90;91;92;94;96;97;100,100
A0A1X0DT32,0.29508196721311475,8;12;18;21;22;24;27;31;35;36;40;45;49;50;53;55;56;61,61,2.0987691962718964,1.1497813050978234,0.1,6;8;17;28;29;42;53;70;80;85,100
A0A1X0ED97,0.375,3;4;6;8;20;21;24;25;31;34;35;36;37;39;40,40,2.716041204929352,1.1541325474737143,0.95,1;2;3;4;5;7;8;9;10;11;13;14;15;16;17;18;19;20;21;22;23;24;25;26;27;28;29;30;31;32;33;34;35;36;37;38;39;40;41;42;43;44;45;46;47;48;49;50;51;52;53;54;55;56;57;58;59;60;61;62;63;64;65;66;67;68;69;70;71;72;73;74;75;76;77;78;79;80;82;83;84;85;86;87;90;91;92;93;94;95;96;97;98;99;100,100
A0A1X0FY05,0.0,,56,2.2897357785701753,1.130084966214431,0.0,,100
A0A1X0FZ49,0.0,,16,3.2593664705753325,1.2071476820524762,0.0,,100
A0A1X0I595,0.0,,5,3.790105473995209,0.9175321384135516,0.0,,100
A0A1X0I7R5,0.23214285714285715,6;9;14;16;21;26;30;41;44;46;51;54;56,56,2.2500587630271913,0.955965637675566,0.37,3;4;5;7;13;17;19;20;22;24;27;28;31;38;39;40;41;42;46;47;50;51;52;53;56;63;65;66;70;71;72;78;79;80;83;86;92,100
A0A1X0INU7,0.06060606060606061,17;31;33;40,66,1.979081653356552,1.175000085504016,0.02,9;98,100
A0A1X0J5R4,0.1320754716981132,4;18;21;25;26;32;50,53,2.4645013403892517,1.456063979684496,0.17,1;6;7;16;33;39;50;51;54;59;64;67;76;77;92;93;99,100
A0A1X0J866,0.0,,16,3.132657607793808,1.1091346557235537,0.0,,100
A0A1X0K0U7,0.10909090909090909,3;8;9;19;26;48,55,2.3430342298746107,1.0839977095592592,0.21,5;7;15;16;18;27;31;35;36;38;44;45;48;49;55;59;61;69;74;77;90,100
A0A1X0KKW9,0.1,2;11;13;30;31,50,2.325504802465439,0.9908985446621397,0.88,1;2;3;4;5;6;7;8;9;10;11;12;13;14;16;17;18;19;20;21;22;23;24;25;26;27;28;30;31;32;33;34;35;36;37;38;39;40;41;43;44;46;47;48;49;52;53;54;55;56;58;59;60;61;62;63;64;66;67;68;69;70;71;72;73;75;76;77;78;79;80;81;82;84;85;86;88;89;90;91;92;93;94;95;96;97;98;99,100
A0A1X0XWA4,0.2553191489361702,2;4;18;22;23;31;34;35;42;44;46;47,47,2.484567584991455,1.0675722027554653,0.57,1;2;4;5;7;8;9;11;12;13;15;16;17;18;19;20;21;23;24;26;28;30;31;34;35;36;37;38;41;43;45;46;48;53;55;57;62;64;65;66;68;69;70;71;72;73;79;80;83;85;86;90;92;94;97;98;100,100
A0A1X0XYW4,0.41304347826086957,12;16;19;20;22;24;25;28;32;33;35;37;38;39;40;41;42;44;46,46,2.5126912820339204,1.1380440875451172,0.8,1;2;3;4;6;7;8;9;10;11;12;13;14;15;16;17;18;19;20;21;22;23;24;26;27;28;30;31;32;33;34;35;36;37;38;41;42;43;44;46;47;49;50;51;52;53;54;55;56;58;59;60;62;63;64;65;67;68;69;72;73;74;75;76;77;80;81;83;85;87;88;89;90;91;94;95;96;97;98;99,100
A0A1X0Y567,0.08333333333333333,11,12,3.4389062893390654,1.1137599035890156,0.98,1;2;3;4;5;6;7;8;9;10;11;13;14;15;16;17;18;19;20;21;22;23;24;25;26;27;28;29;30;31;32;33;34;35;36;37;38;39;40;41;42;43;44;45;46;47;48;49;50;51;52;53;54;55;56;57;58;59;60;61;62;63;64;65;66;67;68;69;70;71;72;73;74;75;76;77;78;80;81;82;83;84;85;86;87;88;89;90;91;92;93;94;95;96;97;98;99;100,100
A0A1X0YC10,0.14,4;5;10;18;19;34;50,50,2.3895033490657807,1.0699672698762888,0.29,4;13;16;24;26;31;37;42;44;46;47;51;57;58;61;62;66;70;75;76;78;79;81;85;86;87;95;99;100,100
A0A1X1RGM6,0.08196721311475409,3;6;27;45;57,61,2.117659863233566,1.3149718376315416,0.04,11;17;24;61,100
A0A1X1RMT2,0.07462686567164178,6;22;29;30;57,67,2.0051720154285433,1.0132548004933242,0.07,54;59;70;75;77;79;92,100
A0A1X1RT79,0.391304347826087,3;4;7;11;13;14;19;20;23;30;31;32;34;39;40;41;44;48;49;52;58;61;62;63;64;65;69,69,2.0708207803964616,1.1398042456753683,0.22,4;12;17;20;24;29;30;31;35;38;49;51;61;64;65;68;70;72;77;82;95;97,100
A0A1X1SSG1,0.20754716981132076,2;5;13;14;23;26;31;34;36;40;50,53,2.524163908958435,1.3810680213427904,0.12,12;22;30;31;40;41;49;52;66;80;84;88,100
A0A1X1SXX1,0.0,,64,2.0623273342847823,0.9399948649767274,0.0,,100
A0A1X1TAZ5,0.04,1;7;43,75,1.7449268209934234,0.9035173063891043,0.01,21,100
A0A1X1TV41,0.2037037037037037,5;7;9;11;16;23;28;37;49;51;54,54,2.3764635825157168,0.971359244038346,0.1,6;37;47;56;68;71;74;80;92;98,100
A0A1X1TX55,0.18181818181818182,14;18;22;24;28;30;35;40;44;45;47;53,66,2.159133901000023,1.3293925253329024,0.12,5;15;16;18;26;40;46;58;66;70;75;100,100
A0A1X1TXE9,0.32075471698113206,3;5;9;12;14;21;24;26;27;29;32;35;36;43;44;47;49,53,2.3501396387815476,1.4722104305266062,0.23,1;21;23;25;31;32;49;51;52;58;59;62;63;65;71;78;80;83;86;92;97;98;99,100
A0A1X1U567,0.2857142857142857,7;8;15;16;17;21;25;27,28,2.86374706864357,1.1066525067115491,0.67,1;3;4;5;6;7;8;9;10;11;13;14;15;18;19;20;22;23;24;25;26;27;29;30;31;33;34;36;38;41;42;43;46;48;49;50;51;54;55;57;58;60;61;62;63;64;65;66;67;69;71;73;75;76;77;78;85;88;89;90;91;92;93;94;95;96;97,100
A0A1X1U6G3,0.15384615384615385,9;12,13,3.2397619342803954,1.0710081779691953,0.37,14;17;18;20;23;25;30;32;33;35;37;41;44;50;52;55;60;64;65;66;67;70;72;73;74;76;77;78;79;85;88;90;91;92;93;97;100,100
A0A1X1V443,0.21621621621621623,6;8;10;11;15;20;25;26;34;46;47;48;53;60;69;73,74,1.6946152740716933,0.8986843147082384,0.59,1;2;4;5;6;7;8;9;10;12;13;16;17;19;20;21;22;23;25;26;30;33;35;36;37;38;39;40;42;44;45;46;48;50;52;53;54;59;60;61;62;63;65;66;67;68;69;70;72;79;81;83;84;86;87;93;95;97;99,100
A0A1X1VXW9,0.3055555555555556,3;5;7;8;11;16;18;19;20;25;30;31;37;42;43;44;46;49;59;65;71;72,72,1.8648934775590897,0.9582921471812091,0.54,1;2;3;4;5;6;7;8;10;12;15;16;17;18;20;21;23;26;27;28;31;32;33;34;35;37;41;42;43;44;47;48;51;56;57;60;63;64;65;66;67;69;70;71;72;78;79;81;84;89;91;95;96;98,100
A0A1X1WD57,0.19672131147540983,2;4;7;9;18;21;24;25;37;54;58;59,61,2.062474410533905,1.1806505101358415,0.76,1;2;3;4;5;6;7;8;9;10;11;12;14;15;16;17;18;19;20;21;22;23;24;27;29;30;31;32;34;35;36;37;38;40;41;42;43;45;46;47;48;49;50;51;53;55;57;59;61;62;63;64;65;66;67;68;69;70;71;73;74;75;77;78;79;80;83;84;86;87;88;89;90;96;98;100,100
A0A1X1XH13,0.0,,77,1.6511795949935912,0.898744601145831,0.0,,100
A0A1X1XQZ1,0.22950819672131148,3;5;14;20;21;22;32;33;34;40;44;48;55;61,61,2.0909931981563568,1.0429003828944388,0.04,50;53;70;87,100
A0A1X1Y0D8,0.47761194029850745,2;7;11;12;18;19;21;24;25;26;29;30;31;33;35;36;37;38;41;43;48;49;50;51;57;58;59;60;61;62;64;65,67,1.969224905371666,0.947060300976128,0.12,5;11;21;25;32;46;50;69;71;84;85;86,100
A0A1X1YHA8,0.24074074074074073,11;12;18;20;21;23;26;27;28;30;44;45;51,54,2.46285364151001,1.2313281127665598,0.82,1;2;3;4;5;6;7;8;9;10;11;12;13;14;15;16;18;19;20;21;22;23;24;25;26;27;28;29;30;31;32;33;34;36;37;38;39;41;42;43;44;45;48;50;52;53;55;56;57;58;60;61;62;63;65;67;68;69;70;72;73;75;76;77;78;79;80;81;85;86;87;88;89;90;91;92;93;95;96;98;99;100,100
A0A1X1YTK3,0.08695652173913043,11;15;22;26;41;54,69,1.7834462773799897,1.2087718697310625,0.22,7;8;9;16;17;20;34;38;39;42;48;59;60;68;69;70;79;80;82;87;90;96,100
A0A1X1Z1D7,0.22580645161290322,12;14;15;22;23;27;29,31,2.5730260837078096,0.8644063751544079,0.37,1;2;3;5;6;9;10;12;13;14;19;22;24;27;28;31;34;37;39;40;41;42;44;45;49;51;53;59;61;63;72;78;83;87;91;93;94,100
A0A1X1ZAJ3,0.2413793103448276,13;16;20;22;24;25;32;33;37;43;46;51;53;57,58,2.296362472176552,1.0986084060622938,0.97,1;2;4;5;6;7;8;9;10;11;12;13;14;15;16;17;18;19;20;21;22;23;24;26;27;28;29;30;31;32;33;34;35;36;37;38;39;40;41;42;43;44;45;46;47;48;49;50;51;52;53;54;55;56;57;58;59;60;61;62;63;64;65;66;67;68;69;70;71;72;73;74;75;76;77;78;79;80;81;82;83;84;85;86;87;88;89;90;91;92;94;95;96;97;98;99;100,100
A0A1X1ZUN6,0.06,16;31;32,50,2.4818524503707886,1.1019635106203347,0.07,4;17;25;39;57;63;73,100
A0A1X2AMC4,0.022222222222222223,38,45,2.560350036621094,1.1348348349881272,0.86,1;2;3;4;5;6;7;8;9;10;11;12;13;14;15;16;17;18;19;20;21;22;23;24;25;26;27;28;29;30;32;33;34;35;36;37;38;41;42;43;44;45;47;48;49;50;53;54;55;56;57;58;59;60;61;63;64;65;66;67;69;70;71;72;73;74;75;78;79;80;82;84;85;86;87;89;90;91;92;94;95;96;97;98;99;100,100
A0A1X2DGR4,0.20408163265306123,7;15;26;29;30;31;32;36;43;46,49,2.4175645756721496,0.9389362634256925,0.3,2;9;10;16;21;22;30;34;36;38;39;41;42;48;52;53;55;56;57;65;67;71;73;75;77;83;93;94;96;100,100
A0A1X2DIF1,0.4090909090909091,5;8;9;15;16;17;21;23;25;26;27;30;35;36;37;39;42;43,44,2.5154055559635164,0.9800791151138033,0.03,6;43;81,100
A0A1X2DPB1,0.13157894736842105,4;12;21;31;38,38,2.860926339626312,1.3166580380685016,0.46,1;2;4;6;9;10;11;15;16;17;19;20;23;24;26;37;38;42;44;48;49;52;53;54;56;59;60;66;67;68;73;76;78;79;80;82;83;87;89;90;91;95;96;97;98;100,100
A0A1X2EPB4,0.4074074074074074,2;3;6;7;11;17;19;20;21;24;26;39;40;41;42;44;45;46;49;50;51;53,54,2.3244327235221864,0.9820679645197496,0.36,1;6;7;8;10;12;13;15;16;17;22;26;27;31;32;34;37;38;42;44;46;47;49;52;57;60;68;70;72;76;80;81;86;87;89;99,100
A0A1X2F2L6,0.38235294117647056,2;3;6;8;9;11;13;15;18;19;21;23;25;29;30;33;34;35;39;53;54;57;58;63;66;67,68,2.0400249326229094,1.0597186197573623,0.14,13;23;27;34;44;49;56;57;59;60;61;65;79;80,100
A0A1X2FK51,0.16216216216216217,13;24;28;32;34;37,37,2.7298671650886535,1.109477528756676,0.1,9;18;30;41;43;52;68;70;71;75,100
A0A1X2FLH9,0.1875,4;8;10,16,3.250916268825531,1.1099063437390884,0.21,3;12;13;15;27;31;37;38;43;45;54;57;64;65;69;74;76;81;84;85;91,100
A0A1X2KZQ2,0.0,,11,3.3081553053855894,1.0796877338530002,0.0,,100
A0A1X2L0G7,0.25,8;15;17;20;22;23,24,2.8824033737182617,0.9779643406794316,0.61,1;2;3;4;7;8;9;10;11;14;15;16;17;19;20;21;23;24;28;29;34;35;36;37;38;40;41;43;45;46;47;49;51;52;53;57;59;60;62;63;64;65;67;69;70;72;73;75;76;77;78;81;83;84;86;87;90;92;93;99;100,100
A0A1X2LPX9,0.06060606060606061,3;28;50;52,66,1.836314127445221,1.2105094813248756,0.04,21;27;67;73,100
A0A1Y0C436,0.017857142857142856,21,56,2.481045073866844,1.4558192761049418,0.01,37,100
A0A1Y0C5T9,0.32,1;4;5;6;8;16;23;25,25,2.9951528871059416,1.107064539135951,0.37,1;4;11;17;18;19;21;24;27;28;37;39;40;41;43;44;45;47;48;49;50;52;61;73;74;76;80;82;84;86;87;93;94;96;98;99;100,100
A0A1Y0CFN4,0.3620689655172414,6;7;8;10;15;17;19;21;25;27;29;31;33;36;37;40;46;48;51;54;56,58,2.249941111803055,1.4313933912387362,0.18,13;18;19;24;29;30;31;35;38;39;49;57;80;86;88;95;98;99,100
A0A1Y2NRV5,0.125,7;20;31;33;36;39,48,2.6076988077163694,1.3371119868631234,0.9,1;2;3;4;5;6;7;8;9;10;12;13;14;15;16;17;18;19;20;21;22;23;24;25;26;27;28;29;30;31;32;33;34;35;36;37;38;39;40;41;42;43;44;47;48;49;50;51;52;53;54;55;56;57;58;59;60;61;64;65;66;68;69;70;71;72;73;74;75;77;78;79;80;81;83;84;86;87;88;89;90;91;93;94;95;96;97;98;99;100,100
A0A1Y5PCF7,0.4426229508196721,4;5;6;10;13;16;18;20;21;23;24;28;29;30;32;37;38;39;42;44;47;48;49;51;53;56;61,61,1.9286376267671586,1.1722626310110555,0.83,1;2;3;5;6;7;8;10;11;12;13;14;16;17;18;19;20;21;22;23;24;26;28;29;30;31;32;33;34;35;36;37;39;40;41;42;44;45;46;47;48;49;51;52;53;54;55;56;57;58;59;61;62;64;65;67;68;69;70;71;72;73;74;76;78;79;81;82;83;84;85;87;88;89;90;92;94;95;96;97;98;99;100,100
A0A1Y5Y6P3,0.17543859649122806,5;17;20;21;27;28;33;39;46;54,57,2.152605350613594,1.2148734596790223,0.48,1;2;4;7;10;11;13;14;16;18;20;23;26;28;29;30;31;33;34;36;41;43;45;48;51;52;54;56;57;59;60;61;62;67;73;76;77;79;83;85;87;88;89;92;95;96;97;100,100
A0A1Z4EBS9,0.5,2;4;5;6;7;8;14;19;21;22;24;27;28;29;31;34;35;37;38;41;42;43;44;46;51;52,52,2.483694986104965,1.3138831016577872,0.66,1;2;3;5;7;9;10;11;12;15;16;17;18;20;21;22;23;24;25;26;27;28;30;32;33;34;35;36;38;42;43;45;46;47;48;51;53;54;56;58;59;60;61;62;63;65;66;67;72;73;76;78;80;81;82;83;84;85;88;91;92;93;94;95;98;100,100
A0A1Z4EGK3,0.14634146341463414,3;7;10;33;35;41,41,2.42064389705658,0.8752724213025912,0.03,72;87;96,100
A0A1Z4EZ40,0.25862068965517243,2;12;16;19;24;26;28;29;31;32;33;42;45;50;56,58,2.344580729007721,1.0902609677675092,0.73,1;2;3;5;6;7;8;9;11;12;13;14;16;17;18;19;20;21;22;23;25;26;27;29;30;31;33;34;38;39;40;41;43;44;45;46;47;49;50;51;53;54;56;57;58;59;60;64;65;66;67;69;70;71;72;73;74;77;80;82;83;87;88;89;91;92;93;94;95;96;97;99;100,100
A0A1Z4EZ73,0.3181818181818182,4;6;12;17;18;20;22,22,2.995381041765213,1.0667238036093587,0.08,3;4;7;10;14;19;58;95,100
A0A1Z4F080,0.0,,4,3.5292653965950014,0.9894965217961066,0.0,,100
A0A1Z4F4H3,0.015625,37,64,2.0574144756793977,1.1097927992836272,0.06,12;29;54;55;67;94,100
A0A231H7W5,0.1527777777777778,1;9;17;21;29;32;34;36;46;58;64,72,1.9697523736953735,1.0807025572214395,0.03,20;68;77,100
A0A255DTC1,0.15217391304347827,2;4;9;10;14;18;25,46,2.696513063907623,1.4563557696115166,0.05,3;37;51;70;80,100
A0A285LZS8,0.1568627450980392,10;15;16;23;24;33;36;44,51,2.349409931898117,0.9345013762399151,0.1,8;11;30;59;64;73;75;92;93;95,100
A0A286MPQ6,0.391304347826087,1;2;3;4;8;10;12;16;25;26;27;29;34;36;37;40;42;45,46,2.547673867940903,1.1199939374965888,0.64,2;3;4;5;7;8;10;11;12;13;14;15;17;18;20;22;24;25;26;27;29;30;31;32;36;37;38;39;41;43;44;45;46;48;50;51;52;55;58;60;62;63;64;65;67;68;69;71;72;75;77;80;82;84;87;88;89;90;91;93;96;97;98;99,100
A0A291RHD9,0.2807017543859649,1;9;11;13;17;18;27;28;41;44;45;48;49;50;52;56,57,2.4014541816711428,1.060121752483873,0.48,2;3;4;5;6;8;9;12;13;16;18;21;24;26;28;31;32;36;38;40;43;46;50;51;53;56;57;58;59;60;61;63;65;67;68;69;73;75;87;88;92;93;94;96;97;98;99;100,100
A0A291RHE0,0.07142857142857142,11;30;53;56;57,70,1.7376338618993759,1.2219907815070001,0.39,3;4;5;7;11;13;15;18;24;25;26;29;34;35;36;40;42;43;45;46;47;49;50;52;57;60;61;62;65;66;68;69;72;75;76;79;81;82;95,100
A0A291RWF7,0.5384615384615384,1;6;7;9;12;14;17;18;24;25;26;27;28;29;30;32;33;35;36;37;38,39,2.5577535605430604,0.9645302170417845,0.44,1;2;6;7;9;13;14;22;24;25;28;29;32;35;43;45;48;52;53;56;59;60;61;62;63;64;67;69;71;72;73;74;75;78;79;81;84;86;87;88;94;95;97;99,100
A0A2A2ZGB2,0.21311475409836064,7;11;13;17;20;24;25;26;29;36;40;47;59,61,2.1972645437717437,0.9787573865173823,0.52,1;2;4;5;6;9;10;11;13;14;15;16;20;22;23;24;28;29;31;32;33;34;37;39;40;41;42;44;47;48;51;52;54;55;57;59;60;61;62;63;65;69;74;84;87;88;89;90;94;97;98;100,100
A0A2A3LDA8,0.17307692307692307,5;10;14;17;20;24;31;37;52,52,2.4389502274990082,1.1313893846479979,0.58,2;4;5;6;7;8;9;10;12;13;14;15;16;19;22;24;25;26;28;32;33;35;36;37;40;43;45;47;48;50;51;52;54;56;58;59;64;65;73;74;75;79;80;82;83;86;87;89;90;92;93;94;95;96;97;98;99;100,100
A0A2A7NAH8,0.014492753623188406,42,69,1.889602860212326,0.9744730878302309,0.06,22;31;47;79;80;84,100
A0A2A7NH78,0.43859649122807015,4;14;15;16;19;20;22;23;29;30;32;33;35;36;37;39;43;44;47;48;49;51;53;55;57,57,2.380079835653305,1.2786451774722596,0.68,1;2;3;6;7;9;10;11;13;14;16;17;18;19;20;21;23;24;25;26;28;29;30;31;34;35;36;37;38;41;43;44;45;46;48;50;52;53;55;56;58;59;60;61;62;64;65;66;68;71;72;73;75;77;78;79;81;84;85;87;89;91;92;93;94;95;99;100,100
A0A2A9FBQ2,0.45901639344262296,1;5;6;7;8;9;16;20;22;23;27;28;30;32;35;38;40;42;44;45;46;47;50;51;54;55;58;59,61,2.301257638931274,1.0858960215126399,0.01,51,100
A0A2G5PCS5,0.01639344262295082,46,61,2.1937530773878096,1.211253083859039,0.04,10;24;29;99,100
A0A2G5PN19,0.04918032786885246,3;4;13,61,2.4165297681093216,1.5206305701022225,0.0,,100
A0A2G8B7A9,0.0625,21;23;30;60,64,2.171758252978325,1.013690201336834,0.61,3;4;5;6;7;9;10;12;14;16;18;19;20;21;23;25;26;27;28;30;33;36;38;40;41;45;48;51;52;53;54;55;56;58;59;60;61;62;63;64;65;66;67;68;69;70;72;73;75;77;79;80;82;83;85;88;90;91;96;97;98,100
A0A2I2L057,0.10606060606060606,28;43;44;46;50;54;65,66,2.0237114226818083,1.1686901226933926,0.99,1;2;3;4;5;6;7;8;9;10;11;12;14;15;16;17;18;19;20;21;22;23;24;25;26;27;28;29;30;31;32;33;34;35;36;37;38;39;40;41;42;43;44;45;46;47;48;49;50;51;52;53;54;55;56;57;58;59;60;61;62;63;64;65;66;67;68;69;70;71;72;73;74;75;76;77;78;79;80;81;82;83;84;85;86;87;88;89;90;91;92;93;94;95;96;97;98;99;100,100
A0A2K4Y436,0.0,,7,3.5292881548404695,1.1090356148217793,0.0,,100
A0A2K4Y9B3,0.2222222222222222,3;7;16;21;23;25,27,2.927555903196335,1.148357947600164,0.11,1;6;8;9;18;23;31;54;56;81;88,100
A0A2K4YB08,0.05,2;22;36,60,2.1491121792793275,1.3520980522431871,0.09,21;42;48;54;57;63;72;83;98,100
A0A2K4YB80,0.26666666666666666,2;3;8;14;18;27;28;30,30,3.122087228298187,1.3992172745540785,0.29,2;5;6;11;12;14;15;17;19;21;22;23;24;25;27;29;31;32;36;39;49;52;55;62;67;73;85;96;99,100
A0A2N3VL42,0.17647058823529413,3;9;14;15;19;22;27;46;48;55;65;66,68,1.9393942332267762,1.17495625050215,0.26,1;13;14;16;18;21;25;32;34;35;36;52;53;60;66;68;72;73;74;75;82;87;88;95;96;99,100
A0A2N8P9Q2,0.0,,19,2.917488040924072,1.0504248617933047,0.0,,100
A0A2S6AAE1,0.16049382716049382,4;7;11;24;30;32;33;39;40;43;45;47;62,81,1.5666994971036912,1.1060762541330893,0.02,3;42,100
A0A2S8BGN3,0.0,,71,1.7430751901865005,1.0715631407905046,0.0,,100
A0A2T2Z8U3,0.125,3;4;12;21;24;25;26;57,64,2.1671825778484344,1.2608043249517857,0.07,9;19;24;32;33;73;98,100
A0A2U3N8I6,0.21951219512195122,9;10;13;14;16;30;32;39;40,41,2.417292423248291,0.9514858059916012,0.33,1;2;6;7;8;12;14;16;20;21;22;23;29;30;31;33;37;40;44;48;49;51;52;60;62;68;69;78;79;81;84;86;89,100
A0A2U3NPT1,0.13333333333333333,12;15,15,3.2803221166133882,1.0535814212240375,0.85,1;2;3;4;5;6;7;8;9;10;11;12;13;14;15;16;18;19;20;21;22;23;24;25;26;27;28;29;30;31;33;34;35;36;38;39;40;41;42;43;44;46;47;49;51;52;53;55;56;57;58;59;60;61;62;65;66;67;68;69;70;72;74;75;76;78;80;81;82;83;84;85;86;87;88;89;92;93;94;95;96;97;98;99;100,100
A0A2U3P0N3,0.0625,5;42;47,48,2.677569422721863,1.323264201710896,0.01,63,100
A0A2U3P697,0.06666666666666667,33;42;45,45,2.812062373161316,1.4234807550810686,0.54,2;4;5;6;7;8;9;10;11;12;13;18;22;23;24;25;29;30;31;32;33;35;36;37;38;39;41;43;47;48;49;51;57;59;64;66;67;71;73;74;79;80;81;83;85;86;89;90;95;96;97;98;99;100,100
A0A2U3PHP0,0.1568627450980392,5;13;16;21;26;44;49;51,51,2.348076596260071,1.0255623786603196,0.93,1;2;3;4;5;6;7;8;9;11;12;13;14;15;17;18;19;20;22;23;24;25;26;27;28;29;32;33;34;35;36;37;38;39;40;41;42;43;44;45;46;47;48;49;50;51;52;53;55;56;57;58;59;60;61;62;63;64;65;66;67;68;69;70;71;72;73;74;75;76;78;79;80;81;82;83;84;85;86;87;88;89;90;91;92;93;94;95;96;97;98;99;100,100
A0A2U9PQ99,0.1590909090909091,3;5;13;24;31;40;42,44,2.5732920956611633,1.227397096532794,0.63,1;2;3;4;6;7;10;11;12;13;14;16;20;22;25;26;27;29;34;35;37;38;42;44;47;49;50;51;52;53;54;55;56;57;58;60;62;63;65;66;68;69;72;74;76;77;78;80;81;82;83;84;85;87;88;91;92;93;94;96;97;99;100,100
A0A2U9PXP1,0.5,6;8;9;10;11;12;13;15;18;21;23;24,24,2.8234892535209655,1.078088935047418,0.71,1;2;3;4;5;7;8;9;10;11;12;13;14;15;16;17;18;20;21;22;23;26;29;30;32;33;34;35;37;38;39;41;43;44;45;47;48;49;50;52;55;56;57;59;61;62;63;65;67;69;70;71;72;73;74;75;76;77;78;81;82;83;86;87;89;92;94;95;96;97;100,100
A0A317N4Q8,0.2125,1;3;7;10;12;16;27;28;34;35;38;49;64;65;66;67;75,80,1.4647469764947891,0.787090543726669,0.16,7;10;16;26;34;36;54;55;57;64;75;90;92;93;98;99,100
A0A318HI90,0.03125,4;17,64,2.002487152218819,1.1846201913396923,0.19,2;7;16;17;20;22;31;32;36;41;42;47;49;55;67;72;81;83;92,100
A0A318JQK2,0.13793103448275862,6;21;25;38;46;49;53;55,58,2.1492373180389404,1.4331462308761551,0.16,1;3;4;5;9;14;21;22;24;27;28;43;48;52;60;83,100
A0A318JYA7,0.13793103448275862,21;23;24;28,29,2.859089295864105,1.1327812723813642,0.32,1;5;14;20;21;23;25;27;32;35;36;37;40;44;45;51;53;56;59;60;61;63;68;70;82;83;92;94;95;97;98;99,100
A0A318K9K9,0.10344827586206896,12;19;21;44;47;58,58,2.2800902581214904,1.2704085896242043,0.86,1;2;3;4;5;6;7;8;9;10;11;12;13;14;15;16;17;18;19;20;22;23;24;25;26;27;28;29;30;31;32;35;36;37;38;40;41;42;43;45;46;47;48;49;50;51;53;54;55;56;57;60;61;62;63;64;65;67;68;69;70;71;72;73;75;77;78;79;80;81;82;83;84;86;87;88;89;90;91;92;94;95;96;97;98;99,100
A0A329K2Y4,0.05714285714285714,28;29,35,2.637424464225769,1.0267393721870754,0.23,1;6;8;9;16;21;38;41;48;53;56;58;60;65;66;71;78;80;81;82;93;95;98,100
A0A329KGE0,0.16129032258064516,1;3;4;6;12;15;17;20;27;41,62,2.2831051743030546,1.170952057250224,0.13,10;17;21;32;35;41;43;47;51;70;84;89;97,100
A0A329KUN3,0.07142857142857142,2,14,3.261448665857315,1.1021707901803648,0.28,4;8;10;11;13;14;15;17;19;28;29;32;34;39;46;49;50;55;56;59;60;67;77;85;88;91;92;99,100
A0A329LAU5,0.125,8;23;24;32;40;44,48,2.5392047810554503,1.0424018873423475,0.19,6;14;16;28;30;34;40;42;44;46;57;60;69;73;75;83;89;90;96,100
A0A329M492,0.0,,25,3.2918294215202333,1.2498999707731424,0.0,,100
A0A345I2A9,0.12962962962962962,10;16;18;29;31;42;47,54,2.3866632205247877,1.244838841525474,0.48,3;6;9;18;20;23;24;25;28;30;31;33;34;35;36;37;42;43;44;46;48;50;52;53;54;56;59;60;61;62;65;70;72;73;75;76;80;82;84;85;86;88;95;96;97;98;99;100,100
A0A370HAX8,0.10344827586206896,2;17;23;24;47;52,58,2.2631753957271576,1.1351764828561066,0.49,1;2;4;6;8;9;11;12;13;15;16;19;20;22;23;30;31;33;35;40;44;47;50;51;52;53;56;61;63;65;69;70;72;76;78;80;81;83;84;87;89;90;91;92;93;95;97;98;99,100
A0A370I000,0.04477611940298507,36;47;64,67,2.117940744161606,1.091441903818555,0.02,8;45,100
A0A370I008,0.275,3;5;7;13;15;24;30;32;35;37;39,40,2.6007873898744585,1.131179005128515,0.84,2;3;5;6;7;8;9;10;11;13;14;15;16;17;18;19;20;21;22;23;24;25;26;27;29;30;31;32;33;35;36;37;38;39;40;41;42;43;44;45;46;47;48;49;50;51;52;54;55;57;58;60;61;62;64;65;68;69;71;72;73;74;75;76;77;78;79;80;81;82;83;84;85;86;88;89;90;91;92;93;94;97;99;100,100
A0A373A3G8,0.3114754098360656,4;6;7;10;14;16;17;18;19;24;36;38;40;41;45;49;52;53;54,61,2.1938230073451996,1.0346250475956844,0.26,7;11;17;18;20;21;38;41;45;47;49;50;60;61;67;69;71;72;73;74;83;84;89;93;95;97,100
A0A375YKM9,0.11764705882352941,4;5;26;29;41;47;61;66,68,1.9810121881961822,1.314283577829428,0.59,1;2;3;4;5;6;8;11;13;14;15;17;18;19;21;23;24;26;27;28;29;30;31;32;35;36;40;41;42;44;46;48;49;51;54;55;58;59;60;61;62;63;64;65;67;68;72;74;75;77;78;79;83;84;86;89;90;95;100,100
A0A375Z3F8,0.07936507936507936,4;25;38;39;53,63,2.1206101822853087,1.059628289132238,0.89,1;3;5;6;7;8;9;10;11;12;13;14;15;16;17;18;19;20;21;22;23;24;25;26;27;28;29;30;31;32;33;34;35;36;37;38;39;40;41;42;44;45;46;47;48;49;50;51;52;53;54;55;56;57;58;59;61;62;64;65;66;67;68;69;71;72;73;75;77;78;79;80;81;82;84;85;86;87;88;89;90;92;93;94;95;96;98;99;100,100
A0A378T271,0.26865671641791045,7;12;13;18;19;21;27;29;30;31;32;44;45;46;49;57;59;64,67,1.9679417806863784,1.1799625439075192,0.28,4;11;12;13;14;16;17;21;24;26;29;38;40;42;61;63;64;66;68;70;71;75;82;84;87;88;91;96,100
A0A378T283,0.30158730158730157,9;12;13;14;16;18;22;24;28;31;37;38;39;41;48;52;55;58;62,63,2.230449026823044,1.156212178506696,0.4,1;2;3;7;8;9;11;13;16;17;21;28;30;36;37;38;42;48;49;50;51;52;55;66;72;73;76;81;82;84;86;87;88;89;91;92;93;94;95;97,100
A0A378TAR8,0.3953488372093023,2;4;7;8;9;12;16;17;18;20;23;25;26;31;36;41;42,43,2.785416991710663,1.2351409316656894,0.12,2;18;19;20;50;53;59;60;71;85;86;95,100
A0A378UBH7,0.18518518518518517,9;12;21;24;26,27,2.696274253129959,1.0184918216522678,0.3,1;3;6;9;12;17;18;21;22;33;34;42;47;49;50;53;55;56;57;61;68;70;71;74;89;92;95;96;97;98,100
A0A378WN66,0.2153846153846154,7;12;13;14;15;19;20;22;30;33;35;41;46;50,65,2.074218558073044,1.01456371829817,0.18,12;13;19;24;26;31;34;40;43;45;56;61;69;79;84;85;89;93,100
A0A378YSF8,0.1111111111111111,14;17;18;22;26;38;44;65,72,1.6993924903869628,1.1079301364888046,0.72,2;3;4;5;6;7;8;9;10;11;12;13;14;15;17;18;19;20;21;23;24;25;27;28;29;33;34;35;36;40;41;42;43;44;45;46;47;48;49;50;51;52;53;55;56;59;60;61;62;63;64;65;69;71;72;73;75;76;80;82;83;84;85;86;87;88;89;91;92;93;94;97,100
A0A386ZPG1,0.16923076923076924,3;4;8;9;11;26;34;36;45;52;65,65,2.092978680729866,1.1194262704648854,0.25,7;16;23;26;35;36;37;46;51;52;54;58;66;67;69;70;72;75;78;87;88;89;91;93;98,100
A0A3A4K4S5,0.2,10;14;21;22;25;30;31;32;37;49,50,2.4604232549667358,1.2835604194343833,0.5,3;4;8;9;11;12;13;14;16;18;20;23;25;27;29;31;32;34;38;39;40;41;44;45;46;47;49;51;52;53;54;56;58;61;62;63;66;67;69;73;74;79;80;82;84;91;93;94;96;98,100
A0A3E1HFK0,0.21666666666666667,2;4;6;8;10;11;12;15;17;29;30;51;55,60,1.9799811547994615,1.2132504126075012,0.03,11;54;55,100
A0A3M2L4P9,0.09523809523809523,22;43;47;60;62;63,63,2.1471024388074875,1.1656089456169278,0.3,7;10;12;16;17;18;20;23;24;29;31;33;35;41;44;45;48;51;54;56;58;67;69;73;74;79;86;87;93;97,100
A0A3M2LDY9,0.17647058823529413,7;8;20;23;26;38;42;47;51,51,2.38822301030159,1.0455464944534485,0.54,1;2;5;6;8;9;10;11;15;17;18;19;21;23;24;25;26;31;32;34;38;41;44;46;51;52;53;54;56;58;59;60;61;63;64;66;69;71;72;77;80;81;82;86;87;88;89;90;93;94;96;97;99;100,100
A0A3Q9KMK0,0.1791044776119403,2;24;27;28;42;54;57;59;61;62;65;66,67,2.0692986530065536,1.1723151591438858,0.55,1;2;3;4;5;8;10;15;16;17;19;20;21;22;23;24;29;30;31;32;34;35;36;38;39;43;44;45;47;49;51;54;56;57;59;60;61;62;63;64;72;73;74;78;80;81;82;83;85;89;90;91;92;93;94,100
A0A3S3ZSH2,0.04,9;40,50,2.580604580640793,1.2188463563798406,0.0,,100
A0A3S4RS92,0.043478260869565216,5;40;41,69,2.1113571310043335,1.1274309806078275,0.72,2;3;4;5;6;7;8;9;12;13;14;15;16;17;18;21;22;23;24;25;26;28;29;30;32;33;34;35;36;37;38;40;41;43;44;45;46;47;48;50;51;53;54;55;58;59;61;62;63;64;65;66;68;70;72;73;74;75;77;78;80;81;82;83;85;87;89;90;91;97;98;99,100
A0A401VU81,0.14,6;8;12;16;29;37;47,50,2.3917538571357726,1.050812557007782,0.6,1;2;3;4;5;6;7;8;9;10;11;12;13;14;15;16;17;18;22;25;28;29;30;31;32;33;34;37;38;39;42;43;45;47;48;50;53;54;55;58;64;65;66;70;71;72;74;75;76;79;81;83;85;88;90;91;96;97;98;99,100
A0A401YDY7,0.21428571428571427,1;3;5;6;8;13;22;31;32;33;37;38;41;45;61,70,1.9266557985544204,1.0433453868825628,0.31,2;3;4;10;14;17;18;19;20;21;24;27;32;46;51;57;59;60;61;63;70;71;72;74;76;78;79;80;81;96;98,100
A0A401YST3,0.15517241379310345,8;9;29;34;39;40;43;54;56,58,2.2438414478302002,1.433859348198255,0.83,1;2;3;4;5;6;7;8;9;10;11;12;13;14;16;18;19;20;21;22;24;25;26;27;28;29;30;31;32;33;34;36;37;38;39;40;41;42;43;46;47;48;49;50;51;52;53;54;55;56;59;60;61;62;63;64;66;67;69;70;71;72;73;77;78;79;80;81;83;84;85;88;89;90;91;92;93;94;95;96;97;98;100,100
A0A421AW77,0.2391304347826087,9;12;18;20;25;29;31;33;34;41;46,46,2.6625347006320954,1.210811046170013,0.41,4;5;6;9;12;13;15;19;23;30;34;36;37;38;39;42;43;44;45;48;49;50;52;58;59;60;63;65;67;69;73;74;77;78;79;80;87;89;90;91;100,100
A0A426SF14,0.2542372881355932,9;17;21;25;30;37;38;42;43;45;47;51;52;53;56,59,2.3178079652786256,1.274601714779167,0.68,2;3;5;6;7;10;11;12;13;14;15;16;17;18;22;23;24;25;27;28;29;30;31;32;36;37;38;39;40;41;45;46;47;50;51;52;53;54;55;59;60;62;63;66;67;68;71;72;74;75;78;79;80;81;82;84;85;86;89;90;91;92;93;94;95;96;97;98,100
A0A438ATK5,0.05555555555555555,27;33,36,2.8422133249044417,1.30835041745733,0.07,13;41;56;57;61;90;97,100
A0A438AUV2,0.16666666666666666,1;4;5;10;26;27;30,42,2.6104773437976836,1.2585126629712433,0.15,9;22;25;34;48;50;52;59;66;70;72;77;84;90;100,100
A0A447GD36,0.23076923076923078,5;7;8;10;11;13;15;19;21;27;29;33;49;53;60,65,1.8906127643585204,1.1236869813523596,0.04,21;37;69;96,100
A0A449GAD2,0.015384615384615385,18,65,2.014373577237129,1.179876497286206,0.01,50,100
A0A498PZU2,0.41818181818181815,3;6;7;8;9;11;12;13;16;17;18;20;22;24;28;29;32;33;35;38;40;43;52,55,2.2223911833763124,1.0630397413404897,0.75,1;2;3;6;7;8;9;11;12;13;14;15;17;18;19;21;22;23;24;25;26;28;29;30;31;32;34;35;36;37;38;39;40;41;42;43;44;45;47;48;50;51;52;54;55;56;57;59;60;62;63;64;65;66;67;68;69;70;71;73;74;75;76;77;78;82;83;84;89;90;91;92;93;95;100,100
A0A498PZZ1,0.4807692307692308,1;5;13;14;15;17;20;27;29;32;34;35;36;37;39;40;41;42;45;46;47;48;49;51;52,52,2.3296350026130677,0.9414195555649693,0.47,2;3;5;6;11;12;13;14;15;16;19;21;22;23;28;29;30;31;32;35;36;40;41;45;47;48;51;52;53;60;62;68;69;70;74;75;76;78;79;81;86;90;93;96;97;98;100,100
A0A498QQD7,0.15384615384615385,4;9;14;16;17;28,39,2.5778044044971464,1.0970599236143654,0.64,1;2;4;6;8;9;10;11;12;14;16;17;18;20;21;23;24;25;26;27;28;29;30;32;33;34;36;37;38;39;41;42;43;48;49;51;53;55;57;58;61;62;64;66;68;70;71;73;75;77;78;79;80;82;83;86;87;88;89;90;91;94;95;99,100
A0A4Q7KNW3,0.5373134328358209,1;2;3;4;5;6;7;8;9;12;13;14;15;16;18;19;21;24;25;26;28;29;33;34;35;36;46;47;49;50;53;54;55;56;60;63,67,1.8562394893169403,1.020406680364063,0.41,6;10;17;21;23;24;25;32;34;36;37;38;40;42;47;48;50;52;54;56;58;59;60;62;63;66;68;72;75;77;79;80;82;86;87;88;92;97;98;99;100,100
A0A4Q9HZT3,0.1875,2;8;19;23;27;28,32,2.6716245830059053,1.0065377441639864,0.06,42;51;62;69;76;80,100
A0A4R1FSR2,0.15384615384615385,2;7;11;24;38;42;46;57;58;65,65,1.9120921838283538,1.2769459688837173,0.63,1;2;7;8;10;11;13;14;15;17;18;19;21;22;24;25;26;27;28;30;31;33;34;35;37;39;40;41;42;45;50;51;52;54;55;56;57;58;60;61;63;64;65;66;68;72;73;76;77;79;80;81;82;84;85;87;89;90;91;92;94;96;97,100
A0A4R1FWD7,0.02857142857142857,30;44,70,2.106850686073303,1.1436242655920579,0.02,42;82,100
A0A4R5PD40,0.025974025974025976,27;48,77,1.7954668360948562,1.1203707982736206,0.03,52;67;79,100
A0A4R5PF75,0.1,8,10,3.3525797724723816,0.988466310588563,0.31,5;16;17;23;27;30;31;32;33;35;36;40;45;48;51;52;59;61;63;67;77;83;84;85;92;93;95;96;97;99;100,100
A0A4R5WK74,0.057971014492753624,22;31;45;63,69,1.9841098350286483,1.0697090896751738,0.04,5;29;43;64,100
A0A4R5WKD4,0.47540983606557374,1;2;7;8;10;11;14;15;16;17;20;24;25;31;33;35;38;39;41;42;44;47;49;50;55;56;59;60;61,61,2.1412128269672395,0.8379106930011169,0.44,1;3;4;9;10;11;18;19;20;21;23;24;27;34;37;38;40;44;49;52;53;59;62;64;69;70;71;72;75;77;81;82;83;84;85;86;87;89;91;92;93;96;97;98,100
A0A4R5X5Y0,0.03773584905660377,8;35,53,2.4713235169649126,1.360749648418527,0.15,4;20;21;23;27;29;31;37;38;39;42;65;73;90;96,100
A0A4R6P566,0.2916666666666667,6;9;12;18;26;35;36;38;41;44;48;53;57;58;60;63;64;66;68;70;72,72,2.0172520166635515,0.9349146109235164,0.45,1;2;3;6;7;9;10;11;18;19;22;26;27;28;30;34;35;37;38;39;45;46;53;54;56;59;60;61;62;63;64;65;66;68;72;74;75;81;82;86;87;88;94;95;100,100
A0A4R7IZC0,0.2727272727272727,3;5;6;17;22;26;27;28;31;35;40;41,44,2.6754547083377838,1.3815014353474462,0.69,1;2;3;4;5;6;7;8;12;13;14;15;16;17;18;19;20;21;22;23;24;25;26;27;28;30;32;33;35;36;38;41;42;44;45;47;48;50;51;52;54;56;57;58;62;63;64;65;66;68;69;71;72;73;74;80;82;83;84;85;87;88;89;91;93;96;97;99;100,100
A0A4R8R2S8,0.0,,66,2.1416012060642244,1.3282764143784596,0.0,,100
A0A4R8S1E2,0.031746031746031744,39;62,63,2.1068676674365996,1.3427022441072574,0.01,86,100
A0A4R8S1L2,0.0,,11,3.4184518241882325,0.9510147561071495,0.0,,100
A0A4R8S6S5,0.2708333333333333,3;13;21;22;27;28;29;31;33;34;39;42;47,48,2.5401423025131225,1.184324316960129,0.0,,100
A0A4R8S7U6,0.28125,9;14;20;24;25;26;27;29;32,32,2.6284536850452422,0.9558228723926838,0.42,1;2;3;4;5;6;7;8;10;12;14;16;17;20;22;23;25;26;27;28;29;33;34;35;36;37;47;55;59;60;65;70;72;79;81;82;85;87;93;94;97;99,100
A0A4R8S8U4,0.42592592592592593,2;4;5;7;12;13;16;18;21;23;24;32;33;34;35;36;40;42;44;45;48;53;54,54,2.287713747024536,0.9101460423481995,0.89,1;2;3;4;5;6;8;9;10;11;12;13;14;15;16;17;18;19;20;21;22;23;24;25;26;27;28;29;31;32;34;35;36;37;38;39;40;41;42;43;44;46;47;48;49;51;52;53;54;55;56;57;58;59;61;62;64;65;66;67;68;69;72;73;74;75;76;77;78;79;80;82;84;85;86;87;88;89;90;91;92;93;94;95;96;97;98;99;100,100
A0A4R8SET2,0.0,,9,3.3091978704929352,0.8320180154176888,0.0,,100
A0A4R8SIE9,0.0,,66,1.8451555943489075,1.1905067405253333,0.0,,100
A0A4R8T0X1,0.0,,9,3.38530788898468,1.0591649022525937,0.0,,100
A0A4U8W070,0.1016949152542373,3;11;30;35;37;58,59,2.33042132973671,1.217075433893399,0.01,94,100
A0A4V3HUY3,0.0,,11,3.23054247379303,1.0623857434840767,0.0,,100
A0A4V3I141,0.046875,6;12;22,64,2.113346766233444,1.2344436204809397,0.0,,100
A0A4Z0HM23,0.175,17;21;25;28;30;31;35,40,2.6677791368961334,1.124706658317589,0.92,1;2;3;4;5;6;7;8;9;10;11;12;13;14;15;16;17;18;19;20;21;22;23;24;25;26;28;29;30;31;32;34;35;36;37;38;39;40;41;42;43;44;45;46;47;48;49;50;52;53;54;55;56;57;58;59;60;61;62;64;65;66;67;68;69;70;71;73;74;75;76;77;78;79;80;81;82;84;85;86;87;88;89;90;91;93;94;96;97;98;99;100,100
A0A4Z0HRY8,0.2413793103448276,12;13;14;16;24;25;30;36;38;39;42;44;46;47,58,2.2850211000442506,1.0610822663872057,0.91,1;2;3;4;5;6;7;8;9;11;12;13;14;15;16;17;18;19;20;21;22;23;24;25;27;28;29;30;31;32;33;34;35;36;37;39;40;41;42;43;44;47;48;49;50;52;53;54;55;56;57;58;59;60;61;62;63;64;65;67;68;69;70;71;72;73;74;75;76;77;78;79;80;81;82;83;84;85;86;88;89;90;91;92;93;94;95;96;97;98;99,100
A0A4Z0HSE6,0.20967741935483872,3;10;21;24;30;35;36;40;49;54;59;61;62,62,2.1945982718467714,1.1189870359672536,0.4,1;2;3;10;13;14;15;22;24;25;26;27;32;35;37;40;41;42;45;47;50;52;55;63;64;66;67;68;72;73;74;75;76;78;80;84;85;89;91;94,100
A0A4Z0LXD8,0.014492753623188406,39,69,1.8910684996843339,0.9488603973964955,0.01,93,100
A0A502EC16,0.2692307692307692,5;7;13;16;20;21;22;26;31;33;35;42;48;50,52,2.4703422820568086,1.3722457341028627,0.23,1;2;6;11;13;17;21;24;26;31;34;39;44;49;50;53;56;63;73;76;87;89;91,100
A0A511M4D4,0.03225806451612903,57;60,62,2.011207767724991,1.1831898332047637,0.37,6;8;11;13;17;21;23;25;27;29;35;38;39;40;44;45;48;51;53;54;57;59;60;67;70;71;72;74;77;78;82;85;89;91;93;94;97,100
A0A516NPD0,0.07575757575757576,10;16;19;22;57,66,2.1214519745111464,1.3229133873271628,0.07,15;47;56;63;76;82;91,100
A0A542DCL6,0.06451612903225806,5;6;48;57,62,2.195333775281906,0.949605285480733,0.0,,100
A0A542XQI9,0.06153846153846154,2;18;34;64,65,2.1026337695121766,1.1802008512938078,0.3,2;3;6;8;9;10;12;13;28;30;31;34;40;42;45;46;49;53;59;61;67;71;72;75;80;84;93;94;96;100,100
A0A543EXG0,0.039473684210526314,20;30;73,76,1.8061192613840102,1.0022012337771882,0.11,4;15;19;26;33;46;54;58;62;81;90,100
A0A544W0X3,0.23529411764705882,3;7;8;10;12;14;22;25;30;36;44;48,51,2.6712842059135435,1.3694378632934936,0.06,27;31;32;41;51;61,100
A0A544W3Y3,0.16666666666666666,5,6,3.1899640166759493,0.9086011396520869,0.17,5;7;8;13;19;21;25;40;41;42;43;45;47;61;63;78;99,100
A0A544W498,0.175,15;18;23;26;30;35;38,40,2.96650816321373,1.4875723289547167,0.69,1;2;3;4;6;7;8;11;12;13;14;15;16;17;18;19;22;23;24;26;27;28;30;33;34;35;37;38;39;40;43;45;46;48;49;51;52;54;55;58;62;63;65;66;67;68;69;71;72;73;75;76;77;78;80;81;82;83;84;86;87;88;90;92;95;97;98;99;100,100
A0A557XZJ5,0.3235294117647059,1;10;11;13;18;25;30;31;32;41;42;44;46;49;50;53;54;56;60;62;64;66,68,1.893086434006691,1.0266605188979931,0.23,6;10;12;13;14;15;22;26;27;28;33;43;46;60;62;68;74;77;87;88;90;96;97,100
A0A561TWL9,0.0,,29,2.464152355194092,0.7615982791311258,0.0,,100
A0A5B1BH70,0.24050632911392406,3;4;6;8;13;18;19;27;28;32;37;40;44;45;48;49;52;54;64,79,1.5871951121091843,1.0271287669489537,0.66,1;2;3;4;6;7;8;9;11;12;13;14;16;17;18;19;23;24;25;26;27;28;29;30;31;32;33;34;35;39;40;41;42;43;44;45;47;48;49;50;55;57;58;59;60;61;62;64;65;67;70;71;73;75;76;78;82;83;84;85;86;90;92;93;98;99,100
A0A5C7XWH5,0.07692307692307693,39;46;50;52,52,2.345395800471306,1.1549687324064004,0.31,2;5;7;9;12;13;17;19;22;23;29;31;33;36;43;44;47;51;54;57;59;61;62;65;67;79;87;88;92;96;98,100
A0A5C7YBR3,0.15254237288135594,6;12;13;15;19;44;45;47;53,59,2.2395077788829805,1.1801513532912713,0.12,7;16;18;41;45;62;69;75;77;84;86;88,100
A0A5J4LNN8,0.029411764705882353,22,34,2.4935491132736205,0.9948942529482593,0.05,37;65;71;79;97,100
A0A5J5JW77,0.4406779661016949,2;5;8;9;11;14;20;25;26;27;29;34;35;38;39;41;42;43;45;47;48;49;50;51;55;57,59,2.286350329518318,1.1746212511985203,0.52,1;4;5;7;8;11;13;14;16;18;22;25;26;29;30;31;33;35;39;40;41;43;44;45;46;47;51;52;53;54;55;58;61;62;64;68;69;71;75;77;79;80;82;83;84;85;90;92;94;95;98;100,100
A0A5N0E0J5,0.14893617021276595,4;15;25;30;31;35;43,47,2.5268713462352754,1.134453309541845,0.32,1;5;6;12;19;26;27;28;29;31;32;33;44;47;48;53;56;60;62;64;65;71;74;75;82;84;87;92;93;94;97;98,100
A0A5N0EJT8,0.12162162162162163,16;17;23;24;25;37;45;48;71,74,1.8777701252698897,1.145429462554972,0.35,1;4;9;10;14;21;30;33;35;40;41;44;48;49;50;51;52;53;54;57;58;59;62;63;64;68;69;73;75;87;89;94;95;97;100,100
A0A5N0UWA7,0.10204081632653061,14;26;36;39;45,49,2.6519352769851685,1.2584119454061213,0.12,3;5;8;27;28;37;41;42;49;63;67;77,100
A0A5N5VEC4,0.19047619047619047,4;8;11;15;19;29;39;42,42,2.6438878124952314,1.2928955125754773,0.55,1;2;4;6;14;16;17;18;22;23;24;33;34;35;36;38;39;40;41;42;46;47;48;52;53;55;59;62;63;64;65;67;68;69;70;71;72;74;75;76;78;80;83;84;86;88;90;91;92;93;94;96;97;99;100,100
A0A5Q5BJ80,0.2153846153846154,7;10;13;42;47;48;51;52;54;61;62;63;64;65,65,2.107374016046524,1.0141792085991914,0.16,22;34;36;37;44;51;53;55;59;65;72;74;82;85;93;99,100
A0A5Q5CFF7,0.07575757575757576,17;18;26;27;44,66,1.9206864017248153,1.1727004047723808,0.24,1;3;4;5;7;12;19;21;25;28;29;48;49;52;58;70;75;78;79;80;83;92;97;99,100
A0A5R8NPV3,0.058823529411764705,25;43;52;64,68,2.1149999606609344,0.9867613058083535,0.01,76,100
A0A5R8PAY8,0.140625,8;15;21;23;24;27;35;44;62,64,2.1096297776699067,1.3036154022472988,0.07,33;49;60;69;76;86;96,100
A0A5S9NMT1,0.18461538461538463,3;5;6;10;18;19;21;26;35;39;44;50,65,1.9507490056753158,1.216898794025065,0.12,14;21;24;58;60;61;71;74;75;77;78;96,100
A0A640SD75,0.1875,14;21;22;24;25;26;31;44;48,48,2.3825787436962127,0.9187014849740583,0.01,99,100
A0A640UJM0,0.043478260869565216,19;36,46,2.455797357559204,0.9332090178275976,0.03,73;89;90,100
A0A653EJG9,0.1694915254237288,1;3;5;7;8;13;14;24;32;44,59,2.035445300936699,1.1741948502463089,0.14,9;20;21;28;29;34;35;54;59;60;68;73;95;99,100
A0A653FAQ0,0.2,6;9;13;21;24;33;34;35;36;43;55,55,2.334070773124695,1.140701032155805,0.18,7;11;18;27;28;33;39;41;50;51;52;53;68;74;75;79;85;95,100
A0A653FCI4,0.5909090909090909,1;2;5;8;9;11;14;16;18;19;20;21;22,22,3.102187469005585,1.2297401794412819,0.57,1;4;5;6;7;8;10;11;12;15;16;17;18;19;20;22;23;24;25;26;29;30;31;32;33;35;37;38;39;41;42;45;46;47;49;50;51;54;56;58;60;64;69;70;71;73;76;78;79;80;83;84;89;90;92;98;99,100
A0A6A0AQ11,0.509090909090909,2;4;5;9;11;12;13;16;20;23;24;26;28;29;30;32;33;34;37;39;42;45;46;48;51;53;54;55,55,2.3476398646831513,1.1091707099606065,0.02,8;38,100
A0A6G3SLA6,0.41818181818181815,2;4;7;8;12;13;14;16;17;18;19;20;22;23;25;27;31;33;37;40;46;49;52,55,2.168797513842583,1.058405194112895,0.65,1;2;3;6;7;8;9;11;13;16;19;20;21;22;24;25;26;27;31;33;34;35;36;37;39;40;41;42;43;44;47;48;49;50;51;53;54;56;59;62;63;64;65;66;67;68;69;76;80;81;82;83;84;85;86;88;89;90;91;94;95;97;98;99;100,100
A0A6G4AHJ1,0.2222222222222222,3;8;11;16,18,2.8153989934921264,0.8468186045839502,0.54,1;2;5;11;12;13;14;15;16;17;19;21;23;24;26;28;30;32;33;35;36;40;41;44;46;47;49;51;54;56;57;60;62;65;67;69;71;75;77;78;79;81;82;84;86;87;89;90;91;93;96;97;98;100,100
A0A6G9XS88,0.20588235294117646,3;6;9;14;16;17;24;26;35;45;48;52;54;65,68,1.9792429715394975,1.0729727982861343,0.2,2;10;12;13;21;22;23;24;27;33;34;36;40;47;49;55;68;77;93;96,100
A0A6G9XT36,0.44285714285714284,1;4;6;11;15;16;17;18;19;22;23;25;26;27;29;30;32;34;37;39;41;44;47;51;52;57;58;59;61;63;66,70,1.9326638495922088,1.0886165622724968,0.85,1;2;3;5;6;7;8;9;10;11;12;13;14;15;16;17;18;19;20;21;22;24;25;26;27;28;29;30;32;33;34;35;36;37;38;39;40;43;44;45;46;47;48;49;51;52;53;56;57;58;59;60;61;62;63;64;65;66;67;69;70;71;72;73;74;75;76;77;78;79;80;82;83;84;85;86;88;89;90;92;93;96;97;98;100,100
A0A6G9YM63,0.0,,47,2.520179732441902,1.1904607658517181,0.0,,100
A0A6G9YNU3,0.10606060606060606,8;36;37;38;49;62;66,66,2.1093727493286134,1.0542942902628651,0.94,1;2;3;5;6;7;8;9;10;11;12;13;14;15;16;19;20;21;22;23;24;25;26;27;28;29;30;32;33;34;35;36;37;38;39;40;41;42;43;44;45;46;47;48;49;50;51;52;53;54;55;56;57;58;59;61;62;63;64;65;66;67;68;69;70;71;72;73;74;75;76;77;78;79;80;81;83;84;85;86;87;88;89;90;91;92;93;94;95;96;97;98;99;100,100
A0A6G9Z057,0.22448979591836735,18;25;26;32;33;34;37;40;43;47;48,49,2.4747564387321472,1.071572541032193,0.47,7;8;9;14;16;18;20;23;26;27;28;29;31;33;35;36;38;40;42;43;45;46;50;52;53;57;58;61;63;64;65;66;68;69;70;71;74;76;77;79;80;83;84;90;91;96;100,100
A0A6G9Z0E6,0.058823529411764705,3;26;53;66,68,1.8005067360401155,1.0620192165610576,0.1,25;27;46;51;62;68;70;84;89;93,100
A0A6G9Z2E5,0.25,4;13;15;18;24;26;28;30;33;34;36;38;39;40;43;45,64,2.157266775369644,0.916040982999489,0.03,38;61;74,100
A0A6G9ZF28,0.125,6;7;17;26;28;36;47,56,2.2545560777187346,0.8890125718916921,0.23,6;12;17;18;21;25;30;41;44;46;57;59;64;72;73;76;78;87;88;94;95;96;97,100
A0A6H0S7C9,0.49019607843137253,1;2;4;5;6;8;12;14;17;21;23;24;25;27;28;33;34;38;40;43;45;47;48;50;51,51,2.3848463773727415,1.2599695608004835,0.11,1;43;55;56;62;69;70;72;87;89;95,100
A0A6I3L2J0,0.10294117647058823,3;12;20;27;50;61;66,68,2.148737268447876,1.0415399225380457,0.59,1;4;5;6;7;10;11;12;14;17;18;19;21;22;27;28;29;32;33;34;36;41;43;44;47;49;50;52;53;54;57;58;59;60;62;63;64;65;66;67;69;75;76;77;78;79;80;81;83;84;86;87;90;91;92;94;95;98;99,100
A0A6J5A950,0.14285714285714285,3;4;9;11;12;22;29;39;41,63,2.17783736884594,1.348141495550972,0.03,57;72;86,100
A0A6N4URH6,0.125,6;9;11;26;39,40,2.7457441055774687,1.256055320611469,0.15,17;34;37;49;51;53;58;66;70;75;77;83;87;89;96,100
A0A6N4VDZ9,0.22413793103448276,3;8;10;14;16;18;29;38;43;49;53;55;57,58,2.2946349000930786,1.1632248008867037,0.09,16;39;43;46;61;66;87;97;99,100
A0A6N4W3I8,0.1527777777777778,4;7;12;24;32;41;42;47;48;52;55,72,1.8590289050340651,1.1505917785907476,0.57,1;4;5;10;11;16;17;18;20;23;24;25;27;28;31;32;33;34;35;36;38;39;42;43;47;49;51;52;53;54;55;57;58;61;62;63;64;65;67;70;73;74;75;76;78;79;80;83;85;87;91;92;93;96;98;99;100,100
A0A6N4W768,0.14285714285714285,2;17;20;29;30;37,42,2.494208617210388,1.0102438884221248,0.53,1;2;3;5;6;7;8;9;13;15;17;19;20;21;22;23;27;29;31;33;36;37;39;40;42;43;44;45;46;50;52;53;55;56;57;60;64;70;71;75;77;78;79;81;83;84;85;86;88;89;93;95;100,100
A0A6P1CTQ2,0.08888888888888889,3;18;24;30,45,2.5832492578029633,1.1575936463312797,0.03,24;49;81,100
A0A6P1D575,0.05555555555555555,1;8;21;67,72,1.9356223917007447,1.0428455830262209,0.06,14;15;23;29;48;85,100
A0A6S6NYQ7,0.05263157894736842,20;33,38,2.6336342066526415,1.1593417020347179,0.1,21;28;37;39;47;49;54;85;86;92,100
A0A6S6P6D8,0.31746031746031744,2;10;13;15;17;18;19;21;22;23;24;25;26;29;38;40;45;46;54;60,63,2.115667270421982,1.4700821148171843,0.23,10;14;15;18;20;22;23;24;26;27;31;42;48;54;66;67;79;81;82;88;95;96;97,100
A0A7D6E1I6,0.044444444444444446,2;8,45,2.5565459442138674,1.15290122760451,0.36,1;3;8;10;18;20;21;22;24;27;30;33;38;39;40;42;45;46;47;52;56;62;65;70;74;75;77;78;81;82;85;90;92;95;97;100,100
A0A7D6ZHA2,0.14084507042253522,2;4;5;7;14;21;23;32;33;50,71,1.8822014826536178,1.2009750396702907,0.06,34;39;48;50;82;97,100
A0A7G1KQI6,0.21311475409836064,1;17;18;21;29;33;34;36;39;48;49;50;51,61,2.368451074361801,1.0711746177747619,0.34,3;6;12;13;17;20;21;28;30;32;40;43;48;49;52;53;54;56;59;60;62;65;68;74;75;85;86;88;89;91;92;95;98;99,100
A0A7G8PBZ5,0.09090909090909091,8,11,3.5214761102199557,1.1793123705523072,0.31,2;8;9;10;12;22;24;26;37;38;39;42;48;50;51;56;57;60;67;69;71;73;75;76;79;87;88;90;91;96;99,100
A0A7G8PH04,0.11864406779661017,2;3;4;28;34;39;52,59,2.1308452355861665,1.2415726378760643,0.18,1;5;8;17;18;33;38;47;51;53;55;63;65;68;74;78;83;99,100
A0A7G8PH05,0.09859154929577464,16;32;42;45;55;69;71,71,1.9466507983207704,1.1779305106960107,0.4,1;2;4;6;10;11;13;15;17;18;19;23;27;29;32;33;34;36;37;48;49;51;52;54;55;57;61;64;65;68;72;81;83;86;91;93;94;95;97;99,100
A0A7H0I6F1,0.25757575757575757,2;4;7;9;17;18;23;24;26;36;42;43;44;47;50;56;65,66,1.8301869225502014,1.004827579640153,0.52,1;3;4;7;9;10;11;13;14;15;20;22;23;24;25;26;27;28;37;38;39;43;46;47;48;51;54;55;57;59;60;61;63;64;65;68;70;72;74;75;76;77;81;83;85;87;90;91;93;96;97;100,100
A0A7H1Q5K4,0.125,7;13,16,2.993098262548447,0.967897961716642,0.56,2;4;6;8;9;10;11;12;14;16;17;18;20;24;25;28;29;30;31;32;33;34;35;38;41;43;44;45;49;50;51;55;56;59;60;61;62;63;64;68;69;71;72;74;76;77;78;83;86;87;89;91;92;95;96;99,100
A0A7I7JNU6,0.5081967213114754,4;5;6;10;12;14;17;18;21;23;24;25;26;30;36;37;38;39;41;42;43;44;46;47;48;49;52;54;55;58;59,61,2.2426038682460785,1.1592283758316755,0.87,1;3;4;5;6;7;8;9;10;12;14;15;16;17;19;20;21;23;24;25;26;27;29;30;31;32;33;34;35;36;37;40;41;42;43;44;45;46;47;48;49;51;52;53;54;55;56;57;58;59;60;61;62;63;64;65;66;67;70;71;72;73;74;75;76;77;78;80;81;82;83;84;85;86;87;88;89;90;91;92;94;95;96;97;98;99;100,100
A0A7I7KQ88,0.19047619047619047,12;13;14;21;22;25;39;42,42,2.4933784544467925,0.9975619358016923,0.15,4;12;20;24;28;34;35;37;41;46;56;69;71;79;95,100
A0A7I7LJC3,0.39705882352941174,1;2;3;5;6;8;9;10;13;16;18;21;24;28;36;37;38;41;42;47;48;49;56;61;62;64;67,68,1.9367270737886428,1.263581026826982,0.5,3;5;7;8;9;10;11;12;15;16;19;21;23;24;25;28;30;32;35;36;37;40;41;42;43;44;45;47;52;53;54;56;59;64;65;66;68;69;72;75;79;80;85;86;87;89;90;95;98;100,100
A0A7I7MPF4,0.25757575757575757,2;7;8;17;18;20;28;31;39;42;43;44;45;53;57;63;65,66,1.8765776389837265,1.1382469452891764,0.27,1;3;4;6;7;8;12;22;27;28;29;30;34;35;40;44;48;49;56;57;58;63;65;74;75;85;100,100
A0A7I7NVN0,0.05172413793103448,32;52;55,58,2.2342833566665647,1.0193127825082196,0.95,1;2;3;4;5;6;7;8;10;11;12;13;14;15;16;17;18;19;20;21;22;23;24;25;26;27;28;29;30;31;32;33;34;35;36;37;38;39;40;41;42;43;44;45;46;49;50;51;52;53;54;55;56;57;58;59;60;61;62;63;64;65;66;67;68;69;70;71;72;73;74;75;76;77;78;79;80;81;82;83;84;86;87;88;89;90;91;93;94;95;96;97;98;99;100,100
A0A7I7P449,0.0,,9,3.147566406726837,0.8597099767869714,0.0,,100
A0A7I7PH49,0.3,2;9;12;17;19;20,20,2.824516613483429,0.9292211765927316,0.35,1;3;5;10;12;13;16;17;18;21;23;25;27;30;31;32;33;35;38;45;47;48;52;53;59;61;66;74;79;81;86;89;94;95;96,100
A0A7I7PIE9,0.02564102564102564,33,39,2.4113599848747254,0.8655636520553168,0.16,2;4;15;18;19;23;35;36;37;38;39;45;76;81;87;99,100
A0A7I7Q331,0.3148148148148148,2;4;5;6;19;23;24;25;27;28;29;32;38;39;47;49;53,54,2.2589496147632597,1.0723929478487975,0.85,1;2;3;4;5;6;7;8;9;10;11;12;13;14;15;16;17;18;19;20;21;22;23;25;26;27;28;30;31;32;33;34;36;38;39;41;43;45;46;47;48;49;50;52;53;54;55;56;57;58;59;60;61;62;63;64;65;66;67;68;69;70;71;73;74;75;76;77;78;81;82;83;84;85;86;87;88;90;91;92;94;95;96;99;100,100
A0A7I7Q4Z2,0.06557377049180328,27;29;41;53,61,2.068424940109253,1.0961656374355242,0.41,1;3;8;10;13;14;15;17;18;19;23;24;25;27;33;35;36;43;44;49;51;56;57;58;62;64;65;66;71;74;75;77;78;82;86;89;91;93;94;95;96,100
A0A7I7QB07,0.11764705882352941,20;26;29;30,34,2.6868691384792327,1.0664578519867152,0.98,1;2;3;4;5;6;7;8;9;10;11;12;13;14;15;16;17;18;19;20;21;22;23;24;25;26;27;28;29;30;31;32;33;34;35;36;37;38;39;40;41;42;43;44;45;46;47;48;49;50;51;53;54;55;56;57;58;59;60;61;62;63;64;65;66;67;68;69;70;71;72;73;74;75;76;78;79;80;81;82;83;84;85;86;87;88;89;90;91;92;93;94;95;96;97;98;99;100,100
A0A7I7QL20,0.2558139534883721,1;4;5;7;8;12;18;20;21;26;42,43,2.722399425506592,1.414527065554503,0.23,4;6;8;13;16;19;21;23;29;43;48;49;50;51;52;53;63;74;81;83;91;94;97,100
A0A7I7QP40,0.0,,35,2.846009565591812,1.23641031881798,0.0,,100
A0A7I7QP46,0.2857142857142857,6;13;15;28;31;35;36;37;38;39;41;42,42,2.6519338941574095,1.4133499323322338,0.62,1;2;4;5;6;7;9;14;15;16;17;21;22;23;27;28;30;31;32;34;35;38;39;40;41;42;43;44;45;46;50;51;52;53;55;57;58;59;62;64;67;71;72;75;77;78;79;81;82;84;85;86;87;88;89;90;91;92;93;96;99;100,100
A0A7I7R3J2,0.25,2;5;6;11;12;16;19;23;24;28;31;36;40;55;58;64;69;74;76,76,1.7981168407201766,0.9830920051325862,0.02,74;80,100
A0A7I7RUI0,0.125,3;12;23;26,32,3.102417880296707,1.310085487679199,0.05,15;27;58;87;93,100
A0A7I7RZ78,0.02040816326530612,47,49,2.4454413729906084,1.319656341313715,0.13,4;5;10;15;25;36;40;56;62;76;77;79;85,100
A0A7I7S1X3,0.04411764705882353,3;22;28,68,1.7895513880252838,1.0585266224903833,0.06,42;53;60;63;95;96,100
A0A7I7SCY4,0.08,9;16,25,3.0055725634098054,1.1237813862141612,0.1,3;9;24;30;46;52;71;72;85;96,100
A0A7I7SXJ5,0.2857142857142857,2;4;5;7;11;12;13;14;17;26;27;37;41;43;46;50;53;58;63;69,70,1.7961200553178787,1.2442282188473797,0.04,58;64;87;89,100
A0A7I7TD11,0.4626865671641791,3;5;6;7;8;10;14;16;17;19;24;25;26;27;32;33;34;35;38;40;41;43;44;45;48;50;52;54;57;58;63,67,1.8670111227035522,1.2034792544239692,0.45,1;2;3;7;9;11;14;15;18;21;22;24;25;26;33;34;35;36;39;43;48;50;51;52;53;54;59;62;63;64;69;70;72;73;74;75;84;86;87;88;89;92;97;98;99,100
A0A7I7UBW3,0.46153846153846156,1;6;9;10;11;13;14;15;16;18;20;21;23;24;25;26;27;28;29;35;46;47;49;52,52,2.3510817098617554,1.1985637530016375,0.68,1;3;5;6;7;8;9;12;13;14;15;16;17;19;20;21;22;23;24;27;28;29;30;31;34;35;36;38;39;41;42;43;45;46;47;48;49;50;51;54;55;56;57;59;60;61;62;63;69;71;73;75;76;77;78;79;80;81;85;87;88;90;91;94;96;97;99;100,100
A0A7I7VZ71,0.0,,55,2.3904136735200883,1.3951594738933693,0.0,,100
A0A7I7WCE0,0.08163265306122448,5;7;10;32,49,2.4952131688594816,1.17441417307847,0.1,1;25;29;30;37;53;73;74;88;100,100
A0A7I7WJN8,0.21666666666666667,4;5;8;10;16;20;30;32;35;36;39;43;55,60,2.171485739350319,1.325109445438778,0.44,2;4;7;8;13;15;18;23;24;27;29;30;31;34;38;41;42;43;44;45;49;50;51;53;55;56;57;59;60;66;67;77;80;82;83;86;91;93;95;96;97;98;99;100,100
A0A7I7X9D1,0.375,5;9;10;11;12;17;25;27;28;29;30;31;32;34;39,40,2.7573714530467988,1.1712853833218992,0.03,55;61;72,100
A0A7I7X9S1,0.0,,13,2.926553797721863,0.8580126827495771,0.0,,100
A0A7I7X9S2,0.1,6;13;45;54;56;60,60,2.180457982420921,1.3888562824225892,0.88,1;2;3;4;5;6;7;8;9;10;11;12;13;14;15;16;18;19;20;22;23;24;25;26;27;28;29;30;31;32;33;34;35;36;37;38;39;40;41;42;43;44;45;46;47;48;49;50;51;52;54;56;57;59;60;61;62;63;64;65;66;68;69;70;71;73;74;75;76;77;78;79;80;82;83;85;86;87;88;89;90;91;92;93;97;98;99;100,100
A0A7I7XP41,0.14705882352941177,8;12;24;26;27,34,2.6598188185691836,0.9429525192279826,0.07,13;19;36;55;88;90;94,100
A0A7I7XXG0,0.27692307692307694,1;3;4;5;6;7;10;17;19;28;31;34;37;38;39;45;52;62,65,1.993992440700531,1.184135140272023,0.6,2;5;6;7;10;12;14;15;16;18;20;21;22;24;27;28;29;30;34;35;37;38;39;40;42;43;45;47;48;49;50;51;52;56;59;60;61;63;64;65;66;67;68;71;72;73;77;78;79;86;87;88;91;92;93;94;95;96;97;99,100
A0A7I7YUU0,0.48333333333333334,2;4;5;6;7;13;14;19;21;22;23;25;29;31;35;37;38;39;42;43;44;45;46;48;49;50;53;56;59,60,2.10443284034729,1.0543958948837258,0.13,3;5;18;19;27;34;37;40;41;44;55;58;64,100
A0A7I7YXB1,0.0,,5,3.5641295874118804,0.9240243425295895,0.0,,100
A0A7I7ZRH7,0.1388888888888889,17;18;21;23;27,36,2.463633803129196,0.9033738919882018,0.26,4;8;13;19;21;23;24;32;33;38;41;42;44;47;48;55;56;57;58;61;66;67;80;82;89;90,100
A0A7I9WQZ1,0.125,10;18;31;34;35,40,2.6312282848358155,1.1866948910309945,0.24,8;10;13;18;25;26;29;31;32;35;40;52;53;54;60;63;66;75;78;79;82;90;92;100,100
A0A7I9XMW5,0.22058823529411764,9;24;31;35;40;41;44;47;50;51;52;54;59;61;68,68,1.9072589248418808,1.2448651473541508,0.76,1;2;3;4;5;6;7;8;9;10;14;15;16;17;18;19;20;24;25;27;28;29;30;31;34;35;37;40;41;42;43;44;45;46;47;49;51;52;53;54;55;56;57;58;59;60;61;62;65;66;67;69;70;71;73;74;75;76;77;78;79;81;83;84;85;86;87;89;92;93;95;96;97;98;99;100,100
A0A7I9Y2B3,0.2972972972972973,6;8;15;19;23;26;30;31;32;33;36,37,2.4093841409683225,0.8985718661812827,0.17,6;8;9;10;25;28;30;36;40;43;47;53;54;71;85;87;98,100
A0A7I9YES0,0.09836065573770492,35;50;54;57;59;60,61,2.2128480249643325,1.1804865039460328,0.97,1;2;3;4;5;6;7;8;9;10;11;13;14;15;16;17;18;19;20;21;22;23;24;25;26;27;28;29;30;31;32;33;34;35;37;38;39;40;41;42;43;44;45;46;47;48;49;50;51;52;53;54;55;56;57;58;59;60;61;62;63;64;65;66;67;68;69;70;71;72;73;74;75;76;77;78;79;80;81;82;83;85;86;87;88;89;90;91;92;93;94;95;96;97;98;99;100,100
A0A7I9YMY6,0.27450980392156865,3;4;5;8;10;11;13;16;24;28;33;47;49;51,51,2.5318915247917175,1.3332171459222069,0.39,1;8;9;11;13;14;19;21;25;28;32;34;44;46;47;50;53;54;57;58;62;63;65;66;67;68;69;70;74;78;81;82;85;87;90;93;94;97;100,100
A0A7I9YZ18,0.4444444444444444,5;7;8;9,9,3.3035830771923065,0.8560525241187675,0.26,1;7;16;17;24;25;27;28;31;33;35;38;46;47;49;50;52;54;55;56;71;74;77;93;94;100,100
A0A7I9Z5A6,0.2028985507246377,1;2;12;16;20;29;30;33;41;45;48;50;51;68,69,2.006624090075493,1.2443251820796324,0.71,1;2;3;4;5;6;7;8;9;11;12;13;14;15;16;18;19;20;21;22;28;29;31;32;35;36;37;38;39;40;41;42;44;45;46;48;49;50;51;52;53;55;56;58;59;60;63;64;65;66;68;69;70;71;76;77;79;80;81;84;85;86;87;88;89;90;91;94;95;98;100,100
A0A7I9Z705,0.0847457627118644,12;17;18;31;39,59,2.250406772494316,1.4616547645214986,0.11,13;18;44;46;56;70;73;80;92;95;96,100
A0A7I9ZAR1,0.06153846153846154,7;31;36;46,65,2.1131293326616287,1.2710618904291167,0.64,1;2;3;4;5;6;7;10;16;18;19;20;21;22;23;25;26;28;29;31;32;33;34;35;37;39;42;43;44;45;46;47;48;49;50;52;55;56;58;59;60;61;63;64;65;66;67;68;71;72;73;76;77;78;79;84;85;89;90;91;96;97;99;100,100
A0A7I9ZCH7,0.28,3;14;17;18;19;20;24,25,3.2842209112644194,1.3017753159175338,0.31,1;2;4;8;11;15;16;17;24;25;27;29;30;37;44;47;50;54;55;61;62;66;67;72;73;77;85;86;88;91;99,100
A0A7I9ZRY4,0.24489795918367346,1;3;4;6;10;17;18;22;25;35;44;47,49,2.541083958148956,1.2106728793155692,0.0,,100
A0A7K0D4H1,0.0410958904109589,10;20;47,73,1.807754603624344,0.9654215386223005,0.12,20;24;40;48;54;57;58;74;77;82;87;92,100
A0A7K0DM07,0.03773584905660377,2;39,53,2.4206014502048494,1.1837102210260786,0.03,52;76;77,100
A0A7K1VB93,0.208955223880597,5;6;8;11;17;18;21;22;27;32;33;42;49;62,67,2.0067671692371367,0.9771506353898467,0.13,12;13;26;37;48;59;62;64;65;68;70;80;93,100
A0A7K3LE40,0.16666666666666666,6;7;14;23,24,2.867961503267288,1.0232393379796358,0.85,1;2;3;4;6;7;8;9;10;11;12;13;14;15;16;17;18;19;20;24;26;27;28;29;30;32;35;36;37;38;39;40;41;42;43;44;45;46;47;48;49;50;51;52;53;55;56;58;59;60;61;62;63;64;65;67;68;69;70;71;72;73;74;75;76;77;78;79;82;83;84;85;86;87;88;89;92;93;94;95;96;97;98;99;100,100
A0A7K3R588,0.16071428571428573,1;2;9;11;19;29;33;40;44,56,2.3321067476272583,1.0467564935395013,0.37,1;5;6;7;11;16;19;20;22;23;30;31;33;34;38;40;42;45;48;49;50;52;55;61;66;68;70;74;76;82;84;88;90;91;93;97;98,100
A0A7R7MY24,0.2909090909090909,2;3;9;14;15;18;19;21;22;26;27;35;36;45;51;54,55,2.3769153809547423,1.2103651633368915,0.01,32,100
A0A7T1TD85,0.14285714285714285,5;17;23;24;28;35;47,49,2.2895519053936004,0.9928087304200682,0.12,12;22;36;45;48;49;58;66;79;87;94;100,100
A0A7U5MR51,0.23529411764705882,7;13;15;17,17,3.2646644616127016,1.178127668131673,0.21,5;13;15;28;29;32;43;44;48;50;59;62;70;74;76;79;83;85;86;91;95,100
A0A7U5RWM8,0.06666666666666667,7;12;25;59,60,2.114061300754547,0.8295559240703227,0.58,3;4;5;6;13;15;16;19;20;25;26;28;29;31;32;33;34;36;37;38;39;42;43;45;48;49;50;52;53;55;57;59;60;61;62;64;65;66;67;68;69;70;71;72;74;76;77;81;82;85;86;89;90;93;95;97;98;100,100
A0A7U5RXC1,0.030303030303030304,26;35,66,2.043055737018585,1.2731231194390804,0.0,,100
A0A7U9Q384,0.16,3;6;17;19;37;38;47;50,50,2.553956736922264,1.3474028560633242,0.47,1;2;4;6;9;11;18;19;22;25;26;27;31;34;36;37;38;40;43;44;46;47;48;49;51;52;59;60;62;66;67;69;70;71;78;79;80;81;82;85;86;91;92;94;95;96;99,100
A0A7V8LNU0,0.06666666666666667,1,15,3.055998781919479,1.124428747150877,0.06,40;43;51;65;70;75,100
A0A7V8RXZ3,0.35714285714285715,4;7;18;24;29;31;33;36;37;39;40;41;43;44;49;51;53;54;55;56,56,2.2671561539173126,0.9498879942081083,0.78,1;2;3;4;6;7;8;9;10;11;12;13;14;15;16;18;19;20;21;23;24;26;27;28;30;31;32;34;35;36;37;38;39;40;41;42;43;44;45;46;47;48;49;51;52;53;54;55;56;57;58;60;61;64;66;69;70;71;72;73;74;75;76;77;78;80;81;82;84;85;86;87;88;90;91;96;99;100,100
A0A7V8RXZ7,0.10526315789473684,9;13,19,2.8318681108951567,0.9628739138883907,0.28,3;7;8;10;11;17;20;30;31;35;38;41;47;53;54;55;58;59;60;69;73;76;80;83;86;90;92;95,100
A0A7V8RYM6,0.0,,55,2.2490209060907365,1.1389047745604803,0.0,,100
A0A7W6BWA9,0.21052631578947367,5;8;12;18;27;28;35;38;47;52;55;56,57,2.324572114944458,1.2150970290243739,0.29,4;6;7;9;18;20;24;29;34;36;49;55;57;61;63;68;70;71;78;79;80;81;85;87;89;91;94;95;99,100
A0A7W7VZ67,0.03571428571428571,24,28,2.660262175798416,1.0714281026208052,0.02,50;71,100
A0A7W8BW88,0.5,1;7;8;10;11;13;14;15;18;19;20;23;25;26;28;29;31;33;34;36;37;38;39;47,48,2.5070459914207457,1.1582176088238578,1.0,1;2;3;4;5;6;7;8;9;10;11;12;13;14;15;16;17;18;19;20;21;22;23;24;25;26;27;28;29;30;31;32;33;34;35;36;37;38;39;40;41;42;43;44;45;46;47;48;49;50;51;52;53;54;55;56;57;58;59;60;61;62;63;64;65;66;67;68;69;70;71;72;73;74;75;76;77;78;79;80;81;82;83;84;85;86;87;88;89;90;91;92;93;94;95;96;97;98;99;100,100
A0A7W9NKR9,0.043478260869565216,53;57;59,69,1.7870229852199555,1.1604317215840083,0.66,2;3;4;5;6;8;9;10;12;13;14;15;16;17;18;19;23;24;25;26;28;30;31;32;33;34;35;36;38;41;42;43;44;48;50;51;52;55;57;60;61;62;64;66;67;68;69;70;73;74;75;77;78;80;83;84;85;86;87;88;89;90;94;95;97;99,100
A0A7W9PLQ8,0.11764705882352941,17;24;29;39;41;54;55;56,68,2.015450804233551,1.0806944324107393,0.19,25;34;39;42;45;51;55;62;67;70;76;80;85;87;88;90;91;92;96,100
A0A7X5R533,0.14814814814814814,6;12;13;15;22;39;42;49,54,2.3979865217208864,1.2587088092229979,0.32,1;3;5;11;12;14;16;18;20;21;25;29;38;39;44;45;49;50;53;54;55;57;58;59;64;65;72;77;92;93;95;96,100
A0A7X5TUU1,0.047619047619047616,38;41;44,63,2.1422996693849563,1.3676987472839768,0.32,4;7;11;14;18;22;24;29;30;34;37;39;41;42;45;49;51;55;56;58;61;63;64;69;70;72;76;83;86;89;90;95,100
A0A7X6M5C6,0.0958904109589041,5;8;10;21;45;71;72,73,1.7941341137886047,1.1567927818773545,0.01,66,100
A0A7X6MIZ0,0.1875,9;12;15;18;19;23;24;36;41;42;58;61,64,2.1177141642570496,1.023591883759808,0.85,1;2;3;4;6;7;8;9;11;12;13;14;16;17;18;19;20;21;22;23;24;25;26;27;28;30;31;32;33;34;35;36;37;38;39;40;41;42;44;45;47;48;49;50;51;53;54;55;56;59;60;62;63;65;66;67;68;69;70;71;72;73;74;75;77;78;79;80;81;82;83;84;85;86;89;90;92;93;94;95;96;97;98;99;100,100
A0A7X6MKH2,0.09433962264150944,15;39;40;44;51,53,2.413441743850708,1.1552714377726037,0.33,1;7;15;16;17;20;26;27;29;33;39;41;42;43;45;50;51;56;57;59;61;62;66;67;69;73;80;83;84;85;87;88;99,100
A0A7X6R1D2,0.5102040816326531,2;4;5;6;7;10;11;12;13;15;17;19;23;25;26;28;30;31;32;35;40;43;45;48;49,49,2.370275251865387,1.1487436567335314,0.43,2;3;5;7;12;13;16;24;27;28;30;31;33;35;36;37;40;41;42;53;57;58;59;60;63;65;66;67;71;72;76;77;80;84;85;88;89;92;93;94;98;99;100,100
A0A7Y9XV54,0.19642857142857142,4;6;9;10;12;19;27;37;42;45;49,56,2.215465193986893,1.2386652118014454,0.34,15;17;33;45;50;51;58;61;62;63;65;69;70;72;73;74;75;76;77;78;80;81;82;83;85;86;87;90;91;92;93;96;99;100,100
A0A7Z0IKF1,0.3448275862068966,1;2;6;12;13;14;15;22;23;26,29,2.624761630296707,1.0100816759463003,0.73,2;3;4;6;7;8;9;10;11;14;15;16;20;21;22;23;24;25;26;27;28;30;31;32;35;36;37;38;39;41;42;43;45;46;48;51;52;53;54;56;57;58;60;61;62;63;64;65;66;67;68;71;73;74;75;76;77;78;79;82;83;84;86;88;89;92;93;94;95;96;97;98;99,100
A0A7Z7ILT5,0.45454545454545453,1;5;6;10;12;14;16;17;19;25;26;28;29;30;33;35;36;40;41;43;45;47;50;52;54,55,2.383819131851196,1.3046622417945368,0.41,6;10;11;12;16;18;21;24;27;28;29;32;33;35;36;40;42;44;46;51;52;54;55;56;58;60;68;78;79;80;83;85;86;87;88;89;95;96;98;99;100,100
A0A829HQL8,0.0,,71,1.9451671522855758,1.2811607141291295,0.0,,100
A0A829HTG5,0.0,,6,3.287472611665726,0.9980369310599346,0.0,,100
A0A829HWH3,0.35555555555555557,2;4;5;7;9;12;19;21;27;28;29;30;31;36;39;44,45,2.395091267824173,0.9508559108991863,0.56,2;3;4;5;6;7;9;10;12;13;15;17;18;21;23;24;28;29;32;36;37;38;40;42;43;46;47;49;50;51;52;54;55;56;57;58;61;63;64;65;66;69;71;74;75;77;81;82;83;84;87;90;93;96;97;99,100
A0A829MDQ7,0.27450980392156865,1;2;3;8;17;22;23;27;28;30;32;48;49;51,51,2.4070922422409056,0.971597509774175,0.67,1;3;4;5;6;8;9;10;12;13;14;15;19;21;22;23;24;26;27;28;29;30;31;32;33;39;40;43;44;46;47;48;49;50;52;54;55;56;57;58;59;60;64;65;66;67;68;69;71;72;73;74;75;77;81;83;84;85;87;88;89;90;91;92;96;98;100,100
A0A829MIB4,0.16129032258064516,13;17;18;23;26,31,2.749126445055008,1.0908936555266744,0.18,2;8;13;16;18;23;32;37;41;48;61;69;75;77;83;86;90;96,100
A0A829PKA2,0.0,,64,2.1811688101291655,1.3990735592771293,0.0,,100
A0A829PS24,0.43103448275862066,4;5;7;8;12;16;17;18;19;20;21;23;30;31;32;33;35;36;41;43;44;45;52;54;58,58,2.331042169332504,0.9683157789965617,0.89,1;2;4;5;6;7;8;9;11;12;13;14;15;17;18;19;20;21;22;23;24;25;26;27;28;29;30;31;32;33;34;35;37;39;40;41;42;43;44;45;46;47;48;50;52;53;54;55;56;57;59;60;61;62;63;64;65;66;68;70;72;73;74;75;76;77;78;79;80;81;82;83;84;85;86;87;88;89;90;91;92;93;94;95;96;97;98;99;100,100
A0A829PS58,0.09090909090909091,12;19,22,2.9977727615833283,1.1943090932679252,0.49,2;3;7;8;11;16;18;19;21;23;26;29;34;35;36;38;39;41;42;43;45;46;51;52;54;55;56;58;61;62;64;65;66;70;72;74;75;76;77;80;82;84;85;86;89;90;96;97;99,100
A0A829PSZ5,0.0,,15,3.0059658801555633,1.0667200311528355,0.0,,100
A0A829PY25,0.1,8;27;34;41;43;49,60,2.232098979949951,1.0111209854577758,0.17,1;3;8;15;16;27;41;55;56;66;77;79;86;93;95;97;100,100
A0A829Q102,0.05555555555555555,16,18,2.872500156164169,0.9376575090515605,0.01,29,100
A0A829Q1V2,0.3409090909090909,7;8;16;17;19;22;25;26;28;31;33;34;37;38;42,44,2.3711473417282103,0.8705528667142046,0.85,1;2;3;4;5;6;7;8;9;10;11;12;13;14;16;17;18;19;20;22;23;24;25;26;27;28;29;30;32;33;34;35;36;37;38;39;40;41;42;43;44;45;46;49;50;51;52;53;54;56;57;58;59;61;62;64;65;67;68;70;72;73;75;78;79;80;81;83;84;85;86;87;88;89;90;91;92;93;94;95;96;97;98;99;100,100
A0A829QF13,0.22,4;13;22;23;26;31;32;34;38;39;48,50,2.51359499335289,1.1201976852542397,0.14,8;13;21;38;45;46;50;51;63;68;89;90;93;100,100
A0A829QG83,0.225,6;9;12;17;23;25;34;35;36,40,2.4116494941711424,0.8600372805856087,0.03,5;67;83,100
A0A829QKT7,0.0,,56,2.157561787366867,1.2842239909813893,0.0,,100
A0A839Q3V9,0.45,1;4;5;9;10;11;13;15;17;21;23;24;34;35;36;37;39;42;43;44;47;48;49;50;53;54;55,60,2.286594842672348,1.2741914393173592,0.06,4;13;44;77;91;95,100
A0A840Q103,0.35714285714285715,3;9;11;13;14,14,2.8620222985744475,0.9202780290318809,0.6,6;7;8;9;11;12;15;16;17;18;21;24;25;26;28;29;30;31;33;37;41;43;44;46;48;50;54;55;56;57;59;60;63;65;66;67;69;70;71;72;73;77;79;80;82;83;84;85;87;88;89;90;91;92;93;94;96;98;99;100,100
A0A846MH08,0.20634920634920634,10;13;15;16;17;24;32;38;39;44;48;49;57,63,2.272450246214867,1.1819128238900838,0.17,2;8;28;30;32;44;50;65;66;76;78;89;90;91;92;96;98,100
A0A846VZQ1,0.09615384615384616,8;13;15;27;36,52,2.430403609275818,1.2132021126823833,0.16,2;3;5;26;28;31;34;36;40;54;57;71;86;93;97;98,100
A0A846XPH2,0.3114754098360656,3;4;5;6;8;9;12;13;15;21;23;27;37;39;40;42;50;54;58,61,1.9927361333370208,1.1423333991451812,0.65,1;2;4;6;7;9;10;11;12;13;14;15;16;17;18;19;21;22;23;24;25;26;28;31;32;34;35;38;40;42;44;50;51;52;53;55;58;59;60;61;62;63;65;66;67;68;70;71;75;76;78;79;82;84;85;86;87;89;91;93;94;95;96;99;100,100
A0A846XYC4,0.5076923076923077,1;2;5;7;9;10;11;12;14;15;16;17;19;20;23;24;28;29;30;31;34;37;40;43;44;52;53;54;55;56;57;61;65,65,2.0117232370376588,1.0703817055783895,0.81,2;3;4;5;6;7;8;10;11;12;13;14;15;16;17;18;19;21;22;23;24;25;27;28;29;30;31;33;35;36;37;39;40;41;43;44;45;46;47;48;50;51;52;53;54;55;56;57;58;59;60;61;62;64;65;66;67;68;69;71;72;73;74;75;76;77;78;81;82;83;84;85;86;88;89;91;92;93;95;97;100,100
A0A846YJB4,0.0,,46,2.5854651510715483,1.1686797275972212,0.0,,100
A0A848KDK6,0.4393939393939394,4;7;10;13;16;17;18;20;21;22;23;24;25;26;27;28;31;34;38;41;46;48;49;50;53;55;58;64;65,66,1.9081195974349976,1.0746160346291087,0.14,2;4;11;18;20;27;28;36;74;81;83;85;89;90,100
A0A849CGR7,0.19230769230769232,1;3;7;10;13;17;22;30;39;41,52,2.37088592171669,1.1768403415852322,0.02,21;64,100
A0A850PMX4,0.1111111111111111,5;17;31;37;43;50;61,63,2.1711948907375334,1.1499360365410478,0.17,3;12;16;17;19;26;37;47;52;57;61;72;78;79;91;92;93,100
A0A853LX37,0.0,,13,3.421090667247772,1.1798479576644054,0.0,,100
A0A853LXB5,0.0851063829787234,10;29;34;44,47,2.5147821259498597,1.0515196492482513,0.0,,100
A0A853LYQ8,0.21875,2;4;5;7;11;16;17;22;26;28;36;39;60;61,64,2.0384947156906126,1.0626208792302851,0.06,2;42;46;61;94;96,100
A0A853M2B7,0.23809523809523808,5;11;12;14;16,21,3.409793756008148,1.2811607542978625,0.67,1;3;4;5;8;10;11;13;15;17;18;19;20;22;24;25;27;29;32;33;34;35;36;37;38;39;40;42;43;44;45;46;48;49;50;53;54;55;56;58;59;60;61;65;68;69;70;72;75;76;77;78;79;81;83;84;85;86;87;88;89;91;92;97;98;99;100,100
A0A8E2LPD0,0.5573770491803278,1;4;12;13;14;15;16;17;18;19;22;24;25;26;27;28;29;31;35;36;38;40;41;42;45;46;47;51;53;54;55;56;59;61,61,2.1995447796583174,1.1262994461114053,0.87,2;3;4;5;7;8;9;10;11;12;13;14;15;16;17;18;19;20;21;22;23;24;25;26;28;29;30;31;32;33;34;35;36;37;38;39;40;41;43;44;45;46;47;48;49;50;51;52;53;55;56;57;58;59;60;61;62;63;64;65;66;69;70;71;72;74;75;76;77;78;79;80;81;82;83;84;85;88;89;90;92;93;94;97;98;99;100,100
A0A8H2PI19,0.13793103448275862,18;21;34;40;43;49;54;58,58,2.2897902405261994,0.9605756661526672,0.21,1;4;7;15;22;24;33;42;43;45;52;53;60;78;79;80;81;82;84;90;98,100
A0A8H2PIF1,0.058823529411764705,3;6;22,51,2.5346801590919497,1.365257885922353,0.04,21;66;70;91,100
A0A8J3FU84,0.24528301886792453,8;15;18;21;24;38;39;40;42;45;46;49;51,53,2.2340156483650206,0.8968363836732839,0.42,2;3;6;8;10;11;13;16;23;24;25;26;27;31;35;36;41;42;46;48;49;50;52;53;56;59;62;64;66;68;69;70;79;80;83;85;88;89;93;97;98;100,100
A0A8J4A7U7,0.34375,3;4;5;6;10;12;15;16;17;20;22;24;27;35;37;44;45;46;48;50;53;62,64,2.1329516768455505,1.20568860662278,0.48,1;2;3;4;6;7;8;9;10;11;12;13;14;15;18;19;20;21;23;24;25;29;33;34;35;36;40;45;46;50;51;53;54;58;60;61;66;68;74;83;84;85;87;88;90;97;98;100,100
A0A917FVC2,0.0,,61,2.286779228448868,1.0411152831808628,0.0,,100
A0A917RUF6,0.13846153846153847,12;18;33;41;44;51;55;60;63,65,2.1216862779855727,1.2775736100315234,0.76,1;2;3;4;7;9;10;12;13;15;17;18;20;21;22;23;24;25;27;28;29;30;31;32;33;34;36;37;38;39;40;41;42;43;44;45;47;48;49;50;51;52;53;54;56;57;58;60;62;63;66;67;69;70;71;73;74;75;76;77;78;79;80;81;82;84;85;87;90;94;95;96;97;98;99;100,100
A0A918CWM2,0.1702127659574468,14;17;26;29;35;37;40;41,47,2.5721202665567398,1.1643304644603536,0.86,1;2;4;5;6;7;8;9;10;12;13;14;15;17;18;19;20;22;23;25;26;27;28;29;30;31;32;33;34;35;36;38;41;42;43;44;45;46;47;49;50;51;52;53;54;55;56;57;58;60;61;62;63;64;66;67;68;69;70;71;72;73;74;76;77;78;79;80;81;82;84;85;86;87;88;89;90;91;92;93;94;95;96;97;98;99,100
A0A919J5R3,0.19230769230769232,12;13;21;37;38;45;49;51;52;53;58;69;70;72;78,78,1.6445054602622986,0.8507054585475288,0.25,1;2;8;14;16;20;22;25;27;30;33;36;46;48;51;53;56;61;64;70;72;75;83;87;97,100
A0A927EY10,0.2857142857142857,4;5;6;8;10;22;23;28;29;32,35,2.7443393194675445,1.0400967032806383,0.87,1;2;3;4;5;6;8;9;10;11;12;13;14;15;16;18;19;21;22;23;24;25;27;28;29;30;31;32;33;34;35;36;37;39;40;41;42;45;46;48;49;50;52;53;54;55;56;57;58;59;60;61;63;64;65;66;67;68;69;70;71;72;73;74;75;76;77;78;79;80;81;82;83;84;85;86;88;89;90;91;92;93;94;95;96;97;99,100
A0A927JBF8,0.08955223880597014,5;8;47;52;59;61,67,1.954805119037628,1.0641683249490579,0.25,1;2;16;17;25;33;38;40;41;43;46;47;49;50;51;52;55;57;63;67;70;73;80;81;97,100
A0A927MND6,0.75,1;2;3;4;6;7;8;10;13;14;15;16;17;18;19;20;22;24;25;26;27;28;31;32;34;35;36,36,2.560298374891281,0.9416260017953748,0.86,1;2;3;4;5;6;7;8;9;10;11;12;13;14;15;16;17;18;20;21;22;24;25;26;27;28;29;31;32;33;34;35;36;37;38;39;40;41;42;43;45;46;47;48;49;50;52;53;54;56;58;59;60;61;62;63;64;65;67;68;69;70;71;72;74;75;76;78;79;80;82;83;85;86;87;88;89;91;92;93;94;95;96;97;98;99,100
A0A934NT38,0.4852941176470588,1;2;4;5;8;10;11;13;16;19;20;21;22;23;24;25;26;30;35;37;38;40;43;45;46;47;49;51;52;57;59;61;64,68,2.0044292598962783,1.0504940546567525,0.91,1;2;3;4;5;6;7;8;9;10;11;12;13;14;15;16;17;18;19;20;21;22;23;24;25;26;27;28;29;30;31;32;33;34;35;36;37;38;39;40;41;42;43;44;45;46;47;48;50;52;54;55;56;57;58;59;60;61;62;63;64;65;66;67;68;69;70;71;72;74;75;76;77;78;79;80;81;82;84;86;87;88;89;91;92;93;95;96;98;99;100,100
A0A937RSP3,0.1875,10;11;12,16,2.8102617609500884,0.7943007342648923,0.35,4;6;7;11;12;15;17;23;24;29;35;38;39;41;43;48;50;51;52;53;54;56;57;60;61;63;65;66;68;76;82;87;88;93;100,100
A0A939FJS2,0.11666666666666667,1;8;10;21;25;26;52,60,2.1300155556201936,0.9366370462261623,0.0,,100
A0A975JWU9,0.18181818181818182,11;12;19;20;24;33;36;42;52;53;59;60,66,2.1697418230772016,1.1686383860270293,0.44,2;3;5;7;9;10;11;13;14;15;16;17;21;24;25;26;27;28;31;32;33;34;41;44;45;50;55;56;59;61;66;72;73;74;75;76;79;81;84;89;91;96;97;99,100
A0A9N7QL79,0.10526315789473684,3;6;19;31;44;49,57,2.219769349098206,1.0169409738327897,0.33,3;4;15;16;18;21;22;26;31;38;39;40;42;47;50;54;57;58;62;65;66;67;71;72;74;77;79;83;85;86;88;89;92,100
A0A9N7QNJ2,0.16666666666666666,4;10;13;14;23;40;42;46,48,2.4967928278446196,1.0569039121309651,0.08,13;14;27;31;34;36;51;78,100
A0A9P3UYS2,0.27450980392156865,18;20;27;28;29;30;33;35;39;41;42;43;44;46,51,2.3808845496177673,0.9662147096188333,0.51,2;3;4;5;6;7;10;11;12;15;17;19;21;22;23;24;25;28;29;30;32;34;36;37;39;41;44;46;50;51;52;59;60;64;65;66;68;69;74;75;76;80;82;84;89;90;92;93;94;95;96,100
A0A9Q7SE40,0.49019607843137253,1;5;7;9;11;12;13;15;20;24;25;27;28;30;32;33;34;35;37;40;41;44;45;46;50,51,2.379359248876572,0.9176137077562051,0.7,1;2;3;6;8;9;10;11;12;15;16;17;19;20;21;22;23;24;25;28;29;31;32;33;35;36;37;39;40;41;42;43;44;47;48;49;50;52;54;55;57;58;59;62;63;64;65;66;68;70;72;73;74;75;77;78;80;81;83;84;86;88;89;91;92;95;97;98;99;100,100
A0A9Q7SI49,0.017241379310344827,3,58,2.2521984255313874,1.437896068743748,0.02,8;74,100
A0A9Q7WGW0,0.0,,11,3.1674575769901274,1.012519070255321,0.0,,100
A0A9Q7WIY4,0.17647058823529413,1;13;14,17,3.0263331866264345,1.025482743073826,0.06,34;35;49;53;87;91,100
A0A9W4AZG8,0.06818181818181818,9;30;33,44,2.662699344754219,1.2523387682234792,0.0,,100
A0A9X2E3D3,0.15714285714285714,1;5;11;14;19;27;56;64;65;66;68,70,1.880646350979805,1.2143143957844766,0.81,1;2;3;4;5;6;7;8;9;10;11;12;13;14;15;16;17;19;20;21;22;23;24;25;26;28;29;30;31;32;33;34;35;36;38;40;41;42;43;44;45;46;47;48;49;50;51;52;53;54;55;56;58;59;61;62;63;64;65;67;69;70;75;76;77;78;79;81;82;84;85;86;87;88;89;90;91;92;94;95;97,100
A0A9X2E3I2,0.13636363636363635,6;20;25;37;42;44,44,2.5053526723384856,1.1085831067073,0.29,1;3;4;5;7;12;13;21;26;31;34;37;39;50;53;55;57;61;63;64;65;69;70;77;81;89;90;95;100,100
A0A9X2E4R0,0.125,1;17;24,24,2.7714923775196074,0.9641615917320814,0.18,8;12;15;30;40;42;51;52;55;59;61;63;72;74;78;85;90;97,100
A0A9X2YIQ0,0.06153846153846154,3;7;18;33,65,1.990425164103508,1.1911214727583797,0.03,18;32;63,100
A0A9X2YRI8,0.14285714285714285,17;20;22;26;29;40;49;54,56,2.258560438156128,1.1453095886471931,0.47,1;2;4;5;6;7;9;10;12;13;14;16;17;20;22;24;25;26;27;30;31;38;39;40;45;46;47;48;53;56;58;60;61;62;63;67;69;70;71;75;80;82;84;89;92;96;100,100
A0A9X2Z2J6,0.09090909090909091,24;27;31;38,44,2.402444494962692,0.956231023460992,0.63,1;2;3;5;6;9;10;11;12;13;15;17;18;20;21;22;23;24;26;29;30;31;32;33;34;36;38;39;40;43;44;45;46;51;52;55;56;58;60;61;63;64;68;69;72;73;76;77;78;80;81;84;85;86;88;91;92;93;94;95;96;98;100,100
A0A9X3BRH0,0.391304347826087,7;11;16;17;19;20;21;22;23,23,3.1988604962825775,1.24491054774623,0.83,1;2;3;5;6;7;8;9;10;13;14;15;16;17;18;20;21;22;23;24;25;26;27;28;29;30;31;32;33;34;35;38;39;40;41;42;43;44;45;46;47;48;50;51;53;54;55;57;59;60;62;63;64;65;66;67;68;70;71;72;73;74;75;76;77;78;80;81;82;83;84;85;86;87;88;90;92;93;94;95;96;98;99,100
A0A9X3C2T0,0.3409090909090909,2;3;5;11;13;16;19;21;27;30;31;33;37;41;44,44,2.5246548771858217,0.9984814947798107,0.23,2;4;9;16;20;22;25;26;37;38;44;52;53;65;74;76;81;82;85;88;95;96;99,100
A0A9X7ILG2,0.4807692307692308,1;2;4;5;8;9;11;12;14;19;23;24;26;35;37;38;39;40;41;42;45;46;48;51;52,52,2.3560262179374694,1.0406056704426678,0.89,1;2;3;4;5;6;7;8;9;10;11;12;13;14;15;16;17;18;19;20;22;24;25;26;27;28;29;30;32;33;34;35;37;38;39;40;41;42;43;44;45;46;47;48;49;50;51;52;53;54;56;57;58;59;60;61;62;63;64;66;67;68;70;71;73;74;75;76;77;78;79;80;81;82;83;85;86;87;88;91;92;93;94;95;96;97;98;99;100,100
A0A9X7WHR6,0.3611111111111111,2;4;9;12;21;23;24;28;30;32;33;35;36,36,2.81222412109375,1.108969118528694,0.84,1;2;3;4;5;6;7;8;9;10;11;13;14;15;16;17;19;20;21;22;23;24;26;27;28;29;30;31;32;33;34;35;36;37;39;41;43;44;45;46;47;48;49;50;52;54;56;57;58;59;61;63;64;65;66;68;69;70;71;72;73;74;75;76;77;79;80;81;83;84;85;86;87;88;90;91;92;93;94;95;96;97;99;100,100
A0A9X8QZ54,0.24615384615384617,9;11;13;19;24;26;27;38;47;48;49;50;51;55;56;64,65,2.1539272367954254,1.0661718960521374,0.61,1;2;3;5;6;7;10;11;12;13;14;15;16;19;20;21;22;23;25;26;28;29;30;31;34;36;39;40;41;43;44;46;47;48;50;51;52;53;55;56;57;64;65;66;67;68;72;74;78;82;85;86;88;89;90;91;95;96;97;98;99,100
A0A9Y2IBK6,0.38636363636363635,2;3;4;5;7;9;10;13;19;20;21;28;29;31;32;37;39,44,2.6449480587244034,1.4043822848843612,0.06,50;74;79;92;93;100,100
A0A9Y2N0A1,0.28125,5;13;23;25;28;32;35;36;40;46;51;52;53;57;59;60;62;64,64,2.0841854429244995,0.8724569490964671,0.41,1;2;3;5;6;8;9;12;20;22;23;24;29;32;34;35;38;39;42;43;46;49;51;54;55;63;64;70;72;75;76;78;81;83;85;89;92;93;95;98;100,100
A0AA37PJ36,0.27586206896551724,1;2;10;14;15;23;26;28;30;33;34;36;41;52;53;57,58,2.3044978803396226,1.3229521257724632,0.72,1;2;3;4;5;7;9;10;11;12;13;14;16;17;18;19;20;21;22;24;25;27;28;32;33;34;35;36;38;39;40;41;42;44;45;48;49;50;51;52;53;54;55;56;58;59;60;61;62;63;66;67;68;69;73;74;76;77;78;81;82;83;84;85;86;87;89;92;93;95;96;98,100
A0AA37PJQ2,0.18181818181818182,1;3;11;15;17;35;43;44,44,2.6077165734767913,1.3861242839698156,0.15,32;40;43;46;53;55;57;61;64;68;81;84;86;90;92,100
A0AA37PNY0,0.34615384615384615,5;8;14;15;16;17;20;23;25,26,2.9674081981182097,1.1136690659399822,0.64,3;5;6;9;10;11;12;14;15;16;17;21;22;23;24;25;26;27;28;29;30;32;35;36;40;41;45;46;47;48;51;52;53;54;56;59;60;61;62;63;64;66;67;68;69;72;73;75;78;79;81;82;83;85;86;87;88;90;91;94;95;96;97;98,100
A0AA37PRM7,0.09259259259259259,4;10;20;37;53,54,2.3507158678770064,0.988537942435719,0.8,2;3;4;5;7;8;9;10;11;12;13;16;17;18;20;21;22;23;24;25;26;27;28;30;31;32;33;34;36;37;38;39;41;42;43;44;45;46;48;49;50;51;52;53;54;55;56;57;60;62;63;64;65;66;67;68;69;70;71;72;74;76;77;78;79;80;83;84;85;90;91;92;93;94;95;96;97;98;99;100,100
A0AA42BYT1,0.08823529411764706,7;14;22;34;43;51,68,2.030040237903595,0.8878867343672615,0.32,1;4;8;10;14;15;17;18;19;21;22;25;33;36;39;41;48;51;52;53;55;58;59;64;69;77;80;86;87;90;91;95,100
A0AA91EXD2,0.21568627450980393,3;4;6;21;25;26;34;37;44;46;51,51,2.3740553879737853,1.0347205208418917,0.73,1;2;3;4;5;6;9;10;11;12;13;14;15;16;17;18;19;20;21;22;23;25;28;29;30;31;32;33;34;36;37;38;41;42;43;45;47;51;52;54;56;57;58;59;60;61;62;65;66;67;68;69;71;73;75;76;77;79;81;82;84;85;86;89;90;92;93;95;96;97;98;99;100,100
A0AA91M3B5,0.022727272727272728,39,44,2.545124785900116,1.0972459947722508,0.04,18;79;91;93,100
A0AA94UBA0,0.06666666666666667,3;14;21;60,60,2.238092013001442,1.3578156570104174,0.02,15;76,100
A0AAC9VV50,0.14285714285714285,6;21;24;31;33;43;45;47;51;59,70,1.8496484661102295,1.1409661730393457,0.25,5;8;12;13;18;20;43;44;52;53;54;56;61;64;65;69;70;74;75;77;85;86;92;94;100,100
A0AAC9YL18,0.36507936507936506,1;2;4;5;6;9;12;16;21;24;26;30;32;35;39;41;45;51;54;55;59;61;62,63,2.13125585436821,0.993641286094791,0.65,1;2;3;4;5;6;7;8;10;12;14;15;16;17;20;22;23;25;26;27;29;31;32;33;34;35;36;37;39;40;42;44;45;47;48;49;50;51;52;54;57;58;59;60;61;63;64;66;68;71;72;76;77;78;79;81;84;86;87;90;91;93;94;96;97,100
A0AAC9YPU9,0.35714285714285715,2;10;11;12;14,14,3.3997734463214875,1.1499325859648992,0.35,4;5;7;10;13;14;15;17;20;24;28;29;30;32;33;34;39;46;47;55;56;57;58;61;62;63;65;70;75;76;77;84;96;98;100,100
A0AAD1H459,0.0,,43,2.5256398820877077,0.9919460216359941,0.0,,100
A0AAD1HCQ5,0.45161290322580644,2;3;4;5;9;10;12;13;15;17;19;20;21;22;24;25;26;27;28;30;40;42;45;47;48;57;59;60,62,2.188911895751953,1.1330989856357272,0.06,8;18;29;42;47;77,100
A0AAD1HL52,0.4918032786885246,2;4;5;7;10;11;12;13;14;15;16;18;19;20;21;27;30;31;32;39;42;44;46;47;49;52;53;54;55;59,61,1.9967001688480377,1.1675839431963808,0.16,5;7;37;39;48;51;53;58;61;64;68;75;76;83;87;99,100
A0AAD1I0L4,0.32558139534883723,4;5;7;10;20;22;23;28;30;31;32;39;40;41,43,2.4844359302520753,1.1498097361584587,0.5,1;2;4;7;8;9;10;14;15;16;17;20;21;24;26;28;29;30;32;34;35;40;43;44;49;50;51;52;53;54;56;57;58;62;69;71;73;74;75;77;78;81;82;83;86;89;94;95;96;97,100
A0AAD1I1H5,0.041666666666666664,4;25,48,2.5284073835611345,1.339421165833514,0.75,1;2;3;4;5;6;7;8;9;10;12;14;15;16;17;18;19;20;21;22;23;24;25;26;29;30;31;32;33;34;35;36;38;39;40;41;43;46;48;50;52;53;54;55;56;57;58;59;60;64;65;66;68;69;70;73;74;75;76;79;81;82;83;86;87;89;90;91;92;93;95;96;97;98;99,100
A0AAD1IMP5,0.0975609756097561,6;11;12;32,41,2.7577314054965973,1.346559919639041,0.38,1;2;4;5;7;8;12;17;19;20;22;23;24;27;30;32;33;35;36;37;39;44;48;51;52;53;55;56;57;61;77;79;83;85;89;90;91;100,100
A0AAD1IMS5,0.3880597014925373,3;6;9;11;18;19;21;24;25;29;31;33;37;42;43;44;45;46;47;51;55;60;61;62;65;67,67,2.0621195274591444,1.1857900725142065,0.41,3;4;5;7;8;9;14;15;16;21;23;24;25;27;30;33;34;37;43;44;47;48;50;51;54;55;56;57;59;69;72;73;77;78;79;83;84;85;90;95;99,100
A0AAE4RDM5,0.2916666666666667,5;10;11;21;26;28;29;33;34;37;40;46;49;51;55;56;62;66;67;68;71,72,1.793524094223976,0.9530493963754687,0.12,8;22;26;37;40;47;53;54;81;83;89;96,100
A0AAE4UCZ3,0.0,,4,3.460911465883255,0.929375586393377,0.0,,100
A0AAE4UD82,0.08064516129032258,5;22;49;53;54,62,2.171447089314461,1.3634885166786597,0.29,3;10;11;15;17;20;22;23;27;31;32;34;35;36;38;39;48;49;52;55;57;59;62;64;65;68;74;80;97,100
A0AAE4VIV1,0.15789473684210525,1;5;12;18;22;28,38,2.5375982010364533,0.9043496391814774,0.35,5;8;9;10;12;13;14;16;17;21;22;23;26;28;30;34;36;40;41;42;44;48;51;55;58;62;63;64;69;70;74;80;95;97;98,100
A0AAE6TQG2,0.06666666666666667,17;26;29;38;40,75,1.7670936328172684,0.8941115568389824,0.02,50;86,100
A0AAI8TZQ7,0.2037037037037037,10;11;17;25;27;35;37;42;43;48;50,54,2.3199005830287933,1.106267996506056,0.33,3;4;5;8;11;14;16;18;22;23;27;32;33;34;35;36;39;41;48;49;51;53;60;65;67;74;76;82;84;88;89;99;100,100
A0AAI8U017,0.14516129032258066,8;12;15;16;19;39;50;57;60,62,2.0692093849182127,1.2258621649690666,0.67,1;2;3;5;6;7;10;11;12;13;15;17;18;19;20;21;22;23;27;28;29;30;32;34;35;36;39;40;41;42;43;44;46;48;49;51;53;54;55;56;57;58;59;60;61;62;63;65;69;70;71;75;76;78;79;82;83;84;85;86;92;94;95;96;98;99;100,100
A0AAJ1W4G5,0.5,1;6;8;9;10;12;14,14,3.4422089791297914,1.1419164206771677,0.73,1;2;3;4;5;6;7;8;9;10;11;12;13;15;16;17;18;19;20;21;22;23;25;26;27;28;29;31;32;33;35;36;37;38;40;41;42;44;45;47;48;50;52;53;56;59;60;61;62;63;64;67;68;69;70;74;75;76;77;78;79;82;84;85;87;88;89;90;92;94;95;97;99,100
A0AAJ3NLH7,0.2222222222222222,4;9;10;37;39;41;43;44;47;49;52;53,54,2.3843857085704805,1.089301352274555,0.62,2;3;4;5;6;7;10;11;13;14;15;17;19;21;22;23;24;27;28;29;31;32;33;35;36;38;41;42;44;45;47;48;50;51;53;54;55;56;58;59;61;62;64;66;67;68;70;71;74;75;76;78;79;82;85;86;90;92;93;96;97;98,100
A0AAJ3NT49,0.25,5;8,8,3.3381524181365965,1.111570092143755,0.59,2;3;4;5;6;7;8;11;12;18;21;22;23;26;29;30;31;33;34;35;36;37;38;46;47;48;49;51;52;54;55;56;58;59;62;63;65;66;70;71;72;75;76;77;78;80;81;82;84;85;86;87;90;91;93;95;96;99;100,100
A0AAJ3TVZ5,0.30612244897959184,1;2;3;5;6;10;11;12;13;19;21;25;33;42;44,49,2.5505651950836183,1.1503161544961207,0.25,2;3;5;9;10;11;16;22;25;26;29;37;41;52;54;57;61;73;74;76;77;84;88;89;95,100
A0AAP6BDL8,0.19402985074626866,8;13;14;17;31;32;33;35;38;46;51;60;61,67,2.018382958769798,1.2223695324351487,0.08,1;5;13;32;52;60;75;89,100
A0AAU4K3W1,0.5526315789473685,1;2;5;6;10;12;15;16;17;18;22;24;25;26;27;29;32;33;34;35;37,38,2.665931521654129,1.1537249526600228,0.96,1;2;3;4;5;6;7;8;9;10;11;12;13;14;15;16;17;18;19;20;21;22;23;24;25;26;27;28;29;30;31;32;33;34;35;36;37;38;39;40;41;42;43;44;45;46;47;48;49;50;51;52;53;54;55;56;57;58;59;60;61;62;64;65;66;67;68;69;70;71;72;73;74;75;76;77;78;79;81;82;83;84;85;86;87;89;90;91;92;93;94;95;96;98;99;100,100
A0AAV2WH99,0.24390243902439024,4;5;6;7;9;12;22;28;34;37,41,2.6635039961338043,1.419667859986832,0.17,2;9;10;20;27;30;32;33;39;45;54;59;68;70;73;75;77,100
A0AAW5S5J5,0.3389830508474576,2;3;6;8;10;11;12;13;19;25;26;29;33;36;38;44;47;49;51;56,59,2.2567903172969817,1.0467364586324788,0.68,2;3;4;5;7;9;11;12;13;14;15;16;17;18;19;20;21;22;23;24;25;27;28;32;33;34;35;36;37;38;41;43;44;47;48;49;52;54;57;58;59;60;61;62;63;64;67;68;69;70;71;73;74;75;77;80;81;82;84;85;90;91;92;94;96;97;98;100,100
A0AAW5SKH5,0.2826086956521739,3;6;7;10;12;15;18;19;22;23;27;34;43,46,2.735169872045517,1.3689652884598396,0.23,9;17;18;23;24;29;41;44;50;55;57;66;67;72;74;75;81;82;84;86;88;93;100,100
A0AAW5TB97,0.24074074074074073,2;3;5;11;13;16;20;24;26;27;29;39;43,54,2.3220498633384703,0.9309340012267443,0.42,4;5;8;11;12;17;18;21;22;23;24;25;28;30;32;36;37;43;44;47;48;52;53;55;58;60;61;62;63;67;68;69;70;72;81;83;84;86;91;93;98;99,100
A0AAW5THR0,0.2857142857142857,6;10;12;14,14,3.087116159200668,0.9881242540298443,0.53,1;3;4;6;8;9;10;11;12;13;14;16;19;20;21;26;29;30;31;33;35;36;37;39;41;42;44;46;47;48;49;50;57;62;63;68;71;72;74;75;76;77;78;84;85;86;90;92;93;94;97;99;100,100
A0AAX1J9Y8,0.3,1;2;7;8;9;10;12;19;24;25;29;30;32;36;45;51;56;59;63;64;66,70,1.7734349197149277,1.1035591468750516,0.29,1;3;13;15;23;24;26;27;28;43;44;45;46;54;56;57;60;64;67;68;72;78;79;81;83;86;89;95;99,100
A0AAX1JCS8,0.0,,11,3.5252451300621033,1.1345690790757175,0.0,,100
A0AAX1JED5,0.029411764705882353,26,34,2.5086674559116364,0.9100386713870534,0.75,1;3;4;5;6;7;8;9;10;11;13;14;15;17;18;19;20;21;24;25;27;32;33;34;36;37;38;39;40;41;42;43;44;45;46;49;50;51;52;53;54;55;56;57;58;60;61;62;63;64;65;66;67;68;69;70;71;73;77;78;79;80;81;82;84;87;88;89;90;91;93;95;97;98;100,100
A0AAX1JEG7,0.13636363636363635,2;3;22,22,3.118066306114197,1.1382127751121038,0.69,1;2;4;5;7;11;12;14;15;17;18;19;20;21;22;25;26;27;28;29;30;31;32;34;37;38;39;40;43;44;45;46;47;49;50;53;55;56;57;58;59;60;62;66;67;68;69;70;71;73;74;75;77;78;79;80;82;84;86;87;88;89;90;92;94;96;97;98;99,100
A0AAX2ZQB8,0.28125,5;7;9;12;14;15;21;22;26;33;34;36;41;46;50;51;62;63,64,1.9982697689533233,1.120893133241662,0.58,1;2;5;6;8;9;10;11;12;13;14;15;16;17;18;21;25;27;28;29;30;31;33;34;35;37;38;41;42;44;46;48;49;50;51;52;54;57;59;62;64;65;66;67;71;73;79;80;81;84;87;91;92;93;95;97;98;99,100
A0AAX2ZQD4,0.3050847457627119,2;5;10;18;19;20;26;28;30;32;39;40;45;48;51;54;55;56,59,2.317544143795967,1.0716896886186413,0.9,1;2;3;4;5;6;7;8;10;11;12;13;14;15;16;18;19;20;21;22;23;25;26;27;28;30;31;32;33;34;35;36;37;38;39;40;41;42;43;44;45;46;47;48;49;50;51;52;53;54;55;56;57;58;59;60;61;62;63;64;65;68;69;70;71;72;73;74;75;76;77;78;79;80;81;82;83;84;85;86;88;89;90;91;92;93;94;95;99;100,100
A0AAX3A495,0.058823529411764705,31;34,34,2.8376110780239103,1.2237511696344707,0.6,1;2;3;4;6;7;9;11;12;14;15;17;18;19;20;21;23;25;30;33;34;35;36;38;39;40;43;46;48;49;53;54;56;58;59;60;61;62;63;64;65;68;70;72;75;76;77;78;79;80;82;83;85;86;87;91;93;96;97;98,100
A0AB33ACF4,0.2857142857142857,4;14;15;16;17;18;20;25,28,2.8189802765846252,1.0912874148212626,0.02,13;87,100
A0AB33ACN0,0.0,,27,2.6728795170783997,0.9682257089974623,0.0,,100
A0AB33ADN5,0.0,,5,3.442206916809082,0.9676940657943206,0.0,,100
A0AB33AHW7,0.05357142857142857,38;43;50,56,2.2141455453634262,1.283307625721972,0.0,,100
A0AB33TCW4,0.047619047619047616,25;26;61,63,2.0434135311841963,1.319377673640554,0.04,5;32;82;90,100
A0AB33TD28,0.0,,11,3.3132823276519776,1.0118780977542983,0.0,,100
A0AB38CYE9,0.058823529411764705,24;28,34,2.5098285472393034,0.920093904599844,0.38,2;4;6;7;8;9;11;14;19;21;22;27;30;34;35;41;43;44;45;48;51;58;62;63;66;68;69;72;74;75;78;79;80;83;85;86;90;92,100
A0AB38CZ04,0.25862068965517243,2;6;9;10;11;20;25;39;40;48;49;50;54;55;56,58,2.2890120458602907,1.201335568125973,0.86,1;2;3;4;5;7;8;9;10;11;12;13;16;17;18;19;20;21;22;23;24;26;28;29;30;33;34;37;38;39;40;41;42;43;44;45;46;47;48;49;50;51;52;53;54;55;56;57;58;59;60;61;62;63;64;65;66;67;68;69;70;71;72;73;74;76;78;79;80;81;82;83;84;85;86;87;88;89;90;91;92;94;96;98;99;100,100
A0AB38D5A4,0.015625,63,64,2.163619514107704,1.2721536816417476,0.04,31;53;55;68,100
A0AB38USB2,0.2898550724637681,13;15;22;23;24;28;30;31;32;44;46;50;51;52;54;55;58;61;67;68,69,2.1075461423397064,1.1157750786733203,0.89,1;2;3;4;5;6;7;8;9;10;11;12;13;14;15;17;19;20;21;23;24;26;27;28;29;30;31;32;33;34;35;36;37;38;39;40;41;42;43;44;45;46;47;48;49;50;51;52;54;55;56;58;59;61;62;63;64;65;66;67;68;69;70;72;73;74;75;76;77;78;79;80;81;82;83;85;86;88;89;90;92;93;94;95;96;97;98;99;100,100
A0AB72XQA2,0.22580645161290322,11;17;18;19;23;24;27;29;37;40;45;49;51;62,62,1.973281142115593,1.2682097420994172,0.7,3;4;5;6;7;8;9;11;14;15;16;17;19;20;22;24;26;27;28;29;31;32;36;38;39;40;41;42;43;45;46;47;48;49;50;51;53;55;57;58;59;60;61;64;65;67;68;69;71;72;73;74;76;77;78;79;81;82;83;84;85;86;87;89;90;94;95;96;99;100,100
A0AB73LE91,0.0,,10,3.381425746679306,0.9780878468299502,0.0,,100
A0AB73LM64,0.22950819672131148,7;13;14;17;20;22;29;31;32;44;45;48;54;60,61,2.2669717669487,1.1410133411725392,0.79,1;2;3;4;5;6;7;8;9;10;11;12;14;15;16;17;18;20;21;22;23;25;26;27;28;29;30;31;32;33;35;37;38;39;41;44;46;48;49;50;51;52;53;54;55;56;57;58;59;61;62;63;66;67;69;70;71;72;73;74;75;76;77;80;81;82;83;84;87;88;89;90;94;95;96;97;98;99;100,100
A0AB73MHS4,0.15384615384615385,12;13,13,3.280915546417236,1.121992394508449,0.34,1;3;9;11;16;17;19;24;27;34;35;39;43;47;50;53;55;56;57;58;60;63;65;70;75;76;77;78;82;84;86;89;96;99,100
A0AB73N8J1,0.0,,71,1.9422182297706605,1.1839055353715435,0.0,,100
A0AB73U2P7,0.14814814814814814,16;22;25;26,27,2.8557498717308043,1.086671676779786,0.0,,100
A0AB73U621,0.0,,6,3.4898620104789733,1.0034739687012078,0.0,,100
A0AB73U7U3,0.06349206349206349,20;28;53;55,63,2.0811729073524474,1.2437074026196526,0.05,32;48;51;65;96,100
A0AB73U9A3,0.45901639344262296,2;5;6;7;10;16;17;18;24;25;27;28;31;32;33;34;38;39;44;45;46;48;49;50;52;54;58;61,61,2.2346089136600495,0.995593463623793,0.69,1;3;5;6;7;8;10;12;13;14;16;17;18;19;20;21;22;23;24;25;26;27;32;35;36;38;40;45;46;48;49;50;51;52;53;55;56;58;59;61;62;63;64;65;66;67;68;71;72;73;74;75;77;78;80;81;82;83;84;85;86;87;88;89;92;95;98;99;100,100
A0AB74F9U6,0.0,,8,3.175911172628403,0.9415460118480934,0.0,,100
A0AB74FEB0,0.3018867924528302,3;4;8;9;14;16;18;23;24;25;30;34;39;44;49;51,53,2.430099869966507,1.0867604178225798,0.56,2;3;4;5;7;8;11;13;15;19;21;24;25;26;29;31;32;33;34;35;36;37;39;42;45;46;48;50;56;59;60;62;63;65;67;68;69;71;72;73;74;76;78;79;80;81;83;85;89;91;93;94;96;97;98;99,100
A0AB74FGQ8,0.014705882352941176,56,68,1.9209293287992477,1.2670213059076363,0.0,,100
A0ABD6QL27,0.1,10;12;29,30,2.5886512899398806,0.883912226476695,0.17,1;2;3;11;13;17;19;24;27;31;36;51;56;57;58;68;73,100
A0ABD6QS80,0.12903225806451613,8;27;30;38;46;47;52;55,62,2.2471914225816727,1.2762866106623096,0.29,1;2;5;6;8;11;12;14;20;22;23;25;38;46;49;60;61;62;63;68;69;72;78;79;83;84;85;89;96,100
A0ABD7HN08,0.0,,8,3.145166554450989,0.8331824274241355,0.0,,100
A0ABF7PG24,0.045454545454545456,4;16;31,66,2.012771493792534,1.1845656258136845,0.06,24;31;58;65;80;88,100
A0PPD8,0.13157894736842105,6;15;20;30;41;46;52;65;67;75,76,1.675933105945587,1.1096660770171793,0.18,1;2;5;13;16;18;33;35;39;45;46;50;55;61;68;77;89;96,100
A1T887,0.5285714285714286,3;4;6;10;12;13;18;20;21;22;23;27;28;32;34;36;37;38;39;43;44;46;47;48;49;50;51;52;53;55;56;58;60;62;65;67;69,70,1.9427679359912873,1.0688733966042028,0.24,14;29;31;33;35;37;38;43;48;51;52;59;63;67;73;76;80;85;86;91;92;95;98;100,100
A8M8D3,0.34146341463414637,7;8;10;15;21;22;24;26;28;30;31;32;38;39,41,2.682036464214325,1.164407762067574,0.15,3;8;10;15;17;18;20;23;57;59;60;71;79;84;86,100
B1VMZ4,0.18604651162790697,1;2;10;24;25;28;32;41,43,2.5544152784347536,1.0368771277931161,0.43,1;5;8;9;15;17;20;24;27;29;31;32;35;39;41;44;45;46;47;48;51;53;55;58;59;60;61;62;64;66;68;69;70;78;80;84;85;88;90;92;94;98;99,100
B2HE95,0.2619047619047619,4;5;15;18;19;22;23;30;33;36;37,42,2.6982414507865906,1.273983561057277,0.2,4;10;17;18;40;46;48;49;50;53;54;63;65;71;72;74;81;84;86;88,100
B2HN69,0.06666666666666667,5;12;28;37,60,2.124832991361618,1.2545161795760698,0.0,,100
D5PAD3,0.1111111111111111,16;23;27,27,3.09672599196434,1.2383765845822927,0.35,3;6;9;11;17;23;31;36;40;42;43;45;46;48;49;51;57;60;61;62;65;66;67;68;69;70;71;72;77;80;83;87;88;92;96,100
D5PI48,0.13513513513513514,16;25;26;35;36,37,2.593466829061508,1.0389738692345531,0.11,9;18;33;35;40;56;61;70;85;88;98,100
D6Z860,0.4305555555555556,5;6;12;17;23;24;30;31;35;36;38;39;40;42;43;44;45;48;51;53;55;57;58;59;60;62;63;66;67;70;71,72,1.7373757976293565,0.9622343198401281,0.15,5;9;11;20;24;26;39;40;42;43;69;75;93;95;100,100
D6ZDT1,0.12,2;7;18;20;22;51;53;56;58,75,1.719128503203392,1.072629989735798,0.16,3;15;27;34;41;44;47;48;64;77;78;79;83;87;96;97,100
E3J9G9,0.047619047619047616,23;41;51,63,2.0691650205850602,1.0783756383139977,0.05,34;37;62;87;98,100
E5XP76,0.265625,5;14;15;16;24;27;31;33;42;43;45;48;50;51;52;59;64,64,2.167129064798355,1.2366853676790142,0.85,1;2;3;7;8;9;11;12;13;14;15;16;17;18;19;20;21;22;23;25;26;27;28;29;30;32;33;34;35;36;37;38;39;40;41;42;43;44;46;47;48;49;50;51;52;53;55;56;57;58;59;61;62;63;65;67;69;70;72;73;74;75;76;77;78;79;80;82;83;84;85;86;87;89;90;91;92;93;94;95;96;97;98;99;100,100
E5XUS9,0.12162162162162163,5;19;38;41;46;47;52;67;73,74,1.6131678462028503,0.8226327342525603,0.24,5;9;10;12;26;28;33;39;42;50;52;60;61;67;71;74;77;78;86;87;90;91;92;95,100
F5YUX6,0.1746031746031746,1;6;11;27;31;41;42;43;50;52;54,63,2.1490757131576537,1.2262607282406537,0.94,1;2;3;4;5;6;7;8;9;10;11;12;13;14;15;16;17;18;19;20;21;22;23;24;25;26;27;28;29;30;31;32;33;34;35;36;37;38;39;40;41;42;43;44;45;46;47;48;49;50;51;52;53;55;56;57;58;59;60;61;62;63;65;66;67;68;69;70;71;72;74;75;76;77;78;79;80;81;82;83;84;85;86;87;88;91;92;93;94;95;96;97;99;100,100
G8RIP0,0.17543859649122806,5;11;12;13;34;47;50;51;55;56,57,2.3174691545963286,1.2009063107853688,0.17,9;12;13;22;34;35;55;59;68;69;75;76;84;87;91;96;100,100
H5U1W4,0.2545454545454545,2;12;23;31;32;35;37;38;46;48;49;50;53;54,55,2.1388266611099245,1.3694619261878314,0.04,3;31;42;100,100
H6R914,0.0,,67,2.025581551194191,1.124801175607684,0.0,,100
H8IJH7,0.23809523809523808,4;6;10;13;15,21,3.296741507053375,1.1484632671085886,0.9,1;2;3;4;5;6;7;8;9;10;11;12;13;14;15;16;17;18;19;20;21;22;24;25;26;27;28;29;30;31;33;34;35;36;37;39;40;41;43;44;45;46;47;48;49;51;53;54;55;56;57;58;59;60;61;62;63;64;65;66;67;68;69;70;71;72;73;74;75;77;78;80;81;82;83;84;86;87;88;89;90;91;92;93;94;95;96;97;98;100,100
H8ITF4,0.07246376811594203,14;19;35;38;67,69,2.094329805970192,1.207921660272423,0.01,94,100
H8IU56,0.31343283582089554,1;2;3;5;8;9;15;19;21;24;28;31;40;45;46;49;50;52;55;63;67,67,2.170426226854324,1.141546111028059,0.67,1;3;5;6;7;11;12;13;14;16;17;18;21;23;24;25;26;27;28;29;30;31;32;33;35;37;38;39;40;41;42;44;45;47;48;49;50;51;53;56;57;59;60;61;62;63;65;67;69;70;71;72;73;74;76;77;83;85;86;88;91;93;94;96;97;98;99,100
I4BIH7,0.03278688524590164,53;54,61,2.1192951685190202,1.2192890958133835,0.04,32;46;61;89,100
I7C367,0.022222222222222223,35,45,2.4165401387214662,0.8965737341839131,0.11,33;35;58;66;78;79;85;91;92;97;98,100
I7GER2,0.2857142857142857,10;11;13;14;17;18,21,2.891030341386795,1.0541907979231484,0.79,1;2;4;5;6;8;9;10;12;13;14;15;16;19;20;21;23;24;26;27;28;29;30;31;32;33;35;36;37;38;39;40;41;42;43;44;47;48;49;50;51;52;53;54;56;57;58;59;60;61;62;63;64;65;67;68;70;71;72;73;75;78;79;80;82;83;84;85;87;88;89;90;93;94;96;97;98;99;100,100
J5E0P6,0.2608695652173913,2;3;14;24;28;32;34;40;41;44;45;46,46,2.417489833831787,0.9413119310490636,0.67,1;2;3;4;5;6;7;8;9;10;11;13;14;16;18;20;21;22;23;24;25;28;29;32;33;34;35;38;39;40;41;43;45;47;49;51;53;56;58;59;60;61;62;66;67;68;69;71;72;73;74;75;76;77;78;80;81;82;83;84;86;87;88;94;97;98;100,100
J7U6E9,0.0,,7,3.624464774131775,0.9826909769247971,0.0,,100
J9WJ93,0.16666666666666666,16;18;21;28;29;30;32;34;45,54,2.360324403643608,1.1635260871901152,0.37,6;8;9;12;14;17;19;20;21;23;26;27;28;30;32;34;35;39;40;43;47;48;51;53;54;55;57;62;66;67;70;72;74;81;85;86;91,100
J9WJC3,0.18181818181818182,9;10,11,3.2075309705734254,0.9379226805279202,0.76,1;2;3;4;5;6;7;8;9;10;11;12;13;14;15;17;18;20;21;22;23;24;25;27;28;29;30;31;34;38;39;40;41;42;43;44;45;46;47;49;50;51;52;53;54;55;56;57;59;60;63;64;65;66;69;70;71;72;73;76;80;81;83;86;87;88;89;90;92;94;95;96;97;98;99;100,100
J9WML3,0.0,,48,2.576095952987671,1.167666554626715,0.0,,100
K0EPZ9,0.0,,6,3.7444826006889342,1.0067253964242135,0.0,,100
K0EY54,0.2833333333333333,12;14;15;22;25;29;30;31;32;35;36;37;43;46;52;53;56,60,2.15459075987339,1.2032785000720772,0.56,1;2;3;4;6;7;8;10;11;12;13;14;15;16;17;18;20;21;22;26;27;34;36;38;39;40;41;43;45;46;49;50;51;52;54;57;58;59;60;61;63;65;66;67;68;69;70;74;85;86;87;90;95;98;99;100,100
K0UL90,0.3584905660377358,1;3;4;5;6;7;9;14;17;18;19;24;27;33;34;37;38;39;47,53,2.4025737833976746,1.3047218961548368,0.24,2;5;6;9;10;12;13;22;23;27;28;34;37;52;56;61;65;74;76;84;86;92;99;100,100
K0V6S4,0.1346153846153846,1;2;8;24;26;47;49,52,2.482591952085495,1.1326187890603026,0.4,2;3;4;9;12;13;14;16;20;22;30;31;35;37;39;40;41;43;44;46;47;51;52;56;60;62;63;65;67;70;78;80;81;83;84;85;90;94;96;99,100
K0V789,0.3,6;10;11;14;23;24;29;31;35;38;41;42;44;46;47,50,2.325737955570221,0.9157193444800296,0.33,1;5;8;11;13;19;21;26;29;34;38;39;40;42;44;48;52;55;56;58;61;65;66;69;71;74;78;79;80;85;86;98;99,100
K0VFF7,0.0,,9,3.4193899285793306,1.0316186854783607,0.0,,100
L7V833,0.24444444444444444,1;5;20;21;28;30;31;34;40;42;45,45,2.526067636013031,1.068369399484437,0.09,1;8;13;34;50;53;69;73;85,100
L7V8G3,0.36923076923076925,2;4;5;11;12;15;22;23;24;27;28;30;31;33;37;40;44;46;47;49;52;53;64;65,65,2.0900059938430786,1.0210977414273692,0.3,2;9;11;13;14;15;21;23;26;27;30;31;32;35;36;43;44;48;52;54;63;64;68;69;75;78;81;82;94;100,100
O69484,0.037037037037037035,6;52,54,2.187629990577698,1.219109706065767,0.73,1;2;4;5;6;7;9;10;12;14;15;16;18;19;21;22;23;24;26;27;28;30;31;34;35;36;37;38;41;42;43;44;46;47;48;49;50;52;53;54;56;57;58;59;60;61;63;64;65;66;67;68;69;71;72;73;74;75;77;78;79;80;81;84;86;88;89;90;93;94;95;98;99,100
Q5YY80,0.014084507042253521,23,71,1.958248183131218,1.1986146324576468,0.0,,100
Q6RKB1,0.1791044776119403,4;6;12;18;20;25;30;33;35;38;53;58,67,1.9313898479938507,1.3005718583604033,0.97,1;2;3;4;5;6;7;8;9;10;11;12;13;14;15;16;17;18;19;20;21;22;23;24;25;26;27;28;29;30;31;32;33;34;35;36;37;38;39;40;41;42;43;44;45;46;47;48;49;50;51;52;53;54;55;56;57;58;59;60;61;63;64;65;66;67;68;69;70;71;72;73;75;76;77;78;79;80;82;83;84;85;86;87;88;89;90;91;92;93;94;95;96;97;98;99;100,100
Q741P9,0.18571428571428572,2;12;14;16;20;25;31;41;52;65;68;69;70,70,2.0304751712083817,0.9251081109294089,0.01,99,100
Q7D6X4,0.45161290322580644,6;7;10;11;12;13;14;16;18;19;20;27;28;29;32;34;35;38;41;43;45;47;51;52;54;57;58;61,62,2.10890276491642,1.3745219398908228,0.33,2;5;8;12;15;16;24;26;36;38;41;42;44;46;47;48;49;50;53;54;58;61;63;69;71;75;78;79;80;84;86;90;92,100
U5ELY0,0.0641025641025641,37;45;49;50;76,78,1.519189566373825,1.0017832176209327,0.13,5;16;23;29;33;34;40;45;76;77;78;97;100,100
V5X749,0.16666666666666666,2;3;13;14;23;28;32,42,2.786221053600311,1.5960602382382478,0.66,1;2;3;5;7;9;10;11;12;13;14;15;17;18;20;21;22;23;28;29;32;33;34;35;36;37;38;39;41;42;43;44;46;47;51;52;53;54;56;58;60;61;62;63;64;65;66;67;68;69;73;74;75;77;78;80;81;82;83;85;91;94;96;97;99;100,100
V5XIA1,0.18032786885245902,4;9;11;13;14;22;24;25;27;28;38,61,2.1869373446702958,1.250323839667219,0.61,1;3;4;5;6;7;8;9;10;16;17;18;19;20;21;22;23;24;25;26;28;29;31;32;34;35;38;41;42;43;44;45;46;48;49;50;52;54;56;57;58;62;63;65;66;68;70;71;72;76;77;80;81;82;83;87;88;94;96;98;100,100
W5WC87,0.20833333333333334,1;5;9;11;17;19;25;36;39;44;56;60;63;65;71,72,1.8266994726657868,1.0252202802064967,0.49,4;6;7;12;13;14;15;20;21;27;28;29;33;34;35;36;38;39;41;46;48;49;55;57;59;62;64;65;67;68;69;70;71;72;73;74;75;77;79;80;82;83;86;87;92;93;97;98;99,100
W7J139,0.2833333333333333,2;9;10;13;15;19;24;33;36;37;38;40;42;47;52;59;60,60,2.2524023705720904,1.3292896884664973,0.66,1;2;4;5;7;8;10;11;12;13;15;17;18;19;20;23;24;25;26;27;28;29;30;31;33;34;36;37;38;41;42;43;45;47;48;49;51;52;54;55;56;58;59;60;62;63;64;65;69;71;72;75;76;77;80;81;82;84;85;86;89;90;91;92;97;99,100
W9AKH0,0.0,,18,3.2506179928779604,1.196045415037756,0.0,,100
W9AZM3,0.2631578947368421,5;8;11;13;14;15;16;24;25;26;28;33;35;41;45,57,2.3879520761966706,1.1162193755845349,0.51,1;3;4;9;10;13;14;17;19;20;24;26;27;28;30;35;37;38;39;40;41;43;45;50;51;52;54;55;56;57;64;65;66;67;68;72;73;77;78;80;81;84;85;86;87;90;91;95;96;98;99,100
W9B0J1,0.26785714285714285,1;4;6;12;14;17;21;24;26;36;39;42;48;49;52,56,2.2678106200695036,1.3006466774401602,0.02,50;80,100
X0Q040,0.015151515151515152,52,66,1.9860649245977402,1.0918865550025245,0.0,,100
X8A9W7,0.1506849315068493,8;14;19;27;36;39;43;44;49;61;71,73,1.8964753049612044,1.0982196640053739,0.01,93,100
X8CEN6,0.21428571428571427,2;7;12,14,3.368959672451019,1.0337652400045858,0.94,1;2;3;4;5;6;7;8;9;10;11;12;13;14;15;16;18;19;20;21;22;23;24;25;26;27;28;29;30;31;32;33;34;35;36;37;38;39;40;41;42;43;44;45;46;47;48;49;50;51;52;53;55;56;57;58;59;60;61;62;63;65;66;67;69;70;71;72;73;74;75;76;77;78;80;81;82;83;84;85;86;87;88;89;90;91;92;93;94;95;96;97;98;99,100
X8DPU6,0.0847457627118644,12;28;33;48;58,59,2.2974966609478,1.2671836285966684,0.1,1;3;25;26;27;41;47;50;55;71,100
X8DWH6,0.0,,9,3.2569276010990142,0.9483962510557767,0.0,,100
