entry,nac_fraction_holo,nac_holo_idxs,n_confident_holo,prmsd_mean,prmsd_std,nac_fraction_apo,nac_apo_idxs,n_confident_apo
A0A010YLP6,0.6415094339622641,2;3;5;6;7;8;10;11;12;15;16;17;19;20;21;22;25;26;28;29;31;34;35;36;37;39;40;41;44;45;48;50;52;53,53,2.37836776971817,1.1398488945013858,0.48,1;3;6;7;9;12;15;18;19;20;21;22;23;24;25;26;29;30;34;35;37;40;43;45;47;49;50;54;56;58;59;60;61;62;66;67;69;70;71;72;73;74;82;83;88;95;96;97,100
A0A024JSK2,0.8214285714285714,1;2;3;4;6;7;8;9;10;11;12;13;14;16;17;18;20;21;22;23;24;25;26;27;28;29;30;31;32;33;34;36;37;38;39;41;42;43;45;46;47;49;50;51;52;55,56,2.2549235033988952,1.1390949580483694,0.59,1;2;3;5;6;7;8;9;10;12;13;14;15;20;21;22;24;26;27;28;33;36;37;38;39;41;43;44;45;47;49;50;51;52;53;54;55;56;57;59;60;61;62;63;64;70;71;75;76;80;81;84;86;87;88;93;94;96;99,100
A0A024JWI0,0.5652173913043478,1;2;3;4;7;9;10;12;13;15;16;17;18;20;21;22;23;24;27;31;32;37;39;40;43;45,46,2.6056738579273224,1.1000856635922922,0.73,2;3;4;7;8;9;11;13;14;15;16;17;18;20;21;22;23;24;25;26;28;29;30;31;32;33;36;37;38;39;40;42;43;44;45;46;49;50;51;53;54;55;57;58;59;63;65;66;67;69;70;74;75;76;77;79;80;82;83;84;85;86;88;89;90;91;92;95;96;97;98;99;100,100
A0A024JZE3,0.0,,28,2.9124496281147003,1.0796414355096895,0.0,,100
A0A024JZE8,0.25925925925925924,9;12;17;22;23;31;33;38;39;45;48;49;51;53,54,2.235566166639328,0.9506119073447596,0.26,2;8;18;20;22;27;30;31;32;34;35;37;47;51;52;53;54;57;58;62;66;72;78;90;91;95,100
A0A045K2P5,0.5714285714285714,1;5;8;11;12;14;15;17;18;19;21;25;27;28;29;30;31;32;33;34;36;37;39;43;44;45;46;47;49;50;53;55,56,2.34336879491806,1.1766837060573412,0.53,1;2;3;4;5;6;7;8;10;11;15;16;22;23;26;28;32;34;35;36;37;40;41;43;45;46;47;48;50;51;53;54;55;56;58;59;63;68;71;72;73;75;76;80;81;83;86;88;90;95;96;97;99,100
A0A051U3G5,0.025,1,40,2.6475839513540267,1.1799595039048512,0.03,5;82;87,100
A0A051UFG9,0.4444444444444444,3;6;7;14;15;16;18;19;20;21;22;32;33;34;35;36;37;41;42;43;44;45;49;53,54,2.371197947859764,1.1666651941172117,0.73,2;3;4;5;6;7;8;9;10;11;12;13;14;15;16;17;18;19;20;21;22;23;24;25;26;27;28;29;30;31;32;33;34;35;36;38;39;43;44;46;47;49;51;52;53;54;55;56;57;59;60;62;64;66;67;68;71;74;76;78;81;82;83;85;86;87;89;90;91;92;94;96;97,100
A0A064CG00,0.24390243902439024,9;12;16;17;25;30;31;34;37;41,41,2.7584893745183945,1.3812694068151443,0.3,2;5;13;15;21;23;28;31;35;36;40;42;44;50;52;60;63;67;68;69;73;76;78;80;83;88;89;95;97;99,100
A0A0B1ZH49,0.3220338983050847,3;6;8;9;14;15;16;17;18;21;22;23;24;25;26;36;40;48;58,59,2.2507128709554673,1.2127027760409939,0.23,2;4;5;16;31;33;34;36;43;44;49;52;53;59;60;67;69;77;80;89;95;97;98,100
A0A0B1ZIQ0,0.0,,51,2.5177905350923537,1.2263357154548433,0.0,,100
A0A0B8NM02,0.16363636363636364,3;8;12;17;18;19;30;32;55,55,2.2093553626537323,1.2544208685231033,0.37,1;2;11;12;14;16;17;18;19;20;21;25;26;27;29;30;33;34;35;40;51;54;57;59;60;67;72;73;75;78;79;85;87;88;93;94;96,100
A0A0D1L7Y1,0.4,6;11;12;13;14;18;24;25;29;31;32;34;35;38;39;42;43;47;49;50,50,2.47912972509861,1.3272459307732685,0.4,2;3;4;6;7;11;13;16;20;22;24;38;39;40;42;48;50;52;54;55;59;62;66;69;70;73;75;78;80;82;83;85;86;88;93;95;96;97;99;100,100
A0A0D1LMF4,0.23076923076923078,2;3;6;9;12;14;17;26;30;40;41;46,52,2.275117809176445,1.2597817344237294,0.07,23;28;43;48;53;96;100,100
A0A0D2EWW5,0.125,8;14,16,3.551108502149582,1.0273011347160173,0.09,10;38;60;64;68;75;91;93;100,100
A0A0E4CLA0,0.7735849056603774,1;2;3;4;8;9;10;12;13;14;15;16;17;18;19;20;21;22;23;24;25;26;27;28;29;30;32;33;34;35;36;38;41;42;43;44;47;49;50;51;53,53,2.4099540162086486,1.1166861792332525,0.71,1;3;4;5;8;9;10;11;12;13;14;16;17;19;21;23;24;26;28;30;33;34;35;36;37;38;40;42;43;44;46;47;48;49;50;51;53;55;56;58;60;61;63;64;66;67;68;69;72;73;74;75;76;77;79;80;81;82;83;86;88;91;92;93;94;95;96;97;98;99;100,100
A0A0E4GX90,0.2727272727272727,2;6;11;14;15;21,22,3.0469499492645262,1.04090492703575,0.24,13;17;23;25;27;38;42;45;46;51;53;54;57;60;62;68;70;71;76;83;84;87;89;95,100
A0A0F4ES51,0.2857142857142857,2;4;7;8;10;11;13;14;16;19;24;28,42,2.6348445028066636,1.3330866185334826,0.45,4;6;8;9;11;13;14;17;20;24;25;26;28;31;33;35;42;44;47;48;49;50;53;54;55;57;60;63;66;68;70;71;73;74;77;78;81;84;85;87;91;92;93;95;100,100
A0A0F5MSZ2,0.6923076923076923,1;3;4;5;6;7;8;9;11;12;14;15;16;17;18;19;20;21;22;23;24;25;26;27;28;29;31;32;34;35;36;40;46;47;48;49,52,2.3953668332099913,1.1135322381294066,0.88,1;3;4;5;6;7;8;9;10;11;12;13;14;16;17;18;19;20;21;22;23;24;25;26;27;28;29;30;31;32;33;36;37;38;39;41;42;43;44;45;46;47;48;49;50;51;52;53;54;55;56;57;58;59;61;63;64;65;66;67;69;70;71;73;74;76;77;78;79;80;81;82;83;84;87;88;89;90;91;92;93;94;95;96;97;98;99;100,100
A0A0F5NA60,0.16666666666666666,5;6;7;8;9;10;23;43,48,2.4461800551414488,1.2902636708310962,0.02,36;48,100
A0A0H2ZUI5,0.019230769230769232,31,52,2.4974260318279264,1.2855296925929596,0.02,64;84,100
A0A0H3MCY6,0.25,6;9;18;22;31;33;35;37;38;40,40,2.6789957892894747,1.2794842042618715,0.34,1;4;5;6;7;11;12;13;15;16;17;18;21;26;35;36;37;39;43;45;47;50;52;53;54;55;57;61;71;74;82;85;89;95,100
A0A0H3MU55,0.2830188679245283,1;7;9;10;12;13;19;21;23;25;31;32;35;36;38,53,2.293019275069237,1.2492960167216216,0.21,4;7;12;23;28;30;36;40;42;46;48;55;56;68;70;74;76;85;88;91;98,100
A0A0H5BB76,0.5777777777777777,2;4;6;7;8;10;11;12;13;16;19;21;22;25;27;28;29;31;32;33;39;40;41;42;43;44,45,2.5192975860834124,1.3379218356809695,0.76,2;3;4;5;7;8;9;10;11;12;13;14;15;16;17;20;21;22;23;25;26;27;28;29;31;33;34;36;37;38;39;40;42;43;44;45;46;48;49;51;52;53;54;55;56;57;59;60;61;62;63;65;67;70;71;73;74;76;77;78;79;80;81;82;85;87;88;89;91;92;93;94;97;98;99;100,100
A0A0H5NNV9,0.20930232558139536,21;26;27;28;32;34;35;37;41,43,2.688962377905846,1.3140415194476618,0.28,1;2;3;5;6;8;9;13;14;17;23;29;38;40;41;43;45;48;52;54;59;61;65;75;79;80;88;91,100
A0A0H5RL48,0.23214285714285715,2;4;5;15;22;27;33;35;39;41;45;46;48,56,2.1898925280570984,1.2801667117465452,0.54,3;9;10;12;16;18;19;20;21;22;24;27;28;29;30;31;33;34;37;38;39;41;43;44;46;51;52;54;55;56;57;59;62;64;66;67;69;71;72;74;76;77;82;83;85;87;89;90;92;93;95;97;98;99,100
A0A0H5RMP7,0.0,,56,2.3904440033435823,1.2930581684236635,0.0,,100
A0A0I9Z3I8,0.4444444444444444,4;6;9;10;11;13;14;17;18;20;21;23;24;27;28;30;31;34;35;36;39;41;46;50,54,2.3696669447422027,1.2497334812820011,0.9,1;2;4;5;6;7;8;9;11;12;13;15;16;17;18;19;20;21;22;23;24;25;26;27;28;29;30;31;33;34;35;36;37;38;39;41;44;45;46;47;48;50;51;52;53;54;55;56;57;58;59;60;61;62;63;64;65;66;67;68;69;71;72;73;74;75;76;77;78;79;80;81;82;83;84;85;86;87;88;89;90;91;92;93;94;95;96;97;99;100,100
A0A0J6VW20,0.3541666666666667,2;3;8;16;17;18;19;20;21;24;33;35;38;40;43;47;48,48,2.3712434011697767,1.1152674692668458,0.96,1;2;3;4;5;6;7;8;9;10;11;12;13;14;15;16;17;18;19;20;21;22;23;24;25;26;27;28;29;30;31;32;33;34;35;36;37;38;39;40;41;42;43;44;45;46;47;48;49;50;51;52;53;54;55;56;57;58;59;60;61;62;63;65;66;67;68;69;70;71;72;73;74;75;76;77;78;79;81;82;83;84;85;86;87;88;89;90;91;92;94;95;96;97;98;100,100
A0A0J6VZP7,0.07936507936507936,4;6;36;42;61,63,2.0558035254478453,1.2233489621942712,0.03,37;86;95,100
A0A0J6WR15,0.14285714285714285,3;5;11;27;31;41,42,2.6553031325340273,1.110197092478006,0.12,11;16;20;28;34;44;48;50;64;73;88;92,100
A0A0J6Z0M9,0.3114754098360656,12;19;26;29;30;33;35;38;41;42;44;48;49;50;51;53;55;56;57,61,2.21478503882885,1.2918870232342656,0.44,1;2;5;6;7;8;9;11;12;15;16;17;19;23;26;28;33;34;41;48;49;53;54;55;57;60;62;64;65;69;70;74;75;76;82;83;85;87;88;91;92;93;98;100,100
A0A0J8TWL2,0.5172413793103449,3;4;5;7;9;12;13;15;16;18;19;20;21;22;24;28;31;33;36;38;40;43;44;45;46;49;50;52;53;55,58,2.175171171426773,1.1976693419321072,0.39,1;3;4;5;6;7;8;14;16;17;20;21;23;27;30;37;43;44;49;50;51;53;54;57;58;62;63;66;68;70;71;72;81;82;86;88;89;95;96,100
A0A0J8TXD9,0.803921568627451,1;2;3;4;5;6;7;9;10;11;12;13;14;16;17;18;19;20;21;22;23;24;25;26;27;28;30;31;32;33;34;36;37;40;41;42;43;47;48;49;51,51,2.432789103984833,1.1805388114266822,0.93,1;2;3;4;5;6;7;8;9;10;11;12;13;14;15;16;17;18;19;20;21;22;23;24;25;26;27;28;30;31;32;34;35;36;37;38;39;40;41;42;43;44;45;46;47;48;49;50;51;52;54;55;56;57;58;59;60;61;62;63;64;65;66;67;69;70;71;72;75;76;77;78;79;80;82;83;84;85;86;87;88;89;90;91;92;93;94;95;96;97;98;99;100,100
A0A0K0X557,0.4444444444444444,1;3;7;10;13;16;17;18;20;21;22;24;26;33;35;36;37;38;40;42;45;48;49;51,54,2.13352930188179,0.9726643743838026,0.76,1;3;4;6;7;8;9;10;11;14;15;16;17;18;19;22;23;24;25;26;27;29;30;31;32;33;34;35;36;37;39;40;42;43;44;45;47;48;49;50;51;54;55;56;57;60;61;63;64;66;67;68;70;71;72;73;74;75;77;78;79;80;81;82;84;86;88;89;90;91;92;93;94;95;96;99,100
A0A0K0XB28,0.10344827586206896,5;17;18,29,2.8374914324283598,1.1468488232888918,0.1,17;18;41;56;58;62;63;65;82;92,100
A0A0K0XCM7,0.30612244897959184,1;2;3;6;11;13;14;18;22;23;25;30;38;42;46,49,2.6143786591291427,1.2420329829201415,0.26,2;9;10;21;22;28;29;31;37;39;40;43;50;59;60;64;66;69;74;78;82;91;94;95;97;98,100
A0A0L0JLL3,0.6346153846153846,1;3;4;5;6;7;9;13;14;16;20;25;26;27;28;29;30;34;35;36;37;38;39;40;41;42;43;44;45;46;49;51;52,52,2.367406012415886,1.2164114079085608,0.34,5;6;10;14;16;18;20;27;29;30;32;37;38;39;42;43;44;45;48;49;56;57;58;63;69;71;77;86;87;89;91;93;97;99,100
A0A0L0JTI1,0.543859649122807,1;2;3;4;6;10;13;14;20;24;25;27;28;33;35;37;39;40;41;42;43;44;47;48;49;50;52;53;55;56;57,57,2.299418882727623,1.240892495555311,1.0,1;2;3;4;5;6;7;8;9;10;11;12;13;14;15;16;17;18;19;20;21;22;23;24;25;26;27;28;29;30;31;32;33;34;35;36;37;38;39;40;41;42;43;44;45;46;47;48;49;50;51;52;53;54;55;56;57;58;59;60;61;62;63;64;65;66;67;68;69;70;71;72;73;74;75;76;77;78;79;80;81;82;83;84;85;86;87;88;89;90;91;92;93;94;95;96;97;98;99;100,100
A0A0M2JYX2,0.2222222222222222,2;8;11;14;17;23;26;31;39;40,45,2.5863520658016204,1.273319978385036,0.18,6;9;18;27;29;32;34;39;48;51;54;61;67;74;78;80;89;95,100
A0A0M2WG04,0.5740740740740741,3;5;6;7;8;10;11;12;14;15;17;19;20;21;24;25;27;28;31;32;33;34;35;38;39;41;42;44;45;46;47,54,2.331103550195694,1.3068594981268375,0.29,6;7;8;9;10;11;14;16;26;28;29;31;32;45;46;47;52;57;60;63;65;70;71;73;76;77;78;83;93,100
A0A0N9XFV2,0.6829268292682927,1;2;3;5;9;10;11;12;13;14;15;16;17;18;19;20;21;22;23;25;28;29;31;32;33;34;36;39,41,2.8084536957740784,1.2474438790879305,0.6,1;2;6;7;10;11;12;13;16;18;19;20;22;24;25;26;27;28;30;32;33;36;37;41;42;43;49;50;51;52;54;56;60;61;63;65;66;67;68;71;72;73;74;77;78;81;82;83;84;86;88;90;91;93;94;96;97;98;99;100,100
A0A0N9YG13,0.6097560975609756,3;4;6;7;9;10;11;12;13;16;19;20;21;22;23;24;27;28;30;32;36;37;38;39;40,41,2.7765142410993575,1.2026097288971942,0.57,1;2;3;5;6;7;8;9;10;11;13;14;16;17;19;20;22;23;24;30;32;35;38;39;41;42;43;44;48;50;51;52;53;56;57;58;59;62;63;64;66;67;73;77;78;79;82;83;84;86;87;88;90;94;96;99;100,100
A0A0Q2M080,0.38636363636363635,1;2;6;10;11;15;24;25;28;32;33;34;35;37;38;40;43,44,2.6048512506484984,1.2073918219000461,0.55,2;3;4;5;6;7;8;9;10;11;12;13;14;15;17;18;19;22;23;25;26;27;29;32;33;35;38;39;41;43;46;48;49;50;51;52;54;55;57;60;61;66;67;68;71;77;82;85;87;88;90;91;92;96;97,100
A0A0Q2RTZ0,0.3333333333333333,1;4;5;8;13;15;17;23;24;30;33,33,2.711021202802658,0.9453361026674824,0.49,2;3;4;5;6;7;8;9;11;13;14;15;16;17;18;20;21;24;27;29;33;34;35;36;42;53;55;61;62;63;65;66;68;69;70;73;74;77;82;83;84;85;86;87;90;92;94;95;100,100
A0A0U0WCI8,0.29310344827586204,3;6;7;9;10;19;21;25;29;30;31;36;37;39;42;48;54,58,2.2130840426683425,1.1877260695704261,0.5,6;9;10;11;13;15;17;28;29;31;32;34;37;38;39;40;41;42;46;47;49;51;52;54;55;56;57;58;60;62;64;67;71;72;73;75;76;77;80;84;86;87;89;90;92;94;95;97;98;100,100
A0A0U0ZG49,0.2459016393442623,3;12;19;31;36;37;40;42;43;44;49;51;52;56;61,61,2.0584481543302537,1.2138136972415765,0.82,2;3;4;5;6;7;8;9;10;11;13;14;15;16;17;18;19;20;21;22;23;24;25;26;27;28;29;30;31;33;34;35;36;37;38;39;42;43;44;45;46;47;48;49;50;51;52;53;54;56;58;59;60;61;62;63;65;67;70;72;74;75;76;77;78;80;81;82;83;84;85;86;87;88;89;90;92;93;94;95;96;99,100
A0A0U0ZGC0,0.4878048780487805,2;4;5;7;9;12;13;15;17;19;20;21;22;23;25;28;31;32;33;35,41,2.54584078848362,1.1998235063514255,0.77,1;7;8;10;11;14;15;16;17;19;20;21;22;23;24;25;26;27;28;29;30;31;32;33;34;35;36;39;41;42;43;44;45;46;47;49;50;52;53;54;55;56;59;60;61;62;63;64;65;67;68;69;72;73;74;75;76;77;78;79;80;81;82;83;84;85;86;87;88;91;92;93;95;96;98;99;100,100
A0A0U0ZLV7,0.4716981132075472,4;6;10;13;15;20;24;25;27;28;32;33;34;35;36;38;40;41;42;43;44;45;47;48;53,53,2.272761746048927,1.368313219763138,0.95,1;2;3;4;5;6;7;8;9;10;11;12;13;14;15;16;17;18;19;20;21;22;23;24;25;26;27;29;30;31;32;33;34;35;36;37;38;39;40;41;42;43;44;45;46;47;48;49;50;51;52;53;54;55;56;57;59;60;62;63;64;65;66;67;68;69;71;72;73;74;75;76;77;78;79;80;81;82;83;84;85;86;87;88;89;90;91;92;94;95;96;97;98;99;100,100
A0A0U0ZPX5,0.25,9;10;15;29;30;32;35;38;40;42;43,44,2.4543558984994887,1.217806641826599,0.99,1;2;3;4;5;6;7;8;9;10;11;12;13;14;15;16;17;18;19;20;21;22;23;24;25;26;27;28;29;30;31;32;33;34;35;36;37;38;39;40;41;42;43;44;45;46;47;48;49;50;51;52;53;54;55;56;57;58;59;60;61;62;63;64;65;67;68;69;70;71;72;73;74;75;76;77;78;79;80;81;82;83;84;85;86;87;88;89;90;91;92;93;94;95;96;97;98;99;100,100
A0A0U1D4T9,0.3333333333333333,2;4;8;10;11;17;18;22;24;27,30,2.5715475916862487,0.7840701137392215,0.32,1;4;7;9;12;15;27;30;31;35;45;49;50;51;52;54;57;60;63;67;70;72;75;77;79;81;82;87;90;92;97;98,100
A0A0U1DUP4,0.13953488372093023,5;10;13;20;21;38,43,2.6346739250421525,1.2376269150135615,0.18,3;10;18;19;23;26;30;41;51;57;61;64;66;78;79;92;99;100,100
A0A0U1E1C0,0.2903225806451613,4;7;9;12;13;15;20;23;27,31,2.88580792427063,1.0892255908030506,0.31,16;21;24;25;27;29;33;35;36;38;39;43;46;48;55;56;62;63;65;71;73;75;87;89;90;91;92;96;97;99;100,100
A0A0U1Z2H3,0.5178571428571429,4;5;6;7;8;10;11;13;14;16;17;18;20;22;25;26;27;28;29;30;37;42;44;46;48;49;50;52;55,56,2.2830933564901352,1.0567542286901583,0.5,1;4;5;6;7;8;9;10;11;14;15;24;28;31;34;37;38;39;41;43;44;45;52;54;55;58;59;61;62;64;65;66;68;69;70;71;72;76;77;78;80;86;88;89;90;91;92;94;97;98,100
A0A100W5H8,0.3902439024390244,5;7;10;11;12;14;17;18;20;21;22;23;26;34;36;37,41,2.6502822065353393,1.2297667867002788,0.68,2;3;4;5;7;8;9;10;12;14;16;17;20;21;22;23;24;25;26;28;29;30;31;33;34;36;38;39;40;43;44;46;47;48;49;51;52;54;56;57;59;60;61;62;63;64;66;67;70;71;72;74;75;76;77;79;80;83;84;87;90;91;92;93;94;96;97;100,100
A0A100W5I0,0.5294117647058824,1;3;5;7;8;9;10;12;13;16;17;20;21;22;24;26;28;31;35;37;38;40;41;42;44;45;48,51,2.543068773150444,1.4412025566666902,0.81,1;2;3;4;5;6;7;8;9;10;11;12;13;14;16;19;20;21;22;23;24;25;26;28;29;30;31;32;33;34;35;36;37;38;39;40;41;42;43;44;45;46;47;48;49;50;51;52;53;55;58;59;60;62;63;64;65;67;68;69;72;74;75;76;78;79;80;82;83;84;85;89;90;91;92;93;94;95;97;98;100,100
A0A100WJQ5,0.5128205128205128,1;3;4;5;7;8;9;10;12;17;20;21;22;23;25;31;32;35;36;39,39,2.7166697293519975,1.3019935392021482,0.68,1;2;5;6;7;8;9;11;12;13;16;17;21;22;23;26;27;29;30;31;34;35;36;37;38;40;42;44;46;47;49;52;53;55;56;57;58;62;65;67;68;69;71;72;73;74;75;76;77;78;79;80;81;83;84;85;86;87;88;89;90;93;94;95;97;98;99;100,100
A0A100WL29,0.29545454545454547,1;4;5;6;9;12;15;16;18;20;23;29;41,44,2.508284842967987,1.3679915188227614,0.39,1;2;3;4;5;7;9;10;11;18;19;24;26;27;33;34;35;37;39;46;51;54;56;58;60;61;64;69;71;77;78;80;83;87;90;91;93;94;99,100
A0A117I9B3,0.5,6;7;8;9;16;17;18;19;20;22;26;28;30;31;33;34;36;37;38;40;42;43;47;49;51;52;54;55,56,2.350548216700554,1.1095999853874985,0.93,1;2;3;4;5;6;7;8;9;10;11;12;13;14;15;16;17;18;19;20;21;22;23;24;25;26;27;28;29;30;31;32;33;34;35;36;37;38;39;40;41;42;43;44;45;46;48;49;50;51;52;53;54;55;56;57;58;59;60;61;62;63;64;65;68;69;70;71;72;73;74;75;76;78;79;80;81;82;83;84;85;86;87;88;89;90;91;92;93;95;97;98;100,100
A0A117I9Z0,0.2391304347826087,7;13;18;21;26;29;32;35;37;41;44,46,2.66395143866539,1.1809289871760729,0.41,1;2;5;6;7;10;11;13;14;18;19;20;22;23;24;28;35;37;42;43;45;49;51;53;56;58;59;63;68;69;70;76;79;85;88;90;92;94;95;99;100,100
A0A117IEQ2,0.3783783783783784,1;5;6;10;13;14;17;19;22;24;25;32;33;35,37,2.8480212080478666,1.1600586055420317,0.31,6;9;15;16;25;26;30;33;40;41;43;45;48;49;57;60;61;64;66;68;69;72;82;84;85;87;88;91;95;97;100,100
A0A124DZH3,0.2463768115942029,2;7;10;13;18;22;25;28;30;33;34;38;41;54;55;58;65,69,2.008012033700943,1.0884208675399636,0.84,1;3;4;5;6;7;8;9;10;11;12;13;14;15;17;18;19;20;22;23;24;25;26;27;28;29;30;31;33;34;35;36;37;38;39;41;42;43;44;45;46;47;48;50;51;52;53;54;55;57;58;59;60;61;63;65;66;67;68;70;71;72;74;75;76;77;78;79;80;82;84;85;86;87;90;91;92;93;94;95;96;97;98;100,100
A0A132PRD2,0.5510204081632653,1;2;4;5;9;11;12;13;14;16;18;20;21;22;26;27;28;30;32;33;35;36;39;41;42;45;48,49,2.5224806916713716,1.1853169504151515,0.79,1;2;4;5;6;7;9;10;11;13;14;15;16;18;20;21;23;24;25;26;27;28;29;30;31;33;34;35;36;37;38;39;40;41;43;44;45;46;47;48;49;50;51;52;53;54;56;57;58;59;60;61;62;63;64;65;66;67;68;69;70;71;74;75;77;78;79;80;81;82;84;85;89;90;91;92;95;97;98,100
A0A132PS78,0.2727272727272727,2;7;8,11,3.204814692735672,0.9073712079495356,0.04,2;69;79;90,100
A0A143QSN8,0.45901639344262296,2;3;4;7;8;9;10;12;13;14;18;20;23;25;28;29;30;32;33;36;38;40;43;44;47;49;55;56,61,2.105065148472786,1.1506905581706521,0.23,1;12;30;39;41;53;62;65;66;70;71;73;74;75;76;78;80;82;83;87;91;98;100,100
A0A163Z098,0.32608695652173914,2;4;8;9;11;14;15;16;17;20;24;31;40;41;45,46,2.527396420240402,1.224174168221964,0.38,4;7;8;12;15;17;18;19;21;22;26;27;31;34;42;47;48;49;50;52;57;60;61;62;63;64;72;73;80;81;83;86;87;94;95;97;98;99,100
A0A164L8S1,0.15555555555555556,6;19;20;23;31;34;42,45,2.48457509636879,1.2523058627242272,0.16,9;10;11;23;32;35;40;42;63;71;78;83;88;90;96;98,100
A0A164L8T1,0.015625,42,64,2.099561088681221,1.3529296253012806,0.0,,100
A0A172UHW8,0.2826086956521739,4;10;17;18;22;23;25;26;27;29;31;33;40,46,2.609044910669327,1.377046573518306,0.06,6;43;46;54;78;86,100
A0A178CV43,0.45454545454545453,3;6;7;10;11,11,3.3945419573783875,0.987739298731778,0.31,1;4;16;18;19;21;22;24;38;39;40;41;45;48;49;53;54;56;57;59;65;68;70;71;77;88;89;96;98;99;100,100
A0A178LTI6,0.37254901960784315,3;4;5;7;8;10;12;13;14;15;16;19;29;34;43;45;46;48;51,51,2.4209328544139863,1.387796477485694,0.01,50,100
A0A179V396,0.3090909090909091,2;5;7;9;11;19;20;22;24;25;26;30;31;35;36;44;46,55,2.3079924601316453,1.2468742264915849,0.29,7;10;15;16;18;21;25;26;28;32;37;39;40;41;51;53;61;64;65;70;71;73;78;79;84;85;88;94;95,100
A0A179V451,0.7241379310344828,2;3;4;5;6;7;9;10;11;12;13;14;15;16;17;18;19;20;21;22;23;24;28;31;32;33;34;35;37;38;39;40;42;43;45;46;47;50;52;56;57;58,58,2.2364639121294023,1.2280115829542708,0.81,1;2;3;4;5;6;7;8;9;10;11;12;15;16;17;18;20;21;22;24;25;28;29;30;31;32;33;34;35;36;37;38;40;41;42;43;45;46;47;48;49;50;51;53;54;56;57;58;59;60;61;62;64;65;66;67;68;69;70;71;72;73;76;77;78;80;82;83;84;85;86;87;89;90;91;92;94;97;98;99;100,100
A0A179VA95,0.5454545454545454,1;4;5;6;7;8;9;12;16;18;19;20;22;24;26;29;30;31;32;34;36;39;43;44,44,2.603661458492279,1.1562152039012998,0.74,1;2;3;4;5;6;7;9;10;12;13;14;15;16;17;18;19;20;21;22;23;24;25;26;27;28;29;30;31;33;34;35;38;40;42;43;45;47;48;49;50;51;54;55;56;57;59;60;61;62;63;64;65;67;68;69;71;74;75;82;83;85;87;88;89;90;92;93;94;95;97;98;99;100,100
A0A179VCR2,0.18461538461538463,9;10;11;14;33;34;37;40;56;61;62;63,65,1.9015652930736542,1.2549423829354254,0.99,1;2;3;4;5;6;7;8;9;10;11;12;13;14;15;16;17;18;19;20;21;22;23;24;25;26;27;28;29;30;31;32;33;34;35;36;37;38;39;40;41;42;43;44;45;46;47;48;49;50;51;52;53;54;55;56;57;58;59;60;61;62;63;64;65;66;67;68;69;71;72;73;74;75;76;77;78;79;80;81;82;83;84;85;86;87;88;89;90;91;92;93;94;95;96;97;98;99;100,100
A0A1A0MX32,0.3333333333333333,1;2;3;7;9;10;14;18;20;23;24;25;28;29;33;35;45;46;47;58;63,63,2.164658265709877,1.053278345687385,0.46,1;2;3;6;8;11;12;16;17;19;20;22;23;24;28;29;31;32;36;39;40;41;43;46;49;50;51;54;55;56;58;59;62;64;65;67;69;71;74;79;80;81;83;87;89;91,100
A0A1A0MY20,0.3191489361702128,5;8;12;16;19;24;25;26;29;31;32;33;34;36;40,47,2.4650338244438172,1.2276178896430907,0.85,1;2;3;4;5;6;7;8;9;10;11;12;14;16;17;18;19;20;21;22;23;24;25;27;28;29;30;31;32;33;34;35;36;37;38;39;40;42;44;45;46;48;49;50;51;52;53;54;55;56;57;58;59;60;61;62;63;64;65;66;68;69;70;71;73;74;75;78;79;80;81;83;84;85;86;87;89;90;91;93;94;95;96;98;99,100
A0A1A0RF23,0.5686274509803921,3;4;5;7;8;12;13;16;19;20;21;23;24;25;26;27;29;31;32;34;35;36;38;41;42;44;48;49;50,51,2.3174002069234847,1.218887977400018,0.93,1;2;3;4;5;6;7;8;9;10;11;12;13;14;15;16;17;18;19;22;23;24;25;26;27;28;29;30;31;32;33;34;35;36;37;38;39;40;41;43;44;45;46;47;48;49;50;51;52;53;54;55;56;57;58;59;60;61;62;63;64;65;67;68;69;70;72;73;74;75;76;77;78;79;80;81;83;84;85;86;87;88;89;90;91;92;93;94;95;96;97;98;100,100
A0A1A0RF29,0.41379310344827586,3;7;10;11;13;15;17;18;20;21;25;26;28;30;31;42;44;49;50;52;54;55;56;57,58,2.3800175416469576,1.2269969178858542,0.96,1;2;3;4;5;6;7;8;9;10;11;12;13;14;15;16;17;18;19;20;21;22;23;24;25;26;27;28;29;31;32;33;34;35;36;37;38;39;40;41;42;43;44;45;46;47;48;49;50;51;52;53;54;55;57;58;59;60;61;62;63;64;65;66;67;68;69;70;71;72;73;74;75;76;77;78;79;80;82;83;84;85;86;87;89;90;91;92;93;94;95;96;97;98;99;100,100
A0A1A0V6S5,0.47761194029850745,4;5;7;8;9;10;14;16;19;20;24;26;27;30;31;32;34;35;37;42;43;44;46;47;48;49;52;54;56;58;59;67,67,1.9966343313455581,1.1150392308532484,0.61,2;3;4;6;7;8;9;10;11;13;16;17;19;23;24;25;26;30;35;36;37;38;41;42;45;46;47;49;52;54;55;56;57;58;59;60;61;63;64;65;66;67;70;71;72;73;74;75;76;77;79;80;81;83;84;86;87;89;94;96;97,100
A0A1A0VBY7,0.5,1;3;4;5;7;8;9;11;12;17;20;23;25;26;27;28;33;34;35;37;38,42,2.5800242841243746,1.0243344750027452,0.29,2;6;9;12;16;17;19;21;23;27;31;33;34;35;40;46;47;49;50;54;56;58;67;71;80;81;88;93;99,100
A0A1A0VEQ6,0.2222222222222222,12;14;15;20;24;25;26;30;33;36,45,2.5232949376106264,1.3631168158081846,0.35,4;6;17;19;20;21;22;25;28;31;34;35;37;38;43;44;47;50;53;56;58;62;63;64;65;67;72;74;82;83;85;87;94;97;98,100
A0A1A0VZR1,0.25,3;6;8;10;19;20;21;30;39;40;49;50;51;56,56,2.228048751950264,1.2503559209752206,0.54,3;4;6;7;10;12;13;16;18;21;22;23;25;26;28;29;30;32;34;37;39;41;43;46;48;49;51;52;54;57;58;61;63;64;66;67;68;69;71;73;74;76;78;79;80;85;86;87;90;91;94;95;98;100,100
A0A1A1WCA4,0.37209302325581395,2;5;6;8;10;18;20;21;25;26;28;32;35;37;38;41,43,2.6836110162734985,1.3779712363577485,0.18,10;12;18;20;25;39;48;57;58;63;64;68;71;77;88;92;94;97,100
A0A1A1WCB1,0.6226415094339622,1;2;4;5;7;8;9;10;13;14;15;16;17;18;19;20;21;22;23;26;29;31;32;34;35;37;39;40;42;44;45;46;48,53,2.368786551952362,1.0307430685217613,0.72,1;3;4;5;6;7;8;9;10;11;12;13;15;16;18;19;20;23;24;25;26;27;28;29;30;33;34;35;36;38;39;45;46;48;49;50;51;52;53;54;57;58;59;60;61;64;66;67;69;70;71;72;73;74;75;76;78;80;82;83;84;85;86;87;88;90;92;93;96;98;99;100,100
A0A1A2DP38,0.06,12;30;33,50,2.414198945760727,1.1839119706019372,0.01,53,100
A0A1A2EVY2,0.36538461538461536,1;5;8;9;12;15;17;20;23;28;30;31;33;36;38;42;43;45;46,52,2.2618728142976763,1.0836045012212634,0.64,1;2;3;4;5;7;9;11;13;14;15;16;17;19;20;21;23;24;27;28;30;32;34;37;38;39;40;41;42;43;46;48;49;52;53;55;56;58;59;61;63;65;66;67;69;70;72;73;74;75;77;78;79;80;83;86;87;89;91;92;94;95;99;100,100
A0A1A2NZX0,0.3111111111111111,2;3;6;7;12;15;19;22;27;29;33;34;43;44,45,2.489890441894531,1.350357380635515,0.4,1;2;4;9;10;11;13;17;18;22;24;28;29;31;32;33;37;38;39;42;43;44;49;50;52;53;54;57;60;64;66;69;70;73;75;78;80;82;85;95,100
A0A1A2P0A6,0.38,1;9;13;14;17;20;23;26;27;28;29;31;32;33;35;36;42;44;49,50,2.5056330871582033,1.089013385285469,0.51,1;2;5;7;8;9;13;16;18;20;24;25;27;28;30;31;32;34;37;38;39;40;41;42;45;49;51;52;53;54;56;57;61;62;63;64;67;69;72;79;80;81;87;88;89;90;91;93;96;97;98,100
A0A1A2SD60,0.2459016393442623,1;7;9;13;19;23;28;31;32;40;43;47;53;55;56,61,2.0268937051296234,1.2750980906690155,0.37,1;2;3;4;5;7;8;9;12;14;15;16;17;21;24;25;26;29;30;31;34;43;44;51;60;61;62;64;75;77;86;87;88;91;93;95;99,100
A0A1A2SGC1,0.34615384615384615,4;12;13;14;17;18;19;20;21,26,3.029854739904404,1.113714506852848,0.79,1;2;3;4;5;7;8;9;10;11;12;14;15;17;18;19;20;22;23;25;26;27;28;29;31;32;33;34;35;36;37;38;40;41;42;43;44;45;46;48;50;51;52;55;57;58;59;60;61;62;63;64;68;69;70;71;72;73;74;75;76;77;78;80;81;83;84;86;87;88;89;90;91;92;94;95;96;97;99,100
A0A1A2SKN5,0.06896551724137931,5;10;16;47,58,2.3086947655677794,1.381776923678657,0.03,34;41;46,100
A0A1A2SQA4,0.03125,3,32,2.9933427393436434,1.2863708437260302,0.0,,100
A0A1A2STK0,0.45901639344262296,2;3;7;8;9;11;12;13;15;16;17;18;21;23;27;29;30;32;33;34;37;38;40;42;43;46;48;58,61,2.28581216275692,1.3682490620328338,0.36,3;6;10;15;17;20;23;25;28;29;30;34;36;38;39;41;42;46;47;49;50;52;55;65;67;68;73;76;77;81;86;90;91;92;93;99,100
A0A1A2UBP1,0.30357142857142855,4;5;8;10;11;14;19;22;23;26;28;29;32;39;43;46;47,56,2.4443737679719924,1.4038268510245424,0.38,3;4;5;6;12;16;18;19;23;25;33;36;38;39;42;46;51;52;56;57;59;61;63;66;67;73;74;76;80;81;85;86;90;91;92;94;98;99,100
A0A1A2VM45,0.36,9;11;12;14;15;17;25;27;29;32;34;35;36;38;41;46;47;48,50,2.4200726807117463,1.100015832376143,0.57,2;3;4;5;9;10;12;13;16;19;22;23;25;27;28;29;31;34;36;39;40;41;42;43;44;45;46;48;49;52;53;54;55;58;59;60;61;62;63;65;69;70;71;72;73;76;78;80;84;85;88;89;92;94;97;98;99,100
A0A1A2YRQ4,0.23214285714285715,2;5;7;8;11;13;14;27;33;34;35;42;43,56,2.338023493885994,1.1982480725849427,0.12,2;12;14;16;19;31;41;44;59;63;71;72,100
A0A1A2YVQ7,0.5645161290322581,2;3;5;6;7;9;10;11;13;14;16;18;20;21;22;23;24;25;28;29;32;34;36;37;41;42;43;45;46;47;49;51;54;57;58,62,2.0088451361656188,1.1717442004274672,0.36,6;8;11;14;16;17;19;21;22;25;26;31;34;36;40;44;46;49;53;58;60;62;63;65;70;75;77;78;79;80;83;86;91;96;99;100,100
A0A1A2YYV5,0.17543859649122806,8;10;13;15;17;29;35;37;38;57,57,2.2043096613883972,1.1666436001172604,0.18,1;4;13;17;21;27;33;35;36;37;38;47;51;64;73;78;83;95,100
A0A1A2Z2J8,0.02857142857142857,26,35,2.8090459632873537,1.0998016128176242,0.05,42;50;59;77;88,100
A0A1A2Z8H6,0.24193548387096775,1;10;14;20;26;27;35;37;38;40;41;42;44;45;46,62,2.0496712273359297,1.223036326721962,0.42,1;2;3;4;6;7;8;10;12;15;16;18;19;21;27;29;35;38;39;40;41;44;46;48;51;52;53;54;62;63;68;69;71;73;78;81;90;91;93;95;99;100,100
A0A1A2ZG36,0.3333333333333333,4;13;14;16;17;20;22;26;28;29;32;34;37;42;43;45;48,51,2.352701735496521,1.2050465827765955,0.54,8;11;17;18;19;20;21;23;24;26;27;29;30;32;33;34;37;38;39;41;43;45;46;48;49;52;53;54;55;57;58;59;62;63;64;70;71;72;73;74;75;76;77;79;80;81;83;87;88;92;93;97;98;99,100
A0A1A3BEU1,0.46296296296296297,1;2;3;4;5;6;8;10;11;15;17;18;20;25;26;29;31;36;37;39;40;45;47;48;49,54,2.1391417109966278,1.0911383490035054,0.52,1;2;3;4;5;6;7;8;10;11;12;13;15;16;17;18;21;22;24;27;28;29;31;32;34;36;37;48;49;51;54;57;61;62;64;67;72;73;74;75;76;77;80;82;85;87;89;91;93;94;96;98,100
A0A1A3C4T0,0.46774193548387094,4;5;7;9;11;13;15;16;17;18;21;24;25;27;28;30;31;32;33;35;36;38;41;42;49;50;53;59;62,62,2.2840316849946976,1.249283727117351,0.5,4;6;7;8;11;13;17;20;22;25;26;29;30;31;32;35;36;37;38;41;42;44;47;53;54;58;61;65;66;68;72;74;76;78;79;81;82;83;84;85;88;89;91;93;94;95;96;97;98;99,100
A0A1A3GZZ6,0.4897959183673469,2;4;5;6;10;11;15;16;17;20;22;25;28;30;31;33;34;38;39;40;41;43;46;48,49,2.378594804406166,1.3003725144860456,0.24,2;3;4;18;20;21;24;26;37;38;47;49;61;63;67;70;77;83;86;88;94;96;99;100,100
A0A1A3H185,0.22727272727272727,5;8;9;14;15;20;24;31;34;42,44,2.772707974910736,1.3710369281447965,0.01,2,100
A0A1A3KI76,0.65625,1;2;3;4;5;7;8;10;14;15;16;18;20;21;22;23;25;28;29;30;31,32,2.9142578291893004,1.2135283145275966,0.9,1;3;4;5;6;7;8;9;10;11;12;13;14;15;16;17;18;20;21;22;23;24;25;26;27;28;29;30;31;33;34;35;36;37;38;39;40;42;44;45;46;47;48;49;50;51;52;53;54;55;57;58;59;60;61;62;63;64;65;66;67;68;69;70;71;72;73;74;75;77;78;79;81;82;83;84;85;86;87;88;89;90;91;92;94;95;96;97;99;100,100
A0A1A3KJV4,0.5178571428571429,1;5;6;7;8;9;10;11;13;14;17;18;20;21;23;24;25;27;28;29;32;34;35;39;40;43;47;50;55,56,2.2726990312337874,1.2829865846209727,0.29,1;6;7;8;10;12;23;26;29;31;33;38;42;44;45;46;49;55;59;70;74;76;81;87;88;89;92;97;98,100
A0A1A3KPW7,0.2222222222222222,2;9;10;14;15;16;23;26;30;37;49;51,54,2.302294350862503,1.2856842372088062,0.04,6;24;26;99,100
A0A1A3N5H1,0.40384615384615385,2;4;6;7;10;12;14;15;16;20;23;24;26;27;28;31;32;34;44;46;47,52,2.2113819378614425,1.0570423259774346,0.14,1;5;6;7;11;14;25;30;54;58;64;65;74;84,100
A0A1A3N7A1,0.4375,1;2;8;10;11;14;18;20;21;26;27;29;30;31;32;33;41;45;46;47;48,48,2.483538361787796,1.0113128112693035,0.44,1;2;3;6;10;11;12;13;15;18;21;22;23;24;25;28;30;32;33;34;35;38;39;41;42;46;54;56;61;62;63;64;66;67;68;76;87;90;92;94;95;96;97;98,100
A0A1A3NWI0,0.4,1;3;4;9;11;12;13;14;20;24;26;27;28;30;33;34;37;38;43;48,50,2.522259832620621,1.2391111940037032,0.5,5;6;7;8;11;12;15;18;19;20;21;23;25;27;28;30;33;34;35;36;37;39;40;42;45;47;52;55;56;57;59;60;61;63;64;66;69;70;71;73;74;75;80;81;82;85;86;90;95;99,100
A0A1A3P195,0.14705882352941177,2;3;5;16;18,34,2.7794154131412507,1.0954868019958928,0.21,1;5;6;7;12;14;20;22;23;31;35;36;43;56;62;66;67;80;81;84;95,100
A0A1A3P7V6,0.24444444444444444,1;4;7;8;10;13;14;23;29;30;37,45,2.53923660159111,1.2892435508075513,0.44,1;4;9;12;15;16;17;19;20;27;29;30;31;32;33;36;38;39;44;46;49;50;52;55;57;63;65;68;69;72;73;75;77;79;81;82;83;85;87;88;89;93;99;100,100
A0A1A3TXF6,0.16666666666666666,11;12;17;25;26;27;30;35;49,54,2.216874631047249,1.2735881753193903,0.52,1;2;3;4;5;8;9;10;11;12;13;14;15;16;17;19;20;22;25;27;29;30;31;32;34;39;40;41;42;44;45;46;49;58;59;61;62;63;65;68;69;70;71;74;75;81;82;83;88;92;95;99,100
A0A1A3U111,0.7017543859649122,3;4;6;7;8;10;11;13;14;15;16;18;19;22;23;25;26;27;28;29;30;31;34;35;37;39;40;42;43;45;47;48;49;50;51;52;53;54;56;57,57,2.2451726770401,1.199884680472035,0.91,1;2;3;4;5;7;8;9;10;11;12;13;14;15;16;17;18;19;20;21;22;23;24;25;26;28;29;30;31;32;33;34;35;36;37;38;39;40;41;42;43;44;45;46;47;48;49;50;51;52;53;54;55;56;57;59;60;62;63;64;65;66;67;68;70;71;72;73;74;76;77;79;80;81;82;84;86;87;88;89;90;91;92;93;94;95;96;97;98;99;100,100
A0A1A3U7T4,0.31666666666666665,2;3;8;9;13;15;17;19;24;26;28;29;30;35;39;43;48;52;55,60,2.163356971740723,1.09874455965844,0.5,1;5;6;7;11;14;15;16;17;20;22;23;24;25;26;27;32;36;37;40;41;44;45;47;48;50;53;54;55;56;58;59;62;63;64;65;68;70;71;72;74;77;80;83;85;91;93;96;98;100,100
A0A1A6BMZ1,0.13636363636363635,8;16;25;28;32;37;42;45;52,66,1.9739948254823685,1.2825833277951013,0.27,1;7;9;10;15;19;20;21;22;38;45;48;50;59;60;61;65;69;76;78;79;81;82;84;87;90;91,100
A0A1B4Y4X4,0.2545454545454545,3;9;11;15;18;21;24;29;30;31;38;43;52;53,55,2.1783201330900193,1.2482525123353323,0.07,13;14;18;61;70;74;78,100
A0A1B8SKL4,0.19047619047619047,2;3;4;16;18;21;25;31;42;49;53;55,63,2.154017376899719,1.3864687250125545,0.18,6;14;22;31;36;43;46;48;62;71;72;75;76;82;84;89;90;97,100
A0A1B9CJD7,0.6724137931034483,1;2;4;5;7;8;9;11;12;13;16;17;18;19;20;22;23;27;28;29;30;31;32;33;34;35;36;37;38;40;41;43;46;47;49;50;51;53;55,58,2.14489004611969,1.1032027035478817,0.53,1;2;4;5;6;7;9;15;16;17;18;19;20;21;22;23;24;26;27;28;33;34;36;37;38;39;40;41;42;44;45;46;47;51;52;53;56;57;59;60;61;64;68;73;74;76;78;79;84;89;93;95;97,100
A0A1B9CX42,0.4166666666666667,1;2;4;6;12;13;15;16;17;18;21;24;28;31;35;39;40;42;44;48,48,2.507218900322914,1.2733799600938764,0.76,1;2;3;4;5;6;7;10;11;12;13;14;15;16;17;18;19;21;22;23;24;25;26;27;28;29;30;31;32;33;36;37;40;42;43;44;45;46;47;49;50;51;52;53;54;55;56;57;58;59;60;61;62;63;64;65;67;70;75;76;78;80;83;84;85;88;89;90;92;93;95;96;97;98;99;100,100
A0A1D7VWY6,0.125,14;31;39;44;45;47,48,2.3393610441684722,1.0835650400481633,0.23,3;6;8;9;14;17;25;33;35;42;47;53;55;56;58;73;75;76;82;83;92;93;98,100
A0A1D8GAR9,0.5370370370370371,3;4;5;6;10;13;14;17;19;23;25;26;28;29;30;31;32;33;36;37;40;41;44;45;47;48;50;52;54,54,2.172696607708931,1.1202577856848348,0.99,1;2;3;4;5;6;7;8;9;10;11;12;14;15;16;17;18;19;20;21;22;23;24;25;26;27;28;29;30;31;32;33;34;35;36;37;38;39;40;41;42;43;44;45;46;47;48;49;50;51;52;53;54;55;56;57;58;59;60;61;62;63;64;65;66;67;68;69;70;71;72;73;74;75;76;77;78;79;80;81;82;83;84;85;86;87;88;89;90;91;92;93;94;95;96;97;98;99;100,100
A0A1E3RBW0,0.391304347826087,3;5;6;10;13;16;22;24;28;30;32;33;34;35;40;41;43;44,46,2.546937427520752,1.303610719771477,0.31,1;2;5;8;9;14;17;19;29;30;32;35;45;46;47;48;50;51;55;63;64;65;76;77;78;83;86;87;94;96;97,100
A0A1E3S0K4,0.3448275862068966,2;5;7;9;10;11;13;14;23;29,29,3.074494382143021,1.1298530591092402,0.62,1;2;5;7;8;9;11;14;15;16;17;18;20;21;24;25;26;28;29;31;32;34;36;37;38;41;43;46;47;48;54;56;57;58;60;61;63;64;65;69;70;71;72;75;78;79;80;81;82;84;85;86;87;89;91;92;93;95;96;97;98;100,100
A0A1E3S739,0.017857142857142856,7,56,2.3101678121089937,1.251225426333921,0.01,78,100
A0A1E3SKI4,0.3508771929824561,3;4;7;14;20;21;22;23;27;29;30;31;32;34;38;41;43;44;48;49,57,2.1583038359880446,1.1218453295998425,0.59,1;2;3;4;7;8;11;12;14;16;17;19;20;21;22;25;27;29;32;35;37;38;41;42;45;46;47;48;49;50;54;55;56;57;58;62;65;68;69;70;73;74;75;77;78;80;81;82;84;86;88;89;90;92;93;94;96;98;99,100
A0A1E3SLH6,0.5652173913043478,2;3;6;7;8;11;12;14;15;18;20;21;22;23;25;26;28;32;33;35;36;37;38;42;44;46,46,2.4487921631336214,1.1205344824961385,0.72,1;2;3;4;5;6;7;8;9;10;11;12;13;14;15;16;17;18;19;20;21;23;24;25;26;27;29;30;32;33;34;36;37;38;39;40;45;46;47;49;50;52;53;55;56;57;58;59;61;63;64;65;66;67;68;69;70;71;73;78;79;81;85;88;90;91;92;94;96;97;98;99,100
A0A1E3SN70,0.33962264150943394,3;4;6;7;8;14;18;22;24;27;28;30;31;32;36;38;39;52,53,2.4084308743476868,1.18175491846146,0.14,10;12;18;26;27;28;38;39;45;52;57;72;74;93,100
A0A1E3SV84,0.3103448275862069,2;4;6;7;11;16;29;35;36;37;38;39;42;44;46;47;53;56,58,2.1961593449115755,1.1051584222169815,0.32,3;6;12;14;15;19;22;23;25;26;32;34;35;41;46;47;49;52;54;58;59;62;63;67;74;77;79;84;86;88;97;100,100
A0A1E5P3C7,0.43137254901960786,1;6;7;9;10;15;16;19;22;23;24;25;26;27;29;31;35;37;39;41;42;51,51,2.417242406606674,1.2046932879471697,0.44,1;2;5;6;7;8;9;11;15;21;22;23;28;30;31;32;34;35;36;37;46;47;48;49;51;52;54;58;60;64;67;68;69;72;75;76;78;79;85;88;91;92;96;99,100
A0A1E7JQU2,0.1875,7;12;17;20;28;34;37;38;44,48,2.340188905596733,1.1581185162862566,0.2,5;8;10;14;17;18;20;28;33;38;39;40;42;43;46;51;57;66;69;76,100
A0A1E7L3V6,0.6792452830188679,4;5;6;7;9;10;13;15;16;17;18;19;20;23;25;27;28;29;30;31;32;34;35;36;37;39;40;42;43;44;45;46;47;48;51;53,53,2.37426962852478,1.2391261172633516,0.91,1;2;3;4;5;6;7;8;9;10;11;12;14;15;16;17;18;20;21;22;23;24;25;26;27;28;29;30;32;33;34;35;36;38;39;40;41;42;43;44;45;46;47;48;49;50;51;53;54;55;56;57;58;59;60;62;63;64;65;66;67;68;69;70;71;72;73;74;75;76;77;79;80;82;83;84;85;86;87;88;89;90;91;92;93;94;95;96;97;98;99,100
A0A1E8Q6I1,0.0,,43,2.6754971385002135,1.3557745923718547,0.0,,100
A0A1E8QAA5,0.4074074074074074,1;2;3;7;8;9;13;14;17;20;21;30;31;33;34;36;38;44;49;52;53;54,54,2.1207348430156707,1.223133185601937,1.0,1;2;3;4;5;6;7;8;9;10;11;12;13;14;15;16;17;18;19;20;21;22;23;24;25;26;27;28;29;30;31;32;33;34;35;36;37;38;39;40;41;42;43;44;45;46;47;48;49;50;51;52;53;54;55;56;57;58;59;60;61;62;63;64;65;66;67;68;69;70;71;72;73;74;75;76;77;78;79;80;81;82;83;84;85;86;87;88;89;90;91;92;93;94;95;96;97;98;99;100,100
A0A1G4V447,0.5084745762711864,4;5;7;8;10;15;19;21;22;23;24;25;28;30;31;32;34;38;39;41;42;43;44;46;48;50;53;54;57;59,59,2.144962100982666,0.9781451573531447,0.58,1;3;4;6;7;8;9;10;11;13;15;16;17;18;21;23;25;29;30;31;33;34;35;36;37;38;39;41;42;43;44;45;49;51;54;55;56;58;59;60;63;67;68;72;75;76;77;80;81;84;89;91;92;93;95;96;98;100,100
A0A1G4WIS5,0.723404255319149,2;3;4;5;8;9;10;12;13;14;16;17;19;20;22;23;24;25;27;29;30;31;32;33;34;35;36;37;38;40;41;42;45;46,47,2.608661633729935,1.3283214074440879,0.97,1;2;3;4;5;6;7;8;9;10;11;12;13;14;15;16;17;18;19;20;21;22;23;25;26;27;28;29;30;31;32;33;34;35;36;37;38;39;40;41;42;43;44;45;46;47;49;50;52;53;54;55;56;57;58;59;60;61;62;63;64;65;66;67;68;69;70;71;72;73;74;75;76;77;78;79;80;81;82;83;84;85;86;87;88;89;90;91;92;93;94;95;96;97;98;99;100,100
A0A1G6K7R0,0.7777777777777778,2;3;4;6;8;9;10;12;13;14;15;16;17;18;20;21;23;24;25;26;27;29;30;31;35;36;38;39;40;41;42;43;44;45;46;47;48;49;50;51;52;54,54,2.2424762868881225,1.2850672767763578,0.96,1;2;3;4;5;6;7;8;9;10;11;12;13;14;15;16;17;18;19;20;21;22;23;24;25;26;27;28;29;30;31;32;33;34;35;36;37;38;39;40;41;42;43;44;45;46;47;48;49;51;52;53;54;55;56;57;58;59;60;61;62;63;64;65;66;67;68;70;71;72;73;74;75;76;77;78;79;80;81;82;83;84;85;87;89;90;91;92;93;94;95;96;97;98;99;100,100
A0A1G6PJB6,0.7111111111111111,1;2;4;5;6;7;8;9;10;13;15;16;17;18;20;23;24;25;26;27;28;32;33;34;35;37;38;39;40;41;42;45,45,2.385751315355301,1.2160949747599004,0.73,1;2;3;4;5;6;7;8;11;12;13;14;17;18;19;20;21;22;23;24;25;26;27;28;33;34;37;40;41;42;43;44;45;46;49;50;51;52;53;54;55;57;58;59;60;61;62;63;65;66;68;70;71;72;73;75;77;78;79;82;83;85;86;87;88;89;90;92;93;94;95;96;98,100
A0A1G7L4S3,0.07936507936507936,1;7;8;11;24,63,2.049502786397934,1.1515863670849105,0.0,,100
A0A1H6L3W8,0.0,,32,2.951541794538498,1.1374963805090477,0.0,,100
A0A1H7CJ42,0.12,1;4;5;6;8;37,50,2.3808443045616148,1.1835786568564224,0.0,,100
A0A1H8UHI3,0.4166666666666667,2;3;6;7;8;9;10;11;12;16;17;18;21;24;26;29;37;41;45;48,48,2.2569640666246413,1.2049902469564,0.41,1;2;3;5;7;8;9;16;19;21;31;33;34;36;39;40;41;42;47;54;56;59;60;62;65;66;68;70;73;77;79;84;85;89;90;92;93;94;96;98;100,100
A0A1I0U7E5,0.21428571428571427,4;5;11;14;15;16;26;27;31,42,2.671463989019394,1.0748915617057828,0.48,1;2;4;5;6;7;8;9;10;11;13;16;18;19;20;21;22;23;25;27;28;29;30;31;34;35;38;39;41;43;46;47;48;53;55;58;60;61;63;64;67;69;70;74;82;86;88;98,100
A0A1I5LZY6,0.34375,1;6;7;8;9;11;17;18;20;21;32;34;35;38;39;41;42;44;45;46;49;57,64,1.838019567131996,1.1739599633751159,0.11,2;3;7;14;24;44;53;55;76;91;97,100
A0A1I6TMF1,0.6153846153846154,1;5;6;7;8;11;12;13;14;19;20;21;22;23;24;26;27;28;30;33;34;35;36;37;39;43;45;46;49;50;51;52,52,2.3559277832508085,1.1086430887485215,0.49,1;2;5;6;8;9;12;13;15;17;18;19;20;21;22;23;24;25;26;30;31;34;36;38;40;42;44;45;46;48;49;53;54;60;61;62;71;73;74;75;77;78;80;81;83;87;92;93;95,100
A0A1J0VT15,0.7,1;2;3;4;6;7;8;12;13;14;15;16;17;18;20;22;23;24;26;27;28;33;34;35;37;38;41;43;44;45;46;47;49;50;51;52;53;54;55;56;57;60,60,2.1605391091108324,1.1531477289502732,0.7,1;2;3;6;8;9;10;11;12;15;18;20;21;22;23;24;25;26;27;29;30;31;33;34;36;37;38;39;40;42;43;45;46;47;48;49;50;51;52;53;54;56;57;58;59;60;61;63;64;65;66;67;68;69;72;73;74;75;76;82;83;84;85;88;89;90;91;92;95;97,100
A0A1Q4H4E6,0.34615384615384615,3;9;11;14;15;17;18;19;20;25;27;30;32;35;41;43;47;51,52,2.312065764069557,1.326905588481613,0.3,4;13;15;20;23;25;26;27;30;31;35;38;44;52;53;54;56;63;64;65;69;77;79;80;81;88;90;93;94;96,100
A0A1Q4HNQ9,0.5172413793103449,3;4;7;9;12;13;14;17;18;19;21;23;24;27;28,29,2.851129274368286,1.0546334515664815,0.24,3;5;11;12;13;27;28;32;33;35;44;48;52;66;69;71;72;79;85;91;94;96;98;100,100
A0A1Q4HPF1,0.6545454545454545,2;3;4;5;7;8;9;10;11;12;13;15;16;17;19;20;21;22;23;24;27;28;31;32;33;34;35;36;39;40;44;45;46;48;51;52,55,2.358867297768593,1.3393069632543613,0.72,1;3;4;5;6;7;8;9;10;11;12;13;14;15;17;18;19;21;22;24;25;29;30;31;32;33;34;37;39;41;43;44;45;48;50;52;53;54;57;58;59;61;62;63;64;65;66;67;68;69;70;72;73;74;75;77;78;80;81;82;83;84;85;87;89;90;91;94;95;96;99;100,100
A0A1Q9W8K3,0.022222222222222223,19,45,2.5094973713159563,1.2162478155633207,0.15,3;4;15;17;29;30;33;40;44;52;77;80;85;89;98,100
A0A1R3Y1N0,0.3508771929824561,2;3;5;6;7;8;12;13;16;27;31;33;39;40;41;43;46;50;54;55,57,2.302431229352951,1.1506750859597148,0.76,1;2;4;5;6;7;8;9;10;11;13;14;15;16;17;19;20;21;22;23;24;25;27;28;29;31;33;34;35;36;37;38;39;40;41;42;44;45;46;47;49;51;52;53;54;55;56;57;58;59;61;62;64;65;68;69;70;71;73;74;75;76;79;80;81;85;87;89;90;91;92;93;94;97;98;100,100
A0A1S1KKY6,0.48484848484848486,2;3;4;9;10;13;14;15;18;19;20;21;23;26;28;33,33,2.8194622099399567,1.16639096529729,0.62,1;2;3;4;5;7;8;9;10;11;12;13;14;15;16;17;22;23;24;28;29;30;31;33;36;37;38;40;42;43;44;46;47;48;49;50;55;56;59;61;62;64;65;67;68;69;71;72;73;75;76;79;81;82;84;87;89;92;93;95;98;99,100
A0A1S1KYS6,0.4230769230769231,1;3;5;6;7;9;11;12;14;16;18;22;25;26;27;29;33;34;36;38;39;43,52,2.3553789204359052,1.0510232771941441,0.45,1;4;8;9;11;13;15;17;18;20;21;23;26;27;30;32;35;36;39;42;44;48;54;56;57;58;61;62;63;64;65;69;70;71;77;82;85;86;90;93;95;96;97;98;99,100
A0A1S1L5R7,0.4444444444444444,1;2;3;4;5;8;19;21;25;29;30;31;32;33;34;35,36,2.643047411441803,1.0099657966394409,0.44,1;2;3;4;5;7;11;18;21;24;25;26;27;29;31;32;35;40;42;43;45;47;52;57;60;62;65;71;72;73;75;76;77;79;81;82;86;87;88;89;90;93;94;96,100
A0A1S1L7L3,0.39285714285714285,2;3;9;11;12;17;20;21;23;28;32;33;36;44;45;46;47;49;51;53;54;55,56,2.1862132114171984,1.230694245653921,0.76,1;4;5;6;7;8;10;12;13;14;15;16;17;18;19;20;22;23;24;26;27;28;29;30;32;33;34;35;36;37;39;40;41;42;44;45;46;49;50;51;52;53;54;55;56;57;58;59;60;61;62;63;65;67;68;69;71;74;75;77;78;80;81;82;84;85;86;87;88;89;90;91;92;93;94;97,100
A0A1S1LBB7,0.3181818181818182,6;15;16;21;22;24;30;31;36;39;41;42;48;49;50;54;57;58;61;62;64,66,1.894810544848442,1.2654308353108858,0.91,1;2;4;5;6;7;9;10;11;12;13;14;15;16;17;18;19;20;21;22;23;24;25;26;27;28;29;30;31;32;33;34;35;36;37;38;39;40;41;42;44;45;46;48;49;50;51;52;53;54;55;56;57;58;59;60;61;62;63;64;65;66;67;68;69;71;72;73;74;75;76;78;79;80;81;82;83;84;85;86;88;90;91;93;94;95;96;97;98;99;100,100
A0A1S1LF81,0.3617021276595745,2;4;5;15;16;19;21;22;23;25;27;28;29;32;35;36;46,47,2.5387379521131517,1.2033820963172734,0.51,1;2;3;4;5;6;8;9;12;16;18;19;21;23;24;25;26;28;33;34;36;38;41;44;47;48;49;50;52;55;58;60;62;64;67;69;75;76;77;81;82;83;86;88;90;91;93;94;97;99;100,100
A0A1S1LFP5,0.3076923076923077,5;7;8;9;11;13;14;15;20;26;34;36,39,2.6242724418640138,1.0579204861043636,0.93,1;2;3;4;5;6;7;8;9;11;12;13;14;15;16;17;18;19;20;21;23;24;25;27;28;29;30;31;32;33;34;35;36;38;39;40;41;42;43;44;45;46;47;48;49;50;51;52;53;54;55;56;57;58;59;60;61;62;63;64;65;66;68;69;70;71;72;73;74;75;77;78;79;80;81;82;83;84;85;86;88;89;90;91;92;93;94;95;96;97;98;99;100,100
A0A1S1LPM2,0.5,4;6;10;12;13;15;16;18;19;21;23;27;30;31;32;33;35;36;37;39;40;41;43;45;46;48,52,2.29690376996994,1.260318137488662,0.37,8;11;14;22;23;27;30;31;32;35;39;41;42;44;46;48;50;51;53;54;56;57;58;62;63;65;66;69;71;80;84;85;86;93;98;99;100,100
A0A1S1LSR7,0.6911764705882353,1;3;4;7;9;10;11;12;13;14;15;16;17;18;20;21;22;23;25;27;28;30;32;33;35;38;40;41;42;43;44;48;49;51;52;54;55;56;57;59;60;61;62;63;66;67;68,68,1.8203695237636566,1.2085208977124815,0.92,1;2;3;4;6;7;8;9;10;11;12;13;14;15;16;17;18;19;20;21;22;23;24;25;26;27;29;30;31;32;33;34;35;36;37;38;39;40;42;43;44;45;46;47;48;49;51;52;53;54;56;57;58;59;60;61;62;64;65;67;68;69;70;71;72;73;74;75;76;77;78;79;80;81;82;83;84;85;86;87;88;89;90;91;92;93;94;96;97;98;99;100,100
A0A1S1LZ61,0.17647058823529413,11;21;23;26;28;32;36;45;49,51,2.2813781130313875,0.9651493963418353,0.56,1;2;4;5;7;8;10;12;13;14;15;16;17;18;20;21;22;23;25;26;28;29;31;34;35;37;38;39;41;42;43;44;47;55;56;57;59;60;61;62;65;66;67;68;74;76;77;78;82;85;87;90;92;94;97;100,100
A0A1S1M3C1,0.2857142857142857,1;2;3;8;10;11;12;16;25;34;36;40,42,2.5327144765853884,1.106140486984919,0.08,27;51;57;67;77;86;88;92,100
A0A1S1M770,0.5483870967741935,1;3;4;9;10;12;13;14;17;19;21;24;25;27;28;29;30;32;34;36;39;40;41;43;44;45;46;47;50;51;52;53;54;61,62,2.0376502931118012,1.3602999550160018,0.99,1;2;3;4;5;6;7;8;9;10;11;12;13;14;15;16;17;18;19;20;21;22;23;24;25;26;27;28;29;30;31;32;33;34;35;36;37;38;39;40;41;42;43;44;45;46;47;48;49;50;51;52;54;55;56;57;58;59;60;61;62;63;64;65;66;67;68;69;70;71;72;73;74;75;76;77;78;79;80;81;82;83;84;85;86;87;88;89;90;91;92;93;94;95;96;97;98;99;100,100
A0A1S1M9C0,0.3225806451612903,1;2;6;10;11;12;14;17;18;20;22;35;38;39;40;41;42;44;48;52,62,2.0599385118484497,1.0843311211732254,0.42,3;4;6;7;10;12;13;14;16;19;21;26;32;33;34;35;36;37;38;43;49;53;56;59;61;62;63;66;67;70;73;75;76;77;80;83;84;86;89;92;95;96,100
A0A1S1MVI3,0.39215686274509803,2;6;8;9;10;11;12;13;16;17;20;22;23;24;29;32;33;35;48;49,51,2.479179638624191,1.1243060082727836,0.2,4;11;12;15;17;19;22;31;34;40;42;44;64;71;77;78;81;89;90;92,100
A0A1S1NIB3,0.5,2;4;5;8;11;12;16;17;19;20;24;27;28;30;31;32;35;38;39;41;42;43;45;46;51;54;55;56,56,2.388872493505478,1.1721868794659027,0.4,7;13;15;16;17;18;19;20;22;23;24;29;30;31;32;33;40;45;52;54;56;57;58;61;62;63;65;66;68;75;80;86;87;89;90;91;92;94;95;100,100
A0A1T3NLC9,0.15873015873015872,9;14;15;25;37;43;47;49;50;58,63,2.047912828922272,1.234766388999912,0.04,18;21;63;65,100
A0A1T3NUL4,0.5283018867924528,2;4;6;7;8;11;12;13;14;17;18;19;21;23;25;28;29;30;32;33;34;35;38;40;43;46;52;53,53,2.224268765449524,1.0424652517916124,0.97,1;2;3;4;5;6;7;8;9;10;11;12;13;14;15;16;17;18;19;20;21;22;23;24;25;26;27;28;29;30;31;32;33;34;35;36;37;38;39;40;41;42;43;44;45;46;47;48;49;50;51;52;53;54;55;56;57;58;59;60;61;62;63;64;65;67;68;69;70;71;72;73;74;75;76;77;78;79;80;81;82;83;84;86;87;88;89;90;91;92;93;94;96;97;98;99;100,100
A0A1T5FEL0,0.08620689655172414,5;24;32;34;38,58,2.1967524820566178,1.1250361246145746,0.09,18;21;35;48;58;61;77;80;100,100
A0A1T5FV39,0.01694915254237288,7,59,2.21719486951828,1.232034162371217,0.31,1;6;7;8;9;15;20;23;25;30;45;48;50;53;55;58;59;60;63;65;70;71;75;78;79;87;88;93;94;96;97,100
A0A1T5XJ36,0.2028985507246377,3;15;21;26;28;32;34;44;45;48;54;56;57;62,69,1.8422685140371322,1.2289577826688045,0.9,1;3;4;5;6;7;8;9;10;11;12;13;14;16;17;18;19;20;21;23;24;25;26;27;28;29;30;31;32;33;34;35;36;37;38;39;41;42;43;44;45;46;47;48;49;50;52;53;54;55;56;57;58;59;60;61;62;64;65;66;67;68;69;70;71;73;74;76;77;78;79;80;81;82;83;84;85;86;87;88;90;91;92;93;94;95;96;97;99;100,100
A0A1T7HTT5,0.39622641509433965,3;4;5;6;7;9;13;14;16;19;20;25;26;27;32;33;38;40;41;42;47,53,2.3086213630437853,1.1827581774943006,0.83,1;2;3;4;5;6;7;8;9;10;11;12;13;14;15;16;17;18;20;21;23;24;26;27;29;30;31;32;33;34;35;36;37;41;42;43;44;45;46;47;48;49;50;51;54;55;56;57;58;59;60;62;63;64;65;66;67;69;70;74;75;76;77;78;79;80;81;82;83;84;86;87;88;89;90;91;92;94;95;96;98;99;100,100
A0A1U3MWT7,0.3469387755102041,1;4;10;15;16;17;22;23;24;30;31;33;34;38;39;45;48,49,2.4856310868263245,1.2318319871010008,0.85,1;2;3;4;5;6;7;8;9;10;11;12;13;14;15;16;18;19;20;21;22;23;24;25;26;27;28;29;30;31;32;33;34;36;37;38;40;41;42;43;44;45;47;48;49;50;51;52;53;54;55;56;57;58;59;60;61;62;65;66;67;69;70;71;73;74;76;77;78;79;80;81;82;85;86;87;89;90;92;93;94;95;97;98;99,100
A0A1V2I487,0.5263157894736842,1;2;3;5;7;8;11;12;15;17,19,3.0082887744903566,0.9687022196568339,0.42,4;7;11;12;13;14;20;21;24;26;27;29;32;35;37;38;39;44;47;49;51;52;55;56;59;61;67;71;73;75;77;78;81;86;87;89;91;94;95;96;97;99,100
A0A1V3WG34,0.37037037037037035,5;6;7;9;13;15;21;26;27;28;29;30;32;37;40;43;45;46;52;54,54,2.331060299873352,1.2151610849046324,0.75,1;2;3;6;7;8;9;10;11;12;13;14;16;17;19;21;22;23;24;25;26;27;30;31;32;33;35;36;37;38;39;41;43;44;45;47;48;49;50;51;53;56;57;58;59;61;62;63;64;66;67;68;70;71;72;73;74;75;77;78;79;81;82;83;84;87;88;89;92;93;94;96;97;98;100,100
A0A1W9YPH5,0.09090909090909091,3;19;42;50;54,55,2.2747097033262254,1.2161287382850947,0.86,1;2;4;5;6;7;8;9;10;12;13;14;15;16;17;18;19;20;21;22;23;24;25;26;27;30;31;32;33;34;35;36;37;39;40;41;42;43;44;45;46;47;48;49;50;51;52;53;54;55;56;57;60;61;62;64;65;66;68;69;70;71;72;73;74;75;76;77;78;79;80;81;83;84;85;88;89;90;93;94;95;96;97;98;99;100,100
A0A1W9Z9K2,0.24390243902439024,2;4;5;9;11;17;20;26;27;37,41,2.6297530138492586,1.072887863266924,0.36,1;2;3;5;9;10;11;12;13;15;21;28;32;35;44;45;46;48;52;53;56;58;59;61;62;68;70;75;77;78;85;91;92;96;97;99,100
A0A1W9Z9K6,0.20754716981132076,2;12;15;21;25;31;35;37;38;40;52,53,2.3824300074577334,1.220126078191841,0.3,1;4;8;10;11;12;14;15;23;29;31;38;39;44;49;52;57;61;68;71;80;84;85;87;90;91;96;98;99;100,100
A0A1W9ZC84,0.18518518518518517,12;21;26;31;33;37;40;46;47;53,54,2.4098594903945925,1.3482049568824248,0.35,7;8;9;11;13;17;23;26;27;34;35;36;38;39;41;45;47;50;53;58;60;61;64;66;67;69;72;73;78;85;87;90;92;94;95,100
A0A1W9ZN90,0.5254237288135594,1;4;5;6;7;8;10;12;15;16;20;22;27;28;29;30;32;35;38;39;40;41;42;43;45;46;47;48;50;55;57,59,2.0626183599233627,1.0958138833911464,0.93,1;2;3;4;5;6;7;8;9;10;11;12;13;14;15;16;17;18;19;20;21;22;23;24;25;26;27;28;29;31;32;33;34;35;36;37;38;40;41;42;43;44;45;46;47;48;49;50;52;53;54;56;57;58;59;60;61;62;63;64;65;66;67;68;69;71;72;73;74;75;77;78;79;80;81;82;83;84;85;87;88;89;90;91;92;93;94;95;96;97;98;99;100,100
A0A1W9ZSJ9,0.2558139534883721,3;5;6;7;16;20;25;27;37;38;42,43,2.6316861867904664,1.1077201740008413,0.26,1;4;8;12;13;17;19;24;32;33;35;37;41;43;50;57;64;66;68;71;73;85;87;91;92;97,100
A0A1W9ZU79,0.4909090909090909,1;2;6;7;8;9;12;13;14;15;16;18;21;23;24;25;26;31;37;38;39;43;47;49;50;52;53,55,2.1351258373260498,1.0230295617088163,0.92,1;2;3;4;5;6;7;8;9;11;12;13;14;15;16;17;19;20;21;22;23;24;26;27;28;29;30;31;32;33;34;35;36;37;38;39;40;41;42;43;44;45;46;48;50;51;52;53;54;55;56;57;58;59;61;62;63;65;66;67;68;69;71;72;73;74;75;76;77;78;79;80;81;82;83;84;85;86;87;88;89;90;91;92;93;94;95;96;97;98;99;100,100
A0A1X0A2U5,0.3170731707317073,4;8;9;11;13;18;20;21;23;24;32;35;41,41,2.6280218458175657,1.148895502515056,0.07,1;6;17;40;48;57;83,100
A0A1X0AYB7,0.6086956521739131,1;2;3;4;6;8;9;12;13;15;16;18;19;22,23,2.9006448829174043,0.9725976191456469,0.75,2;3;4;5;6;9;10;11;12;13;14;15;16;17;18;19;20;21;23;25;27;29;30;31;33;34;35;36;37;38;39;40;42;43;44;45;46;48;49;51;54;55;56;57;59;61;62;63;64;65;67;69;71;72;73;74;75;76;77;78;80;82;84;85;86;87;88;90;92;93;94;95;96;98;99,100
A0A1X0AZ01,0.3968253968253968,1;8;9;17;19;21;26;32;33;36;37;38;40;41;43;45;46;48;49;50;52;55;59;60;61,63,2.3135037803649903,1.2344187897820686,0.67,1;2;3;4;5;6;7;8;10;11;12;13;14;15;16;17;19;20;21;23;26;28;30;31;32;33;34;35;36;37;39;40;41;42;43;44;45;47;48;51;56;58;59;61;62;63;68;69;70;71;72;73;74;75;77;81;85;86;87;88;91;94;96;97;98;99;100,100
A0A1X0BWL6,0.10638297872340426,3;4;6;16;22,47,2.4405067813396455,1.2332809338565835,0.0,,100
A0A1X0D333,0.06779661016949153,10;13;20;39,59,2.1952966314554216,1.3026262233060546,0.13,21;36;48;53;57;68;71;73;74;77;78;87;89,100
A0A1X0DSG2,0.43902439024390244,1;2;4;5;6;7;9;11;13;15;20;22;26;27;28;30;34;38,41,2.4847623175382614,1.0398907960725796,0.55,1;3;4;6;9;10;12;13;15;16;17;18;20;21;22;23;27;30;31;33;35;36;39;40;41;43;47;48;50;53;55;58;59;61;63;64;65;67;72;74;75;76;77;79;80;83;84;85;88;89;92;94;95;99;100,100
A0A1X0DT32,0.06451612903225806,5;30,31,2.9825632429122924,1.208117124579121,0.15,7;19;32;47;51;53;56;66;67;68;78;85;88;92;99,100
A0A1X0ED97,0.3389830508474576,9;10;12;16;19;20;21;23;31;35;38;42;44;46;48;49;50;51;56;57,59,2.2587510031461715,1.35462876636818,0.43,6;9;10;17;18;21;22;24;25;27;32;35;36;38;40;41;42;47;48;50;52;54;59;62;66;67;68;69;71;73;74;75;76;77;78;79;80;81;87;88;92;95;100,100
A0A1X0FY05,0.2826086956521739,1;3;10;16;19;22;23;24;27;29;32;39;44,46,2.525878881812096,1.1909154211354533,0.01,88,100
A0A1X0FZ49,0.3389830508474576,4;6;10;12;16;19;21;22;23;27;31;32;37;38;39;41;43;44;50;52,59,2.042968593239784,1.1131183854123843,0.76,1;2;3;4;5;6;7;8;10;11;12;14;15;16;17;18;19;20;21;23;24;25;26;27;29;30;32;34;38;39;40;42;44;46;47;48;50;51;52;53;54;56;58;59;60;61;62;63;65;66;68;70;71;72;73;74;75;76;77;78;79;80;81;83;84;85;86;87;88;89;92;93;94;96;97;99,100
A0A1X0I595,0.3050847457627119,2;5;9;11;20;29;30;37;38;40;41;44;45;49;53;54;55;57,59,2.1278376311063765,1.1748816095981192,0.99,1;2;3;4;5;6;7;8;9;10;11;12;13;14;15;16;17;18;19;20;21;22;23;24;25;26;27;28;29;30;31;32;33;34;35;36;37;38;39;40;41;42;43;44;45;46;47;48;50;51;52;53;54;55;56;57;58;59;60;61;62;63;64;65;66;67;68;69;70;71;72;73;74;75;76;77;78;79;80;81;82;83;84;85;86;87;88;89;90;91;92;93;94;95;96;97;98;99;100,100
A0A1X0I7R5,0.7058823529411765,1;2;4;5;7;9;10;11;12;13;16;17,17,3.206863443851471,1.0654067705330938,0.46,1;3;4;6;7;8;9;10;11;12;13;16;17;19;20;22;24;25;26;28;29;30;32;35;36;39;46;47;48;52;55;56;57;61;64;70;72;78;79;81;82;84;87;90;91;94,100
A0A1X0INU7,0.3103448275862069,7;13;16;18;21;23;24;28;30;32;34;35;38;47;50;53;54;55,58,2.1388363999128344,1.3881899715790298,0.59,3;5;7;9;10;12;15;17;18;20;21;23;24;25;26;27;28;30;31;32;35;37;38;39;40;42;43;44;45;48;49;50;51;53;57;60;61;62;63;65;68;69;71;72;74;77;78;79;82;83;85;88;90;91;94;95;96;97;98,100
A0A1X0J5R4,0.11864406779661017,3;7;9;19;38;49;55,59,2.046659237742424,1.1386107086548953,0.03,47;75;80,100
A0A1X0J866,0.4117647058823529,3;5;8;11;12;14;15;23;24;26;28;29;30;31;32;33;36;39;40;43;45,51,2.3646060729026797,1.1577112768827846,0.54,2;3;4;6;7;8;11;12;13;14;16;17;19;20;21;23;27;29;30;32;36;39;40;41;42;44;46;48;49;50;52;54;55;56;57;58;59;62;64;66;67;69;72;74;78;80;81;92;93;95;96;97;98;100,100
A0A1X0K0U7,0.06451612903225806,11;13;20;46,62,2.119745831489563,1.2823956828996186,0.12,11;25;26;30;35;45;60;69;71;73;74;97,100
A0A1X0KKW9,0.33962264150943394,4;7;9;12;14;15;17;18;19;23;27;28;33;34;35;36;43;49,53,2.3239994019269945,1.2697531924192407,0.6,1;4;5;8;11;12;13;14;16;17;18;19;21;23;24;25;26;27;28;30;32;33;34;36;37;38;41;42;44;48;51;54;55;56;60;61;63;65;66;67;68;70;74;75;78;79;80;81;85;86;87;88;89;93;94;95;96;97;98;99,100
A0A1X0XWA4,0.3076923076923077,2;9;10;11;12;16;18;20;23;24;25;28;39;46;48;49,52,2.359775596857071,1.3103468142605665,0.37,1;2;4;6;8;10;14;17;18;19;21;24;33;35;36;40;44;47;51;52;56;57;58;59;61;62;64;66;73;75;78;81;87;90;93;96;97,100
A0A1X0XYW4,0.6666666666666666,1;2;4;6;7;8;9;10;11;12;14;15;16;17;18;19;20;21;22;23;24;25;27;29;30;31;33;34;35;36;37;38;39;40;41;43;46;52,57,2.2320326387882234,1.168932124225696,0.5,4;5;6;7;14;15;16;22;23;24;25;26;27;30;32;33;34;37;39;41;43;45;47;50;51;52;56;57;59;60;61;62;64;66;67;69;72;76;77;79;82;83;87;90;92;94;95;96;99;100,100
A0A1X0Y567,0.6875,2;4;6;8;9;10;11;12;13;14;15;16;17;18;19;21;22;24;25;29;30;31;32;33;35;37;38;39;40;41;42;45;48,48,2.370278232097626,1.0041081309460536,0.98,1;2;3;4;5;6;7;8;9;10;11;12;13;14;15;16;17;18;19;20;21;22;23;24;25;26;27;28;29;30;31;32;33;34;35;36;37;38;39;40;41;42;43;44;45;46;47;48;49;50;51;52;53;54;55;56;57;58;59;60;61;62;63;64;65;66;67;68;69;70;71;72;73;74;75;76;77;78;79;80;81;82;83;84;85;86;87;88;89;91;92;93;94;95;96;98;99;100,100
A0A1X0YC10,0.12903225806451613,1;3;14;23,31,2.9732561230659487,1.0654770334608836,0.24,13;19;25;31;34;40;41;43;46;48;50;53;55;57;58;72;73;75;78;84;86;90;98;99,100
A0A1X1RGM6,0.44642857142857145,1;2;5;6;8;11;12;16;17;18;19;20;22;27;28;35;38;40;42;44;45;49;53;54;55,56,2.5311441910266876,1.2457429736814476,0.55,1;2;3;4;5;6;7;8;9;10;11;12;13;14;15;17;18;21;23;24;25;30;33;34;37;39;41;43;45;46;47;48;50;51;56;58;60;63;64;66;67;68;72;73;74;80;81;82;83;85;88;91;92;96;99,100
A0A1X1RMT2,0.2653061224489796,3;9;15;20;24;27;29;35;36;39;40;44;46,49,2.531868892908096,1.1387850755788638,0.06,6;11;26;42;58;71,100
A0A1X1RT79,0.12857142857142856,2;3;5;11;19;27;32;34;43,70,1.8592377001047133,1.2329272218029408,0.0,,100
A0A1X1SSG1,0.17307692307692307,4;7;18;22;24;28;30;42;47,52,2.4113734799623487,1.0604851624984766,0.78,1;2;3;4;5;8;9;10;11;13;14;16;17;18;20;21;22;23;24;25;26;27;28;29;30;31;32;33;34;35;36;37;39;40;41;42;43;44;45;46;47;49;50;51;52;54;56;58;60;61;62;63;64;65;66;69;70;71;74;76;77;78;79;80;81;82;84;86;87;88;90;91;94;95;96;97;98;99,100
A0A1X1SXX1,0.24193548387096775,5;8;11;12;17;18;22;25;29;31;32;36;37;42;53,62,2.008478568196297,1.242375368899831,0.52,1;2;3;7;8;9;11;13;15;16;19;20;22;24;25;26;27;29;30;31;32;34;36;37;39;40;49;50;53;54;55;57;60;61;62;64;65;67;68;70;73;77;82;83;87;88;90;91;93;97;98;99,100
A0A1X1TAZ5,0.0,,38,2.746700963973999,1.2338945046916534,0.0,,100
A0A1X1TV41,0.32653061224489793,2;3;5;6;10;13;20;24;25;33;36;40;44;45;46;49,49,2.4734215998649596,1.104852581805717,0.61,2;3;4;5;8;9;14;16;18;19;20;22;23;25;26;28;32;33;34;37;39;40;42;43;44;45;46;47;48;50;53;54;55;56;57;58;62;63;64;67;68;70;72;74;76;78;79;81;82;84;85;87;88;89;90;93;94;96;98;99;100,100
A0A1X1TX55,0.05,10,20,3.080310195684433,1.107886463297177,0.02,41;59,100
A0A1X1TXE9,0.18181818181818182,4;6;11;17;19;35;39;42;46;50,55,2.2007090574502945,1.1527024632501266,0.26,8;9;11;16;24;28;34;36;38;40;53;55;56;57;62;70;71;72;79;80;82;84;88;90;93;98,100
A0A1X1U567,0.34782608695652173,1;3;4;5;9;12;14;15;16;20;29;32;35;37;41;44,46,2.4345316237211225,1.3009490323510922,0.33,1;2;3;6;8;9;13;14;18;19;23;28;30;31;32;33;35;39;42;46;55;56;57;58;59;66;73;81;84;87;89;93;100,100
A0A1X1U6G3,0.8085106382978723,1;2;3;4;5;6;9;10;11;12;13;14;15;16;17;18;21;22;23;24;25;26;27;28;29;30;31;32;33;34;35;36;39;41;42;44;45;47,47,2.361937780380249,1.0110426333999663,0.76,1;2;3;4;7;8;10;11;12;14;15;16;17;18;19;21;22;23;24;26;27;28;29;30;31;32;33;34;36;37;38;39;42;44;45;46;47;48;49;50;51;53;55;56;57;58;59;60;61;62;63;64;65;66;67;69;75;76;77;78;80;81;82;84;85;86;87;88;90;91;92;93;95;97;98;100,100
A0A1X1V443,0.1864406779661017,1;3;16;20;21;22;31;32;41;52;58,59,2.2634937065839766,1.4163638723476173,0.3,2;7;9;14;17;18;19;20;21;23;25;27;32;33;42;44;47;48;50;57;66;71;74;77;83;90;94;95;97;100,100
A0A1X1VXW9,0.22950819672131148,6;8;10;11;15;16;17;19;23;25;26;29;31;43,61,2.2426556515693665,1.4705623192375787,0.3,1;10;12;15;23;30;34;36;41;42;44;50;52;54;56;60;65;69;70;71;72;73;75;81;89;90;91;92;98;99,100
A0A1X1WD57,0.041666666666666664,6,24,2.7970862519741058,0.9282029158283456,0.18,11;25;29;41;52;59;65;71;73;76;78;79;84;85;87;90;95;96,100
A0A1X1XH13,0.35714285714285715,4;5;6;9;12;13;16;20;22;24;25;27;28;34;35,42,2.6572452437877656,1.1577510800138338,0.26,10;15;18;20;21;34;38;39;44;45;49;60;63;65;66;72;76;77;78;79;83;88;90;92;93;99,100
A0A1X1XQZ1,0.30303030303030304,4;5;6;9;15;17;22;25;30;33,33,2.84416953265667,1.1050289112114842,0.61,2;4;5;8;10;11;12;13;14;15;16;18;19;20;21;23;24;25;26;27;28;30;31;32;33;36;37;38;39;41;42;44;45;48;49;51;52;53;57;58;59;63;64;65;66;69;71;73;74;76;77;79;82;83;85;88;89;92;94;95;96,100
A0A1X1Y0D8,0.17307692307692307,4;9;11;14;16;23;33;38;48,52,2.3340133267641066,1.2345981175311933,0.16,10;14;19;22;24;60;66;68;73;74;78;86;88;90;93;94,100
A0A1X1YHA8,0.017543859649122806,1,57,2.1950470924377443,1.2395520716077697,0.33,2;3;4;6;7;9;12;17;18;24;25;33;36;38;39;49;50;53;55;60;62;65;71;75;77;79;82;84;86;88;93;94;98,100
A0A1X1YTK3,0.025,25,40,2.540338382124901,1.241676232871051,0.79,1;2;3;4;5;6;7;8;9;10;11;12;13;14;15;16;17;18;20;21;22;24;25;26;28;29;30;32;33;35;36;38;39;40;42;43;45;46;47;48;50;51;53;54;55;56;57;58;59;60;61;62;63;64;66;67;68;69;70;71;73;74;78;80;81;82;84;85;86;87;88;89;90;91;95;96;97;98;100,100
A0A1X1Z1D7,0.5161290322580645,4;9;12;14;16;17;18;20;21;24;26;30;31;32;33;35;36;37;40;41;43;47;48;49;50;53;55;56;57;58;60;61,62,2.165106891989708,1.2596504720089965,0.61,1;2;6;7;8;9;10;13;14;15;17;18;19;20;22;23;24;27;31;32;33;34;35;37;38;39;41;42;43;44;45;46;47;48;49;50;51;53;55;59;62;64;68;71;72;75;76;78;81;83;84;87;89;92;93;95;96;97;98;99;100,100
A0A1X1ZAJ3,0.4883720930232558,2;3;4;8;9;10;11;12;13;14;19;20;21;22;23;25;28;32;34;36;37,43,2.488733386397362,1.197807364749248,0.7,1;2;3;4;5;6;8;9;10;11;12;13;14;15;17;18;19;20;21;22;23;25;26;30;32;34;35;36;37;39;40;41;42;44;45;46;47;49;50;51;53;56;58;59;60;61;66;68;69;71;72;73;76;79;81;83;85;86;87;88;89;90;91;92;93;94;95;96;97;100,100
A0A1X1ZUN6,0.12,2;4;7;11;19;45,50,2.541228449344635,1.2353640144611444,0.19,8;14;15;22;25;32;33;42;43;46;54;62;69;71;74;79;92;93;99,100
A0A1X2AMC4,0.24324324324324326,3;4;8;9;13;19;20;25;30,37,2.831598528623581,1.2319002296983577,0.21,12;15;20;21;24;25;26;30;31;42;48;52;59;63;64;79;86;90;96;98;100,100
A0A1X2DGR4,0.27906976744186046,2;8;16;17;18;20;22;23;24;25;29;43,43,2.7033554124832153,1.2237758863427315,0.24,4;7;8;9;18;24;27;30;38;40;41;44;45;47;51;54;65;68;74;76;77;89;95;96,100
A0A1X2DIF1,0.16,23;29;35;38;44;48;49;50,50,2.3508510148525237,1.069224359261875,0.63,1;3;5;6;7;8;9;10;11;12;13;14;15;16;17;18;19;20;22;24;25;26;28;29;30;31;32;33;36;38;40;42;43;44;50;55;56;57;60;61;63;65;66;67;68;69;70;75;76;77;79;80;82;85;87;88;90;91;93;94;96;97;98,100
A0A1X2DPB1,0.5714285714285714,5;6;7;8;11;13;14;15;16;19;20;21;23;24;25;26;30;31;34;36;37;39;43;44;45;46;47;48,49,2.247985062599182,0.9272621800911315,0.89,1;2;3;4;5;6;7;9;10;11;12;13;14;16;17;18;19;20;21;22;23;24;25;26;28;29;30;31;32;33;34;35;36;37;38;39;40;41;42;43;44;46;47;48;50;51;52;53;54;55;58;59;60;61;62;63;64;65;66;67;68;69;70;71;72;73;74;75;76;77;78;79;80;81;82;83;85;86;87;88;89;90;91;92;94;96;97;98;99,100
A0A1X2EPB4,0.7321428571428571,1;2;3;4;5;6;7;8;9;10;11;12;13;14;15;16;17;18;19;20;22;24;25;26;27;28;29;30;31;35;36;40;42;44;46;47;48;49;51;52;56,56,2.2490827292203903,1.2021331125130963,0.34,3;4;7;8;12;13;14;20;22;32;33;36;40;41;42;43;46;47;48;55;58;69;70;73;80;82;89;90;92;93;94;96;97;100,100
A0A1X2F2L6,0.55,3;4;5;7;8;10;13;15;18;19;21;23;25;26;27;28;29;30;31;33;34;35;37;38;44;45;46;47;48;50;54;55;56,60,2.280285616517067,1.171854866351674,0.39,1;2;3;4;10;11;13;17;18;19;20;21;22;23;31;32;35;37;41;45;48;51;53;59;61;62;63;64;70;71;78;80;84;86;89;90;95;99;100,100
A0A1X2FK51,0.6567164179104478,2;3;4;5;6;7;8;9;11;12;13;15;16;17;18;19;22;24;25;27;28;29;30;33;36;38;39;41;42;43;44;46;48;50;52;54;55;57;59;61;64;65;66;67,67,2.0742028027772905,1.1675841134300915,0.72,1;3;4;6;7;8;9;10;11;13;14;16;17;18;19;21;22;23;24;25;26;27;29;30;31;33;36;37;38;39;40;42;43;44;45;47;49;51;53;54;55;58;59;60;61;63;64;65;66;67;68;69;70;71;73;75;76;77;78;80;82;83;84;85;86;87;90;94;96;97;98;100,100
A0A1X2FLH9,0.2857142857142857,1;8;15;16;18;19;20;21;29;33;37;39,42,2.6737285327911375,1.301150361242268,0.02,48;99,100
A0A1X2KZQ2,0.46938775510204084,2;3;4;5;7;10;15;16;17;19;22;23;25;26;27;30;35;36;37;41;42;43;45,49,2.404107596874237,1.1590031693668488,0.77,1;3;4;5;6;7;8;9;10;11;12;13;15;16;17;18;20;21;23;24;25;26;27;28;29;30;31;32;33;35;36;37;38;39;40;42;45;48;49;51;52;54;55;56;57;59;61;63;64;65;67;68;71;72;73;74;75;76;77;78;79;80;81;82;83;84;85;86;87;89;92;93;94;95;96;98;99,100
A0A1X2L0G7,0.4716981132075472,3;4;5;6;10;11;13;14;15;17;19;21;23;24;25;27;30;31;32;33;35;39;42;49;50,53,2.398384733200073,1.4093791400804934,0.41,5;7;8;9;10;14;15;16;17;18;21;24;26;33;34;36;37;39;42;46;47;55;56;58;59;62;66;69;70;72;74;77;81;87;88;91;92;93;95;96;100,100
A0A1X2LPX9,0.33962264150943394,5;6;9;11;13;14;18;21;22;27;28;33;37;40;42;43;46;48,53,2.370748888850212,1.1011607033714497,0.45,1;2;4;7;8;10;12;17;20;22;24;26;28;29;32;33;34;36;38;40;43;44;49;53;55;57;58;60;61;66;67;70;80;81;82;83;84;85;89;90;92;93;94;95;98,100
A0A1Y0C436,0.45454545454545453,1;2;3;4;6;7;12;13;16;19;26;28;30;33;35;37;39;40;41;42;44;45;48;50;51,55,2.117052407860756,1.1740182688074219,0.6,1;2;5;9;10;12;14;15;16;17;19;21;23;24;26;28;30;31;32;33;35;37;38;39;40;41;42;43;45;47;48;50;52;53;55;56;58;61;63;64;65;68;70;73;77;78;79;80;83;84;85;89;90;92;93;94;95;96;98;100,100
A0A1Y0C5T9,0.08571428571428572,7;8;33,35,2.846348286867142,1.2003463795851896,0.02,53;58,100
A0A1Y0CFN4,0.5510204081632653,3;4;7;8;9;10;11;13;14;15;16;17;18;20;22;27;28;29;30;32;36;37;38;42;44;45;49,49,2.6145204412937164,1.3194507964950115,0.76,1;2;3;4;5;6;7;9;10;11;12;13;14;15;16;17;19;20;21;22;23;24;25;26;27;28;29;30;32;33;36;37;38;39;41;42;43;44;46;48;49;50;52;53;54;57;58;59;60;61;62;63;65;66;68;69;70;72;74;76;78;79;81;82;83;84;85;86;88;89;90;91;93;95;97;99,100
A0A1Y2NRV5,0.6071428571428571,2;4;5;6;7;9;11;12;13;14;16;17;18;19;25;26;27;28;29;30;31;34;36;38;39;40;44;46;47;48;50;52;54;55,56,2.236002526283264,1.0440890817957187,0.94,1;2;3;4;5;6;7;8;9;10;11;12;13;14;15;16;17;18;19;20;21;23;24;25;26;27;28;29;30;31;32;33;34;35;36;37;38;39;40;41;42;43;44;45;46;47;48;49;50;51;52;53;54;55;56;57;58;59;60;61;62;63;64;65;66;67;68;69;70;71;72;73;74;75;76;77;78;80;81;83;84;85;86;87;88;89;91;92;93;94;95;96;98;100,100
A0A1Y5PCF7,0.028985507246376812,21;55,69,2.0015225231647493,1.0942619683821642,0.08,28;39;64;73;77;80;87;92,100
A0A1Y5Y6P3,0.07692307692307693,2;6;20;24,52,2.4140913385152816,1.2873720500087347,0.04,41;42;46;67,100
A0A1Z4EBS9,0.49056603773584906,2;4;5;8;9;10;14;15;18;20;23;25;26;27;28;31;32;33;35;36;37;40;41;43;44;51,53,2.299393438100815,0.9364911843310845,0.81,1;2;3;6;7;8;9;11;12;13;14;15;16;17;18;19;20;21;22;23;25;26;28;30;31;32;35;36;37;38;40;41;42;43;44;45;46;47;49;50;51;52;53;54;55;56;57;58;60;61;62;63;64;65;66;67;68;70;71;73;74;75;76;77;78;79;80;81;82;83;85;86;87;89;90;91;92;93;94;96;97,100
A0A1Z4EGK3,0.5,2;3;4;7;8;9;11;13;16;17;19;20;21;22;24;25;26;28;29;32;35;41;42,46,2.506013363599777,1.3717561875559434,0.53,4;5;6;7;8;9;10;11;12;13;15;16;17;19;20;22;24;27;29;30;31;32;34;35;40;42;44;46;47;50;51;52;53;54;55;56;57;59;60;63;64;68;72;74;78;81;82;83;86;91;93;95;97,100
A0A1Z4EZ40,0.2153846153846154,3;9;10;20;21;23;29;30;34;40;46;51;57;58,65,2.1375894033908844,1.131915735148699,0.96,1;2;3;4;5;6;7;8;9;10;11;12;14;15;16;17;18;19;20;21;22;23;24;25;26;27;29;30;31;32;33;34;35;36;37;38;39;40;41;42;43;44;45;46;47;48;49;50;51;52;53;54;55;56;58;59;60;61;62;63;64;65;66;67;68;69;70;71;72;73;74;75;76;77;78;79;80;81;82;83;84;85;86;87;88;89;90;91;92;93;94;96;97;98;99;100,100
A0A1Z4EZ73,0.19047619047619047,1;8;10;19;26;30;38;41;45;54;57;59,63,2.11175194978714,1.103506798530296,0.97,1;2;3;4;5;6;7;8;9;10;11;12;13;14;15;16;17;19;20;21;22;23;24;25;26;27;28;29;30;31;32;34;35;36;37;38;39;40;41;42;43;44;45;46;47;48;49;50;51;52;53;54;55;56;57;58;59;60;61;62;63;64;65;66;67;68;69;70;71;72;73;75;76;77;78;79;80;81;82;83;84;85;86;87;88;89;90;91;92;93;94;95;96;97;98;99;100,100
A0A1Z4F080,0.625,2;3;4;5;6;7;8;9;10;11;15;16;18;19;24;25;26;29;30;31;32;33;35;38;40;41;42;43;44;46;48;49;51;52;55,56,2.191893876194954,1.099154742914149,0.98,1;2;3;4;5;6;7;8;9;10;11;12;13;15;16;17;18;19;20;21;22;23;24;25;26;27;28;29;30;31;32;33;34;35;36;37;38;39;40;41;42;43;44;45;46;47;48;49;50;51;52;53;54;55;56;57;58;59;60;61;62;63;64;65;66;67;68;69;70;71;72;73;74;75;76;77;78;79;80;81;82;83;84;86;87;88;89;90;91;92;93;94;95;96;97;98;99;100,100
A0A1Z4F4H3,0.36764705882352944,1;3;9;12;15;17;19;20;22;23;24;27;33;42;44;47;49;50;51;53;57;63;64;66;68,68,1.869498956799507,1.2682349678317497,0.38,1;9;10;20;21;22;25;28;30;32;34;36;37;39;47;48;49;50;51;52;63;64;66;69;71;72;75;76;77;79;82;85;91;92;93;94;99;100,100
A0A231H7W5,0.046153846153846156,9;11;37,65,1.9967391449213028,1.1612951462630494,0.06,11;17;36;49;63;74,100
A0A255DTC1,0.7704918032786885,1;2;3;4;5;7;9;10;11;12;13;15;16;17;18;19;20;21;22;23;24;26;27;28;30;31;32;33;34;35;37;38;40;41;42;43;44;46;47;48;50;52;56;58;59;60;61,61,2.198283854722977,0.9678106760243979,1.0,1;2;3;4;5;6;7;8;9;10;11;12;13;14;15;16;17;18;19;20;21;22;23;24;25;26;27;28;29;30;31;32;33;34;35;36;37;38;39;40;41;42;43;44;45;46;47;48;49;50;51;52;53;54;55;56;57;58;59;60;61;62;63;64;65;66;67;68;69;70;71;72;73;74;75;76;77;78;79;80;81;82;83;84;85;86;87;88;89;90;91;92;93;94;95;96;97;98;99;100,100
A0A285LZS8,0.2037037037037037,3;9;10;19;20;21;34;36;43;46;52,54,2.2516148215532303,1.202869148399169,0.11,1;8;10;23;24;27;38;58;80;83;91,100
A0A286MPQ6,0.3617021276595745,7;8;12;15;19;21;22;23;25;27;29;32;33;36;38;42;46,47,2.473149008154869,1.2565424340799969,0.65,1;2;5;6;8;9;10;11;12;13;14;15;16;17;18;19;21;22;25;26;28;29;30;31;32;33;34;37;38;41;42;43;45;47;50;52;53;54;55;56;58;59;62;63;65;66;67;69;70;73;74;77;78;80;82;84;88;89;91;92;93;94;95;96;99,100
A0A291RHD9,0.36363636363636365,3;6;7;8;15;17;19;20;21;25;27;30;32;33;35;36;45;46;47;48,55,2.3220417356491088,1.3098300290049203,0.33,1;3;6;7;8;9;11;19;23;24;25;27;30;33;35;38;42;43;47;49;60;61;63;73;74;75;78;81;89;91;94;95;99,100
A0A291RHE0,0.16176470588235295,6;11;25;32;33;38;42;47;55;56;64,68,1.9119886714220047,1.132984766568747,0.82,1;2;3;4;5;6;8;9;10;11;12;13;14;15;16;17;18;19;20;22;23;24;25;26;27;28;29;30;31;32;33;34;35;36;38;39;40;42;43;44;46;47;48;49;51;52;53;54;55;56;58;59;60;62;64;65;67;68;69;70;71;72;76;77;78;79;80;81;82;83;84;85;87;90;91;92;93;94;95;97;98;99,100
A0A291RWF7,0.37142857142857144,4;5;7;8;9;14;17;18;19;20;21;26;35,35,2.963258183002472,1.1186980776556303,0.35,1;4;6;7;13;17;19;25;27;30;39;44;48;50;52;53;54;55;61;64;65;69;74;80;81;83;89;90;91;92;94;96;97;99;100,100
A0A2A2ZGB2,0.45454545454545453,1;4;6;7;8;9;14;15;16;18;20;21;24;25;27;31;32;33;34;37;38;41;46;51;53,55,2.382487533688545,1.3451756718280563,0.62,1;2;5;8;10;11;12;13;14;15;16;17;19;20;21;23;24;26;28;29;31;33;35;39;41;44;45;47;48;49;51;52;53;55;57;58;59;60;61;62;63;64;65;66;68;69;71;72;73;75;79;81;83;85;86;88;90;93;94;95;97;100,100
A0A2A3LDA8,0.04,6;50,50,2.5081363379955293,1.2182526646286715,0.03,7;21;52,100
A0A2A7NAH8,0.2,3;8;12;14;20;27;29,35,2.837726559638977,1.2669401647006473,0.19,13;21;23;28;31;33;41;49;64;72;75;79;80;81;86;90;91;96;99,100
A0A2A7NH78,0.6949152542372882,2;3;4;5;7;8;9;10;12;13;16;17;18;19;20;22;23;24;25;26;27;29;30;31;32;33;34;38;39;40;41;42;43;44;49;50;51;53;56;57;58,59,2.211928505897522,0.9816067431347192,0.99,1;2;3;4;5;6;7;8;9;10;11;12;13;14;15;16;17;18;19;20;21;22;23;24;25;26;27;28;29;30;31;32;33;34;35;36;37;38;39;40;42;43;44;45;46;47;48;49;50;51;52;53;54;55;56;57;58;59;60;61;62;63;64;65;66;67;68;69;70;71;72;73;74;75;76;77;78;79;80;81;82;83;84;85;86;87;88;89;90;91;92;93;94;95;96;97;98;99;100,100
A0A2A9FBQ2,0.7169811320754716,1;2;3;4;5;6;10;13;14;15;16;18;19;21;22;23;24;25;26;27;28;31;33;35;36;37;38;39;40;42;43;44;45;48;49;51;52;53,53,2.3099222695827484,1.0558215188751994,0.94,1;2;3;4;5;6;7;8;9;10;11;12;13;14;15;16;17;18;19;20;21;22;23;24;25;26;27;28;29;30;31;32;33;34;35;36;37;38;39;40;41;42;43;44;45;46;47;48;49;50;51;52;53;54;55;56;57;58;59;60;61;62;64;65;66;67;68;69;70;71;72;73;74;75;76;78;79;82;83;84;85;87;88;89;90;91;92;93;94;95;96;97;99;100,100
A0A2G5PCS5,0.3333333333333333,1;2;4;9,12,3.0582122457027436,0.8421042711444815,0.36,5;7;9;10;13;17;19;21;25;31;32;35;36;37;40;43;47;51;55;65;67;70;73;75;77;78;82;83;84;85;86;88;91;93;97;100,100
A0A2G5PN19,0.1836734693877551,7;11;15;20;22;24;28;30;46,49,2.5965867948532106,1.2394652055144542,0.1,5;11;46;53;56;57;60;62;71;76,100
A0A2G8B7A9,0.32653061224489793,1;2;4;6;12;14;17;24;25;28;30;33;35;37;44;48,49,2.242696573138237,1.1298087153319134,0.83,1;2;3;4;5;6;7;8;9;10;12;13;14;15;16;17;19;20;23;25;26;27;28;29;30;33;34;35;36;37;38;39;40;41;42;44;45;46;47;48;49;50;51;52;53;54;55;56;57;58;59;60;61;62;63;64;65;66;68;71;72;73;74;75;77;78;79;80;81;82;83;84;88;89;90;92;93;94;95;97;98;99;100,100
A0A2I2L057,0.13846153846153847,4;6;8;13;19;22;57;61;64,65,2.098661522269249,1.0336629148924605,0.09,10;35;52;68;69;70;92;94;97,100
A0A2K4Y436,0.6590909090909091,3;4;5;6;7;8;9;10;12;14;16;17;19;20;21;23;24;26;27;28;29;31;33;34;35;38;39;41;44,44,2.447884155511856,1.0049215658657524,0.95,1;2;3;4;5;6;7;8;9;10;11;12;13;14;15;16;17;18;19;20;21;22;23;24;25;26;27;28;29;30;31;32;33;36;37;38;39;40;41;42;43;44;45;46;47;48;50;51;52;53;54;55;56;57;58;59;60;61;62;63;64;65;66;67;68;69;70;71;72;73;74;75;76;77;78;79;80;81;82;83;84;85;86;87;88;90;91;92;94;95;96;97;98;99;100,100
A0A2K4Y9B3,0.18181818181818182,4;7;9;18;23;24;26;29;37;42,55,2.3376139497756956,1.2039676630485325,0.3,1;2;4;6;8;9;10;11;16;19;21;22;28;35;38;41;44;47;50;54;56;58;65;68;69;75;78;81;84;92,100
A0A2K4YB08,0.24489795918367346,1;2;11;17;18;19;21;22;28;34;35;45,49,2.326917318701744,1.192170877541911,0.04,21;27;92;94,100
A0A2K4YB80,0.72,1;2;4;5;6;7;9;10;12;13;15;16;17;18;19;20;23;26;27;28;29;30;31;32;33;35;36;37;38;40;41;43;44;45;46;48,50,2.4198397266864777,1.0647481171848132,0.87,1;2;3;4;6;7;9;10;11;12;13;14;16;17;18;19;20;21;22;23;24;25;26;27;28;29;30;31;32;33;34;35;37;38;39;40;42;43;45;46;47;48;49;50;51;52;53;54;55;56;57;59;60;62;63;64;65;66;67;68;70;71;72;74;75;77;78;79;80;82;83;84;85;86;87;88;89;90;92;93;94;95;96;97;98;99;100,100
A0A2N3VL42,0.38333333333333336,8;10;12;14;16;17;18;22;24;25;27;29;31;33;35;37;39;41;42;43;46;54;57,60,2.1465825313329696,1.4023056754095875,0.95,1;2;3;4;5;6;7;8;9;10;11;12;13;14;15;16;17;18;19;20;21;22;23;24;25;26;27;28;29;30;31;32;33;34;35;36;37;38;39;40;41;42;43;44;45;46;47;49;50;51;52;53;54;55;56;58;59;60;61;62;63;64;65;66;67;68;69;70;71;72;73;74;76;77;78;79;80;81;82;83;84;85;87;88;89;90;91;92;93;94;95;96;98;99;100,100
A0A2N8P9Q2,0.42,6;7;9;11;16;17;18;20;23;24;25;26;31;34;35;38;41;43;45;46;47,50,2.4325108623504637,1.1985874973713078,0.98,1;2;3;4;5;6;7;8;9;10;11;12;13;14;15;16;17;18;19;20;21;22;23;24;25;26;27;28;29;30;31;32;33;34;36;37;38;39;40;41;42;43;44;45;46;47;48;49;50;51;52;53;54;55;56;57;58;59;61;62;63;64;65;66;67;68;69;70;71;72;73;74;75;76;77;78;79;80;81;82;83;84;85;86;87;88;89;90;91;92;93;94;95;96;97;98;99;100,100
A0A2S6AAE1,0.0,,56,2.4410232949256896,1.2055088239699299,0.0,,100
A0A2S8BGN3,0.45,2;4;7;11;19;20;23;25;26;27;28;31;32;33;34;35;36;38,40,2.7541468274593353,1.0788749527643577,0.86,1;2;3;4;5;6;7;8;9;10;11;12;13;15;16;17;18;19;21;22;25;27;28;29;32;33;34;35;36;37;38;39;40;41;42;43;44;45;46;47;48;49;51;52;54;55;56;58;59;60;61;62;63;64;65;66;67;68;69;70;71;72;73;74;77;78;79;80;81;82;83;84;85;86;87;89;91;92;93;94;95;96;97;98;99;100,100
A0A2T2Z8U3,0.5070422535211268,1;2;3;6;9;13;17;18;21;23;25;26;28;29;31;33;34;35;36;37;38;40;41;43;45;47;48;51;52;53;55;56;59;67;69;71,71,1.8243108296394348,1.0379171867161825,0.56,2;3;6;7;8;12;15;18;23;24;25;27;28;32;34;35;37;39;40;42;45;46;47;48;49;50;51;55;56;57;58;60;62;63;66;69;71;72;73;75;76;77;78;79;80;81;82;87;89;90;91;92;96;97;98;99,100
A0A2U3N8I6,0.3,2;4;7;9;16;23;24;27;29;32;33;39;42;43;47;54;55;59,60,2.117732294201851,1.259829798345136,0.07,5;11;51;59;71;83;90,100
A0A2U3NPT1,0.6415094339622641,1;2;3;4;8;10;11;12;13;14;15;16;17;18;19;21;22;23;24;25;26;28;29;32;33;35;37;38;40;41;43;44;45;47,53,2.2464500164985655,1.094781407455486,0.69,1;2;3;4;5;6;7;8;9;11;12;13;14;15;16;17;18;20;21;22;24;25;26;27;29;31;33;34;35;36;37;38;39;40;43;47;49;50;51;53;54;57;58;59;60;61;62;64;65;68;70;71;72;74;75;76;78;79;83;84;85;86;87;89;90;91;93;99;100,100
A0A2U3P0N3,0.3387096774193548,1;2;4;5;6;9;12;14;16;17;19;25;27;32;36;41;42;49;54;57;60,62,2.071724451780319,1.2182974380533251,0.09,13;22;30;50;64;65;69;73;93,100
A0A2U3P697,0.3728813559322034,2;4;5;8;9;10;11;18;20;21;25;27;28;31;34;35;38;42;45;50;53;56,59,2.10817788541317,1.146327111124555,0.55,1;4;5;6;10;11;13;14;15;16;17;18;19;21;23;24;27;28;30;34;36;38;39;40;42;44;45;47;48;49;51;52;55;56;57;58;60;61;63;65;66;69;70;72;75;76;77;78;83;86;87;90;91;95;100,100
A0A2U3PHP0,0.06060606060606061,9;32,33,2.7925207674503327,1.0627264697075622,0.19,8;11;37;42;54;58;62;64;65;71;75;80;83;84;90;93;95;96;97,100
A0A2U9PQ99,0.38461538461538464,2;3;4;5;11,13,3.2272924900054933,0.956200287262314,0.72,1;2;3;4;5;7;8;9;10;14;15;16;18;21;24;27;28;29;30;32;33;36;37;38;39;40;41;42;43;44;45;46;48;49;50;51;52;56;57;58;59;60;61;62;63;64;65;68;69;70;71;73;74;75;76;78;79;80;82;83;85;86;87;88;89;91;92;96;97;98;99;100,100
A0A2U9PXP1,0.13725490196078433,11;21;25;27;31;41;47,51,2.3192031341791153,1.1228379154881234,0.44,3;4;6;9;10;11;12;15;16;19;20;21;23;27;28;31;32;33;34;35;37;38;39;44;50;51;56;57;60;64;67;69;70;73;75;76;78;84;85;87;88;89;96;97,100
A0A317N4Q8,0.2962962962962963,6;10;12;13;15;18;19;21;24;27;30;34;40;42;43;54,54,2.3082757461071015,1.294473416083003,0.7,1;2;3;4;5;6;7;8;9;10;11;13;15;16;17;19;20;22;23;25;26;28;29;30;31;33;34;36;38;39;41;42;43;44;45;46;47;49;50;52;55;56;57;58;60;62;64;66;67;68;69;71;73;74;75;76;78;79;80;81;82;83;84;86;87;88;89;90;91;95,100
A0A318HI90,0.1951219512195122,6;12;15;19;23;31;36;39,41,2.6099879086017608,1.2363104234080515,0.02,61;70,100
A0A318JQK2,0.4857142857142857,1;3;5;6;11;12;13;14;15;16;18;21;22;23;24;28;34,35,2.8756738340854646,1.1873551998815823,0.67,2;3;4;5;6;7;8;9;10;12;13;14;15;16;18;19;20;22;23;24;25;28;29;30;31;32;33;34;35;38;39;42;44;46;48;49;51;52;53;55;56;62;64;65;67;69;71;72;73;74;76;77;78;79;82;83;85;87;90;91;92;94;95;96;97;98;99,100
A0A318JYA7,0.2,1;5;6;11;23,25,2.8729588985443115,1.0525431984083677,0.21,8;10;12;13;27;45;48;49;52;55;61;64;67;69;71;82;88;92;93;96;100,100
A0A318K9K9,0.3230769230769231,2;10;11;18;23;24;26;28;30;37;39;40;41;42;43;47;48;52;53;55;62,65,2.172117953300476,1.296056294487779,0.25,2;3;13;14;19;20;24;26;28;30;34;35;37;41;45;48;49;53;55;56;60;76;92;93;99,100
A0A329K2Y4,0.46551724137931033,2;4;7;8;13;15;16;18;21;22;23;26;30;31;32;33;38;41;42;46;47;48;51;52;54;56;58,58,2.053363411426544,1.173717072218088,0.95,1;2;3;4;5;6;7;8;9;10;11;12;13;14;15;16;17;18;19;20;21;22;23;24;25;26;28;29;30;31;32;33;34;35;36;37;38;39;41;42;43;44;45;46;47;48;49;50;51;52;53;54;55;56;57;58;59;60;61;62;63;64;65;66;67;68;69;70;71;72;73;74;75;76;78;79;80;81;82;83;84;85;86;87;89;90;91;92;94;95;96;97;98;99;100,100
A0A329KGE0,0.2545454545454545,5;14;15;25;26;27;28;31;35;43;50;52;53;54,55,2.349751047492027,1.0962478438321983,0.83,1;2;3;4;5;6;7;8;9;10;11;12;13;14;15;16;17;18;19;20;21;23;24;25;26;27;28;29;30;31;32;33;34;35;36;37;38;39;40;41;42;43;44;45;47;48;50;51;52;53;54;55;56;58;59;60;61;62;63;64;65;67;69;71;74;75;77;78;79;80;82;83;84;85;87;88;90;91;93;95;98;99;100,100
A0A329KUN3,0.4888888888888889,3;4;6;9;10;11;12;13;16;17;18;19;22;24;25;33;35;37;38;41;42;43,45,2.6562076246738435,1.103329909303947,0.86,3;4;5;6;7;8;9;10;13;14;16;17;18;19;20;22;23;24;25;26;27;28;29;30;31;32;33;34;35;36;37;39;40;41;42;44;45;46;47;48;49;50;51;52;53;54;55;56;57;58;59;61;62;63;65;66;67;68;69;70;71;72;73;74;75;76;77;78;80;81;82;83;84;85;86;88;90;91;92;93;94;95;97;98;99;100,100
A0A329LAU5,0.43636363636363634,3;4;5;7;8;9;10;12;14;22;26;29;32;34;35;37;38;43;44;45;46;47;53;55,55,2.2312825334072115,1.27131846694516,0.23,4;6;8;11;14;15;23;24;25;36;39;42;46;49;54;60;61;65;76;78;79;93;96,100
A0A329M492,0.24242424242424243,4;12;13;17;27;31;36;38;39;41;43;52;55;58;59;62,66,2.0556459069252013,1.0908918705221673,0.89,1;2;3;4;5;6;7;8;9;10;11;12;13;14;15;16;17;18;20;21;22;23;24;25;26;27;28;29;30;31;32;33;34;35;36;37;38;39;41;42;43;44;45;46;47;48;49;50;51;52;53;55;56;57;58;59;60;61;62;63;66;67;68;69;70;71;72;73;74;75;78;80;81;82;83;85;86;87;88;89;90;91;94;95;96;97;98;99;100,100
A0A345I2A9,0.2153846153846154,9;15;16;18;21;24;26;29;31;47;49;53;59;61,65,2.1136803817749024,1.3124091683702468,0.41,2;3;4;6;7;10;13;15;21;22;23;25;26;27;30;31;34;37;38;43;46;49;50;53;54;56;58;59;66;67;68;71;73;76;78;80;83;85;90;92;93,100
A0A370HAX8,0.06666666666666667,18;32;41,45,2.6857998192310335,1.358818136909897,0.23,8;18;27;31;34;44;45;46;47;50;51;54;61;63;64;69;72;74;75;80;82;90;100,100
A0A370I000,0.32608695652173914,3;4;7;10;12;16;23;31;32;35;38;41;43;45;46,46,2.644719118475914,1.1303416799655053,0.12,1;7;11;23;29;32;36;41;62;67;71;87,100
A0A370I008,0.43103448275862066,1;2;3;6;7;12;16;17;22;23;25;27;32;33;35;36;39;40;43;44;46;49;53;54;56,58,2.1287070709466933,1.0812350141012477,0.83,1;2;3;4;5;6;8;9;10;11;12;13;14;16;17;18;19;20;22;23;24;25;26;27;28;29;30;32;33;34;35;37;38;39;40;42;43;44;45;47;48;49;50;51;52;53;54;55;56;57;58;60;62;64;65;66;67;68;69;70;71;72;73;74;75;76;77;78;79;82;83;84;86;88;89;90;91;93;94;96;97;98;99,100
A0A373A3G8,0.39285714285714285,2;6;11;14;15;16;17;20;21;27;30;31;32;34;38;43;45;46;48;49;51;56,56,2.148415303826332,1.2550822775164254,0.66,1;2;3;4;5;7;8;9;10;11;12;13;15;16;17;18;19;20;23;26;27;29;31;32;33;34;35;36;37;38;39;40;42;44;45;47;48;49;52;53;56;57;58;59;61;62;63;64;65;69;70;71;72;77;81;83;84;86;87;91;92;93;95;97;98;100,100
A0A375YKM9,0.40540540540540543,2;3;5;6;9;15;20;22;23;28;29;30;32;33;36,37,2.7232978880405425,1.119891955421917,0.23,1;2;3;6;16;18;25;29;37;38;40;41;47;55;65;72;73;80;91;95;98;99;100,100
A0A375Z3F8,0.4489795918367347,2;5;6;7;11;12;14;15;16;17;18;20;21;25;26;29;33;36;40;41;43;46,49,2.3032367342710494,1.1835765754697407,0.31,3;7;10;11;13;14;17;20;22;28;40;46;49;57;59;60;61;62;64;66;67;73;81;85;86;88;89;91;92;97;100,100
A0A378T271,0.4,1;2;7;8,10,3.4685551023483274,1.0251498788279838,0.11,27;56;57;59;62;70;71;74;77;84;98,100
A0A378T283,0.39215686274509803,5;6;7;9;12;14;17;20;23;24;28;30;31;35;36;37;38;42;44;46,51,2.4168050569295882,1.262681454736349,0.31,1;5;7;9;16;21;26;28;29;30;34;35;48;50;54;55;56;61;63;67;68;72;74;77;82;85;87;88;89;90;91,100
A0A378TAR8,0.20454545454545456,6;13;14;21;24;30;36;37;41,44,2.5496524518728254,1.2684854158935002,0.74,1;2;3;4;5;6;7;9;11;12;14;15;16;17;19;20;21;22;23;25;26;27;28;29;30;31;33;35;36;37;39;40;41;42;45;46;48;49;50;51;54;55;56;58;59;60;61;62;64;65;67;68;69;70;73;74;75;76;78;80;81;84;87;88;89;90;91;93;94;95;96;97;99;100,100
A0A378UBH7,0.5957446808510638,1;2;3;4;5;6;9;10;11;12;13;14;15;16;17;18;19;21;22;23;24;25;26;27;28;31;38;41,47,2.6239094245433807,1.2469341336678408,0.75,1;2;3;5;6;7;8;9;10;11;12;13;14;15;16;18;19;20;21;22;23;24;26;27;29;30;31;32;34;35;36;37;39;40;43;44;45;46;47;50;51;52;53;55;56;59;60;62;63;64;65;66;67;68;69;70;72;73;74;75;77;78;80;81;82;83;84;85;86;87;88;89;91;92;95,100
A0A378WN66,0.47619047619047616,4;5;6;9;10;11;14;17;20;21;22;23;24;30;34;35;37;38;40;41;43;44;49;51;56;58;59;60;61;63,63,2.102057591676712,1.1538099518577014,0.35,2;4;9;11;13;14;17;18;27;28;32;37;45;48;49;52;53;56;57;58;59;66;69;74;76;80;81;86;87;89;90;93;97;99;100,100
A0A378YSF8,0.3333333333333333,2;3;4;5;8;11;15;20;22;30;33;35;37;38;39;42;44;46;47;60,60,2.2070576590299607,1.352300080256301,0.35,4;8;12;18;19;21;23;24;25;26;27;28;30;32;37;40;45;50;51;52;54;55;56;62;63;64;68;69;78;79;80;81;91;95;96,100
A0A386ZPG1,0.2222222222222222,12;16;17;19;20;23;35;39;44;45;48;53,54,2.2299133771657944,1.300891955942837,0.94,1;2;3;4;5;6;7;8;9;10;11;12;13;14;15;16;17;18;19;20;21;22;23;24;25;26;27;28;29;30;31;32;33;34;35;36;37;38;39;40;41;42;43;44;45;46;47;48;49;50;51;52;53;54;55;56;57;58;59;61;62;63;64;65;66;67;68;69;70;71;72;73;74;75;76;78;79;81;82;83;84;85;86;87;88;89;90;91;92;93;94;96;97;98,100
A0A3A4K4S5,0.23636363636363636,8;12;17;18;25;29;34;37;38;39;43;51;54,55,2.215153527259827,1.3372786824673604,0.48,1;2;3;7;8;9;14;15;18;20;21;22;23;28;29;32;33;34;36;37;39;41;43;44;46;47;48;50;51;52;53;55;63;66;68;69;70;74;78;82;83;86;90;92;93;94;95;99,100
A0A3E1HFK0,0.78,1;2;3;4;5;7;8;9;10;11;12;14;15;18;19;20;21;22;23;26;27;28;29;30;31;34;35;36;37;39;40;42;43;45;46;47;48;49;50,50,2.536460257768631,1.3529943507288236,0.8,1;2;3;5;6;7;8;9;10;11;13;14;15;16;19;21;22;24;25;26;27;28;30;31;32;33;34;35;36;37;38;39;40;41;43;44;45;46;47;48;49;50;52;53;54;55;56;57;60;61;62;64;65;68;69;70;71;72;73;74;75;76;77;78;80;81;82;83;85;86;87;88;89;90;92;94;95;96;97;99,100
A0A3M2L4P9,0.07692307692307693,7;16;19,39,2.6117892068624498,1.29683622830641,0.19,4;8;14;15;16;19;22;29;37;55;56;59;62;67;72;83;85;92;99,100
A0A3M2LDY9,0.37254901960784315,3;5;7;8;11;15;17;24;27;30;34;36;37;40;42;43;44;46;51,51,2.316275963783264,1.0930743605345787,0.1,7;41;49;50;62;63;71;73;86;98,100
A0A3Q9KMK0,0.02,5,50,2.363938273191452,1.2810137228783192,0.02,16;46,100
A0A3S3ZSH2,0.1,7;22;25;30,40,2.706076481938362,1.2294943349458527,0.25,13;15;18;22;25;30;33;37;38;39;42;46;49;50;55;56;62;63;69;70;75;79;81;95;98,100
A0A3S4RS92,0.10714285714285714,10;19;21;34;43;48,56,2.2165843951702118,1.218508399577692,0.11,26;35;37;44;53;56;58;62;71;84;97,100
A0A401VU81,0.6,2;4;9;11;13;14;15;16;17;18;19;20;22;23;29;30;31;32;33;34;35,35,2.955108162164688,1.2151380535725593,1.0,1;2;3;4;5;6;7;8;9;10;11;12;13;14;15;16;17;18;19;20;21;22;23;24;25;26;27;28;29;30;31;32;33;34;35;36;37;38;39;40;41;42;43;44;45;46;47;48;49;50;51;52;53;54;55;56;57;58;59;60;61;62;63;64;65;66;67;68;69;70;71;72;73;74;75;76;77;78;79;80;81;82;83;84;85;86;87;88;89;90;91;92;93;94;95;96;97;98;99;100,100
A0A401YDY7,0.01639344262295082,31,61,2.1387489449977877,1.2883186595145248,0.0,,100
A0A401YST3,0.30612244897959184,1;6;10;13;14;16;22;23;25;26;28;31;32;39;40,49,2.413006622195244,1.2264120394605542,0.37,2;5;9;10;11;14;16;18;22;28;29;30;31;34;35;38;40;41;44;45;46;51;54;62;66;70;72;73;77;78;82;87;89;95;96;99;100,100
A0A421AW77,0.4,2;3;5;8;9;10;13;14;18;21;23;28,30,2.666658855676651,0.9320142196094525,0.67,1;2;3;4;5;6;8;9;13;14;15;16;18;19;21;24;25;26;27;28;30;32;33;35;36;38;39;40;41;42;43;44;45;46;47;49;50;51;52;53;56;57;58;60;61;66;68;69;70;71;72;73;74;76;79;80;81;83;85;86;90;91;92;93;94;95;98,100
A0A426SF14,0.3090909090909091,3;4;5;9;15;16;17;21;22;23;29;32;35;36;40;41;47,55,2.292077561616898,1.2673585572530575,0.26,1;2;3;4;7;8;9;11;14;15;18;21;23;26;27;32;37;39;42;44;50;62;74;83;88;97,100
A0A438ATK5,0.7358490566037735,2;4;5;6;7;9;10;11;12;13;14;15;16;17;19;20;22;24;25;26;27;28;29;30;31;32;33;34;35;36;38;40;41;45;46;49;50;52;53,53,2.3611825847625734,1.0614580531174127,0.77,1;2;3;4;5;6;7;8;9;10;11;12;13;15;16;17;19;20;22;23;25;26;27;29;30;31;32;34;36;37;38;39;40;42;43;44;45;46;47;48;49;50;52;55;57;59;60;61;62;63;65;66;67;68;69;71;72;73;74;75;76;78;79;81;82;85;88;89;90;92;94;95;96;97;98;99;100,100
A0A438AUV2,0.06,1;7;39,50,2.4879026794433594,1.111708300723622,0.79,1;3;4;5;6;7;8;9;11;12;14;15;16;17;18;20;21;22;23;25;27;28;30;33;34;35;36;37;39;41;42;43;44;45;46;47;48;50;52;53;54;55;58;59;60;61;62;63;65;66;67;69;70;71;72;73;74;75;76;77;78;79;80;81;82;83;84;85;86;87;88;90;91;92;94;95;96;98;99,100
A0A447GD36,0.025,6,40,2.8420850682258605,1.2399091815588854,0.0,,100
A0A449GAD2,0.03125,10;32,64,2.0896902614831925,1.1787316992139212,0.02,7;69,100
A0A498PZU2,0.631578947368421,2;4;5;6;7;9;11;13;14;15;17;19;20;21;22;23;26;27;28;29;30;31;35;36;38;39;41;42;43;44;47;48;50;52;53;55,57,2.201853306889534,1.199391227682013,0.92,1;2;3;4;5;6;7;8;9;10;11;12;13;14;15;16;17;18;19;20;21;22;23;24;25;26;27;28;29;30;31;32;33;35;36;37;38;39;40;42;43;44;45;46;47;50;51;53;54;55;56;57;58;59;60;61;62;63;64;65;66;67;69;70;71;72;73;74;75;76;77;78;79;80;81;82;83;84;85;86;87;88;89;90;92;93;94;95;97;98;99;100,100
A0A498PZZ1,0.0,,47,2.54215805709362,1.3259702474009412,0.0,,100
A0A498QQD7,0.7903225806451613,1;2;3;4;5;6;7;8;9;10;11;12;13;14;15;18;19;20;21;22;23;24;25;26;27;28;30;31;32;33;34;35;36;37;40;41;43;45;46;47;51;52;53;54;56;57;58;59;60,62,2.0730908519029616,1.2951290228556396,1.0,1;2;3;4;5;6;7;8;9;10;11;12;13;14;15;16;17;18;19;20;21;22;23;24;25;26;27;28;29;30;31;32;33;34;35;36;37;38;39;40;41;42;43;44;45;46;47;48;49;50;51;52;53;54;55;56;57;58;59;60;61;62;63;64;65;66;67;68;69;70;71;72;73;74;75;76;77;78;79;80;81;82;83;84;85;86;87;88;89;90;91;92;93;94;95;96;97;98;99;100,100
A0A4Q7KNW3,0.43103448275862066,2;7;8;9;11;12;18;22;25;27;29;31;34;36;37;38;39;41;42;46;48;49;51;55;57,58,2.011393175125122,1.1079813611304123,0.94,1;2;3;5;6;7;8;9;10;11;12;13;14;15;16;18;19;20;21;22;23;24;25;26;27;28;29;30;31;32;33;34;35;36;37;38;39;40;41;42;43;44;45;46;47;48;49;50;51;52;53;55;56;57;58;59;60;61;62;63;64;65;66;67;68;69;70;72;73;74;75;76;77;78;79;80;81;82;83;84;86;87;88;89;90;91;92;94;95;96;97;98;99;100,100
A0A4Q9HZT3,0.26,2;3;10;16;18;19;22;26;29;32;37;42;46,50,2.2806107032299043,1.0930500236206213,0.39,1;3;5;6;8;11;12;13;14;16;17;19;20;21;28;31;34;39;40;41;43;45;46;51;53;55;56;57;58;59;61;68;69;72;81;86;90;92;94,100
A0A4R1FSR2,0.3137254901960784,5;8;10;12;13;14;15;22;24;26;28;30;36;46;47;48,51,2.4019872480630875,1.3179890844222617,0.43,1;2;5;8;9;13;15;16;17;18;21;23;25;26;27;31;32;35;37;38;40;41;42;45;47;53;54;55;56;59;62;63;64;73;75;78;83;85;87;89;91;98;100,100
A0A4R1FWD7,0.05970149253731343,50;61;66;67,67,1.847734385728836,1.0699996460361787,0.18,1;7;13;20;22;33;37;43;47;60;63;64;65;68;82;85;97;98,100
A0A4R5PD40,0.5671641791044776,3;4;6;8;11;12;14;15;16;20;21;22;25;26;27;29;30;31;33;34;35;36;37;38;40;41;43;44;46;48;49;50;51;55;57;61;62;66,67,1.793509230017662,1.1956575923659858,0.68,1;2;3;9;10;11;12;13;14;16;17;18;19;20;23;24;25;26;27;29;34;35;36;38;39;40;41;42;44;46;47;49;50;51;53;54;55;56;57;59;60;62;63;66;67;68;69;70;71;73;74;77;78;80;81;84;85;86;87;88;89;92;93;94;96;97;99;100,100
A0A4R5PF75,0.5,4;7;11;13;14;16;17;20;21;22;23;24;25;27;29;32;33;34;39;42;43;44;45;47;52;53;54,54,2.1178711104393004,1.055008291402288,0.94,1;2;3;4;5;6;7;8;10;11;12;13;14;15;16;17;18;19;20;21;22;23;24;25;26;27;28;29;30;31;32;33;34;35;36;37;38;39;40;42;43;44;46;47;48;49;50;51;52;54;55;56;57;58;59;60;61;62;63;64;65;66;67;68;69;70;71;72;73;74;75;76;77;78;80;81;82;83;84;85;86;87;88;89;90;91;92;93;95;96;97;98;99;100,100
A0A4R5WK74,0.175,4;13;23;29;31;34;38,40,2.810680418014526,1.2121459250563515,0.22,5;6;8;12;14;17;18;25;27;31;37;40;46;47;52;60;64;65;68;73;84;98,100
A0A4R5WKD4,0.16981132075471697,1;20;22;24;25;33;43;50;53,53,2.402184475064278,1.3671014413184956,0.29,3;7;10;18;20;21;22;23;25;27;31;33;41;57;63;66;69;72;73;75;78;80;82;84;86;90;91;98;100,100
A0A4R5X5Y0,0.23255813953488372,1;2;10;12;14;15;17;18;21;23,43,2.528615723848343,1.131808650531116,0.12,5;15;28;31;36;37;41;45;47;48;60;66,100
A0A4R6P566,0.4,4;10;11;12;13;15;16;17;23;27;28;31;34;36;37;39;40;41;42;44;52;54,55,2.185621455311775,1.1519643930708043,0.92,1;2;3;4;5;6;7;8;9;10;11;12;13;14;15;16;17;18;19;20;21;22;23;24;25;26;28;29;30;31;32;33;34;35;36;37;38;39;40;41;42;43;44;45;46;47;48;49;50;51;52;53;56;57;58;59;61;62;64;65;66;67;68;69;70;71;72;73;74;75;76;77;78;79;80;81;82;83;85;86;87;88;89;90;91;93;94;95;96;97;99;100,100
A0A4R7IZC0,0.29508196721311475,2;5;8;9;12;13;19;20;22;30;32;34;35;40;41;42;45;47,61,2.104984848499298,1.2973373896564555,0.39,2;3;5;6;10;11;12;14;15;19;20;23;25;28;32;33;35;36;37;41;45;46;51;53;54;56;57;59;60;62;63;66;71;74;77;81;87;89;91,100
A0A4R8R2S8,0.2878787878787879,8;9;14;17;19;21;22;26;27;30;34;35;40;41;44;51;58;59;62,66,1.9574892300367355,1.3422682093481972,0.15,12;17;19;29;38;40;52;55;60;65;80;86;87;93;98,100
A0A4R8S1E2,0.44,8;9;12;14;20;21;23;24;25;29;31;32;33;34;38;39;40;43;44;45;46;48,50,2.3926681530475618,1.3743892799827278,0.94,1;3;4;5;6;7;8;9;10;11;12;13;14;15;16;17;18;19;20;21;22;23;24;25;26;27;28;29;30;31;32;33;34;35;36;37;38;39;40;41;42;43;44;47;48;49;50;51;52;53;54;55;56;57;58;59;60;61;62;63;64;65;66;67;68;69;70;71;72;73;74;77;78;79;80;81;82;83;84;85;86;87;88;89;90;91;92;93;94;95;96;98;99;100,100
A0A4R8S1L2,0.55,5;7;9;10;13;16;18;19;20;23;24;25;27;28;29;30;31;35;36;37;39;40;41;45;46;48;49;50;52;54;56;57;59,60,2.169090620279312,1.1212642589536956,1.0,1;2;3;4;5;6;7;8;9;10;11;12;13;14;15;16;17;18;19;20;21;22;23;24;25;26;27;28;29;30;31;32;33;34;35;36;37;38;39;40;41;42;43;44;45;46;47;48;49;50;51;52;53;54;55;56;57;58;59;60;61;62;63;64;65;66;67;68;69;70;71;72;73;74;75;76;77;78;79;80;81;82;83;84;85;86;87;88;89;90;91;92;93;94;95;96;97;98;99;100,100
A0A4R8S6S5,0.14583333333333334,1;3;19;22;35;37;45,48,2.3577791726589203,1.0918579712987937,0.1,11;13;19;61;67;68;74;82;95;96,100
A0A4R8S7U6,0.5102040816326531,1;2;3;4;6;7;8;9;10;11;12;13;15;16;17;18;19;20;21;23;26;28;32;36;45,49,2.5544396936893463,1.2253453108016534,0.18,3;16;21;22;28;35;37;42;52;56;59;68;72;75;86;87;88;90,100
A0A4R8S8U4,0.3220338983050847,5;7;10;11;12;19;25;28;29;32;35;36;38;43;44;48;52;54;58,59,2.1814153498411177,1.1215545031505318,0.52,1;3;4;5;6;7;8;9;11;12;13;14;17;18;19;20;25;26;27;28;31;32;34;35;43;45;46;47;50;53;54;55;56;60;61;63;64;65;68;69;71;73;74;76;77;81;84;86;88;91;95;96,100
A0A4R8SET2,0.4,1;2;4;5;6;9;12;13;18;19;20;21;22;28;29;33;36;38;40;41;47;48,55,2.325599122047424,1.0408597393721166,0.82,1;2;3;4;5;6;7;8;9;10;11;12;13;14;15;16;17;18;19;20;21;22;23;24;26;27;28;29;30;31;32;33;34;35;36;37;39;41;43;44;45;46;48;51;52;53;54;55;56;57;58;59;61;62;63;64;65;66;67;68;69;70;72;73;74;75;76;77;78;79;80;81;82;83;84;87;90;91;92;93;95;98,100
A0A4R8SIE9,0.36065573770491804,1;3;4;5;9;12;14;18;19;21;23;24;25;26;29;30;43;47;49;52;57;59,61,1.9247231245040894,1.2735957129443214,0.41,3;4;6;8;10;11;16;17;19;20;23;24;27;28;30;34;36;38;44;45;49;52;53;54;55;57;63;64;68;73;75;80;82;85;87;90;92;95;97;99;100,100
A0A4R8T0X1,0.4,3;9;10;12;13;14;19;20;21;25;26;32;35;36;37;38;40;46;47;49;50;55,55,2.1758843982219696,1.2059051395852571,0.64,1;3;4;5;6;7;9;10;11;12;14;16;17;20;21;22;23;24;25;26;27;28;29;30;31;32;33;35;37;38;39;41;42;43;45;48;49;51;52;53;55;57;60;61;62;63;64;66;69;70;71;73;74;75;77;79;80;81;85;87;88;92;95;97,100
A0A4U8W070,0.8709677419354839,1;3;4;6;7;8;9;10;11;12;13;15;16;17;18;19;20;21;22;23;24;25;26;27;29;30;31;32;33;35;36;37;38;39;40;41;42;43;44;45;46;47;48;49;50;51;52;53;54;56;57;58;59;60,62,2.069865409731865,1.0625487220785301,0.92,1;3;4;5;6;7;8;9;10;11;12;13;14;15;16;17;18;19;20;21;22;23;24;25;26;27;28;29;30;31;32;33;34;35;36;37;38;39;40;41;42;43;44;45;46;47;49;50;51;52;53;54;55;56;57;60;61;62;63;66;67;68;69;70;71;72;73;74;75;76;77;78;79;80;81;82;83;84;85;86;87;88;89;91;92;93;94;95;96;97;98;100,100
A0A4V3HUY3,0.65,1;3;4;7;9;10;11;12;14;19;20;21;24;27;28;30;31;32;33;34;36;37;40;41;42;43;44;45;47;49;50;51;53;54;55;56;57;58;59,60,2.2928058636188506,1.088638896149885,1.0,1;2;3;4;5;6;7;8;9;10;11;12;13;14;15;16;17;18;19;20;21;22;23;24;25;26;27;28;29;30;31;32;33;34;35;36;37;38;39;40;41;42;43;44;45;46;47;48;49;50;51;52;53;54;55;56;57;58;59;60;61;62;63;64;65;66;67;68;69;70;71;72;73;74;75;76;77;78;79;80;81;82;83;84;85;86;87;88;89;90;91;92;93;94;95;96;97;98;99;100,100
A0A4V3I141,0.6031746031746031,3;6;7;10;11;13;15;16;17;21;24;25;26;27;28;29;30;31;33;34;35;36;37;38;39;40;41;42;44;48;51;52;53;56;57;60;61;63,63,1.861065440773964,1.2421338764816043,0.96,1;2;3;4;5;6;7;8;9;10;11;12;13;14;15;16;17;18;19;20;21;22;23;24;25;26;27;28;29;30;31;32;33;34;35;36;37;38;39;40;41;42;43;44;45;46;47;48;49;50;51;52;53;54;55;56;57;58;59;60;61;62;63;64;65;66;67;69;70;71;72;74;75;76;77;78;79;80;82;83;84;85;86;87;88;89;90;91;92;93;94;95;96;97;99;100,100
A0A4Z0HM23,0.2982456140350877,3;11;14;15;18;24;29;30;31;40;41;43;44;53;55;56;57,57,2.2960720109939574,1.2362338275392015,0.63,2;4;6;7;9;10;11;12;13;14;15;17;19;20;21;23;26;29;30;31;32;33;34;35;36;37;39;42;43;44;45;46;47;48;49;52;55;56;58;59;60;63;64;66;67;68;69;70;72;73;76;77;79;80;82;84;87;89;91;92;93;96;100,100
A0A4Z0HRY8,0.35185185185185186,2;3;4;5;7;9;13;15;16;19;27;29;31;33;36;37;47;51;52,54,2.302719842195511,1.2054558262851347,0.31,4;8;10;11;15;16;18;21;26;29;31;37;38;39;43;54;56;59;69;70;72;74;76;80;83;84;86;87;94;95;99,100
A0A4Z0HSE6,0.21739130434782608,8;13;15;19;21,23,3.2042288780212402,1.1801491696244197,0.21,8;10;11;24;25;28;32;43;48;51;54;61;66;68;77;84;87;88;89;91;93,100
A0A4Z0LXD8,0.5901639344262295,2;3;4;6;7;9;10;12;13;15;16;17;19;21;23;24;25;26;27;29;31;32;33;34;37;38;41;43;44;46;47;48;51;54;59;60,61,2.251412745118141,1.2424832474888228,0.99,1;2;3;4;5;6;7;8;9;10;11;12;13;14;15;16;17;18;19;20;21;22;23;24;25;26;27;28;29;30;31;32;33;34;35;36;37;38;39;40;41;42;43;44;45;46;47;48;49;50;51;53;54;55;56;57;58;59;60;61;62;63;64;65;66;67;68;69;70;71;72;73;74;75;76;77;78;79;80;81;82;83;84;85;86;87;88;89;90;91;92;93;94;95;96;97;98;99;100,100
A0A502EC16,0.075,3;14;15,40,2.6902753269672393,1.2368448255337952,0.11,1;3;7;10;20;27;28;46;49;53;98,100
A0A511M4D4,0.47540983606557374,3;4;7;8;10;11;12;14;16;20;21;24;25;27;31;33;35;36;38;40;42;48;49;52;55;57;59;60;61,61,2.102884775996208,1.2552050178912662,0.98,1;2;3;4;5;6;7;8;9;10;11;12;13;14;15;16;17;18;19;20;21;22;23;24;25;26;27;28;29;30;31;32;33;34;35;36;37;38;39;40;41;42;43;44;45;46;47;48;49;50;51;52;53;54;55;56;57;58;59;60;61;62;63;64;65;66;67;68;69;70;71;72;73;75;76;77;78;79;80;81;82;83;84;85;86;87;88;89;90;91;92;93;94;95;96;97;98;99,100
A0A516NPD0,0.5254237288135594,1;6;8;9;11;12;14;15;17;19;20;22;25;26;28;30;34;35;38;40;41;42;43;44;45;46;47;51;54;55;57,59,2.1650886768102646,1.1471603720631942,0.88,1;2;3;4;5;6;7;8;9;10;11;12;13;14;15;16;17;18;19;20;21;22;23;25;26;27;28;29;31;32;33;34;35;36;38;39;40;41;43;44;45;46;47;48;50;51;52;53;54;55;56;57;58;59;60;61;62;64;65;66;67;68;70;71;72;73;75;76;77;78;79;80;81;82;84;86;87;88;89;90;92;93;94;95;97;98;99;100,100
A0A542DCL6,0.4375,5;9;12;15;17;18;20;22;24;27;30;31;32;34;37;41;42;43;45;50;51;52;53;55;56;57;59;61,64,2.0141340357065203,1.237566307730077,0.98,1;2;3;4;5;6;7;8;9;10;11;12;13;14;15;16;17;18;19;20;21;22;23;24;25;26;27;28;29;30;31;32;33;34;35;36;37;38;39;40;41;42;43;44;45;46;47;48;49;50;51;52;53;54;55;56;57;58;59;60;61;62;63;64;65;66;67;68;69;70;71;72;73;74;75;76;77;78;79;80;81;82;83;85;86;87;89;90;91;92;93;94;95;96;97;98;99;100,100
A0A542XQI9,0.21568627450980393,2;15;16;19;20;29;41;46;49;50;51,51,2.253513771891594,1.049382645167424,0.07,18;26;50;61;79;84;97,100
A0A543EXG0,0.10909090909090909,24;26;35;39;44;51,55,2.166695249080658,1.2796537862528061,0.43,1;4;5;6;8;10;11;13;15;17;21;22;24;25;26;28;30;32;36;39;40;45;47;51;54;55;57;58;64;65;67;76;81;82;84;86;87;88;89;97;98;99;100,100
A0A544W0X3,0.10344827586206896,1;5;14,29,3.0947948551177977,1.2142628184148025,0.1,12;22;23;32;60;68;76;89;96;99,100
A0A544W3Y3,0.46875,3;5;6;7;10;11;13;14;15;16;17;22;23;25;29,32,2.8099613291025163,1.1962256493105012,0.08,14;20;33;37;51;75;92;93,100
A0A544W498,0.5576923076923077,2;3;4;5;6;9;11;14;15;16;17;18;20;22;24;25;27;30;33;34;38;39;40;41;42;47;48;49;51,52,2.3444211041927336,0.9786554408439617,0.96,1;2;3;4;5;6;7;8;9;10;11;12;13;14;15;16;17;18;19;20;21;22;23;24;25;26;27;28;29;30;31;32;33;34;35;36;37;38;39;41;42;43;44;45;46;47;48;49;50;51;52;53;54;55;56;57;58;59;60;61;62;63;64;65;66;67;68;69;70;71;72;73;75;76;77;78;79;80;81;82;83;84;85;86;87;88;89;90;91;93;94;95;96;97;99;100,100
A0A557XZJ5,0.4807692307692308,2;5;8;9;11;13;14;15;17;18;19;21;24;27;28;29;31;32;34;40;43;46;48;49;51,52,2.2857254827022553,1.2362102638024788,0.4,1;2;6;7;9;10;11;15;20;22;26;28;33;36;38;41;43;44;45;47;49;50;52;53;55;56;57;59;61;67;71;76;81;83;88;89;91;93;95;96,100
A0A561TWL9,0.0,,74,1.7981473362445832,1.062698162978603,0.0,,100
A0A5B1BH70,0.1206896551724138,10;11;13;18;20;33;54,58,2.203912627696991,1.2714767537686735,0.66,1;2;4;6;7;8;9;10;11;12;13;14;16;18;19;21;22;24;25;26;27;28;29;30;33;34;37;38;40;42;44;47;48;49;50;51;52;54;56;57;58;59;61;62;66;68;69;71;73;74;75;76;78;79;80;81;88;89;90;91;92;95;96;97;98;100,100
A0A5C7XWH5,0.4461538461538462,4;5;6;7;8;9;10;12;13;15;16;17;19;21;23;28;32;34;36;40;41;43;45;46;48;50;52;53;57,65,2.005788913965225,1.2223101470909756,0.43,2;5;7;9;11;12;13;14;15;16;17;24;26;27;28;31;32;35;36;38;39;41;43;45;46;51;54;55;58;59;60;64;65;66;69;70;74;79;81;82;83;86;89,100
A0A5C7YBR3,0.41304347826086957,1;4;6;8;10;11;12;13;14;15;17;21;23;24;33;36;44;45;46,46,2.527515436410904,1.2778646043351796,0.59,1;2;3;4;5;6;7;8;9;10;12;13;15;16;17;18;20;22;25;26;27;31;33;34;36;37;40;41;42;43;46;47;48;49;50;54;55;56;58;59;60;61;63;65;69;71;72;74;75;76;81;82;86;87;90;93;94;96;99,100
A0A5J4LNN8,0.32075471698113206,2;5;6;7;9;11;12;13;16;19;20;25;33;34;38;41;44,53,2.0992153877019883,0.9705094917461571,0.41,3;6;7;17;18;19;20;22;23;24;25;28;31;32;33;35;39;41;49;51;53;55;57;66;67;68;70;71;73;76;81;82;85;88;89;91;93;97;98;99;100,100
A0A5J5JW77,0.5970149253731343,4;7;8;9;11;14;15;18;19;20;21;22;23;24;25;27;29;31;32;33;35;37;39;42;43;44;45;46;47;49;50;51;53;54;55;56;57;61;64;67,67,1.9841120392084122,0.8609841788743272,0.68,1;2;3;4;6;7;8;9;10;12;13;16;17;18;19;21;22;23;26;27;29;31;32;37;38;39;41;42;44;47;48;50;52;53;54;55;57;58;59;60;63;64;65;67;69;70;71;72;73;74;75;76;78;79;80;81;86;87;88;89;90;91;95;96;97;98;99;100,100
A0A5N0E0J5,0.07692307692307693,11,13,3.050055354833603,0.9246509432173164,0.11,19;36;40;42;44;66;73;87;94;97;98,100
A0A5N0EJT8,0.08928571428571429,31;35;44;48;53,56,2.1988184797763823,1.3556753400583197,0.74,1;2;3;4;6;7;8;9;10;11;13;14;16;18;19;20;21;22;23;24;25;27;28;29;31;32;33;35;36;37;38;39;40;41;44;45;46;47;49;53;54;55;57;58;59;60;61;62;63;64;67;68;69;72;73;75;76;77;79;80;81;82;83;84;86;87;88;89;92;93;94;95;96;100,100
A0A5N0UWA7,0.5932203389830508,1;2;3;5;6;7;8;9;10;11;13;14;15;18;19;20;21;25;26;27;29;31;32;34;35;36;39;40;41;46;48;49;50;56;58,59,2.157450229525566,1.2977323614575946,0.45,3;4;8;9;10;12;14;18;19;21;25;26;29;35;36;37;39;40;41;43;47;49;52;54;55;56;57;58;61;62;69;70;71;72;75;76;77;83;85;89;91;93;95;96;97,100
A0A5N5VEC4,0.0,,47,2.601874547600746,1.3296450979595602,0.0,,100
A0A5Q5BJ80,0.022222222222222223,21,45,2.4759814596176146,1.3692786785625417,0.16,3;15;26;30;33;43;44;46;55;56;67;70;80;84;89;91,100
A0A5Q5CFF7,0.36666666666666664,1;3;5;6;8;9;11;20;28;29;30,30,2.9018518686294557,1.0550817277555526,0.61,1;4;5;6;8;9;10;12;14;16;17;18;19;20;21;22;23;28;29;30;32;33;34;38;40;43;45;47;48;49;51;52;53;54;55;58;59;62;64;65;66;67;69;70;71;72;73;75;78;79;80;81;85;86;87;88;89;93;95;97;100,100
A0A5R8NPV3,0.5068493150684932,4;5;6;7;8;12;13;15;16;18;19;20;21;22;23;24;25;26;27;33;34;36;39;40;42;43;45;46;50;51;52;53;54;60;63;68;72,73,1.869230580329895,1.0411914892365808,0.99,1;2;3;4;5;6;7;8;9;10;11;12;13;14;15;16;17;18;19;20;21;22;23;24;25;26;27;28;29;30;31;32;33;34;35;36;37;38;39;40;41;42;43;44;45;46;47;48;49;50;51;52;53;54;55;56;57;58;59;60;61;62;63;64;65;66;67;68;69;70;71;73;74;75;76;77;78;79;80;81;82;83;84;85;86;87;88;89;90;91;92;93;94;95;96;97;98;99;100,100
A0A5R8PAY8,0.0967741935483871,23;34;41;45;56;59,62,1.9939018672704696,1.1055850388418094,0.6,1;2;3;4;5;6;7;8;9;10;11;12;14;16;17;18;19;22;23;24;25;26;27;30;31;32;33;34;38;40;42;47;48;49;54;56;57;58;59;61;65;66;67;71;72;73;74;75;77;78;84;86;88;90;91;92;93;95;97;100,100
A0A5S9NMT1,0.038461538461538464,30;47,52,2.5377919656038284,1.2937435472095238,0.06,13;25;37;42;68;100,100
A0A640SD75,0.05,26;40;51,60,2.165238683819771,1.2007192619839688,0.04,4;47;73;81,100
A0A640UJM0,0.17307692307692307,2;8;9;14;19;23;31;33;52,52,2.109901449084282,1.1901785819020851,0.06,24;41;66;69;78;93,100
A0A653EJG9,0.4222222222222222,6;7;8;10;13;16;17;21;28;29;30;31;32;36;37;40;41;44;45,45,2.574729697108269,1.4221190779183643,0.49,1;2;4;7;10;11;12;13;14;15;16;17;18;20;21;22;23;25;27;28;30;31;34;36;38;39;43;50;51;54;55;56;58;60;62;63;66;68;74;78;85;86;88;89;90;94;95;99;100,100
A0A653FAQ0,0.8095238095238095,3;4;5;6;7;8;9;10;11;12;13;14;15;16;18;20;21,21,3.1053363716602327,1.0790590262814994,0.74,1;2;5;7;8;10;11;13;14;15;16;17;19;20;22;24;25;27;28;30;31;32;33;34;38;39;40;41;42;43;44;45;47;48;50;53;54;56;57;59;60;61;62;63;65;66;67;68;69;70;71;72;73;74;75;76;77;78;80;82;83;84;85;86;89;90;91;92;93;94;95;98;99;100,100
A0A653FCI4,0.18421052631578946,4;5;6;7;12;19;28,38,2.4783743631839754,1.025198261861905,0.46,1;6;8;12;14;16;17;18;19;20;21;22;24;26;33;36;38;39;41;45;47;51;53;54;57;62;63;64;65;66;68;69;70;71;72;74;78;79;81;83;85;89;91;94;97;99,100
A0A6A0AQ11,0.4888888888888889,1;6;7;10;11;15;17;19;20;24;27;29;30;31;32;33;34;35;36;38;41;45,45,2.561809605360031,1.0903673642553002,0.67,1;2;7;8;12;13;14;15;19;25;26;27;29;31;32;33;34;35;37;39;40;41;42;43;45;46;47;48;50;52;53;54;55;57;58;59;60;61;62;63;64;65;67;69;70;71;74;75;76;77;78;79;80;81;82;83;85;88;89;90;91;92;95;96;97;99;100,100
A0A6G3SLA6,0.13725490196078433,11;25;33;35;39;46;49,51,2.537831811904907,1.2963935942444929,0.48,2;3;4;5;7;8;9;10;12;13;18;19;20;26;28;29;31;32;33;35;40;46;49;51;52;53;54;57;59;62;66;67;72;73;74;75;77;85;86;87;88;89;90;91;92;93;99;100,100
A0A6G4AHJ1,0.4772727272727273,1;2;5;6;7;8;9;11;12;15;17;19;22;23;25;30;34;37;39;40;41,44,2.4743266892433167,1.213642282106905,0.61,1;3;4;5;6;7;9;10;13;14;17;18;19;20;21;23;24;25;26;27;28;29;31;33;37;38;39;40;41;43;45;46;48;49;50;52;54;56;58;61;63;66;71;72;73;74;75;78;79;80;81;82;84;87;89;90;91;92;93;94;98,100
A0A6G9XS88,0.15384615384615385,6;11;19;23;36;38,39,2.4994790041446686,1.0111432095898834,0.01,27,100
A0A6G9XT36,0.14285714285714285,3;4;5;9;27;35;46;57;63,63,2.294279171824455,1.4344104019175046,0.4,1;2;3;4;8;11;13;14;15;17;19;20;26;30;34;38;39;40;43;48;50;56;58;62;63;64;65;66;68;69;75;76;77;82;83;85;86;94;98;99,100
A0A6G9YM63,0.6527777777777778,1;3;4;6;7;8;11;13;15;16;17;18;19;20;22;23;24;26;27;31;32;33;34;35;36;40;41;42;43;44;45;48;49;50;51;52;53;54;56;57;58;59;63;66;68;69;70,72,1.7528224343061447,1.2229341151207358,0.18,24;26;33;47;49;55;59;62;64;66;67;74;77;78;84;90;93;99,100
A0A6G9YNU3,0.29411764705882354,6;7;19;22;23;24;25;28;29;32,34,3.0489199352264404,1.4456796637964244,0.55,1;2;3;5;6;9;10;11;14;18;20;22;24;25;26;27;28;30;31;32;33;34;37;39;42;47;48;50;51;52;53;54;56;57;58;62;66;67;68;70;71;72;74;77;78;80;85;86;87;88;90;93;94;95;100,100
A0A6G9Z057,0.3114754098360656,9;13;15;17;18;21;29;35;36;37;39;42;47;49;53;56;57;59;60,61,2.228274965286255,1.2336849266619085,0.09,19;24;49;56;60;63;71;85;94,100
A0A6G9Z0E6,0.22580645161290322,8;21;24;28;35;36;39;40;43;55;57;58;59;62,62,2.0970392626523973,1.2230680583342792,0.45,2;5;6;9;10;11;12;14;17;18;21;24;26;27;28;30;31;33;35;37;38;40;41;42;43;44;48;53;54;59;60;61;64;70;73;75;76;77;82;85;89;90;94;95;97,100
A0A6G9Z2E5,0.8307692307692308,1;3;4;5;6;7;8;9;10;11;13;14;15;16;17;18;19;20;21;22;23;24;25;26;27;28;29;31;32;34;35;36;37;38;39;42;43;44;45;46;47;49;50;51;53;54;55;56;58;59;60;61;62;64,65,2.030126452445984,1.0871246377337829,0.88,1;2;3;4;5;6;7;8;9;10;11;12;13;14;15;16;17;18;19;20;21;22;23;25;26;27;28;29;30;31;32;33;34;35;36;38;39;40;41;42;43;44;45;46;47;48;49;52;53;54;55;56;57;58;59;60;62;63;64;65;67;69;70;71;72;73;75;76;78;79;80;81;82;83;84;86;87;88;89;90;91;92;94;95;96;97;98;100,100
A0A6G9ZF28,0.3783783783783784,3;6;7;9;10;11;12;15;17;19;33;34;35;36,37,2.713618391752243,1.0702847336244938,0.25,5;7;10;17;19;25;31;33;35;47;50;51;52;54;58;63;68;69;79;81;86;87;89;91;99,100
A0A6H0S7C9,0.5294117647058824,2;5;6;7;8;10;13;14;17,17,2.9671359562873842,0.9459494218052329,0.35,6;20;21;23;25;32;35;37;42;49;50;56;61;63;65;67;68;69;70;72;73;79;82;83;84;86;87;88;91;92;93;94;95;99;100,100
A0A6I3L2J0,0.5238095238095238,7;10;11;16;17;18;21;22;23;24;25;26;27;28;29;33;36;37;38;39;41;43;46;47;48;50;52;53;54;55;56;59;62,63,2.1419014424085616,1.2605803234379858,0.71,1;2;4;5;6;7;9;10;11;12;13;16;17;18;19;23;24;25;26;27;32;33;35;36;39;40;43;44;45;46;48;49;50;52;53;54;55;57;58;59;61;62;64;65;67;68;69;70;71;72;73;74;75;76;78;80;81;82;83;85;86;87;88;89;90;91;92;95;96;97;100,100
A0A6J5A950,0.0425531914893617,8;37,47,2.5366268944740296,1.2844992223302323,0.02,46;92,100
A0A6N4URH6,0.19607843137254902,3;9;13;20;26;33;36;39;44;49,51,2.2745252227783204,1.1878340235792717,0.05,41;71;72;89;100,100
A0A6N4VDZ9,0.0,,42,2.6285255628824236,1.1315110451838744,0.0,,100
A0A6N4W3I8,0.07692307692307693,4;8,26,2.892485785484314,1.0732595199984127,0.17,10;13;17;20;24;28;29;31;37;53;65;66;84;87;96;97;98,100
A0A6N4W768,0.0,,42,2.6291403806209566,1.1120368709173152,0.0,,100
A0A6P1CTQ2,0.46296296296296297,2;3;4;6;7;12;13;15;16;17;19;20;21;23;26;27;28;33;37;38;39;40;47;49;54,54,2.241463086605072,1.1753372092636303,0.26,5;6;7;9;11;12;13;22;23;26;36;41;43;46;50;60;64;68;74;82;84;86;92;93;95;99,100
A0A6P1D575,0.7213114754098361,1;2;5;6;7;8;9;10;12;13;14;15;16;17;18;20;23;24;25;26;28;29;32;34;36;37;38;39;41;42;43;44;45;46;47;48;49;51;52;53;54;56;59;60,61,2.0720098286867143,1.1356353592501813,0.87,1;2;3;4;5;6;7;8;9;10;11;12;13;14;15;16;17;18;19;20;21;22;23;25;26;27;28;29;30;31;32;33;34;36;37;38;39;40;41;42;44;45;46;48;49;50;51;52;53;54;55;56;57;58;59;60;61;62;63;64;65;66;67;69;70;72;74;75;76;78;79;80;81;82;84;85;86;87;89;90;91;93;94;95;96;97;99,100
A0A6S6NYQ7,0.2222222222222222,1;4;11;12;17;22;23;25;26;33;36;38;41;63,63,2.060372142791748,1.2874274279023747,0.11,13;16;25;42;51;53;67;70;73;82;89,100
A0A6S6P6D8,0.1111111111111111,6;11,18,3.0679942083358767,1.0288359061774437,0.03,11;17;24,100
A0A7D6E1I6,0.38333333333333336,3;12;14;16;18;20;22;26;27;33;34;35;38;39;40;41;45;48;50;52;54;56;58,60,2.0631353318691255,1.3125706708714346,0.5,1;2;3;4;5;6;13;14;16;17;18;20;21;22;24;25;27;31;33;34;35;37;40;42;46;47;50;54;55;57;59;60;61;65;69;71;73;74;75;77;78;79;82;86;87;89;91;96;97;100,100
A0A7D6ZHA2,0.07894736842105263,13;29;31,38,2.846205919981003,1.3515931677708328,0.1,5;18;23;32;36;41;44;47;76;87,100
A0A7G1KQI6,0.30612244897959184,3;7;14;18;19;24;25;27;28;30;34;36;40;42;43,49,2.4467893904447555,1.303289280954449,0.71,1;2;3;4;5;6;7;9;11;12;13;14;15;16;17;18;20;21;23;24;25;26;29;31;32;33;38;40;41;42;43;44;45;46;47;48;49;50;51;52;55;57;58;61;63;64;67;69;70;71;73;75;77;79;80;81;83;84;86;87;88;89;90;92;93;95;96;97;98;99;100,100
A0A7G8PBZ5,0.75,1;2;3;5;6;7;8;9;12;13;14;15;17;19;20;21;22;23;24;25;26;27;28;31;32;34;37;38;39;40,40,2.643850905895233,1.1506932181617542,0.9,1;2;3;4;5;6;7;8;9;10;11;12;14;15;16;17;18;19;20;21;22;23;24;25;26;27;28;29;30;31;32;33;34;35;36;38;39;40;41;42;43;44;45;46;47;48;49;50;51;52;53;55;56;57;58;59;60;61;63;65;66;70;71;72;73;74;75;76;77;78;79;80;81;82;83;84;85;86;87;88;90;91;92;93;94;96;97;98;99;100,100
A0A7G8PH04,0.03636363636363636,17;21,55,2.2837951016426086,1.0396236907030783,0.21,3;5;7;14;16;22;30;34;39;42;48;55;59;62;63;67;73;75;77;96;97,100
A0A7G8PH05,0.41379310344827586,5;9;11;12;14;15;16;18;19;20;22;26;27;28;29;30;34;35;40;42;44;46;50;51,58,2.2874106043577194,1.1752198822553233,0.55,1;3;4;5;7;8;9;11;13;15;18;25;28;34;38;39;40;44;45;46;47;48;52;53;56;57;58;59;60;61;63;64;66;68;69;70;71;72;74;75;76;77;78;79;81;82;83;86;87;89;91;93;94;99;100,100
A0A7H0I6F1,0.2,3;5;8;10;15;16;21;22;26;39;43,55,2.170136083960533,1.1624551040433666,0.12,3;26;35;59;66;75;76;78;85;86;90;99,100
A0A7H1Q5K4,0.045454545454545456,1;27,44,2.496626627445221,1.1815745001720155,0.01,26,100
A0A7I7JNU6,0.5084745762711864,1;4;9;10;12;13;14;15;16;17;18;19;20;21;23;25;26;28;29;31;33;35;37;44;45;51;54;56;57;58,59,2.121495218873024,1.3798817406556045,0.37,1;3;4;5;6;8;11;12;15;18;21;22;23;26;28;31;32;34;38;45;46;50;53;54;55;56;62;63;64;67;73;77;81;82;88;90;97,100
A0A7I7KQ88,0.25925925925925924,2;4;5;10;12;13;15;16;25;27;34;35;37;43,54,2.196613553762436,1.34548836941887,0.27,11;14;19;21;22;23;33;34;35;39;44;47;53;54;59;61;63;65;66;69;75;82;88;89;93;94;97,100
A0A7I7LJC3,0.10416666666666667,5;26;35;39;44,48,2.5248512196540833,1.133648485714681,0.05,2;20;21;26;55,100
A0A7I7MPF4,0.6274509803921569,1;2;3;4;6;7;8;9;10;14;16;17;19;21;22;24;27;28;30;31;33;34;35;37;39;40;42;43;44;45;48;49,51,2.4086467492580415,1.334784474499943,0.8,1;2;3;4;5;6;7;8;9;10;11;12;13;14;15;17;18;20;22;23;26;27;28;29;31;32;33;34;35;36;38;39;40;41;42;43;44;45;47;49;50;51;52;53;56;57;60;61;63;65;66;67;68;70;71;72;73;74;75;76;78;79;80;81;82;83;84;86;87;88;89;90;91;92;93;94;95;96;98;99,100
A0A7I7NVN0,0.08,7;10;47;48,50,2.5299303221702574,1.371778260636761,0.21,15;17;19;28;32;33;40;42;47;52;54;61;65;69;71;75;77;82;85;92;93,100
A0A7I7P449,0.5573770491803278,1;2;4;6;7;9;10;11;14;16;17;18;20;21;22;23;24;27;28;29;32;34;37;40;46;47;51;52;53;54;56;57;58;60,61,1.9852453809976578,1.006127816517651,0.68,1;2;5;7;8;9;10;11;12;16;20;21;22;24;26;27;28;29;31;33;34;35;37;38;40;41;42;43;45;48;49;50;52;53;54;55;56;57;59;61;62;63;64;65;66;67;70;71;72;73;75;76;78;79;81;82;84;85;87;88;89;91;93;96;97;98;99;100,100
A0A7I7PH49,0.044444444444444446,22;35,45,2.4101011085510256,1.179622962678929,0.06,5;28;44;51;58;72,100
A0A7I7PIE9,0.5,4;5;7;8;9;10;12;13;14;15;16;19;21;25;27;28;30;33;34;35,40,2.643199561238289,1.3002523971846243,0.37,1;3;5;7;10;12;13;14;15;17;18;22;27;32;33;34;38;42;43;45;46;59;60;64;67;68;69;71;73;75;84;85;88;89;96;98;99,100
A0A7I7Q331,0.017241379310344827,45,58,2.069973984956741,1.2317802489267593,0.0,,100
A0A7I7Q4Z2,0.23255813953488372,3;4;11;19;25;27;31;32;37;43,43,2.811998605132103,1.4330380177638573,0.4,1;2;8;9;10;11;12;13;16;23;24;26;27;33;37;38;39;44;47;50;51;53;54;56;58;59;61;63;64;65;70;71;79;81;82;87;89;95;96;99,100
A0A7I7QB07,0.4523809523809524,3;7;11;14;15;16;17;19;23;25;27;28;32;34;35;37;38;41;42,42,2.5144764339923857,0.8687952453593885,0.96,1;2;3;4;5;6;7;8;9;10;11;12;13;14;15;16;17;18;19;20;21;22;23;24;25;26;27;28;29;30;31;32;33;34;35;36;38;39;40;41;42;43;44;45;46;47;48;49;50;51;52;53;54;55;56;57;58;59;60;61;62;63;64;65;66;67;68;69;70;71;72;73;74;76;77;79;80;81;82;83;84;85;86;87;88;89;90;91;92;93;95;96;97;98;99;100,100
A0A7I7QL20,0.5833333333333334,1;2;3;6;7;8;12,12,3.1588532555103304,0.9323833208203232,0.29,2;8;10;12;15;16;18;24;26;30;52;54;57;59;62;64;66;68;72;76;78;80;82;85;88;90;92;95;96,100
A0A7I7QP40,0.32558139534883723,7;8;9;10;14;20;21;25;27;30;34;36;37;38,43,2.5332796293497086,1.2367252111642977,0.03,46;47;54,100
A0A7I7QP46,0.6545454545454545,2;3;4;5;6;7;11;12;13;16;17;18;19;20;22;23;24;25;26;27;29;30;31;32;33;34;37;38;39;40;41;42;43;45;50;53,55,2.1968111896514895,1.1687789683365417,0.57,2;4;5;6;8;9;10;11;12;13;15;16;18;19;20;21;23;27;29;30;31;32;33;36;37;39;41;43;44;45;48;49;50;53;55;56;61;63;65;66;69;70;73;74;76;78;80;84;85;86;90;91;93;94;95;98;100,100
A0A7I7R3J2,0.76,1;2;4;6;7;8;9;10;11;12;13;14;15;16;17;19;21;22;23;24;25;27;31;32;33;34;35;36;37;38;39;40;41;45;46;47;48;49,50,2.353938255906105,1.0912141759083256,0.62,1;2;4;5;7;8;9;11;14;17;18;19;20;21;22;23;25;28;29;30;31;33;34;35;37;38;39;40;42;45;49;50;51;52;53;55;57;58;60;61;62;63;65;66;70;74;77;78;79;81;84;85;86;87;88;89;91;95;96;97;99;100,100
A0A7I7RUI0,0.3023255813953488,1;4;7;9;13;14;19;20;22;24;26;28;43,43,2.480728791356087,1.1333689716467379,0.01,82,100
A0A7I7RZ78,0.19642857142857142,6;14;19;21;24;27;32;37;43;45;47,56,2.227540048956871,1.2193097801915753,0.33,2;3;5;10;11;13;14;15;23;28;31;39;40;43;47;50;54;55;60;63;64;65;66;67;77;79;81;82;83;84;87;91;95,100
A0A7I7S1X3,0.07317073170731707,4;15;20,41,2.6791743099689485,1.2906967856706764,0.07,31;35;50;60;81;82;90,100
A0A7I7SCY4,0.36585365853658536,1;4;6;7;9;10;11;16;19;20;22;27;28;31;36,41,2.7114259493350983,1.1190510288040367,0.22,5;8;20;24;45;48;50;57;58;59;62;69;74;75;83;84;85;89;90;96;97;98,100
A0A7I7SXJ5,0.20408163265306123,3;6;8;12;23;24;25;31;35;37,49,2.4742629384994506,1.270718210498844,0.93,1;2;3;4;5;6;7;8;9;11;12;13;14;15;16;17;18;19;20;21;22;23;24;25;26;27;28;30;31;33;34;35;36;37;38;39;40;41;42;43;44;45;46;48;49;50;51;52;53;54;55;56;57;58;59;60;61;62;63;64;65;67;68;69;70;71;72;73;74;76;77;78;79;80;81;82;83;84;85;86;87;89;90;91;92;93;94;95;96;97;98;99;100,100
A0A7I7TD11,0.4444444444444444,2;3;4;6;8;9;10;12;14;17;19;20;21;26;28;33;34;38;39;40;41;45;47;48;49;50;56;59,63,2.0671579885482787,1.089230874747619,0.5,1;2;3;6;7;9;11;12;13;15;16;18;19;22;24;26;27;28;30;31;33;36;37;45;50;51;55;57;58;61;62;63;64;66;69;71;77;78;79;80;81;83;85;87;89;90;92;93;97;99,100
A0A7I7UBW3,0.575,2;4;5;8;9;10;11;12;15;17;20;23;24;25;29;31;32;33;34;36;37;38;39,40,2.65599555850029,1.177452613041158,0.79,1;2;3;4;5;6;7;8;9;10;11;12;13;14;16;17;18;19;20;21;22;23;24;25;26;27;28;29;30;31;33;34;35;36;37;39;40;41;42;43;44;45;52;53;54;55;56;57;58;59;60;61;62;63;65;66;68;71;72;73;74;75;76;77;78;82;83;85;86;88;89;90;91;92;93;96;97;98;100,100
A0A7I7VZ71,0.4523809523809524,4;6;8;9;10;11;12;14;15;16;19;21;23;24;29;31;32;34;37,42,2.6510732090473175,1.2154097505760253,0.05,63;83;87;88;94,100
A0A7I7WCE0,0.5555555555555556,2;3;4;5;6;7;9;10;11;13;15;17;18;20;21;22;26;28;29;34;37;39;40;41;43;44;45;46;47;48;50;51;56;59;63,63,2.0837582504749297,1.2220999143868698,0.69,1;2;3;4;5;6;8;9;10;11;13;14;15;16;17;18;19;20;22;23;24;26;27;28;30;31;32;34;35;38;42;44;45;46;47;48;54;56;57;58;59;61;62;66;67;68;69;70;71;72;73;75;76;77;79;81;83;85;87;88;90;91;92;94;96;97;98;99;100,100
A0A7I7WJN8,0.15217391304347827,5;9;17;22;30;36;45,46,2.5239226877689362,1.2114238839260945,0.22,3;7;10;11;18;19;20;23;24;27;34;37;38;50;52;54;70;71;77;85;93;96,100
A0A7I7X9D1,0.25,13;20;21;22;23;25;30;32,32,2.8822625386714935,1.1736810619878553,0.33,3;4;5;11;13;14;16;19;21;23;27;30;31;36;37;46;48;51;53;61;66;69;70;71;77;81;85;86;88;89;90;91;95,100
A0A7I7X9S1,0.1111111111111111,3;10;12;31;37;51,54,2.327161384820938,1.1815940388887647,0.1,1;2;5;7;15;33;53;61;64;88,100
A0A7I7X9S2,0.37254901960784315,1;7;9;12;13;15;17;19;20;21;22;23;24;25;29;31;34;47;50,51,2.5557546365261077,1.4041595533480993,0.34,1;2;5;7;9;12;17;20;21;23;25;28;30;33;34;35;37;45;51;55;56;59;62;63;64;68;75;76;77;78;89;96;99;100,100
A0A7I7XP41,0.09615384615384616,2;7;15;23;29,52,2.431546753048897,1.3529097701341672,0.12,22;30;31;32;37;39;48;54;61;82;93;99,100
A0A7I7XXG0,0.4117647058823529,2;3;5;6;8;11;12;14;16;17;19;21;30;31,34,2.7791344749927522,1.043183002747337,0.03,12;50;66,100
A0A7I7YUU0,0.08620689655172414,6;13;21;35;54,58,2.098790935277939,1.1979899197333268,0.33,3;4;5;10;12;14;15;16;21;23;28;29;34;37;39;41;43;50;53;54;57;61;62;65;67;81;89;92;94;95;96;97;100,100
A0A7I7YXB1,0.15151515151515152,2;7;12;19;23,33,2.715719836950302,0.9681114273818033,0.03,37;49;99,100
A0A7I7ZRH7,0.41304347826086957,1;2;3;4;7;15;16;17;18;21;22;23;25;29;32;37;40;41;46,46,2.590018562078476,1.3897010257768585,0.45,2;3;5;10;11;12;15;16;20;21;22;25;26;29;36;37;38;39;40;41;42;43;44;48;51;53;54;55;59;62;66;67;70;72;74;76;78;79;80;81;83;86;91;92;97,100
A0A7I9WQZ1,0.06382978723404255,14;19;34,47,2.4962899082899095,1.3040539502999104,0.02,7;34,100
A0A7I9XMW5,0.26,2;11;12;17;21;24;26;28;35;42;43;45;46,50,2.4379720640182496,1.3631262153925534,0.28,2;7;8;11;13;14;19;22;23;25;35;36;45;47;48;50;55;60;62;66;67;70;73;82;85;89;93;100,100
A0A7I9Y2B3,0.43137254901960786,1;2;3;4;7;9;10;16;20;21;22;23;24;27;28;29;31;35;38;41;46;50,51,2.282547759413719,1.2844772942655351,0.21,9;15;16;17;18;24;28;30;32;36;41;42;44;51;52;58;66;69;70;82;95,100
A0A7I9YES0,0.5818181818181818,1;3;4;5;6;8;10;11;12;18;19;21;24;26;27;28;30;33;34;35;36;37;38;39;41;43;45;46;47;49;52;53,55,2.1971628499031066,1.3150351180588633,0.49,1;2;3;6;9;10;15;17;19;23;24;25;27;28;29;33;35;36;38;39;41;42;45;47;49;50;53;57;59;61;63;66;67;70;71;72;73;77;78;80;81;83;84;85;88;92;94;96;97,100
A0A7I9YMY6,0.3,3;8;10;12;14;15;16;17;19;25;29;32;35;42;45;49;57;59,60,2.2552807146310805,1.279459040614936,0.45,3;5;6;7;11;12;15;20;21;22;26;31;33;38;39;40;43;44;48;49;50;51;52;54;55;56;57;59;61;62;63;64;66;69;70;71;76;78;85;88;91;93;95;96;100,100
A0A7I9YZ18,0.6829268292682927,1;3;4;6;7;8;9;11;15;17;18;20;21;22;23;24;26;27;28;29;30;31;33;34;35;37;40;41,41,2.4512619388103487,0.8717498197425642,0.91,1;2;3;4;5;6;7;8;9;10;11;12;13;14;15;16;17;18;19;20;21;22;23;24;25;26;27;28;29;30;31;32;33;34;35;37;38;40;42;43;45;46;47;48;49;50;51;52;53;54;55;56;57;58;59;60;61;62;63;64;65;66;69;70;71;72;73;74;75;76;77;78;79;80;81;83;84;85;86;87;88;89;91;92;94;95;96;97;98;99;100,100
A0A7I9Z5A6,0.32653061224489793,7;9;12;13;17;22;23;24;28;33;34;36;42;43;44;48,49,2.5672735130786895,1.2129333771453963,0.69,1;2;3;5;7;8;9;10;12;14;15;16;17;18;19;20;22;23;27;28;29;30;32;33;34;35;36;37;38;39;40;41;42;43;44;45;46;47;49;51;53;55;57;59;60;65;67;68;69;70;71;72;73;76;78;80;81;82;83;84;86;87;88;90;92;94;95;96;97,100
A0A7I9Z705,0.4166666666666667,1;3;7;11;12;19;20;21;22;23;24;25;26;28;29;30;31;34;35;36;39;43;45;50;55,60,2.2156657606363295,1.0610158772388874,0.58,1;4;9;10;11;12;15;16;18;19;21;22;23;24;26;27;28;30;32;35;36;38;41;42;44;46;47;49;50;51;52;54;55;59;60;61;62;63;64;66;67;68;71;72;73;77;79;80;84;86;87;91;92;93;94;98;99;100,100
A0A7I9ZAR1,0.22033898305084745,4;6;8;9;11;19;25;31;43;49;52;54;58,59,2.210215947628021,1.226588834534322,0.05,6;62;82;90;93,100
A0A7I9ZCH7,0.45161290322580644,2;5;7;10;11;14;16;18;19;20;22;24;27;31;32;33;34;36;38;43;47;48;50;55;56;57;59;60,62,1.9373441261053086,0.9983539157750912,0.41,1;2;5;6;9;10;11;13;16;17;18;19;23;26;29;32;33;36;37;38;41;42;43;45;50;51;58;59;60;62;63;64;70;74;75;77;80;83;90;94;99,100
A0A7I9ZRY4,0.3469387755102041,5;6;7;8;9;12;13;16;19;21;22;23;24;25;33;36;40,49,2.4210471165180207,1.2589494077069883,0.4,10;13;16;21;22;26;28;29;30;31;35;38;42;43;44;45;46;54;57;59;61;63;64;65;69;72;74;75;76;79;80;82;84;87;88;89;90;91;92;95,100
A0A7K0D4H1,0.578125,1;3;5;6;7;9;11;13;16;17;18;19;20;21;22;23;24;25;26;29;33;36;38;40;42;43;46;48;49;50;51;52;53;55;56;61;62,64,2.084556541442871,1.154910567969639,0.93,1;2;3;4;5;6;7;8;9;10;11;13;15;16;17;18;19;20;21;22;23;24;25;26;27;28;29;30;31;32;33;34;35;36;37;38;39;40;41;42;43;44;45;46;48;50;51;52;53;54;55;56;57;58;59;60;61;62;63;64;65;66;67;68;69;70;71;72;73;74;75;76;77;78;79;80;81;82;83;84;85;86;87;88;89;90;91;93;94;95;97;98;100,100
A0A7K0DM07,0.0,,66,1.9270041739940644,1.1129821745247424,0.0,,100
A0A7K1VB93,0.2807017543859649,1;5;6;10;13;14;18;19;21;24;27;29;37;44;46;51,57,2.1754970037937165,1.251653400697966,0.64,1;2;3;4;5;6;7;8;9;10;11;13;15;16;18;20;21;23;24;25;26;27;28;29;30;32;33;36;37;39;40;42;45;46;47;48;49;51;52;53;55;59;60;61;62;64;65;66;68;69;70;71;72;73;75;77;82;83;88;89;90;92;98;99,100
A0A7K3LE40,0.3275862068965517,2;6;7;9;12;14;15;16;21;26;28;32;33;40;41;45;51;52;58,58,2.2823828583955765,1.4351990516896826,0.24,5;16;17;21;35;39;41;54;58;60;61;65;66;67;69;73;76;81;87;90;92;93;95;97,100
A0A7K3R588,0.35714285714285715,1;5;6;9;12;13;20;22;25;26;29;30;32;35;38,42,2.6035052347183227,1.190087208365317,0.65,1;3;4;7;8;9;10;11;12;13;14;16;17;18;19;22;23;25;26;27;29;30;31;33;34;36;37;38;40;41;42;46;47;48;49;50;51;52;53;54;55;59;60;62;63;67;68;69;71;72;73;76;78;80;81;82;83;85;87;90;93;94;96;97;98,100
A0A7R7MY24,0.33962264150943394,2;9;12;13;15;20;23;26;28;29;30;34;39;41;49;51;52;53,53,2.3907790195941927,1.1281567792046738,0.46,3;5;8;10;13;14;15;16;19;20;22;24;25;27;28;29;31;32;33;34;35;36;37;40;42;46;48;51;52;53;54;57;59;62;63;69;70;75;76;77;87;90;93;94;95;96,100
A0A7T1TD85,0.2682926829268293,2;4;5;8;11;12;19;24;25;30;36,41,2.529337898492813,1.0610547677587499,0.08,37;38;53;62;63;73;76;79,100
A0A7U5MR51,0.5652173913043478,2;6;7;8;9;11;12;13;14;15;20;21;23;24;26;27;28;30;31;33;34;36;37;38;42;44,46,2.323667742609978,1.1571158299884672,0.72,1;2;3;4;5;7;8;9;11;12;14;16;17;19;20;21;23;25;26;28;31;34;35;36;37;38;39;41;42;44;45;46;50;51;52;53;54;56;58;59;60;61;63;64;66;67;68;70;71;72;73;74;75;76;79;80;81;82;83;84;86;87;89;90;92;93;95;96;97;98;99;100,100
A0A7U5RWM8,0.3888888888888889,1;8;10;12;15;17;19;20;22;24;26;28;29;30;31;33;35;42;47;49;54,54,2.3473806369304655,1.2537423152755818,0.62,1;2;3;4;5;6;7;9;11;12;13;14;15;16;19;20;22;23;24;26;27;28;33;34;35;36;40;42;43;45;47;49;50;51;53;54;55;59;62;63;64;66;67;69;74;75;76;77;79;80;81;82;84;85;86;88;89;90;92;94;96;97,100
A0A7U5RXC1,0.4666666666666667,7;8;10;15;17;18;21;23;24;27;28;31;32;33;34;37;38;40;41;43;44;48;49;51;52;53;54;55,60,2.163497266173363,1.3145755607121352,0.61,1;3;4;5;7;8;9;10;12;13;14;15;16;17;18;20;21;22;23;24;26;27;29;30;31;34;35;36;38;39;44;45;47;48;49;50;51;52;53;54;57;59;60;64;69;70;73;74;77;78;81;82;83;85;86;87;92;93;96;97;100,100
A0A7U9Q384,0.45614035087719296,2;3;7;9;10;11;12;15;17;20;23;25;33;34;35;36;39;42;43;45;47;50;52;55;56;57,57,2.1999027866125105,1.2017928606827597,0.76,1;2;4;5;6;7;8;9;10;11;12;13;14;15;16;17;18;19;20;21;22;23;24;25;26;27;28;29;30;31;32;33;34;36;37;38;40;41;43;44;45;47;48;49;50;51;52;54;55;57;58;59;60;61;62;63;64;66;67;69;70;71;72;73;74;75;76;79;84;86;87;88;91;96;97;98,100
A0A7V8LNU0,0.6268656716417911,1;3;5;9;10;11;12;13;15;16;18;21;22;23;24;25;26;27;29;30;31;33;34;35;36;37;38;40;41;42;43;44;45;48;51;53;56;60;61;65;66;67,67,2.0221963441371917,1.0385406784259363,0.98,1;2;3;4;5;6;7;8;9;10;11;12;13;14;15;16;17;18;19;20;21;22;23;24;25;26;27;28;30;31;32;33;34;35;36;37;38;39;40;41;42;43;44;45;46;47;48;49;50;51;52;53;54;55;56;57;58;59;60;61;62;63;64;65;66;68;69;70;71;72;73;74;75;76;77;78;79;80;81;82;83;84;85;86;87;88;89;90;91;92;93;94;95;96;97;98;99;100,100
A0A7V8RXZ3,0.1346153846153846,2;5;16;25;36;38;45,52,2.311812794804573,1.2197916433314244,0.59,1;4;5;6;7;8;9;10;11;12;13;14;15;17;19;22;23;24;25;26;27;28;30;34;37;38;39;41;43;44;45;47;48;50;54;55;56;57;59;60;66;68;69;72;74;78;79;80;81;82;85;86;87;88;89;93;96;97;99,100
A0A7V8RXZ7,0.47368421052631576,1;3;4;5;9;10;12;13;14;16;17;19;26;31;32;33;36;37,38,2.7189065730571746,1.2087624964574535,0.62,1;2;3;5;6;7;9;10;11;13;17;18;20;21;22;23;25;27;31;32;33;36;38;39;40;41;42;43;44;47;48;51;53;54;55;56;57;63;64;67;70;71;74;76;77;78;79;81;82;83;86;87;89;90;91;92;94;95;96;97;98;100,100
A0A7V8RYM6,0.5,1;11;13;14;15;16;18;19;20;22;23;24;25;26;28;30;40;42;43;44;46;50;52;53;54;55;56;57;58,58,2.191482790708542,1.40866906962337,0.9,1;3;4;5;6;7;8;9;10;11;12;13;14;16;17;18;19;20;21;22;23;24;25;26;27;28;29;30;31;32;34;35;36;37;40;41;42;43;44;45;46;47;48;49;50;51;52;53;55;56;57;58;59;60;61;62;63;64;66;67;68;70;71;72;73;74;75;76;77;78;80;81;83;84;85;86;87;88;89;90;91;92;93;94;95;96;97;98;99;100,100
A0A7W6BWA9,0.22950819672131148,7;10;20;21;29;33;35;42;43;45;49;52;60;61,61,2.0545965856313706,1.0696354074201442,0.64,3;5;6;7;9;11;13;15;16;17;19;20;21;22;23;24;27;30;32;33;34;35;36;37;38;39;40;42;43;45;46;49;52;56;58;59;60;62;63;64;65;67;69;72;73;74;75;76;81;82;83;86;87;89;90;91;92;93;95;96;97;98;99;100,100
A0A7W7VZ67,0.41509433962264153,1;2;3;5;6;9;15;16;17;21;23;25;28;30;31;34;37;40;44;45;48;52,53,2.246229563951492,1.03252546943584,0.27,1;2;4;9;12;22;23;25;26;27;28;30;38;40;42;45;48;53;54;57;75;76;77;79;82;86;99,100
A0A7W8BW88,0.6136363636363636,1;5;7;9;10;11;12;13;15;17;18;19;20;23;24;25;26;27;28;30;31;32;33;35;36;39;42,44,2.45889501452446,1.1929301605062197,0.74,1;2;3;4;6;7;8;9;11;12;13;15;16;17;18;19;22;23;24;26;27;28;29;30;31;32;35;37;40;41;42;43;44;45;46;47;48;49;50;51;52;53;55;57;59;60;62;63;65;66;67;68;69;70;71;72;75;76;77;79;80;81;82;83;84;86;87;90;91;92;93;94;95;98,100
A0A7W9NKR9,0.24489795918367346,6;15;18;20;30;31;34;39;40;42;45;46,49,2.2920507514476776,1.3010574118838278,0.52,1;3;5;6;7;9;10;11;12;13;14;15;19;20;21;22;27;28;29;31;32;34;39;41;43;44;45;48;49;51;53;55;59;60;62;63;64;66;67;69;70;71;72;74;79;82;83;85;87;88;92;95,100
A0A7W9PLQ8,0.3333333333333333,2;4;8;9;13;15;17;18;29;33;35;37;39;40;42;43;46;52,54,2.339663153290749,1.3519889437045647,0.7,1;2;3;4;7;8;10;11;12;13;16;17;18;19;20;21;23;24;25;27;28;29;30;31;33;34;35;39;40;41;42;44;45;46;49;51;52;53;54;55;56;57;58;59;60;63;66;67;68;69;70;72;75;77;78;79;81;82;83;84;88;89;90;91;93;94;96;98;99;100,100
A0A7X5R533,0.48148148148148145,1;2;3;5;6;8;12;13;14;15;16;17;18;19;20;22;23;26;28;31;35;37;38;41;44;52,54,2.2969273310899734,1.3729582377391314,0.63,2;3;5;6;9;10;12;13;14;16;19;22;23;24;25;28;29;30;32;34;35;36;39;42;43;45;46;47;48;49;50;52;53;56;58;61;62;63;64;65;66;67;69;70;71;74;75;76;77;78;79;80;81;82;87;88;89;91;92;93;95;97;98,100
A0A7X5TUU1,0.19230769230769232,6;8;9;11;16,26,2.9094610261917113,1.0404656317286474,0.11,10;12;15;32;45;54;58;65;75;85;95,100
A0A7X6M5C6,0.0,,53,2.3528693759441377,1.453494946653868,0.0,,100
A0A7X6MIZ0,0.37735849056603776,1;4;6;8;11;15;16;17;18;21;24;25;26;32;34;36;46;48;52;53,53,2.1956159293651583,1.0355271905727745,0.85,1;2;3;4;5;6;7;8;9;10;12;13;14;15;16;17;19;20;21;22;23;24;25;26;27;28;29;30;31;32;33;34;35;36;37;38;39;40;41;42;43;44;45;47;48;49;50;51;52;54;55;56;58;59;60;61;62;63;64;66;67;68;69;70;71;72;73;74;75;76;77;78;80;81;83;85;87;89;90;92;95;96;98;99;100,100
A0A7X6MKH2,0.46808510638297873,1;2;6;8;9;10;11;12;14;15;16;26;27;29;30;32;35;37;39;40;41;43,47,2.743561121225357,1.2924370732507575,0.71,1;2;3;4;5;6;7;8;9;10;11;13;14;15;16;17;19;22;23;25;27;28;29;30;31;33;35;36;37;39;40;42;44;45;46;47;49;50;51;52;55;56;57;58;59;60;62;63;64;67;68;69;70;73;74;75;76;79;80;83;84;85;89;90;91;92;93;96;97;98;100,100
A0A7X6R1D2,0.06896551724137931,1;2;4;41,58,2.297643056511879,1.3870752488722817,0.18,26;28;37;39;41;43;45;56;75;81;84;88;90;93;96;97;98;100,100
A0A7Y9XV54,0.28205128205128205,4;6;10;14;22;23;25;27;30;31;35,39,2.822141580581665,1.1601513142108244,0.6,1;4;5;6;7;8;9;11;14;15;16;17;18;19;20;21;22;23;25;26;28;29;30;31;32;33;36;37;41;42;43;46;47;50;51;52;53;55;58;59;60;62;65;67;68;69;72;74;76;78;79;81;84;85;86;89;92;93;95;98,100
A0A7Z0IKF1,0.4642857142857143,5;6;7;11;14;17;18;22;24;25;26;28;31;32;36;37;39;40;41;42;43;45;46;49;54;56,56,2.2031637161970137,1.1649320299929011,0.66,1;2;3;4;6;7;8;10;11;12;13;14;16;17;18;20;21;23;24;26;27;29;31;32;33;34;37;39;41;42;43;44;46;47;48;49;50;53;56;58;59;60;62;64;65;66;68;69;72;73;74;75;78;79;81;83;86;88;89;92;93;94;96;97;99;100,100
A0A7Z7ILT5,0.24561403508771928,2;8;9;14;15;16;18;20;23;24;28;44;52;57,57,2.3877500641345977,1.3168559977035885,0.28,6;11;26;27;30;34;36;39;43;49;50;52;54;55;66;68;73;76;78;79;83;86;87;88;89;90;97;99,100
A0A829HQL8,0.7321428571428571,1;2;3;4;5;6;7;8;9;10;11;12;13;14;15;16;17;18;21;22;23;25;27;30;32;33;34;37;38;39;40;41;42;44;46;50;51;52;54;55;56,56,2.2030594527721403,1.37843090421767,0.9,1;2;3;4;5;6;7;8;9;10;11;12;13;14;15;16;17;18;19;20;21;22;23;24;25;26;27;28;29;30;31;33;34;35;37;38;39;40;41;42;43;44;45;46;47;48;49;50;51;52;53;54;55;56;57;58;59;60;62;63;64;65;66;68;69;70;71;72;73;74;75;76;77;78;80;81;83;85;88;89;90;91;92;93;95;96;97;98;99;100,100
A0A829HTG5,0.5660377358490566,5;6;9;10;11;12;17;18;20;21;22;23;25;26;27;28;31;32;33;34;35;36;37;38;40;44;47;50;51;53,53,2.1972603785991667,1.031852125314999,0.94,1;2;3;4;5;6;7;8;9;10;11;12;13;14;15;16;17;18;19;20;21;22;23;24;25;26;27;28;30;31;32;33;34;35;36;37;38;39;40;41;43;44;45;46;47;48;49;50;51;52;53;54;56;57;58;59;60;61;62;63;64;65;66;67;68;69;70;71;72;73;74;75;76;77;78;79;80;81;82;84;85;86;87;89;91;92;93;94;95;96;97;98;99;100,100
A0A829HWH3,0.49019607843137253,1;4;5;6;7;9;11;12;13;14;15;17;19;22;24;25;27;28;30;31;34;35;39;40;42,51,2.3160012102127077,1.0159020254259137,0.48,2;3;4;5;6;8;9;10;14;16;18;20;23;24;26;27;30;32;33;35;36;38;39;40;41;44;46;49;52;54;59;60;63;64;65;67;72;79;81;83;86;88;89;90;91;94;95;97,100
A0A829MDQ7,0.4426229508196721,2;9;10;11;12;13;14;16;17;18;19;23;25;26;27;28;29;30;31;32;36;40;41;48;51;54;59,61,2.1246935111284255,1.1594632682662305,0.94,1;2;3;4;5;6;7;8;9;10;11;12;13;14;15;16;17;18;19;20;21;22;23;24;25;26;27;28;29;30;31;32;33;34;35;36;37;38;39;41;42;43;44;45;46;47;48;49;50;51;52;53;54;55;56;57;58;60;61;62;63;64;65;66;67;68;69;70;71;72;73;74;75;76;80;81;82;83;84;85;87;88;89;90;91;92;93;94;95;96;97;98;99;100,100
A0A829MIB4,0.47058823529411764,5;6;8;10;12;13;15;16;18;20;22;25;26;27;28;30;31;33;36;38;40;44;46;51,51,2.4785280072689058,1.1661380835628776,0.33,3;7;9;11;12;17;18;19;23;24;26;30;31;44;52;55;56;57;60;61;63;68;70;72;74;80;81;84;87;90;93;98;100,100
A0A829PKA2,0.25,6;9;10;12;16;20;28;30;33;34;37;40;43;45;57,60,2.170545518398285,1.4427328451203179,0.49,5;9;14;15;16;17;18;19;23;24;27;29;30;31;32;36;38;40;41;42;46;47;48;49;53;54;55;56;57;59;62;65;66;74;76;77;78;80;82;83;84;85;87;93;94;95;96;98;100,100
A0A829PS24,0.07272727272727272,7;27;45;51,55,2.2669803744554518,1.2213499085272481,0.53,3;4;5;6;7;8;9;10;11;13;19;20;22;23;24;26;28;29;30;31;33;34;41;42;43;45;46;48;54;56;59;60;62;63;65;66;68;73;74;78;79;80;81;82;83;87;88;90;93;94;95;99;100,100
A0A829PS58,0.38,3;4;5;6;7;8;9;10;11;12;16;17;19;21;32;33;44;45;46,50,2.3880758655071257,1.2807114251096543,0.71,1;2;4;5;6;7;8;9;10;12;13;14;17;19;20;21;25;27;28;30;31;32;33;36;37;38;40;42;43;44;46;48;49;50;51;53;54;55;56;57;58;59;60;63;64;66;68;70;71;73;75;76;77;78;79;80;81;82;83;84;85;87;89;90;91;92;94;96;97;98;100,100
A0A829PSZ5,0.6190476190476191,1;2;3;5;7;8;11;12;14;16;17;21;22;23;24;25;26;28;30;31;32;33;35;37;38;39;40;42;44;45;46;47;48;49;50;51;54;58;59,63,2.166776165962219,1.1412915316541263,0.64,1;2;4;5;6;7;8;9;10;12;13;18;20;21;22;25;26;27;28;29;31;33;34;35;36;38;40;41;42;43;44;46;48;49;50;51;52;53;54;55;56;58;59;60;61;62;65;71;73;74;76;78;80;83;84;85;86;88;91;95;96;98;99;100,100
A0A829PY25,0.34210526315789475,3;4;5;6;7;8;10;16;21;22;25;28;38,38,2.7456948626041413,1.217933995496614,0.36,2;10;12;22;25;30;31;37;38;39;40;41;43;44;48;51;54;57;58;59;60;66;70;72;73;74;80;82;85;88;92;93;94;96;97;100,100
A0A829Q102,0.4264705882352941,2;3;5;8;9;10;11;12;13;17;20;25;27;28;29;30;33;35;37;39;40;43;45;54;55;57;60;66;67,68,1.955797181725502,1.0672022947741648,0.95,1;2;3;4;5;6;7;8;9;10;12;13;14;15;16;17;18;19;20;21;22;23;24;25;26;27;28;29;30;31;32;33;34;35;36;37;38;39;40;41;42;43;44;45;46;47;48;49;50;51;52;53;54;55;56;57;58;59;60;61;62;63;65;66;67;68;69;70;71;72;73;74;75;76;77;78;79;80;81;82;84;85;86;87;89;90;91;92;93;94;95;96;97;98;99,100
A0A829Q1V2,0.3829787234042553,3;7;8;9;10;12;19;24;25;30;33;37;38;39;41;44;45;46,47,2.4974354606866838,1.3581290289841454,0.81,1;2;4;5;7;8;9;11;12;14;15;17;18;19;20;21;23;24;26;28;29;30;31;32;33;34;35;36;37;39;40;41;42;43;44;45;46;47;48;49;50;51;52;53;55;56;57;58;59;60;61;62;63;64;65;66;68;69;70;71;72;73;74;75;76;79;80;81;83;84;85;86;87;89;90;91;92;95;96;97;98,100
A0A829QF13,0.6285714285714286,1;3;4;5;6;7;12;14;15;16;17;19;20;21;22;23;24;25;26;27;29;33,35,2.6889983129501345,0.9794747373610591,0.98,1;2;3;4;5;6;7;8;9;10;11;12;13;14;15;16;17;18;19;20;21;22;23;24;25;26;27;28;29;30;31;32;33;34;35;36;37;38;39;40;41;42;43;44;45;46;47;48;49;50;51;52;53;54;55;56;57;58;59;60;61;62;63;64;66;67;68;69;70;71;72;73;74;75;76;77;78;79;80;81;82;83;84;85;86;87;88;89;90;91;92;93;94;95;96;97;98;100,100
A0A829QG83,0.017241379310344827,7,58,2.162720404267311,1.1468446417352238,0.24,2;10;12;17;20;24;26;31;32;33;36;39;40;41;43;51;62;63;65;74;76;81;85;87,100
A0A829QKT7,0.05454545454545454,13;45;55,55,2.2090554547309877,1.3053153753086573,0.49,1;4;9;10;14;15;16;17;18;19;20;21;23;24;25;26;27;29;30;31;32;33;34;37;39;43;45;47;53;55;57;58;60;61;62;69;73;77;79;82;83;86;89;90;91;94;95;99;100,100
A0A839Q3V9,0.0,,59,2.078645952939987,1.253909559223177,0.0,,100
A0A840Q103,0.6,1;3;8;9;10;12;13;15;16;17;18;19;20;21;23;24;25;27;28;30;31;33;34;37;44;46;47;48;49;50;51;52;55;56;57;59,60,2.209134663939476,1.1963029247564418,0.77,1;2;3;4;5;6;7;8;9;10;12;13;14;16;17;18;19;20;22;23;24;25;26;27;28;29;30;31;32;33;36;37;38;39;42;43;44;46;47;48;49;50;51;52;53;54;55;56;57;58;59;60;63;64;66;68;69;70;71;75;76;77;78;79;80;81;82;85;86;88;92;93;95;96;98;99;100,100
A0A846MH08,0.575,1;2;6;8;10;11;14;15;17;20;22;24;25;27;28;30;32;33;34;35;36;37;40,40,2.6125581896305086,1.2549137392899956,0.78,1;2;3;4;5;6;7;9;11;12;14;15;17;18;19;20;21;22;23;24;25;26;27;28;29;30;31;32;34;35;36;37;38;39;40;41;42;43;44;46;47;48;51;52;53;54;55;56;57;58;59;60;61;62;63;64;65;66;68;69;71;72;73;75;77;78;79;81;84;85;87;89;91;93;94;97;98;99,100
A0A846VZQ1,0.4426229508196721,7;9;10;11;12;13;15;18;20;23;24;25;26;28;31;33;36;39;40;41;44;46;48;49;51;52;60,61,2.158802242279053,1.2565619014522051,0.92,1;2;3;4;5;6;7;8;9;10;11;12;13;14;15;16;17;18;19;20;22;23;24;25;26;28;29;30;31;32;33;34;35;36;37;38;39;40;41;42;43;44;45;46;47;48;50;52;53;54;55;56;57;58;59;60;61;62;64;65;66;67;68;69;70;71;72;73;74;75;76;77;78;79;80;81;82;83;84;85;86;90;91;92;93;94;95;96;97;98;99;100,100
A0A846XPH2,0.46296296296296297,2;5;6;9;10;16;17;18;20;21;22;23;24;26;27;28;29;30;32;37;40;41;46;51;54,54,2.265606409907341,1.2933821724329135,0.56,1;2;3;4;5;6;7;8;9;10;11;12;13;14;15;18;20;21;23;24;25;26;28;29;31;32;33;35;36;39;41;44;45;46;48;51;53;54;55;57;61;68;70;71;73;79;86;87;88;89;90;91;92;94;95;100,100
A0A846XYC4,0.25757575757575757,3;5;6;8;10;24;27;31;32;36;38;40;51;55;56;59;62,66,1.805461539030075,1.0604232465742203,0.62,1;3;5;6;7;8;9;12;13;14;15;16;17;18;19;20;22;23;24;26;27;28;30;31;33;34;35;36;37;38;39;41;42;43;44;46;49;52;54;55;57;60;61;62;63;65;66;70;73;74;76;78;80;81;84;85;86;87;91;96;99;100,100
A0A846YJB4,0.1896551724137931,7;8;11;12;13;15;22;29;30;36;50,58,2.2429167288541794,1.25152214110088,0.47,2;8;9;11;13;16;17;20;21;22;26;29;31;39;42;43;44;45;47;51;53;55;57;58;59;61;62;64;65;66;67;69;70;75;80;81;83;84;86;87;88;89;90;92;94;97;100,100
A0A848KDK6,0.6551724137931034,1;3;4;6;8;9;10;11;12;13;15;17;18;19;20;22;23;27;28;29;30;32;33;35;36;37;38;39;40;41;45;47;49;52;53;54;55;56,58,2.1690330797433854,1.2829725452768068,0.66,1;2;3;6;7;8;9;10;11;12;13;14;15;16;17;18;19;20;22;23;25;26;28;29;31;33;34;35;37;38;40;41;43;45;47;48;51;54;55;56;57;59;62;63;64;67;69;70;71;74;76;77;78;79;81;83;84;85;87;89;91;94;95;96;98;100,100
A0A849CGR7,0.2641509433962264,11;14;21;22;27;29;33;34;38;40;42;47;50;51,53,2.417572583556175,1.2016809593688553,0.16,1;2;4;5;9;21;24;26;53;60;64;75;81;83;96;100,100
A0A850PMX4,0.14814814814814814,4;25;28;31;32;36;49;50,54,2.2768655002117155,1.2125983845167323,0.03,19;75;83,100
A0A853LX37,0.2857142857142857,4;8;13;15;16;18;22;23;31;33;38;41;43;49,49,2.4004064244031906,1.1226876459570865,0.89,1;2;3;4;5;6;7;8;9;10;11;12;13;14;15;17;18;19;20;21;22;23;24;25;26;27;28;29;30;31;32;33;34;35;36;37;39;40;42;43;44;45;46;47;48;49;51;52;53;54;55;56;57;58;59;60;61;62;63;64;65;66;67;68;69;70;71;72;74;75;76;77;78;79;80;81;82;84;85;87;88;89;90;92;93;94;95;97;99,100
A0A853LXB5,0.4666666666666667,2;5;6;7;8;10;11;14;15;19;21;25;26;28;29;31;32;34;36;38;40;41;46;47;48;55;56;57,60,2.2215014243125917,1.1381851719056282,0.7,1;2;3;4;5;6;7;8;10;11;12;13;14;15;19;20;21;22;23;24;26;27;28;29;30;31;32;33;34;35;37;40;41;43;44;45;46;51;52;53;54;55;56;58;59;60;61;63;65;66;67;68;70;72;73;76;77;78;79;80;82;84;86;87;88;90;93;95;96;100,100
A0A853LYQ8,0.20930232558139536,1;2;10;13;18;19;24;31;34,43,2.6534300553798675,1.225464437996401,0.17,6;11;23;25;49;62;64;70;72;74;76;80;82;85;88;92;100,100
A0A853M2B7,0.6981132075471698,2;4;7;8;9;10;12;13;15;16;17;18;19;21;23;24;25;26;27;28;29;30;32;33;34;36;37;38;39;41;42;43;44;45;48;49;50,53,2.3772619014978407,1.1679990804446476,0.85,1;2;3;4;5;6;7;8;9;11;12;13;14;15;16;18;19;20;21;22;23;24;25;26;27;28;29;30;31;33;34;36;37;39;40;41;42;43;44;45;46;47;49;50;51;52;53;54;56;57;58;59;61;62;63;64;65;68;69;70;71;72;73;74;76;77;78;79;80;81;82;83;86;87;88;89;90;92;93;94;95;96;97;99;100,100
A0A8E2LPD0,0.0,,46,2.603610863685608,1.192678763679456,0.0,,100
A0A8H2PI19,0.38596491228070173,2;3;8;13;14;19;21;24;28;30;33;35;37;41;42;43;44;52;53;54;55;57,57,2.3788052868843077,1.3219623050554568,0.84,1;2;3;6;7;8;9;10;11;12;13;14;15;16;17;18;19;20;21;23;25;26;27;28;30;31;32;33;34;35;36;37;38;39;40;41;44;45;46;47;48;49;51;52;53;54;55;56;57;58;59;60;61;62;65;66;68;69;70;72;73;74;76;79;80;81;82;83;84;85;86;87;88;89;90;91;92;93;94;95;97;98;99;100,100
A0A8H2PIF1,0.38461538461538464,2;7;8;16;17;18;19;21;22;24;25;26;27;29;30;35;36;38;39;40,52,2.355690722465515,1.2074650020449353,0.52,1;3;4;6;7;8;9;12;14;15;17;18;19;22;25;26;28;31;33;34;35;37;39;42;47;48;52;53;55;57;58;62;63;64;65;68;69;71;77;78;79;81;82;84;85;87;89;90;92;93;94;98,100
A0A8J3FU84,0.3382352941176471,3;12;14;16;19;22;26;27;28;29;30;32;35;36;48;50;51;52;54;55;56;58;60,68,1.8670620012283325,1.0454584492807628,0.86,1;2;3;4;5;6;7;8;9;10;11;12;13;14;15;16;17;18;19;20;21;22;23;24;25;27;28;29;30;31;32;33;34;35;36;37;38;40;41;42;43;44;46;47;48;49;51;52;53;54;55;56;57;60;61;62;64;65;66;68;69;70;71;72;73;74;75;76;77;78;80;81;82;83;85;87;88;90;92;93;94;95;96;97;98;100,100
A0A8J4A7U7,0.3125,3;5;10;11;21;23;27;28;30;36;38;39;41;48;50;53;55;56;59;62,64,2.0484789395332337,1.1044193105280227,0.05,3;11;17;37;46,100
A0A917FVC2,0.23214285714285715,2;16;17;19;20;26;31;32;33;38;40;41;51,56,2.1169894874095916,1.1653840631045307,0.7,1;3;4;5;6;7;8;10;11;14;15;16;17;18;20;21;22;23;24;26;27;28;29;30;31;32;33;34;35;38;39;41;42;43;45;46;48;49;50;51;52;53;54;56;57;58;59;61;62;63;64;66;67;69;70;73;74;76;78;80;81;82;84;86;89;90;92;95;97;98,100
A0A917RUF6,0.40384615384615385,5;8;9;11;12;14;15;20;23;27;29;33;37;42;44;46;47;48;49;50;51,52,2.4262801206111906,1.1499377551716559,0.41,1;3;8;9;11;13;15;17;19;21;24;26;28;30;36;37;39;40;44;46;50;55;56;57;59;60;69;72;75;76;77;78;79;84;85;88;89;93;94;97;98,100
A0A918CWM2,0.1875,6;16;22;24;32;41;43;45;46,48,2.3574150347709657,1.100835339984754,0.06,21;36;49;59;76;82,100
A0A919J5R3,0.13725490196078433,4;13;24;25;36;41;45,51,2.1154749071598054,1.068207858694952,0.17,10;16;19;22;29;35;37;38;46;62;65;74;76;80;87;92;94,100
A0A927EY10,0.7321428571428571,2;3;4;7;9;10;11;13;14;15;17;18;19;20;21;22;23;24;25;26;27;28;29;30;32;33;37;38;39;40;41;42;43;44;48;49;50;51;52;53;56,56,2.3616247922182083,1.3005795131072184,0.98,1;2;3;5;6;7;8;9;10;11;12;13;14;15;16;17;18;19;20;21;22;23;24;25;26;27;28;29;30;31;32;33;34;35;36;37;38;39;40;41;42;43;44;45;46;47;48;49;50;51;52;53;54;55;56;57;59;60;61;62;63;64;65;66;67;68;69;70;71;72;73;74;75;76;77;78;79;80;81;82;83;84;85;86;87;88;89;90;91;92;93;94;95;96;97;98;99;100,100
A0A927JBF8,0.28,2;4;5;8;12;20;21;22;23;24;30;35;37;40,50,2.4218506997823717,1.2197986839907389,0.06,12;17;22;62;78;81,100
A0A927MND6,0.10526315789473684,12;15;21;37;42;49,57,2.20108984708786,1.239494145551863,0.01,52,100
A0A934NT38,0.2631578947368421,3;10;19;21;25;27;28;31;33;37;40;45;50;51;57,57,2.2138315933942794,1.1269346953698849,0.79,1;2;3;4;5;6;7;8;9;10;11;12;13;14;15;17;19;20;21;22;23;24;25;27;28;29;30;31;32;33;35;36;38;39;40;42;44;45;46;47;48;49;50;51;53;56;57;58;59;60;61;62;64;65;66;67;69;71;72;73;75;76;77;79;82;83;84;85;86;89;90;91;93;94;95;96;97;98;100,100
A0A937RSP3,0.6153846153846154,1;2;3;4;5;6;7;8;9;10;12;13;15;17;18;22,26,2.867360991239548,1.088057195825066,0.54,5;6;7;8;10;12;13;14;18;20;21;22;23;25;26;27;28;29;30;33;34;36;38;40;41;42;43;49;50;51;52;53;55;58;59;60;61;64;65;66;67;69;73;74;75;77;78;81;82;86;87;91;93;97,100
A0A939FJS2,0.27906976744186046,4;6;9;13;20;22;24;28;34;37;39;42,43,2.722202178835869,1.3291307279650264,0.09,11;16;23;30;66;68;83;90;96,100
A0A975JWU9,0.44776119402985076,2;3;5;6;9;11;12;14;18;20;23;25;26;29;30;31;35;36;37;38;42;43;44;48;54;55;57;58;61;62,67,2.078888372182846,1.0905155751422486,0.99,1;2;3;4;5;6;7;8;9;10;11;12;13;14;15;16;17;18;19;20;21;22;23;24;25;26;27;28;29;30;31;32;33;34;35;36;37;38;39;40;41;42;43;44;45;46;47;48;49;50;51;52;53;54;55;56;57;58;59;60;61;62;63;64;65;66;68;69;70;71;72;73;74;75;76;77;78;79;80;81;82;83;84;85;86;87;88;89;90;91;92;93;94;95;96;97;98;99;100,100
A0A9N7QL79,0.3673469387755102,5;6;9;10;11;12;23;28;30;32;33;36;38;39;40;41;42;43,49,2.469445081949234,1.280782126932115,0.79,1;2;3;4;5;6;7;8;9;10;11;12;13;14;16;17;18;19;20;21;22;23;24;25;26;28;29;30;31;32;34;35;36;37;38;39;40;41;44;45;46;47;48;49;51;52;54;55;56;58;59;60;61;62;63;64;66;67;70;71;72;77;79;80;81;82;84;85;86;87;89;90;91;93;96;97;98;99;100,100
A0A9N7QNJ2,0.13793103448275862,1;4;8;11;23;48;51;56,58,2.118384080529213,1.2372965800932225,0.16,3;6;16;36;38;42;45;48;65;66;69;87;89;91;98;100,100
A0A9P3UYS2,0.4418604651162791,1;2;7;8;9;10;12;13;14;15;17;18;21;25;32;33;35;37;39,43,2.5001091027259825,1.209156279337913,0.67,3;4;5;6;9;10;12;13;14;15;16;17;18;20;22;23;24;25;26;27;28;29;30;33;34;35;38;39;40;41;43;45;46;47;52;53;54;57;58;60;62;64;65;66;68;69;70;71;74;75;77;78;79;80;81;82;83;85;86;87;89;91;92;93;95;97;98,100
A0A9Q7SE40,0.23636363636363636,7;8;11;13;15;20;23;24;25;26;38;47;53,55,2.2965618151426317,1.1750262313118691,0.44,2;6;10;11;12;15;17;18;19;20;22;23;26;30;33;35;36;37;44;46;47;51;52;55;56;61;62;63;64;65;68;75;77;79;80;81;88;89;90;92;93;94;96;100,100
A0A9Q7SI49,0.36538461538461536,2;8;10;12;18;19;20;24;25;28;35;37;38;39;40;44;47;49;52,52,2.2295867359638213,1.3439808251377543,0.96,1;2;3;4;5;6;7;8;9;10;11;12;13;14;15;16;17;18;19;20;21;22;23;24;25;26;27;28;29;30;31;32;33;34;35;36;37;38;39;40;41;42;43;44;45;48;49;50;51;52;53;54;55;56;57;58;59;61;62;63;64;65;66;67;68;69;70;71;72;73;74;75;76;77;78;79;81;82;83;84;85;86;87;88;89;90;91;92;93;94;95;96;97;98;99;100,100
A0A9Q7WGW0,0.49122807017543857,1;6;7;8;11;13;14;18;20;21;25;26;28;31;32;33;35;36;37;41;43;46;47;48;49;52;54;55,57,2.2533014208078384,1.137765370383603,0.98,1;2;3;4;5;6;7;8;9;10;11;12;13;14;15;16;17;18;19;20;21;22;23;24;25;26;27;28;29;30;31;32;33;34;35;36;37;38;39;40;41;42;43;44;45;46;47;48;49;50;51;52;53;54;55;56;57;58;59;60;61;62;63;64;65;66;67;68;69;70;71;72;73;74;75;76;77;78;79;80;81;83;84;85;86;87;89;90;91;92;93;94;95;96;97;98;99;100,100
A0A9Q7WIY4,0.5813953488372093,2;4;7;10;11;12;13;15;16;17;18;19;20;21;24;25;26;27;28;29;31;32;33;35;42,43,2.6898823034763337,1.2010966547334323,0.9,1;2;3;4;5;6;7;8;9;10;11;12;13;14;15;16;18;19;20;21;22;23;24;25;26;27;28;29;30;31;32;33;34;36;38;39;41;42;43;44;45;46;47;48;49;50;51;52;53;54;55;56;57;58;59;60;62;63;64;65;66;67;68;70;72;73;74;75;76;77;78;79;80;81;82;83;84;85;86;87;88;90;92;93;94;95;96;97;99;100,100
A0A9W4AZG8,0.13953488372093023,1;7;12;13;24;32,43,2.431977188587189,1.2892961572205566,0.24,14;18;19;20;29;30;31;35;37;48;50;55;58;61;62;71;73;77;81;86;91;92;95;98,100
A0A9X2E3D3,0.06557377049180328,18;53;55;58,61,2.066430892944336,1.2700933100101106,0.02,14;64,100
A0A9X2E3I2,0.35714285714285715,2;3;6;12;13;15;17;26;29;36;37;39;41;43;44;48;52;53;54;55,56,2.263394982814789,1.312682709635888,0.4,1;5;6;8;9;11;13;14;17;18;19;21;24;25;27;29;31;37;38;40;41;44;46;48;50;51;52;58;61;68;70;75;79;83;85;86;87;91;97;98,100
A0A9X2E4R0,0.15384615384615385,6;14;18;25,26,2.9475028359889985,1.0622630853798927,0.04,3;45;71;90,100
A0A9X2YIQ0,0.14285714285714285,4;12;18;24;27;31;37,49,2.4975415831804275,1.2915432660138466,0.36,1;3;6;7;8;12;13;18;22;29;30;31;33;40;41;47;49;52;56;57;58;63;66;68;69;73;74;75;77;79;81;90;91;94;96;99,100
A0A9X2YRI8,0.15873015873015872,7;10;18;29;37;46;48;58;62;63,63,2.0838104677200318,1.2636430901764084,0.1,3;20;22;37;46;50;59;63;99;100,100
A0A9X2Z2J6,0.0784313725490196,20;25;28;33,51,2.4134199726581573,1.3664681437953743,0.03,14;37;55,100
A0A9X3BRH0,0.25757575757575757,1;4;5;6;8;15;18;19;28;30;32;34;36;37;47;51;59,66,2.0581409353017808,1.1270044208261865,0.31,1;4;5;9;11;16;24;28;29;31;34;38;39;47;49;51;52;54;59;69;78;79;81;83;84;89;90;92;95;97;100,100
A0A9X3C2T0,0.07017543859649122,3;20;41;51,57,2.4012671422958376,1.413547902699336,0.36,1;2;5;6;7;15;22;23;25;29;31;36;39;41;42;44;45;47;49;52;55;57;60;65;69;72;75;80;81;82;85;87;88;90;91;93,100
A0A9X7ILG2,0.3137254901960784,2;3;4;9;11;12;15;19;22;25;31;38;40;46;47;50,51,2.503782467246056,1.355168195584618,0.77,1;2;3;4;6;7;9;10;11;12;13;14;17;18;19;21;22;23;24;25;26;27;29;31;32;33;34;35;36;37;38;39;40;41;42;43;44;47;48;49;50;51;52;53;54;55;57;58;59;60;64;66;67;68;69;70;71;73;76;77;78;79;80;83;84;85;86;87;88;89;90;91;92;93;95;98;99,100
A0A9X7WHR6,0.47368421052631576,2;3;7;8;12;15;17;18;20;21;22;24;28;31;32;33;36;37;38;40;41;43;46;47;52;53;57,57,2.296999428868294,1.3484096342786331,0.9,1;2;3;4;5;6;7;8;9;10;11;12;13;14;16;18;19;20;21;22;24;27;28;29;30;31;32;33;34;35;36;37;38;39;40;41;42;43;44;45;46;47;48;49;50;51;52;53;54;55;56;57;58;60;61;62;64;65;67;68;69;70;71;72;73;74;75;76;77;78;79;80;81;83;84;85;86;88;89;90;91;92;93;94;95;96;97;98;99;100,100
A0A9X8QZ54,0.0425531914893617,5;33,47,2.565389611721039,1.1084128926853527,0.33,2;7;9;25;26;27;30;31;37;39;43;45;48;49;51;58;60;62;63;67;68;76;77;79;81;85;86;92;93;94;96;98;99,100
A0A9Y2IBK6,0.42105263157894735,1;2;3;4;6;7;8;11;16;19;20;24;26;28;30;33;35;44;46;47;48;49;56;57,57,2.3584256184101107,1.217925019276972,0.05,30;32;68;71;85,100
A0A9Y2N0A1,0.2619047619047619,7;9;10;11;12;13;14;15;16;34;42,42,2.69579292178154,1.2479341074920558,0.27,2;5;8;19;20;21;24;36;41;44;47;52;55;59;60;64;66;68;70;73;81;90;95;97;98;99;100,100
A0AA37PJ36,0.15,8;21;37;38;39;40,40,2.45538282930851,1.0323820301829596,0.15,8;37;43;45;46;48;51;55;67;68;72;92;94;95;99,100
A0AA37PJQ2,0.1875,3;6;8;13;34;35;36;40;44,48,2.5258459556102753,1.1553500587432282,0.2,1;12;25;26;34;36;41;53;54;55;59;60;62;65;67;73;76;81;86;93,100
A0AA37PNY0,0.45454545454545453,4;6;8;9;12;13;15;17;18;20;21;22;25;26;27;30;32;34;35;37,44,2.438416180610657,1.0632287128416877,0.64,1;2;4;5;6;7;8;9;10;11;14;15;16;17;19;20;21;23;24;25;27;28;30;33;35;36;37;39;40;42;43;44;47;49;51;52;53;54;55;57;58;59;60;62;63;65;67;69;71;72;75;77;78;81;82;83;86;89;91;94;95;96;99;100,100
A0AA37PRM7,0.5581395348837209,1;2;4;7;8;11;15;18;19;23;24;25;26;28;29;30;32;33;34;35;36;37;39;41,43,2.6420025753974916,1.1337313000188152,0.88,1;2;4;5;6;7;8;9;10;11;12;13;14;15;16;17;18;20;21;22;23;24;25;26;27;28;29;31;32;33;35;37;38;39;40;41;42;43;44;47;49;50;51;52;53;54;55;56;57;58;59;60;61;62;63;64;65;66;67;68;69;70;71;72;73;75;76;77;79;80;81;82;83;84;85;86;87;88;89;90;91;92;93;94;95;96;98;100,100
A0AA42BYT1,0.325,3;6;7;12;14;15;18;20;22;23;25;27;31,40,2.699072173833847,1.2867957450646594,0.14,18;24;25;34;46;60;63;64;66;73;76;89;92;98,100
A0AA91EXD2,0.43333333333333335,2;3;6;7;8;9;10;11;13;14;15;19;20;22;23;30;32;37;42;43;45;50;51;53;56;57,60,2.0683560144901274,1.190245029081059,0.51,2;4;5;6;7;8;9;13;15;16;17;20;21;25;31;32;34;38;39;43;44;45;46;47;49;50;51;52;53;55;58;59;60;62;66;67;68;69;73;75;77;80;81;83;84;85;86;93;94;95;99,100
A0AA91M3B5,0.37735849056603776,1;2;5;6;8;9;12;13;14;15;16;25;30;33;34;35;36;41;49;52,53,2.3027488577365873,1.3094803083231412,0.5,2;3;4;5;6;12;14;15;18;19;20;21;23;24;26;27;28;34;35;37;41;42;44;46;48;51;52;54;55;56;57;59;60;62;67;68;73;74;76;78;82;83;87;91;93;94;96;97;98;99,100
A0AA94UBA0,0.08571428571428572,10;25;35,35,2.7745227575302125,1.1045264683689555,0.59,1;3;4;6;7;8;9;10;12;14;15;17;19;20;21;22;23;24;25;26;27;29;32;33;34;35;36;37;39;40;41;43;46;48;49;50;55;57;58;61;64;65;70;73;74;76;77;79;81;83;85;86;87;88;89;93;94;95;100,100
A0AAC9VV50,0.21428571428571427,5;7;9;13;17;25,28,2.879555753469467,1.105508350342644,0.23,5;6;15;19;23;24;29;33;41;48;49;50;54;58;63;65;67;68;78;79;80;88;90,100
A0AAC9YL18,0.14893617021276595,2;3;7;8;15;32;33,47,2.571402670145035,1.3789358328074661,0.12,33;43;47;53;54;68;71;76;90;94;97;99,100
A0AAC9YPU9,0.21666666666666667,2;4;9;17;21;27;33;44;45;50;56;57;58,60,2.1415317487716674,1.1512488365169447,0.23,3;4;6;8;9;12;14;17;18;22;23;33;37;39;46;48;54;60;67;88;90;92;98,100
A0AAD1H459,0.3125,4;6;8;9;14;15;16;17;21;26;27;28;32;36;37;44;47;50;52;61,64,1.904085596203804,1.066024777758068,0.66,1;3;4;7;9;10;11;14;15;16;18;19;20;21;22;23;24;26;28;29;30;31;32;33;34;36;37;39;40;41;43;44;47;48;51;53;55;56;58;59;60;62;63;64;65;66;67;68;71;72;73;75;77;78;79;80;81;83;85;89;91;92;94;95;96;97,100
A0AAD1HCQ5,0.6610169491525424,2;3;4;8;10;11;14;17;18;19;22;23;25;26;27;29;31;33;34;35;36;38;39;40;41;43;44;46;47;48;49;51;52;53;54;55;57;58;59,59,2.1566011279821398,1.108727344424844,0.88,1;2;3;4;5;6;7;8;9;10;11;12;13;14;15;16;17;18;19;20;21;22;23;24;25;26;27;28;29;30;31;32;33;34;35;36;37;38;39;40;42;43;44;45;46;47;48;49;50;51;54;56;57;58;59;60;61;63;64;65;66;67;68;69;70;71;72;74;75;76;77;78;80;81;82;83;84;85;87;88;89;91;92;94;95;96;98;99,100
A0AAD1HL52,0.3870967741935484,1;2;3;4;8;11;12;13;14;16;17;18;19;20;22;26;27;28;31;47;48;56;57;58,62,2.197889258861542,1.1705750280131038,0.62,1;2;3;4;5;6;7;10;12;14;15;17;18;19;20;21;22;23;24;25;26;28;30;31;32;33;35;36;41;43;44;45;46;48;49;50;52;54;56;57;58;59;62;64;66;69;71;73;75;76;78;79;80;81;82;83;87;90;91;97;98;100,100
A0AAD1I0L4,0.13636363636363635,7;12;20,22,2.994657027721405,0.9879437271584206,0.13,21;22;49;55;57;60;62;63;64;65;72;87;92,100
A0AAD1I1H5,0.42857142857142855,3;4;5;6;7;8;11;15;16;19;22;26;27;33;35,35,2.838719210624695,1.3586197283889396,0.72,1;2;5;6;7;8;9;11;12;13;14;15;16;17;18;20;23;24;25;27;28;30;31;32;33;35;36;37;38;41;43;47;48;49;51;52;54;55;57;58;62;63;65;66;69;70;71;72;73;74;75;78;79;80;81;82;83;84;85;86;89;90;91;92;93;94;95;96;97;98;99;100,100
A0AAD1IMP5,0.203125,7;13;14;24;28;29;30;34;39;41;49;55;63,64,2.0175655460357667,1.1362189475003366,0.29,1;2;13;14;17;18;21;22;24;27;32;34;35;40;41;45;54;58;61;64;65;66;68;72;78;84;91;94;96,100
A0AAD1IMS5,0.08,1;3;28;39,50,2.5086221528053283,1.2707898951458139,0.35,4;5;9;11;21;23;26;28;31;32;34;35;36;39;41;49;51;52;55;59;60;62;67;69;72;73;78;79;81;84;85;86;87;92;95,100
A0AAE4RDM5,0.7142857142857143,1;2;3;6;7;8;10;11;12;14;15;16;17;19;20;21;22;23;24;27;28;30;31;32;35,35,2.895569030046463,1.131708180426752,0.88,1;2;3;4;5;7;8;9;10;11;12;13;14;15;16;17;18;19;20;21;22;23;24;25;26;27;28;29;30;31;33;35;36;38;39;41;42;43;44;45;46;48;49;50;51;52;53;54;55;56;57;58;59;61;62;64;65;67;68;69;70;71;72;73;74;75;76;77;78;79;80;81;82;83;84;85;86;87;88;89;90;92;94;95;97;98;99;100,100
A0AAE4UCZ3,0.5172413793103449,1;3;6;9;10;13;15;16;18;19;20;22;23;24;27;29;30;32;33;34;36;40;41;42;43;44;46;47;49;53,58,2.0410132884979246,1.0849511953530686,0.87,1;2;3;5;7;8;9;10;11;12;13;14;15;16;17;18;20;21;22;23;24;25;26;27;28;30;31;32;34;35;36;37;38;39;40;42;43;44;45;46;47;48;49;50;51;52;53;54;55;56;58;59;60;61;62;63;64;65;66;67;68;69;70;72;73;74;75;77;78;79;80;83;85;86;87;89;90;91;92;93;94;95;96;97;98;99;100,100
A0AAE4UD82,0.2835820895522388,1;3;14;22;23;24;28;29;31;32;34;37;39;41;50;54;55;57;60,67,2.0694732266664504,1.141235104122331,0.28,3;4;15;16;22;24;26;29;30;31;33;37;44;48;53;56;65;66;70;74;86;92;93;94;95;96;98;99,100
A0AAE4VIV1,0.48,1;3;5;9;12;13;14;15;18;22;23;25;28;33;35;37;38;39;42;43;44;46;49;50,50,2.4790161883831026,1.159886883323823,0.77,1;2;3;4;5;6;7;8;9;10;11;12;13;14;15;16;17;18;20;21;22;23;24;25;27;28;29;30;31;32;34;35;36;37;38;39;41;42;43;44;46;47;48;49;50;51;54;55;58;59;60;61;67;68;69;70;71;72;73;74;75;76;77;78;79;80;81;84;87;89;90;91;93;94;95;99;100,100
A0AAE6TQG2,0.15217391304347827,13;14;29;31;41;42;43,46,2.478296462893486,1.1755150569522124,0.5,1;5;6;10;12;14;15;16;17;18;19;21;24;25;26;28;33;35;37;38;40;43;45;47;49;53;58;60;61;66;67;68;69;70;72;73;74;75;78;83;84;85;86;87;89;91;92;98;99;100,100
A0AAI8TZQ7,0.36,4;5;7;8;9;16;20;22;27;30;32;34;35;38;39;41;42;43,50,2.4777062636613847,1.1871620324772416,0.67,1;2;3;4;5;7;8;9;10;11;13;14;15;16;17;19;20;21;22;23;24;25;26;27;29;30;34;37;40;43;44;45;49;50;52;53;55;56;57;60;61;62;63;66;67;69;70;71;73;74;76;78;79;80;81;82;83;84;85;87;90;92;93;94;95;96;100,100
A0AAI8U017,0.38596491228070173,2;5;6;7;8;9;11;12;13;15;16;17;22;23;25;27;29;35;36;49;52;56,57,2.361108788251877,1.464246038804573,0.37,7;11;12;13;20;22;24;26;32;34;35;36;38;39;40;41;42;45;47;49;50;51;54;61;62;63;64;70;71;74;75;79;80;81;90;92;96,100
A0AAJ1W4G5,0.32075471698113206,2;3;5;7;12;13;16;17;20;22;26;34;36;38;45;47;52,53,2.1127044981718064,1.0491512995949406,0.85,1;2;3;4;5;6;7;8;9;10;11;12;14;15;16;17;18;19;20;21;22;23;24;26;27;28;30;31;32;33;35;36;38;39;40;41;42;44;46;47;48;49;50;51;53;54;55;56;57;58;59;60;61;62;63;64;65;66;67;68;70;71;72;73;74;76;77;78;79;81;83;84;86;87;88;89;92;93;94;95;96;97;98;99;100,100
A0AAJ3NLH7,0.2692307692307692,2;4;7;8;9;10;13;14;17;24;27;30;33;44,52,2.4034204375743866,1.1659199051472318,0.22,5;6;11;12;25;27;32;34;37;41;50;51;55;61;70;73;79;80;83;87;93;95,100
A0AAJ3NT49,0.2708333333333333,2;3;5;10;14;18;19;20;22;23;29;47;48,48,2.3102336728572848,1.0418781775107806,0.07,7;48;53;62;76;77;92,100
A0AAJ3TVZ5,0.16129032258064516,7;10;12;14;17;26;30;46;47;48,62,2.132221580147743,1.2096506778787717,0.41,1;6;7;8;9;10;13;15;19;21;22;24;27;28;29;30;32;35;41;50;53;55;56;57;62;63;67;70;74;77;78;79;82;83;86;87;89;92;95;97;98,100
A0AAP6BDL8,0.12962962962962962,8;12;31;44;45;46;50,54,2.2162696856260298,1.383111761835875,0.99,1;2;3;4;5;6;7;8;9;10;11;12;13;14;15;16;17;18;19;20;21;22;23;24;25;26;27;28;29;30;31;32;33;34;35;36;37;38;39;40;41;42;43;44;45;46;47;48;49;50;51;52;53;54;55;56;57;58;59;60;61;62;63;64;65;66;67;68;69;70;71;72;73;74;75;76;77;78;79;80;81;82;83;84;85;86;87;88;89;90;91;93;94;95;96;97;98;99;100,100
A0AAU4K3W1,0.2682926829268293,3;6;13;16;21;23;24;29;36;37;39,41,2.750969352722168,1.1882581415192321,0.68,1;3;4;6;8;9;10;11;12;13;14;16;17;19;21;22;23;24;25;27;28;29;31;33;34;36;37;38;42;45;46;48;49;51;53;54;57;59;60;65;66;67;68;69;70;74;75;78;79;80;81;82;83;84;85;86;87;88;89;90;91;92;93;94;95;97;99;100,100
A0AAV2WH99,0.35135135135135137,2;3;4;6;9;11;15;17;21;27;29;30;37,37,2.557230486869812,0.9668456720856797,0.24,2;3;4;8;9;10;11;15;18;26;34;35;53;56;62;66;72;73;79;89;92;94;96;99,100
A0AAW5S5J5,0.05555555555555555,25;27;38,54,2.2813767552375794,1.2307946734551645,0.0,,100
A0AAW5SKH5,0.0,,32,2.6876659286022186,1.005010173519445,0.0,,100
A0AAW5TB97,0.4186046511627907,2;3;5;6;7;8;10;12;14;15;17;25;26;29;31;32;34;39,43,2.7329767006635666,1.3272226694752995,0.51,1;2;3;4;5;7;10;13;16;17;22;28;30;31;32;34;37;38;39;41;43;44;45;47;49;50;51;53;54;55;56;60;61;63;64;66;69;72;74;75;76;78;79;81;87;92;93;94;96;98;99,100
A0AAW5THR0,0.1875,3;5;10,16,3.0365649068355562,0.9507762798375337,0.46,1;3;4;5;6;8;9;10;17;18;21;22;23;24;25;26;28;30;32;37;46;48;53;54;55;62;64;65;66;70;73;74;75;76;77;79;80;82;85;86;88;91;94;95;98;99,100
A0AAX1J9Y8,0.515625,1;3;4;6;8;9;10;12;13;14;17;18;19;20;22;23;25;26;32;36;38;39;44;47;48;52;53;54;55;56;59;61;62,64,2.0399454760551454,1.2164204896281026,0.18,20;28;37;43;47;48;51;52;53;54;65;66;70;71;74;75;87;92,100
A0AAX1JCS8,0.5689655172413793,1;2;3;4;7;9;11;12;13;15;16;17;20;21;24;25;29;32;34;35;36;38;39;41;43;44;46;47;49;50;52;55;57,58,2.113214385509491,1.0498413204266632,0.99,1;2;3;4;5;6;7;8;9;10;11;12;13;14;15;16;17;18;19;20;21;22;23;24;25;26;27;28;29;30;31;32;33;34;35;36;37;38;39;40;41;42;43;44;45;46;47;48;49;50;51;52;53;54;55;56;57;58;59;60;61;62;63;64;65;66;67;68;69;70;71;72;73;74;75;76;77;79;80;81;82;83;84;85;86;87;88;89;90;91;92;93;94;95;96;97;98;99;100,100
A0AAX1JED5,0.5,3;4;8;10;12;13;14;15;18;21;22;25;26;27;28;29;30;34;35;36;40;41,44,2.727736074924469,1.348237089570303,0.85,1;2;3;4;5;6;7;8;9;10;11;12;13;14;15;18;19;20;21;22;23;25;27;28;29;31;32;33;34;36;37;38;39;40;41;42;43;44;45;46;47;48;49;50;51;52;53;54;55;56;57;58;59;61;65;66;69;71;72;74;75;76;78;79;80;81;82;83;84;85;86;87;88;89;90;91;92;93;94;95;96;97;98;99;100,100
A0AAX1JEG7,0.12121212121212122,5;7;14;42;47;52;61;64,66,1.9183007711172104,1.314629958277361,0.0,,100
A0AAX2ZQB8,0.96875,1;2;3;4;5;6;7;8;9;10;11;12;13;14;15;16;17;18;19;20;21;22;24;25;26;27;28;29;30;31;32,32,2.900797107219696,1.1012408512926988,0.96,1;2;3;4;5;6;7;8;9;10;11;12;13;14;15;16;17;18;19;20;21;22;24;25;26;27;28;29;30;31;32;33;34;35;36;37;38;39;40;41;42;43;44;45;46;47;48;49;50;51;52;53;54;55;56;57;58;59;60;61;62;63;64;65;66;67;69;70;71;72;73;75;76;77;79;80;81;82;83;84;85;86;87;88;89;90;91;92;93;94;95;96;97;98;99;100,100
A0AAX2ZQD4,0.4827586206896552,2;3;4;5;10;11;13;14;16;17;19;20;25;28,29,2.907517821788788,1.1366478320256845,0.39,4;8;9;11;13;24;27;28;30;32;36;38;39;40;46;47;48;50;52;53;55;57;59;63;66;67;69;70;71;75;77;78;79;80;90;92;93;94;99,100
A0AAX3A495,0.3333333333333333,5;10;12;14;16;19;21;22;26;27;33;36;37;38;44;47;51,51,2.3471708768606185,1.2747669484816555,0.7,1;2;3;4;5;6;7;8;11;12;13;15;17;18;19;21;23;24;25;27;28;29;30;32;34;36;37;38;39;40;41;42;43;44;45;46;47;48;50;52;53;54;55;56;57;58;59;60;61;63;64;67;69;73;74;78;79;80;81;82;84;85;86;87;88;91;92;93;96;98,100
A0AB33ACF4,0.7142857142857143,1;3;7;8;9;10;11;12;13;14;15;16;17;18;20;23;25;27;28;29;31;32;33;34;35;36;37;38;39;40;42;43;46;48;49,49,2.458268656730652,1.2394917328529211,0.98,1;2;3;4;5;6;7;8;9;10;11;12;13;14;15;16;17;18;19;20;21;22;23;24;25;26;27;28;29;30;31;32;33;34;35;36;37;38;39;40;41;42;43;44;45;46;47;48;49;50;51;52;53;54;55;56;57;58;59;60;61;62;63;65;66;67;68;69;70;71;72;73;74;75;76;77;78;79;80;81;82;83;84;85;86;87;88;89;90;91;92;93;94;96;97;98;99;100,100
A0AB33ACN0,0.2711864406779661,4;7;9;10;11;14;18;21;29;31;35;38;39;40;48;57,59,2.312606404423714,1.2624033433073343,0.89,1;2;3;4;5;6;7;8;10;11;12;13;15;16;17;18;19;20;21;22;23;24;25;26;27;28;29;30;31;32;33;34;35;36;37;38;39;40;41;43;44;45;47;48;49;51;52;53;54;55;56;57;58;59;60;61;62;63;64;65;66;67;68;69;70;71;72;74;75;76;79;80;81;82;83;84;86;87;88;89;91;92;93;94;95;96;97;99;100,100
A0AB33ADN5,0.6206896551724138,2;3;5;7;8;10;11;13;14;18;19;20;21;22;23;25;26;28;29;32;33;34;36;37;38;39;42;44;45;47;48;49;51;52;54;55,58,2.204003986120224,1.0917145270395971,0.75,1;2;3;4;5;6;8;10;11;12;13;14;15;16;17;18;19;20;21;22;23;24;27;29;30;31;32;33;35;37;38;40;41;42;44;45;46;47;48;49;50;51;52;53;55;56;58;60;62;64;65;67;68;70;71;72;73;74;75;77;78;81;82;83;84;85;87;90;93;94;95;96;97;98;99,100
A0AB33AHW7,0.4090909090909091,3;5;7;10;12;14;15;19;22;23;24;25;26;32;34;35;41;46;49;50;52;53;54;58;60;61;65,66,1.9165697795152665,1.3100078391088248,0.49,1;2;4;6;7;8;10;11;12;13;16;18;19;20;23;24;25;27;30;31;32;34;39;42;43;44;46;47;48;49;50;53;60;61;63;67;68;69;70;71;74;77;78;79;82;85;87;89;90,100
A0AB33TCW4,0.4057971014492754,5;9;11;12;16;17;23;24;26;27;28;29;31;32;39;40;41;46;53;55;56;59;60;63;66;67;68;69,69,1.860998545885086,1.2313169974921143,0.35,1;6;10;11;12;17;20;21;23;27;30;31;32;33;37;41;43;44;45;48;53;59;72;73;78;80;82;84;87;88;89;90;91;94;95,100
A0AB33TD28,0.391304347826087,2;3;6;11;12;13;16;17;20;24;26;28;30;31;32;39;43;44,46,2.4226081591844557,1.1451715674579446,0.81,1;2;4;5;6;7;8;9;14;16;17;19;21;22;23;24;25;26;28;29;30;31;32;33;34;35;36;37;38;39;40;41;42;43;44;45;46;47;49;50;51;52;53;54;55;57;58;59;61;62;63;64;65;66;67;69;70;71;73;75;76;77;78;79;80;81;82;83;84;85;86;87;88;89;91;92;93;95;97;98;99,100
A0AB38CYE9,0.8928571428571429,1;3;4;5;6;7;8;9;10;11;12;13;14;16;17;18;19;20;21;22;23;24;25;26;27;28;29;30;31;32;33;34;35;36;37;38;39;40;41;43;44;45;46;47;48;49;52;53;54;56,56,2.3493844044208525,1.102943911342813,1.0,1;2;3;4;5;6;7;8;9;10;11;12;13;14;15;16;17;18;19;20;21;22;23;24;25;26;27;28;29;30;31;32;33;34;35;36;37;38;39;40;41;42;43;44;45;46;47;48;49;50;51;52;53;54;55;56;57;58;59;60;61;62;63;64;65;66;67;68;69;70;71;72;73;74;75;76;77;78;79;80;81;82;83;84;85;86;87;88;89;90;91;92;93;94;95;96;97;98;99;100,100
A0AB38CZ04,0.6153846153846154,1;2;5;7;11;12;13;14;15;16;17;19;22;24;29;31;32;33;34;36;37;38;39;40;41;42;44;45;46;49;51;52,52,2.297028940320015,1.2903498542965919,0.91,1;2;3;4;5;6;7;8;10;11;12;13;14;15;16;17;18;19;21;22;23;24;25;26;27;28;29;30;31;32;33;34;35;36;37;38;39;40;41;42;43;44;45;46;47;48;49;50;51;52;53;54;55;56;57;58;59;60;61;62;63;64;65;66;67;68;69;70;71;74;75;77;78;79;82;83;84;85;86;87;88;89;90;91;93;94;95;96;98;99;100,100
A0AB38D5A4,0.16666666666666666,16;23;26;27;33;35;37;40;41;51,60,2.1227135354280473,1.3662987718783122,0.22,4;8;12;13;17;19;27;31;40;43;45;52;56;62;64;66;67;73;80;84;88;93,100
A0AB38USB2,0.7368421052631579,1;2;3;4;5;7;8;9;10;11;12;13;15;16;17;18;20;21;23;24;25;27;29;30;32;34;35;37,38,2.8073533070087433,1.234058922810995,0.84,1;2;3;4;5;7;8;9;10;11;12;13;14;15;16;17;18;19;20;22;23;24;25;28;29;30;31;32;33;35;37;38;39;40;41;42;43;44;45;48;49;50;51;52;53;54;55;56;57;58;59;61;64;65;66;67;69;70;71;73;74;75;76;77;78;79;80;81;82;84;85;86;88;89;90;91;92;94;95;96;97;98;99;100,100
A0AB72XQA2,0.5892857142857143,2;3;4;5;8;11;12;15;16;17;18;19;20;25;26;28;30;32;34;35;36;38;39;40;44;45;49;50;51;52;53;55;56,56,2.2765970265865327,0.9539718071208748,0.5,4;5;6;7;8;9;10;13;14;18;19;22;23;24;25;26;27;28;31;34;36;37;43;45;46;49;50;51;53;58;60;61;62;72;75;76;77;78;79;83;84;85;87;89;90;93;97;98;99;100,100
A0AB73LE91,0.5833333333333334,3;4;6;7;8;9;13;14;15;16;17;20;22;23;26;27;29;31;32;35;36,36,2.7111615705490113,0.9812221638342632,0.95,1;2;3;4;5;6;7;8;9;10;11;12;13;14;15;16;17;18;19;20;21;22;24;25;26;27;28;29;30;31;32;33;34;35;36;37;38;39;40;41;42;43;44;45;46;48;49;50;51;52;53;54;55;56;57;58;59;60;61;62;63;64;65;66;67;68;69;70;71;72;73;74;75;76;77;78;79;80;81;82;83;84;85;86;87;88;92;93;94;95;96;97;98;99;100,100
A0AB73LM64,0.02127659574468085,14,47,2.502919727563858,1.318290593432668,0.65,1;2;4;5;6;8;9;10;11;14;15;16;17;19;20;21;22;23;24;25;26;27;29;30;32;33;34;35;37;38;39;43;44;45;50;51;52;55;56;57;59;60;61;62;64;65;69;70;72;73;76;77;78;79;81;85;86;87;89;91;93;95;96;97;98,100
A0AB73MHS4,0.14285714285714285,4;9;17;24;40;50;51;53,56,2.2270909678936004,1.0085975806834337,0.9,1;2;3;4;5;6;7;9;10;11;12;13;14;15;16;17;18;19;20;21;22;23;25;26;27;29;30;31;32;33;34;35;36;37;38;39;41;42;43;46;47;48;49;50;51;52;53;54;55;56;57;58;59;60;62;63;64;65;66;67;68;69;70;71;72;73;74;75;77;78;79;80;81;82;83;84;85;86;87;88;90;91;92;93;94;95;96;97;99;100,100
A0AB73N8J1,0.625,6;7;8;10;11;12;13;14;15;16;17;19;20;21;23;24;26;27;28;29;30;33;35;37;38;40;41;42;45;46;47;49;50;52;53;56;57;58;60;63,64,2.009717729687691,1.416883520266235,0.89,1;2;3;4;5;6;7;8;9;10;12;13;14;15;16;17;18;19;20;21;23;24;25;26;27;28;29;30;31;32;33;34;35;36;37;38;39;40;41;42;43;44;45;46;47;48;49;50;51;52;53;54;55;57;58;60;61;62;63;65;66;67;68;69;70;71;73;75;76;77;78;79;80;81;82;85;86;87;88;89;90;91;92;93;94;95;97;99;100,100
A0AB73U2P7,0.625,2;3;6;8;9;10;11;12;13;14;16;17;18;19;20;23;24;26;32;33;34;35;36;37;40,40,2.702379195690155,1.1014807145372478,0.81,1;2;3;4;6;7;8;9;10;11;13;14;15;16;17;18;19;20;21;22;23;25;26;29;30;31;32;33;35;36;37;38;40;41;42;43;44;45;46;47;48;49;50;51;52;53;55;56;57;58;59;61;62;63;64;65;66;67;68;69;70;71;73;75;76;77;78;79;80;84;85;86;89;90;91;92;95;96;97;98;100,100
A0AB73U621,0.14893617021276595,3;11;26;27;32;37;46,47,2.4887894171476366,1.1296818442315886,0.67,1;2;3;4;5;7;8;9;12;13;14;15;16;17;18;20;21;22;24;25;26;28;29;31;32;33;35;36;37;42;43;44;45;46;47;48;50;51;53;54;56;57;58;59;63;64;66;67;68;69;70;73;75;78;79;82;83;84;85;87;89;90;94;96;97;99;100,100
A0AB73U7U3,0.32142857142857145,3;4;7;8;13;15;20;32;34;36;39;40;41;44;48;49;50;53,56,2.0980820655822754,1.3061904156684048,0.63,1;2;3;4;6;7;8;9;11;14;15;18;19;20;21;22;23;24;25;27;29;30;31;32;33;34;35;36;37;38;39;40;44;45;46;49;53;54;55;56;59;60;63;64;65;69;70;71;72;73;74;76;77;79;81;86;87;88;90;91;96;97;99,100
A0AB73U9A3,0.06349206349206349,1;4;28;38,63,2.0585252010822295,1.2325355293911266,0.45,2;3;4;5;8;10;11;12;13;14;16;17;19;25;26;27;28;30;31;33;39;40;44;47;48;52;54;57;58;59;62;63;64;66;67;69;70;74;78;79;82;85;87;91;95,100
A0AB74F9U6,0.5151515151515151,1;3;6;9;10;11;13;16;18;21;23;24;26;28;29;30;32;33;35;36;39;41;42;43;45;46;49;51;53;55;56;57;59;62,66,1.9996628350019454,1.1076185280908821,0.81,1;2;4;5;6;7;8;9;10;11;12;13;14;15;16;17;18;20;21;22;23;24;25;26;27;28;29;30;31;32;33;34;35;36;37;38;39;40;41;42;44;45;46;47;48;49;52;53;54;55;56;58;59;60;62;63;66;67;69;70;71;72;73;75;76;77;80;81;84;85;86;87;88;89;91;92;93;94;95;97;98,100
A0AB74FEB0,0.22448979591836735,1;7;8;12;16;19;25;27;29;30;33,49,2.2670726853609087,1.1600374080705622,0.86,1;2;3;4;5;6;7;8;9;10;11;12;13;14;15;16;17;18;19;20;21;22;23;25;26;27;28;29;30;31;32;33;35;36;37;38;39;40;41;42;43;44;45;46;47;48;49;50;52;53;54;57;59;60;61;62;63;65;67;68;70;71;72;73;74;76;77;78;79;80;81;83;84;87;88;89;90;91;92;93;94;95;96;97;98;100,100
A0AB74FGQ8,0.04411764705882353,17;39;59,68,1.9209262186288834,1.2813341144601422,0.01,23,100
A0ABD6QL27,0.5555555555555556,1;3;4;5;6;7;8;9;10;13;14;16;17;18;20;22;25;27;29;30;34;35;38;41;43,45,2.5561617797613145,1.223289062605086,0.6,1;3;6;7;11;12;13;14;15;16;17;19;20;21;23;25;27;30;32;35;37;38;40;41;42;45;47;49;50;51;52;53;54;55;56;57;58;60;61;62;63;66;72;73;74;76;77;78;80;81;83;84;85;86;87;92;94;95;96;99,100
A0ABD6QS80,0.3333333333333333,2;4;7;8;12;16;17;18,24,3.026229121685028,1.0801218706889275,0.08,19;33;48;53;69;75;79;92,100
A0ABD7HN08,0.5384615384615384,4;6;8;9;11;12;14;15;16;17;20;21;22;23;24;26;27;29;32;34;35;38;39;42;43;45;46;47;48;51;52;53;54;56;57,65,1.9242289865016937,1.0417914062733602,0.96,1;2;3;4;5;6;7;8;9;10;11;12;13;14;15;16;17;18;19;20;21;22;23;24;25;26;27;28;29;30;31;32;33;34;35;36;37;38;39;40;41;42;43;44;45;46;47;48;49;50;52;53;54;55;56;57;58;59;60;62;63;64;65;66;67;68;69;70;71;72;73;74;75;76;77;78;79;80;81;82;83;84;85;86;87;88;89;90;92;94;95;96;97;98;99;100,100
A0ABF7PG24,0.24615384615384617,9;10;17;18;19;26;27;29;31;38;46;47;50;54;60;63,65,1.9270186859369278,1.2531019545376034,0.11,10;18;44;47;49;55;60;61;82;87;97,100
A0ABM7I197,0.4642857142857143,2;3;6;7;9;11;12;13;14;15;19;21;22;23;24;25;26;27;29;30;39;42;45;46;47;48,56,2.3548908126354218,1.3430403397626751,0.49,1;3;4;5;6;8;9;10;11;12;13;15;18;20;21;23;24;30;31;32;33;34;35;39;40;41;42;46;48;51;52;55;57;58;59;62;65;66;68;70;71;73;75;77;85;86;89;93;99,100
A0ABM7J8Q1,0.08888888888888889,1;20;23;29,45,2.527512390613556,1.0748044791943268,0.13,18;21;38;39;44;47;49;76;78;87;90;92;99,100
A0ABM7JWD3,0.265625,4;5;9;10;12;13;22;24;25;27;38;41;43;45;51;54;61,64,1.95228455722332,1.1834876540073196,0.1,5;7;8;10;14;29;46;59;64;81,100
A0ABM7K1P0,0.4074074074074074,4;6;7;8;11;12;13;17;20;21;22;36;38;40;41;42;43;45;48;50;51;53,54,2.309397077560425,1.3319665324488799,0.6,1;4;5;7;9;10;11;12;15;18;19;20;21;22;23;24;25;27;28;29;30;31;34;35;36;37;38;39;43;47;48;49;51;52;54;57;64;65;67;71;73;74;75;76;77;78;79;82;83;84;85;86;87;90;92;93;95;97;98;99,100
A0ABM7SIW3,0.16417910447761194,2;3;7;9;16;19;39;50;53;55;63,67,2.026020749807358,1.2912338962994296,0.18,4;14;15;27;28;29;41;42;47;50;54;55;58;60;75;77;80;96,100
A0ABM7SN96,0.52,1;3;4;5;6;7;9;11;13;20;22;23;24;26;27;28;32;35;37;39;40;42;43;44;48;50,50,2.370682748556137,1.284848720807218,0.97,1;2;3;4;5;6;7;8;9;10;11;12;13;14;15;16;17;18;19;20;21;22;23;24;25;26;27;28;29;30;31;32;33;34;35;36;37;38;39;40;41;42;43;44;45;46;47;48;49;50;51;52;54;55;56;57;58;59;60;61;62;63;64;65;66;67;68;69;70;71;72;73;74;75;76;77;78;79;80;82;83;84;86;87;88;89;90;91;92;93;94;95;96;97;98;99;100,100
A0ABM7SX73,0.2807017543859649,1;2;3;4;7;11;12;14;17;20;22;34;41;46;51;52,57,2.1444722658395765,1.1631889103020878,0.32,3;10;12;13;14;18;20;21;22;23;27;32;40;44;46;50;54;58;61;68;71;72;73;76;79;81;88;90;91;93;94;100,100
A0ABM9LWN3,0.5384615384615384,1;3;4;5;6;7;8;9;10;11;12;13;14;16;17;19;20;27;29;30;33;34;37;38;39;40;48;50,52,2.243779110908508,1.19097858465381,0.8,1;3;4;5;6;7;8;9;10;11;12;13;14;15;16;17;18;19;20;21;22;23;25;26;27;28;29;30;31;33;34;36;37;39;40;42;43;44;45;46;49;50;52;53;54;55;57;59;60;61;63;65;66;67;68;71;72;73;74;75;76;77;78;79;80;81;83;84;85;87;88;89;90;92;93;94;95;96;97;100,100
A0ABN0UZZ3,0.03225806451612903,19,31,2.790635939836502,1.0478759805341038,0.03,4;7;71,100
A0ABN1T3W5,0.5892857142857143,4;6;7;9;10;12;15;16;17;19;20;21;22;24;26;27;28;29;30;31;32;33;35;36;39;41;43;45;48;49;51;52;53,56,2.248198911547661,1.0934021192472991,0.99,1;2;3;4;5;6;7;8;9;10;11;12;13;14;15;16;17;18;19;20;21;22;23;24;25;26;27;28;29;30;31;32;33;34;35;36;37;38;39;40;41;42;43;44;45;46;47;48;49;50;51;52;53;54;55;56;57;58;59;60;61;62;63;64;65;66;67;68;69;70;71;72;73;74;75;76;77;78;79;80;81;83;84;85;86;87;88;89;90;91;92;93;94;95;96;97;98;99;100,100
A0ABN1UVC2,0.5692307692307692,2;4;7;8;9;10;11;12;13;15;16;18;20;22;23;27;28;29;30;31;34;39;41;42;43;44;45;48;49;50;52;53;54;57;61;62;65,65,2.1713604122400283,1.3566153105479568,0.99,1;2;3;4;5;6;7;9;10;11;12;13;14;15;16;17;18;19;20;21;22;23;24;25;26;27;28;29;30;31;32;33;34;35;36;37;38;39;40;41;42;43;44;45;46;47;48;49;50;51;52;53;54;55;56;57;58;59;60;61;62;63;64;65;66;67;68;69;70;71;72;73;74;75;76;77;78;79;80;81;82;83;84;85;86;87;88;89;90;91;92;93;94;95;96;97;98;99;100,100
A0ABN2Q9Z6,0.34615384615384615,3;4;5;7;8;14;16;18;19;24;25;26;28;33;35;36;45;51,52,2.3280849123001097,1.2229750647035174,0.33,1;3;4;5;6;14;15;16;17;18;24;28;31;32;34;37;42;43;44;47;49;50;51;53;56;69;75;78;87;91;96;97;100,100
A0ABN3KZK6,0.3877551020408163,4;6;7;10;11;15;17;19;24;31;32;33;34;35;37;38;40;44;49,49,2.2535665434598924,1.2449350270650161,0.37,1;2;4;6;9;10;11;15;18;20;30;32;33;34;36;39;43;45;46;47;53;54;57;58;64;65;67;69;72;75;83;90;92;93;94;95;97,100
A0ABN5YF31,0.2545454545454545,5;6;7;10;12;17;21;22;23;30;33;43;44;47,55,2.336589415073395,1.2645127527692142,0.33,2;4;7;13;14;16;17;18;21;22;23;26;35;36;37;41;42;45;52;53;54;55;57;63;66;71;75;77;82;85;92;94;98,100
A0ABN5YVZ6,0.020833333333333332,31,48,2.4025379168987273,1.216906593446482,0.02,38;51,100
A0ABN5YWL7,0.3389830508474576,3;4;8;9;13;16;17;18;21;22;27;30;31;33;36;40;41;49;51;59,59,2.162304117679596,1.0145196528966807,0.34,1;7;8;9;15;20;21;23;25;26;30;35;37;38;42;43;46;51;53;55;62;66;69;72;73;75;77;78;82;86;90;92;97;99,100
A0ABN5ZR55,0.4074074074074074,7;8;9;11;12;14;15;17;19;23;24;25;28;29;33;34;39;41;42;43;46;47,54,2.3158007895946504,1.211149380296423,0.8,1;2;3;5;6;7;8;9;10;11;12;14;15;16;18;19;22;23;24;25;26;27;29;30;32;33;34;36;37;38;39;40;42;44;45;46;47;48;49;50;52;53;54;56;58;59;60;61;62;63;64;65;66;68;69;71;72;75;76;77;78;79;80;81;82;84;85;86;88;89;90;91;92;94;95;96;97;98;99;100,100
A0ABN5ZWQ7,0.25862068965517243,2;9;16;18;25;27;34;39;40;44;50;52;53;55;56,58,2.1546379870176313,1.1304438401021832,0.46,1;2;5;8;9;11;12;14;15;16;21;23;24;25;26;27;28;33;34;35;36;37;39;42;43;44;46;48;49;55;56;61;62;69;70;71;75;80;81;83;85;87;89;92;97;100,100
A0ABN6AMT8,0.423728813559322,2;3;6;8;13;19;24;30;32;34;35;36;37;38;39;40;41;44;45;47;49;51;52;55;57,59,2.1349218237400054,1.3022210569532862,0.53,1;2;3;4;6;9;10;11;13;14;19;21;22;23;24;27;28;30;32;33;34;36;38;39;41;45;46;52;53;57;62;63;64;65;68;69;70;72;73;75;76;79;81;82;83;85;88;92;93;95;97;98;100,100
A0ABN6AP09,0.30612244897959184,5;10;12;18;23;29;34;35;36;40;41;44;46;47;49,49,2.3562385499477387,1.1935531150130791,0.41,1;2;5;6;9;12;16;17;20;21;23;25;27;30;31;34;37;38;44;45;46;48;51;52;54;56;57;61;63;64;65;66;69;73;74;75;79;80;83;90;95,100
A0ABN6IEF7,0.38596491228070173,2;3;5;6;10;11;14;17;19;20;21;26;27;31;33;35;37;38;42;45;46;51,57,2.1628322803974154,1.1465657503331608,0.64,1;2;3;4;5;6;8;9;10;11;13;14;15;17;20;21;24;26;27;28;29;30;33;34;35;37;38;39;42;43;44;45;47;48;51;52;55;56;58;61;62;63;65;66;69;71;72;73;74;77;79;80;83;85;86;89;90;91;92;93;94;97;98;99,100
A0ABN6IL17,0.17142857142857143,5;20;22;28;29;30,35,2.7471840667724607,1.2155044137346394,0.43,2;3;7;8;13;14;15;16;20;22;29;30;31;33;35;36;38;44;50;52;54;56;58;64;65;67;68;69;70;73;75;76;77;82;83;88;90;91;92;93;95;97;100,100
A0ABN6U5V0,0.14285714285714285,2;17;22;27;31;35;47;48;54,63,2.1311092495918276,1.1680377821629337,0.25,10;16;18;19;30;34;37;39;40;42;47;48;50;51;57;60;61;62;65;74;76;82;83;97;98,100
A0ABN9NWH6,0.25806451612903225,5;6;7;9;10;17;19;29;32;33;34;40;43;54;60;61,62,2.259259759187698,1.2475816496782794,0.2,2;5;7;11;19;20;23;30;32;34;39;43;45;46;56;66;71;76;91;99,100
A0ABP6W264,0.03076923076923077,36;39,65,1.945948341488838,1.1970314227280814,0.08,1;28;48;63;68;86;96;99,100
A0ABP7F641,0.14035087719298245,7;10;13;14;15;18;20;23,57,2.286009111404419,1.2785561484127306,0.19,8;10;18;24;25;33;37;40;46;47;50;55;60;64;67;70;72;75;90,100
A0ABP8EZM2,0.3142857142857143,6;10;11;14;16;17;18;21;22;24;33,35,2.7939552700519563,1.094742723290201,0.24,4;12;17;26;31;43;44;46;52;53;56;58;61;63;65;66;68;72;76;80;82;91;94;100,100
A0ABP8RAE2,0.4915254237288136,2;3;5;7;8;9;10;11;13;15;17;18;19;22;23;26;27;28;30;37;41;42;44;45;50;55;56;57;59,59,2.094946780204773,1.1274139686967335,0.87,1;2;3;4;5;6;7;8;11;12;13;14;15;16;17;18;19;20;22;23;24;25;26;27;28;29;30;31;32;33;34;35;36;37;39;40;41;42;43;44;45;46;47;49;50;51;52;53;55;57;60;61;63;65;66;67;68;69;70;71;72;73;74;75;76;77;78;79;80;81;82;83;85;86;87;88;89;90;91;93;94;95;96;97;98;99;100,100
A0ABP9K210,0.42857142857142855,1;2;3;4;6;7;8;10;11;12;14;15;23;24;25;26;29;30;33;36;39;41;46;47;49;50;52,63,2.1782892751693725,1.1902517908675518,0.53,1;2;3;9;10;11;12;13;15;16;18;19;20;21;23;24;25;26;27;29;31;35;36;37;38;39;40;41;43;44;45;46;49;53;60;62;63;66;67;69;70;73;74;75;78;79;81;83;89;94;95;96;97,100
A0ABQ1C2G9,0.1896551724137931,4;7;9;11;12;13;16;27;38;39;52,58,2.2340937387943267,1.3298980422285887,0.31,2;3;6;10;18;20;23;25;30;32;33;34;35;36;39;41;42;44;46;49;50;53;54;60;66;69;71;76;86;88;92,100
A0ABQ1CET0,0.43137254901960786,1;2;5;6;7;8;9;10;11;13;17;19;20;21;22;24;30;38;39;40;46;49,51,2.359354506134987,1.1850082043199592,0.22,7;8;10;11;17;18;21;24;27;32;37;45;49;59;61;70;75;83;88;90;93;97,100
A0ABQ1V3W2,0.42592592592592593,2;3;4;5;6;8;9;11;12;13;15;16;17;19;29;33;35;38;45;49;51;52;54,54,2.309903383255005,1.1793555274935914,0.62,1;2;3;4;5;6;7;8;11;12;13;14;15;19;20;21;22;23;25;26;30;35;36;37;38;41;43;45;46;49;50;51;53;54;55;57;58;60;61;62;63;65;66;67;68;70;72;74;77;78;81;83;84;85;87;88;90;95;96;97;98;100,100
A0ABQ2KKB0,0.22727272727272727,1;5;6;16;20;22;30;44;49;51;54;58;59;61;66,66,1.9365902018547059,1.2343070163869887,0.86,1;2;3;4;5;6;7;8;9;10;12;13;14;15;16;18;19;20;21;22;23;24;25;26;27;28;29;30;31;32;33;34;35;36;37;38;39;41;42;44;45;46;47;48;50;51;52;53;55;56;57;58;59;61;62;63;64;66;67;68;69;70;71;72;75;76;77;78;79;80;81;82;85;86;87;88;89;90;91;93;94;95;96;97;98;100,100
A0ABQ3MHH6,0.6382978723404256,1;3;6;7;8;9;10;11;13;15;17;19;21;23;24;25;27;29;30;31;32;35;36;37;39;40;41;43;45;46,47,2.4716174709796905,0.9904681893274683,0.42,1;2;3;4;6;8;15;16;19;22;23;24;25;26;31;35;36;37;40;41;44;48;52;55;56;57;59;62;63;65;69;71;72;74;76;77;82;86;89;90;96;99,100
A0ABQ3SCS9,0.041666666666666664,15;21,48,2.484180113077164,1.2269410189557675,0.03,57;62;82,100
A0ABQ4FMS5,0.2608695652173913,1;7;12;16;17;19;22;30;32;33;34;42,46,2.4355507212877274,1.2943773296829268,0.32,2;3;5;8;10;11;12;13;14;17;18;23;27;41;47;52;53;55;63;66;67;68;71;72;73;74;79;81;82;86;87;90,100
A0ABR4YVY6,0.05263157894736842,24;27,38,2.7387469959259034,1.1773545642862082,0.1,19;30;34;38;40;56;59;63;64;97,100
A0ABR4YVZ6,0.5689655172413793,3;5;6;7;9;11;12;13;14;15;16;17;19;20;22;23;24;25;26;30;31;32;35;38;39;40;44;46;50;51;53;54;58,58,2.239831801652908,1.2150947375852352,0.64,1;3;5;6;8;9;12;13;14;18;19;20;22;23;24;25;26;27;29;30;31;32;35;36;39;40;43;44;47;48;49;51;52;53;54;55;57;60;65;66;67;68;70;71;72;73;74;75;76;78;80;82;84;86;87;90;91;92;93;94;95;96;98;99,100
A0ABR4ZAR7,0.07547169811320754,2;4;5;21,53,2.3628280425071715,1.2324654268538353,0.01,39,100
A0ABR4ZEC0,0.08,8;9;20;35,50,2.5002684849500656,1.2516515097740502,0.0,,100
A0ABR5FFS4,0.18181818181818182,14;20;21;27;29;35;36;40;44;52,55,2.2749668627977373,1.3562277254750204,0.36,1;2;5;7;10;11;13;20;23;27;30;33;37;41;42;43;46;47;49;50;58;63;64;65;66;70;72;74;76;79;86;88;92;93;94;98,100
A0ABR5FS25,0.6101694915254238,1;2;3;4;5;6;7;9;10;11;12;13;14;16;17;18;19;20;21;22;23;25;26;27;28;29;30;31;32;35;37;38;41;42;45;51,59,2.1793725693225863,1.1657291465583834,0.15,5;14;17;42;49;52;55;57;67;69;70;71;74;79;86,100
A0ABR5ICW2,0.5869565217391305,1;2;3;4;7;8;11;12;13;14;15;16;18;20;21;24;25;27;28;33;35;36;37;39;40;42;45,46,2.6067754578590394,1.402921933331346,0.96,1;2;3;4;5;6;7;8;9;10;11;12;13;14;15;16;17;18;19;20;21;22;23;24;25;26;27;28;29;30;31;32;33;34;35;36;37;38;39;40;41;42;43;44;45;46;47;48;50;51;52;53;54;55;56;57;58;59;60;61;62;63;64;65;66;68;69;70;71;72;73;74;75;76;77;78;79;80;82;83;84;85;86;87;88;89;90;91;92;93;94;95;96;97;98;100,100
A0ABR6BBF3,0.6111111111111112,2;3;4;5;6;7;8;10;11;12;13;14;16;17;18;19;22;23;24;25;26;27;29;30;32;37;40;41;43;44;50;51;53,54,2.247129403948784,1.1066641784344786,0.69,1;2;3;5;6;7;8;9;10;11;12;13;14;15;16;17;18;19;20;21;23;24;25;28;29;30;31;33;34;36;37;38;39;41;44;45;46;47;48;50;51;52;53;54;55;56;57;58;60;61;62;64;65;68;69;71;74;75;77;78;79;80;81;83;84;88;96;97;99,100
A0ABS1MF83,0.12280701754385964,5;6;31;40;41;44;51,57,2.1930291724205015,1.1511917471500759,0.15,5;6;13;17;24;26;37;41;43;51;53;59;64;82;100,100
A0ABS1N1S8,0.5454545454545454,1;2;3;4;5;6;12;13;15;18;22;24;25;27;29;30;31;32,33,2.708966279029846,0.8837367494530902,0.84,2;3;4;5;6;8;12;13;14;15;16;18;19;20;21;23;24;25;26;27;28;29;30;31;34;35;36;37;38;39;40;41;42;43;44;46;47;48;49;50;51;52;54;55;57;58;59;60;61;62;63;64;65;66;67;69;70;71;74;75;77;78;79;80;81;82;83;84;85;86;87;88;89;90;91;92;93;94;95;96;97;98;99;100,100
A0ABS2KQI4,0.4909090909090909,2;5;10;11;12;14;16;18;19;21;23;24;26;28;29;30;31;34;35;37;38;41;42;43;45;49;52,55,2.362006158232689,1.328132673397723,0.41,1;3;4;5;8;11;13;16;17;18;19;20;21;22;24;25;29;30;33;34;35;36;37;38;40;46;50;51;54;56;57;59;61;64;68;70;76;77;88;95;99,100
A0ABS4QNX2,0.39655172413793105,2;7;15;16;18;21;22;24;27;29;31;32;34;36;37;38;39;40;43;44;53;54;56,58,1.9980981051921844,1.0105325078055214,0.12,19;27;32;43;48;62;65;76;84;90;92;93,100
A0ABS4ZTS0,0.23636363636363636,1;10;12;13;15;18;20;24;27;30;32;41;45,55,2.303756452202797,1.21842216314823,0.07,7;26;29;54;66;82;96,100
A0ABS4ZW31,0.5535714285714286,2;3;4;5;6;8;9;10;11;12;14;19;20;22;24;26;28;31;32;34;35;36;37;38;40;41;42;43;51;53;54,56,2.344629389047623,1.3331502262745722,0.48,4;7;12;13;14;17;18;19;21;22;23;24;25;26;29;32;33;35;36;37;38;39;41;42;43;45;47;49;51;55;56;57;58;61;62;63;66;68;72;74;76;77;80;82;83;84;85;93,100
A0ABS5AT52,0.0,,58,2.460424565076828,1.2950289023202777,0.0,,100
A0ABS5RPE8,0.25,9;11;19;23;25;26;27,28,2.9650439178943633,1.079312662271974,0.46,1;4;5;7;9;15;16;19;20;21;24;29;31;33;38;39;41;45;46;47;48;54;55;56;58;59;64;65;71;72;75;79;82;83;86;87;88;89;90;91;92;94;96;97;98;99,100
A0ABS5RSN2,0.8305084745762712,1;2;3;4;5;6;7;8;9;10;11;12;13;14;15;16;17;19;20;21;22;23;24;25;26;27;28;29;30;31;32;33;34;35;37;39;40;41;42;44;45;46;49;52;53;55;56;58;59,59,2.1460204672813417,1.1641392868954274,0.76,1;2;3;4;5;6;7;8;9;10;12;13;14;15;16;17;18;19;20;21;23;25;26;29;30;31;32;33;34;35;36;39;40;41;42;44;46;47;48;49;50;51;52;54;56;57;59;60;62;63;68;70;71;72;74;77;78;81;82;83;84;85;86;87;89;90;91;92;93;94;95;96;97;98;99;100,100
A0ABS6B2B6,0.04838709677419355,2;6;9,62,2.2285612761974334,1.2758084070290536,0.01,65,100
A0ABS6B304,0.19298245614035087,15;16;21;23;24;28;35;43;53;54;55,57,2.099619807600975,1.196307213265502,0.2,10;15;26;27;28;30;32;35;37;41;42;48;56;59;63;64;68;72;75;94,100
A0ABS6B561,0.5227272727272727,1;3;4;5;6;7;10;11;12;13;14;15;17;19;20;22;23;25;33;34;36;37;42,44,2.723521880507469,1.343418171993273,0.97,1;3;4;5;6;7;8;9;10;11;12;13;14;15;16;17;18;19;20;21;23;24;25;26;27;28;29;30;31;32;33;34;35;36;37;38;39;40;41;42;44;45;46;47;48;49;50;51;52;53;54;55;56;57;58;59;60;61;62;63;64;65;66;67;68;69;70;71;72;73;74;75;76;77;78;79;80;81;82;83;84;85;86;87;88;89;90;91;92;93;94;95;96;97;98;99;100,100
A0ABS6B8N5,0.14035087719298245,4;7;13;20;21;24;25;28,57,2.255773386359215,1.1683929718772983,0.01,46,100
A0ABS6HLI0,0.5535714285714286,2;3;4;5;7;8;9;10;11;12;15;16;17;20;23;24;25;27;29;32;35;36;37;38;44;45;46;47;48;52;54,56,2.102883972525597,1.0681499744794642,0.72,2;3;4;5;6;8;9;10;12;15;16;18;19;20;22;23;25;26;28;30;31;32;33;34;35;36;37;39;40;41;42;43;46;47;48;49;50;51;53;54;55;56;57;58;59;61;62;63;64;66;67;69;70;71;74;75;77;78;81;82;84;85;87;88;89;90;92;95;96;97;98;99,100
A0ABS6HWS9,0.44680851063829785,3;5;6;10;11;13;16;17;18;20;21;22;25;26;27;30;34;35;36;37;45,47,2.6570919901132584,1.3179510893203394,0.32,6;9;12;25;28;30;32;34;35;36;42;44;47;51;55;61;64;73;74;75;77;81;82;83;85;87;88;89;90;92;98;99,100
A0ABS6KMF6,0.2777777777777778,2;5;6;7;11;12;23;24;26;28,36,2.8240598475933076,1.34278049683569,0.19,3;5;23;24;27;29;36;41;53;59;67;72;83;84;86;87;89;90;94,100
A0ABS6KMP2,0.2830188679245283,2;4;5;7;9;21;33;39;41;43;44;46;49;52;53,53,2.4160792636871338,1.148024895220474,0.11,8;24;27;33;48;49;53;56;61;63;84,100
A0ABS7NQE0,0.23255813953488372,16;17;18;19;27;28;31;37;41;43,43,2.7426889085769655,1.1396328726256255,0.45,1;2;3;4;5;7;11;12;13;17;19;21;22;24;27;31;34;36;42;43;45;46;48;51;52;53;54;55;58;61;63;64;66;68;72;74;75;78;79;87;88;89;91;92;93,100
A0ABS7P1E6,0.40540540540540543,4;6;9;10;12;13;15;16;23;24;28;29;30;31;32,37,2.824301725625992,1.1007492557102507,0.59,6;7;9;10;11;13;14;16;17;18;19;20;22;23;25;26;28;29;32;33;34;35;36;38;39;40;42;44;46;47;48;50;51;52;55;61;64;66;67;68;70;72;73;76;77;80;81;82;83;86;88;89;90;91;93;94;96;98;100,100
A0ABS7R0Q3,0.058823529411764705,25;29;44,51,2.437012289762497,1.1408690972627091,0.06,2;8;40;52;56;58,100
A0ABS8Z8Y9,0.047619047619047616,19,21,2.989074034690857,1.0177853944067023,0.14,12;13;19;21;34;36;41;45;48;59;64;70;71;98,100
A0ABT0DZ76,0.1956521739130435,3;4;5;6;8;10;19;34;35,46,2.5483305710554123,1.308055951168819,0.0,,100
A0ABT1GWJ1,0.18032786885245902,1;2;4;8;24;25;30;34;42;56;57,61,2.035493877530098,1.1493049689502755,0.54,1;3;5;9;10;16;17;18;19;21;22;23;26;28;30;31;32;33;34;35;39;41;42;48;49;50;51;53;54;57;58;59;60;61;62;64;65;66;67;68;69;73;75;78;79;83;85;87;89;90;91;92;96;97,100
A0ABT1H9N7,0.17777777777777778,1;2;5;13;15;31;38;42,45,2.707858020067215,1.297845400376616,0.09,17;27;56;64;65;77;84;86;98,100
A0ABT1I9G9,0.3,5;7;11;12;13;16;17;19;25;27;34;36,40,2.55333493411541,1.278936405339963,0.62,1;2;3;4;5;6;7;8;9;10;12;13;14;15;17;19;20;21;22;27;31;33;34;35;37;38;41;43;44;45;46;47;51;53;54;56;57;58;61;64;67;68;69;71;72;73;75;76;78;79;81;83;84;85;86;87;89;90;91;93;98;99,100
A0ABT1M7B6,0.6086956521739131,2;4;5;6;7;9;11;12;13;15;16;17;19;21;23;25;27;28;29;30;31;32;34;35;36;40;41;44,46,2.451695129275322,1.2368206781351423,0.62,1;2;6;7;8;13;15;17;19;20;21;22;23;25;31;32;33;35;36;38;39;40;45;46;49;50;52;53;54;57;58;60;62;64;65;67;68;69;70;71;72;73;75;76;77;78;79;80;82;83;85;86;87;88;90;91;94;95;96;98;99;100,100
A0ABT2MBH6,0.14,3;8;9;14;19;40;43,50,2.389825197458267,1.3266313416285713,0.41,2;3;5;7;10;13;18;20;21;22;23;24;26;27;34;35;37;38;39;40;45;46;47;48;49;50;51;58;59;61;66;67;69;71;75;79;82;87;89;92;99,100
A0ABT3CFH2,0.25925925925925924,3;7;8;10;12;15;17;20;29;33;37;38;42;50,54,2.2393465495109557,1.1974892721116126,0.35,6;11;21;22;25;26;27;32;33;34;37;42;44;45;49;54;55;57;58;59;61;62;66;71;72;76;83;84;85;86;88;93;97;99;100,100
A0ABT3CH10,0.24489795918367346,3;9;10;14;16;22;34;35;36;40;46;47,49,2.2992654502391816,1.107887769093163,0.19,3;6;8;10;23;26;29;33;43;48;56;58;65;72;81;89;90;91;99,100
A0ABT3S7W5,0.25925925925925924,3;4;7;8;10;18;19;20;27;29;36;41;44;48,54,2.3131912606954574,1.0795512807904237,0.19,5;10;12;18;24;28;30;31;39;41;45;47;48;49;55;56;58;67;71,100
A0ABT3SKC9,0.7435897435897436,1;2;3;6;7;8;9;11;12;13;14;16;17;18;19;20;22;23;25;26;27;28;30;31;33;34;35;37;38,39,2.7934023582935334,1.1339706524890913,0.98,1;2;3;4;5;6;7;8;9;10;11;12;13;14;15;16;17;18;19;20;21;22;23;24;25;26;27;28;29;30;31;32;33;34;35;36;37;38;39;40;41;42;43;44;45;46;47;48;49;51;52;53;54;55;56;57;58;59;60;61;62;63;64;65;66;67;68;69;70;71;72;73;74;75;76;77;78;79;80;81;82;83;84;85;86;87;88;89;90;91;92;93;94;95;96;97;98;100,100
A0ABT4HB77,0.37254901960784315,1;2;3;5;11;12;13;15;20;21;24;25;28;29;34;38;46;49;51,51,2.415105085968971,1.2046575518876221,0.12,16;23;33;37;46;49;59;65;72;80;94;99,100
A0ABT4MHH0,0.5932203389830508,2;5;6;7;8;10;11;12;13;14;15;16;17;20;21;22;24;26;27;30;33;34;36;37;38;40;42;44;45;47;48;51;52;54;59,59,2.117422897219658,1.054203231433099,0.84,1;2;3;4;5;6;8;9;10;11;12;13;14;15;17;18;19;20;21;22;23;25;26;27;28;29;30;31;32;33;34;35;36;38;39;40;42;43;44;45;46;47;48;49;51;52;53;54;55;56;57;59;60;61;64;65;66;67;68;69;71;73;74;75;76;77;78;79;80;81;82;83;84;86;87;88;89;91;92;94;95;96;98;99,100
A0ABT4PYE8,0.11904761904761904,12;26;28;29;36,42,2.7316155874729158,1.1859429232852425,0.26,5;11;13;14;19;23;24;31;33;39;43;44;45;50;54;55;65;68;72;73;77;80;82;93;95;98,100
A0ABT5G3U5,0.10204081632653061,9;30;32;34;36,49,2.450602995157242,1.0878045615344194,0.06,18;41;52;64;70;77,100
A0ABT6CN04,0.12727272727272726,2;3;12;23;25;30;37,55,2.2401739698648453,1.235854988927338,0.09,7;8;31;32;43;45;53;68;92,100
A0ABT6GXB0,0.14814814814814814,7;9;11;15;21;40;47;48,54,2.3027981078624724,1.1074282191957994,0.13,2;3;29;37;41;43;48;59;60;79;81;92;99,100
A0ABT6KSA3,0.07692307692307693,2,13,3.398974244594574,0.9681567957483268,0.11,8;14;25;26;41;42;54;79;81;83;94,100
A0ABT6KTL6,0.7419354838709677,3;4;6;7;8;10;11;12;13;14;16;17;18;19;20;21;23;24;26;27;28;29;30,31,3.1112586057186125,1.3010309155609308,0.9,1;2;3;5;6;7;8;9;10;11;12;13;14;15;16;17;18;19;20;21;22;24;25;26;27;28;29;30;31;32;33;34;35;36;38;39;40;42;43;44;45;46;47;48;50;51;52;53;55;56;57;58;59;60;61;62;63;64;65;66;68;69;70;71;72;73;74;75;76;77;78;79;80;81;82;83;85;86;87;88;89;90;91;92;93;94;95;96;97;98,100
A0ABT6MJ18,0.19047619047619047,4;5;8;10;14;15;16;18,42,2.542046464681625,1.1855402253598992,0.04,34;45;90;92,100
A0ABT6PWS8,0.36363636363636365,1;7;8;13;14;16;17;18;24;26;28;35;36;37;43;44;45;47;48;51,55,2.253219872713089,1.2566204652598172,0.57,1;3;4;6;8;9;10;11;12;14;15;17;18;20;21;22;23;26;27;28;30;31;32;34;35;38;39;40;41;42;45;46;48;50;54;60;61;63;65;67;71;75;76;77;78;80;82;83;85;86;88;90;91;92;94;99;100,100
A0ABT8HAL2,0.5,1;3;4;8;10;11;12;13;16;18;19;22;24;28;29,30,2.765330239534378,0.9665233161239438,0.93,1;2;3;4;5;6;7;8;9;10;11;12;13;14;15;16;17;18;19;20;21;22;23;24;25;27;28;29;30;31;32;33;34;35;36;37;38;39;40;41;42;43;44;45;46;47;48;49;52;53;54;55;56;57;58;59;60;61;62;63;65;66;67;68;69;70;71;72;73;74;76;77;78;79;80;81;82;84;85;87;88;89;90;91;92;93;94;95;96;97;98;99;100,100
A0ABT8UIQ8,0.13636363636363635,6;7;20;30;39;42,44,2.5094588589668274,1.248284847041961,0.37,2;8;11;15;17;19;22;23;24;25;27;33;35;40;41;46;47;48;49;51;56;60;61;68;72;74;76;79;80;81;84;85;86;91;93;96;97,100
A0ABU1J6J1,0.22641509433962265,6;8;11;15;18;29;31;33;39;45;46;49,53,2.4816219240427015,1.301116730492881,0.11,30;37;52;60;65;67;83;85;91;92;99,100
A0ABU1XFG9,0.15873015873015872,11;12;13;16;17;21;29;30;52;57,63,2.134407969713211,1.1852539358481744,0.96,1;2;3;4;5;6;7;8;9;10;11;12;13;14;15;16;17;18;19;20;21;22;23;24;25;26;28;29;30;31;32;33;34;35;36;37;38;39;40;41;42;43;44;45;46;47;49;50;51;53;54;55;56;57;58;59;60;61;62;63;64;65;66;67;68;69;70;71;72;73;74;76;77;78;79;80;81;82;83;84;85;86;87;88;89;90;91;92;93;94;95;96;97;98;99;100,100
A0ABU2T218,0.0,,49,2.3904935228824615,1.1972377020013527,0.0,,100
A0ABU2TUM7,0.10526315789473684,9;10;19;34;36;44,57,2.2628805339336395,1.208845243350777,0.15,6;13;19;32;33;45;58;61;62;75;77;79;83;86;93,100
A0ABU2UT33,0.2631578947368421,6;18;24;27;28;34;35;36;38;39;40;41;44;47;49,57,2.182897870540619,1.2043256491712602,0.96,1;2;3;4;5;6;7;8;9;10;11;12;13;14;15;16;17;18;19;20;21;22;23;24;25;26;27;28;29;30;31;32;33;34;35;36;37;38;39;40;41;42;43;44;46;47;48;49;50;51;52;53;54;55;56;57;58;59;61;62;63;64;65;66;67;68;69;70;71;72;73;74;75;76;77;78;79;80;81;82;83;84;85;86;87;89;90;91;92;93;94;95;96;97;99;100,100
A0ABU4B4H7,0.13725490196078433,4;6;11;19;22;24;46,51,2.3694413256645204,1.3197660431332772,0.33,6;9;10;13;14;16;17;23;24;26;30;34;38;42;45;48;50;55;61;63;64;65;67;68;69;70;78;81;83;86;88;91;94,100
A0ABU4BCL6,0.45098039215686275,1;2;3;8;9;11;13;14;20;21;24;25;27;28;29;33;34;35;37;40;41;43;45,51,2.4516396260261537,1.2731809438692236,0.56,1;4;5;6;7;8;9;13;14;15;16;17;18;20;21;22;23;24;26;28;30;31;32;34;37;38;41;42;43;45;46;49;50;51;52;56;59;62;63;64;68;69;70;71;78;79;80;81;87;89;90;92;94;96;97;99,100
A0ABU4D5Q4,0.5283018867924528,3;4;7;9;10;11;13;14;16;17;18;22;24;25;29;33;35;37;38;40;42;44;46;47;48;50;51;52,53,2.351016548871994,1.366034320704203,0.8,1;3;4;5;6;7;8;9;10;11;12;13;14;15;16;17;18;19;21;22;23;25;27;28;29;32;33;34;35;36;38;39;40;41;42;43;44;45;47;48;49;50;51;53;54;56;58;59;60;61;62;63;64;65;66;67;69;71;72;73;74;75;76;78;79;80;81;82;83;84;85;87;88;89;90;92;93;94;96;99,100
A0ABU5XGE3,0.5319148936170213,1;6;7;14;15;16;17;18;19;20;25;26;27;28;31;34;35;36;37;40;41;43;44;45;47,47,2.416791551113129,1.1022224946326016,0.64,1;4;5;6;7;9;10;12;13;16;18;19;22;23;24;25;27;29;30;31;32;34;38;39;41;42;43;44;45;47;48;49;50;51;52;55;56;60;61;62;64;67;68;69;70;71;72;73;78;79;83;84;86;87;88;90;91;92;93;95;96;98;99;100,100
A0ABU5XMQ5,0.47368421052631576,1;3;5;6;7;8;9;10;12;15;16;17;21;22;24;27;29;30;32;34;35;36;41;43;45;54;55,57,2.294910309314728,1.3910085535907541,0.18,1;2;11;18;19;26;30;36;38;44;48;49;55;62;73;79;83;95,100
A0ABU5XT42,0.7575757575757576,1;2;3;4;5;6;7;8;10;11;13;14;15;16;17;18;19;20;21;22;23;24;26;27;28;31;32;34;35;36;37;39;40;41;42;45;46;47;48;49;50;52;53;55;56;57;59;62;64;65,66,2.0188104873895645,1.177678462134291,0.32,2;3;4;7;15;16;18;20;23;28;29;34;41;42;43;45;48;55;56;58;63;64;67;69;75;77;82;88;90;92;96;98,100
A0ABU5Y1S8,0.5666666666666667,3;4;6;7;8;9;10;11;12;13;14;16;20;21;22;24;27;29;30;32;35;39;40;41;43;46;47;50;52;53;55;56;57;58,60,2.011225075721741,1.1909569468171444,0.61,1;2;3;4;5;6;7;8;10;11;12;13;14;15;16;18;19;20;23;24;26;28;29;31;35;36;37;38;39;41;43;44;47;49;50;51;52;53;54;56;58;59;60;62;64;66;67;68;71;72;77;79;85;86;87;90;92;93;95;97;98,100
A0ABU5YQP4,0.423728813559322,1;4;5;6;8;9;15;16;17;18;19;20;23;25;27;28;32;33;40;46;49;51;56;57;59,59,2.142306607365608,1.2891126809594806,0.78,1;3;4;5;7;8;9;10;11;12;13;14;15;16;17;18;19;20;21;22;24;26;28;30;32;33;34;36;38;40;42;43;44;45;46;47;48;49;50;51;52;53;55;56;57;58;59;60;61;62;63;64;65;66;69;70;71;73;74;75;77;79;80;81;82;83;84;86;87;88;89;90;91;93;95;96;97;100,100
A0ABU5YW85,0.425,1;2;6;7;10;11;12;13;14;21;23;24;27;28;29;37;40,40,2.6775890505313873,1.2452507562922013,0.31,1;4;8;9;14;15;27;30;32;35;36;40;41;43;44;45;46;52;53;59;68;70;74;75;79;82;83;84;89;91;98,100
A0ABU6ARK2,0.32857142857142857,2;3;10;11;16;18;19;20;24;28;32;34;37;39;42;46;48;51;58;62;64;65;66,70,1.9899236392974853,1.1907239734410187,0.59,1;2;4;7;8;9;12;13;14;15;16;18;19;21;22;23;24;25;26;28;29;30;31;32;33;34;37;41;42;44;45;46;47;49;53;55;56;57;58;59;62;63;64;67;68;69;72;73;75;83;85;87;88;92;95;97;98;99;100,100
A0ABU7WS67,0.717391304347826,1;2;3;5;6;8;9;10;11;12;13;14;16;17;18;20;22;24;25;26;27;28;32;33;34;37;38;39;41;42;44;45;46,46,2.529940740466118,1.2725223824595249,0.93,1;2;3;4;5;6;7;9;10;11;12;13;14;15;16;17;19;20;21;22;23;24;26;27;28;29;30;31;32;33;34;35;36;38;39;40;41;42;44;45;46;47;48;49;50;51;52;53;54;55;56;57;58;59;60;61;62;63;64;65;66;68;69;71;72;73;74;75;76;77;78;79;80;81;82;83;84;85;86;87;88;89;90;91;92;93;94;95;96;97;98;99;100,100
A0ABU7WS89,0.5636363636363636,1;3;4;5;6;7;9;11;12;14;16;19;20;23;25;28;29;30;31;33;34;35;36;39;40;42;43;46;47;53;55,55,2.1994729018211365,1.0988219549599554,0.36,1;4;6;7;10;11;12;15;17;18;19;21;23;24;28;29;30;33;34;35;39;40;45;49;58;59;60;61;65;66;76;85;86;88;96;98,100
A0ABU8RZH5,0.2608695652173913,2;5;6;7;15;16,23,2.9406971871852874,0.9574430824805751,0.26,2;15;17;21;26;32;34;35;42;44;47;48;52;56;65;69;70;72;77;78;79;80;81;83;93;95,100
A0ABU9CVT7,0.5081967213114754,3;14;17;18;22;23;24;25;26;29;30;34;35;36;37;38;39;40;41;44;46;47;48;49;50;52;53;54;55;56;59,61,2.3121400767564775,1.1672094628111842,0.7,1;2;3;4;5;6;7;8;9;10;11;12;13;14;15;17;19;20;21;22;23;24;25;26;27;28;29;32;33;35;36;38;40;41;43;44;45;46;47;48;49;50;51;53;54;56;57;58;59;60;63;64;65;66;67;68;69;72;73;75;77;78;80;84;89;91;92;93;96;99,100
A0ABV1XJ74,0.6111111111111112,2;4;6;10;11;12;13;14;15;17;18;21;22;23;25;26;27;29;30;31;32;33;35;36;37;38;39;41;46;47;49;51;54,54,2.4182591700553893,1.1651748615968571,0.98,1;2;3;4;5;6;7;8;9;10;11;12;13;14;16;17;18;19;20;21;22;23;24;25;26;27;28;29;30;31;32;33;34;35;36;37;38;39;40;41;42;43;44;45;46;47;48;49;50;51;52;53;54;55;56;57;58;59;60;61;62;63;64;65;66;67;68;69;70;71;72;73;74;75;76;77;78;79;80;81;82;83;84;85;86;87;88;89;90;91;92;94;95;96;97;98;99;100,100
A0ABV2WK41,0.64,4;7;8;9;10;11;12;13;14;15;16;17;18;21;22;23;25;26;27;28;29;30;31;32;33;34;38;42;44;45;46;47,50,2.3744524520635606,0.9596472201454758,0.15,12;22;33;36;38;44;52;53;74;75;81;86;87;97;100,100
A0ABV2XGH3,0.2878787878787879,5;12;13;16;22;27;32;35;36;40;43;44;51;52;53;57;59;61;64,66,1.9692994093894958,1.0871508916235884,0.32,1;5;8;11;15;19;20;25;29;33;36;37;41;43;45;49;50;59;65;68;69;75;76;78;80;82;88;92;93;95;97;100,100
A0ABV3F2R5,0.4782608695652174,3;4;7;9;12;14;18;22;24;27;28;29;30;31;32;33;35;37;39;42;45;46,46,2.467523202896118,1.1520888354995125,0.39,1;2;3;4;7;8;9;11;12;13;15;18;20;23;24;25;28;30;31;32;33;38;41;43;44;45;53;57;58;62;64;68;69;70;78;81;83;85;92,100
A0ABV3VAG8,0.45098039215686275,3;4;6;7;10;19;20;21;23;25;26;29;30;31;33;35;37;38;44;45;48;49;51,51,2.410284616947174,1.2407854732471026,0.83,1;2;3;5;6;7;8;9;10;11;12;14;15;16;18;19;20;21;22;23;24;25;26;27;28;29;30;31;32;33;34;35;36;38;39;40;41;44;47;49;51;52;54;55;56;57;58;59;60;61;62;63;64;65;66;67;68;69;70;71;72;73;74;75;77;78;79;81;83;84;86;87;88;89;91;92;93;94;95;96;97;98;100,100
A0ABV3VN90,0.5660377358490566,2;4;5;7;8;10;13;14;16;19;20;21;24;25;28;31;32;33;35;37;38;39;40;41;43;45;47;50;51;52,53,2.4553908038139345,1.154447575433931,0.19,5;13;14;16;17;22;28;35;57;68;71;72;73;76;80;82;85;86;98,100
A0ABV4C2Z2,0.24444444444444444,3;7;9;10;15;16;17;18;20;22;36,45,2.6492021733522417,1.3968879282402975,0.27,7;12;14;16;17;19;20;22;28;29;32;39;44;54;58;60;67;68;80;82;83;84;85;89;91;95;96,100
A0ABV6MMA8,0.45901639344262296,6;13;14;15;16;19;22;23;24;25;26;27;29;31;36;39;40;41;45;46;47;49;56;57;58;59;60;61,61,2.089681242108345,1.199072631597983,0.79,1;2;3;4;5;6;7;8;9;10;12;13;14;16;17;18;20;21;22;24;25;26;27;28;29;30;31;33;34;35;36;37;38;39;41;42;43;44;45;46;47;48;50;51;52;53;55;56;57;58;59;60;63;64;65;66;67;68;69;70;71;72;73;74;75;77;78;79;80;81;82;83;84;85;87;90;91;97;100,100
A0ABV6V4L7,0.5454545454545454,1;3;6;7;8;10;11;12;15;18;20;21;24;29;30;31;32;33;34;36;38;39;40;41;42;46;48;49;50;53,55,2.117720342874527,1.0236243769240565,0.98,1;2;3;4;5;6;7;8;9;10;11;12;13;14;16;17;18;19;20;21;22;23;24;25;26;27;28;29;30;31;32;33;34;35;36;37;38;39;40;41;42;43;44;45;46;47;48;49;50;51;52;53;54;55;56;57;58;59;60;61;62;63;64;65;66;67;68;69;70;71;72;73;74;75;76;77;78;79;80;81;83;84;85;86;87;88;89;90;91;92;93;94;95;96;97;98;99;100,100
A0ABV6XEA6,0.7846153846153846,1;2;4;5;6;8;10;11;12;13;14;15;16;17;19;20;21;22;24;25;26;27;28;29;32;33;34;36;37;38;39;40;41;42;43;44;45;46;48;49;50;51;52;53;54;55;57;59;61;62;65,65,1.8804180002212525,0.9522895851841271,0.98,1;2;3;4;5;6;7;8;9;10;11;12;13;14;15;16;17;18;19;20;21;22;23;24;25;26;27;28;29;30;31;32;34;35;36;37;38;39;40;41;42;43;44;45;46;47;48;49;50;51;52;53;54;55;56;57;58;59;60;62;63;64;65;66;67;68;69;70;71;72;73;74;75;76;77;78;79;80;81;82;83;84;85;86;87;88;89;90;91;92;93;94;95;96;97;98;99;100,100
A0ABV8VFU1,0.2857142857142857,1;6;11;15;18;19;20;30;36;39;40;41;45;48;49;53;61;62,63,2.1464035469293594,1.2930936126135526,0.53,1;2;3;4;5;6;8;9;10;11;12;13;14;17;19;20;22;26;27;28;29;30;34;38;39;40;42;49;51;52;56;58;59;60;61;63;64;66;68;70;71;77;79;82;84;85;86;89;90;92;97;98;99,100
A0ABV9A5N2,0.55,3;8;9;10;11;15;19;20;21;23;25;26;27;31;33;34;36;37;38;39;40;41;42;43;44;45;46;49;52;55;56;57;59,60,2.1058288329839705,1.0848039551183677,0.77,1;3;4;5;6;7;8;10;11;12;13;14;15;16;17;19;20;22;23;24;25;26;27;29;30;32;33;34;35;36;37;38;39;40;41;42;43;46;47;48;50;51;52;53;54;55;56;57;58;59;61;64;66;68;69;70;71;73;75;77;78;79;81;82;83;84;85;87;88;90;91;92;93;96;97;98;99,100
A0ABV9EQP6,0.0,,45,2.4006819534301758,0.9009257322404184,0.0,,100
A0ABW0AKB8,0.3,2;7;10;11;13;20;21;22;23;24;28;31;34;37;40;57;59;60,60,2.2790493208169935,1.1477668660041311,0.33,2;4;5;8;10;11;14;17;21;22;24;25;26;28;30;31;32;38;42;48;51;54;55;59;64;65;66;73;75;80;82;83;87,100
A0ABW1EUK8,0.1076923076923077,18;29;31;36;38;45;54,65,2.000963100194931,1.1374357634788645,0.36,1;2;3;7;8;11;13;14;15;23;30;31;34;37;38;39;42;46;52;54;56;64;66;70;71;72;73;74;77;81;83;85;91;94;95;96,100
A0ABW1JN02,0.0,,49,2.52715314745903,1.3356169282013874,0.0,,100
A0ABW2P8T1,0.3695652173913043,1;9;13;16;17;20;22;28;29;33;34;36;37;40;41;42;43,46,2.365120004415512,1.1536140831709036,0.61,5;6;7;8;9;15;17;19;25;26;28;29;30;31;32;33;34;36;37;38;39;40;41;42;43;44;45;47;48;52;53;54;55;58;59;61;62;63;66;68;69;73;74;75;76;78;79;80;81;82;83;84;85;89;90;92;93;95;96;97;98,100
A0ABW3GAX3,0.38636363636363635,2;6;11;14;15;16;18;19;21;25;26;29;30;32;36;39;43,44,2.420327660441399,1.1923572397281896,0.46,2;3;4;5;6;7;8;9;10;11;12;13;14;15;16;17;18;19;21;23;24;26;29;30;31;36;38;43;44;45;46;47;48;49;51;52;55;60;72;73;79;80;83;85;86;94,100
A0ABW6NT79,0.10344827586206896,2;7;12;23;33;55,58,2.2309313195943834,1.3701468488915303,0.01,53,100
A0ABW6P5Z0,0.5217391304347826,2;5;8;11;12;13;14;15;16;19;22;24;25;26;29;30;31;32;34;36;39;40;42;43;44;45;46;48;51;52;53;54;56;66;67;68,69,2.0287247037887575,1.2517268406593751,0.93,1;2;3;4;5;6;7;9;10;11;12;13;14;15;16;17;18;19;20;21;22;23;24;26;27;28;29;30;31;32;33;34;35;36;37;38;39;40;41;42;43;44;45;46;47;48;49;50;51;52;53;54;56;57;58;59;60;61;62;63;64;65;66;67;68;69;70;71;72;73;74;75;76;77;78;80;81;82;83;84;87;88;89;90;92;93;94;95;96;97;98;99;100,100
A0ABW6PLC4,0.55,5;6;7;8;10;11;12;13;14;15;16;17;18;19;24;25;27;28;33;34;37;40;41;45;46;47;48;49;50;51;55;57;59,60,2.1806002223491667,1.3057286321765127,0.55,1;2;3;4;5;7;8;10;11;12;13;14;15;16;17;18;21;22;25;28;29;31;36;38;40;41;42;43;46;48;49;55;57;58;60;61;62;64;67;70;73;74;75;77;79;80;82;84;86;89;94;95;96;99;100,100
A0ABW6R4U0,0.2727272727272727,1;4;8;10;13;15;17;21;24;26;39;42,44,2.7002417981624602,1.2494056973703673,0.31,1;4;6;8;9;11;13;15;16;26;27;29;32;36;37;46;48;50;51;55;56;65;68;69;76;77;81;86;90;93;96,100
A0ABW6RDE0,0.5208333333333334,1;3;5;6;7;8;9;10;11;16;17;18;21;22;23;24;25;29;30;34;37;39;40;42;43,48,2.4234033370018007,1.1740058367679476,0.36,5;6;8;9;11;12;16;18;20;21;23;27;28;29;30;32;35;39;40;45;47;48;49;51;52;56;58;62;69;72;79;85;87;88;94;97,100
A0ABW6RV11,0.7115384615384616,2;5;7;9;12;14;15;16;17;18;20;21;22;23;24;25;26;27;28;29;30;31;33;34;35;36;38;39;40;41;42;44;45;46;47;48;49,52,2.3368092250823973,1.1956146811680803,0.79,1;2;3;4;5;6;7;9;10;11;12;13;14;15;17;20;21;23;24;25;27;28;29;30;31;32;34;35;36;37;38;39;40;41;43;44;45;47;49;50;51;52;53;54;55;56;58;59;62;63;64;65;66;67;68;69;71;72;73;74;75;76;77;79;81;83;85;87;88;89;90;91;92;93;94;95;98;99;100,100
A0ABW6S3H3,0.16129032258064516,14;15;19;24;26;29;35;37;39;42,62,2.1476008003950118,1.2378028164391899,0.12,1;3;21;36;42;61;63;68;69;82;89;97,100
A0ABW6S8I6,0.0975609756097561,13;23;31;41,41,2.5226640671491625,1.2300263528248878,0.0,,100
A0ABW6S9H6,0.47368421052631576,3;5;6;7;8;9;11;12;14;17;21;26;27;28;29;31;34;38,38,2.682218372821808,1.1379766094464712,0.25,1;5;6;17;19;22;24;26;28;32;40;41;48;50;59;62;66;68;71;73;78;82;96;98;100,100
A0ABW6S9K2,0.42592592592592593,3;4;5;8;9;10;11;12;13;15;20;21;23;26;27;31;33;34;35;45;49;51;53,54,2.179746857881546,0.9232137445008701,0.05,41;78;84;86;91,100
A0ABW6TDD8,0.046153846153846156,10;26;54,65,2.027297021150589,1.1901065500920989,0.12,1;2;5;8;31;40;65;76;79;91;95;100,100
A0ABW7R617,0.19444444444444445,3;5;10;11;15;19;28,36,2.629125924110413,1.0113737378402192,0.2,6;17;20;27;29;33;47;51;53;54;57;58;59;69;81;92;95;96;97;99,100
A0ABW7VTR0,0.6451612903225806,1;3;4;8;9;10;13;14;16;17;18;19;20;21;24;26;27;29;30;31,31,2.7075590896606445,0.9297456168408396,0.62,2;3;4;5;6;7;8;9;10;11;13;16;19;21;23;24;26;27;31;32;33;34;35;41;42;43;45;46;47;49;50;52;54;55;59;60;61;63;64;65;67;71;72;73;74;76;79;80;82;83;86;87;88;89;90;91;92;93;95;96;99;100,100
A0ABW7WFK0,0.29310344827586204,2;5;7;8;14;18;20;22;28;34;38;39;41;50;52;53;54,58,2.256331720948219,1.3139630723084241,0.68,1;2;4;5;7;8;9;10;11;12;13;14;16;17;18;20;22;23;25;26;27;28;29;30;31;32;34;35;37;38;39;40;41;42;44;46;47;48;49;50;51;52;53;58;59;60;62;65;66;67;68;69;71;76;77;78;79;80;82;84;85;86;87;88;91;94;95;100,100
A0ABW7X529,0.2786885245901639,3;7;11;12;17;18;21;22;26;27;29;38;43;49;51;53;57,61,2.1779605174064636,1.2485002612000637,0.34,5;6;9;13;17;19;22;24;25;27;29;33;34;36;39;40;41;42;48;50;51;52;54;67;73;74;77;84;85;88;89;90;95;99,100
A0ABW9FXS8,0.4,1;3;4;5;6;7;9;10;11;14;17;18;20;27;30;31;33;42;44;47;51;52,55,2.201722837090492,1.102153018521005,0.12,1;7;17;20;34;35;42;53;56;58;88;89,100
A0ABW9HJC1,0.2222222222222222,2;4;7;9;14;16;26;27;32;37;39;52,54,2.203189324736595,1.2568232581451877,0.07,3;28;67;82;83;93;99,100
A0ABW9L2Z5,0.8222222222222222,1;2;3;4;5;6;9;10;11;12;13;14;15;16;18;19;20;21;22;23;24;25;26;27;28;29;30;31;33;34;36;37;39;40;41;42;43,45,2.5455219942331313,1.2082543174967688,0.89,1;2;3;4;5;6;7;8;9;10;11;12;13;14;15;16;17;18;19;20;22;23;24;25;26;27;28;29;30;31;32;33;34;36;37;38;39;40;41;42;43;44;45;46;47;48;49;50;51;52;53;54;55;56;58;60;61;62;63;64;65;67;68;69;70;71;72;73;74;76;77;79;80;81;83;84;85;86;87;88;89;90;92;93;94;95;97;98;99,100
A0ABW9L5T4,0.0,,42,2.6448774313926697,1.3516023571840217,0.0,,100
A0ABW9M0T7,0.5918367346938775,1;2;3;4;5;8;9;10;11;14;15;16;17;22;23;24;25;26;27;28;29;31;33;34;36;37;38;41;49,49,2.439005197286606,1.0453364875872446,0.42,2;5;7;8;9;11;14;15;16;17;19;20;21;25;26;28;32;33;34;37;38;40;43;46;47;50;52;55;58;59;61;62;63;73;76;77;78;82;84;90;92;96,100
A0ABW9M0U1,0.23255813953488372,3;13;18;25;27;37;40;41;42;43,43,2.5039619082212448,1.269003942861843,0.94,1;2;3;4;5;6;7;8;10;11;12;13;14;16;18;19;20;22;23;24;25;26;27;28;29;30;31;32;33;35;36;37;38;39;40;41;42;43;44;45;46;47;48;49;50;51;52;53;54;55;56;57;58;60;61;62;63;64;65;66;67;68;69;70;71;72;73;74;75;76;77;78;79;80;81;82;83;84;85;86;87;88;89;90;91;92;93;94;95;96;97;98;99;100,100
A0ABX0CLH8,0.10294117647058823,4;7;9;10;23;52;62,68,2.0622302258014678,1.045055138012527,0.05,20;25;42;65;74,100
A0ABX2JV81,0.15517241379310345,3;12;16;17;26;34;43;51;55,58,2.1477333223819732,1.2353860486441102,0.22,3;4;8;10;12;16;19;21;25;41;52;55;56;57;62;64;68;70;79;82;87;89,100
A0ABX3BV59,0.7142857142857143,1;3;4;6;7;11;12;13;14;15;16;17;18;19;20;21;22;23;24;25;26;28;29;31;33,35,2.7827255487442017,1.1808078262593877,0.27,2;5;7;11;12;19;33;37;46;47;50;51;55;56;61;62;63;67;68;70;71;72;88;90;91;98;100,100
A0ABX3BV79,0.3673469387755102,3;6;11;13;26;27;28;30;32;33;34;35;36;37;38;40;41;46,49,2.540503327846527,1.3245500236987138,0.81,1;2;3;4;5;8;9;10;11;12;13;14;15;16;17;18;19;20;22;25;26;28;29;30;31;32;33;34;36;37;38;40;41;43;44;46;47;48;49;50;51;52;53;54;55;56;58;59;60;61;62;63;64;65;66;67;68;69;70;71;72;74;75;76;78;80;81;82;85;86;87;88;91;92;94;95;96;97;98;99;100,100
A0ABX3C2C3,0.5517241379310345,1;2;6;7;10;12;14;15;16;19;20;21;22;25;26;28;29;30;31;32;33;37;38;39;40;41;42;44;45;46;47;48,58,2.167256946563721,1.3337053020919563,0.84,1;2;5;6;7;8;9;10;11;12;13;14;15;17;19;20;21;22;23;24;28;29;31;32;33;34;35;36;37;38;39;40;41;42;43;44;45;46;47;50;51;52;53;55;56;57;58;59;60;61;62;63;64;65;66;67;69;70;71;72;73;75;76;77;78;79;80;81;83;84;85;86;87;88;89;90;91;92;93;95;97;98;99;100,100
A0ABX3C6K0,0.5178571428571429,1;3;5;7;8;9;11;13;14;15;16;17;18;20;23;25;27;30;31;32;33;35;37;40;44;48;50;52;56,56,2.2727562630176545,1.1862778590767786,0.36,4;7;8;14;15;16;22;23;25;28;30;31;33;41;43;47;51;52;55;57;58;59;61;62;65;67;70;72;75;83;86;89;95;98;99;100,100
A0ABX3RCA5,0.19148936170212766,2;3;5;6;10;12;16;18;25,47,2.5290409499406814,1.2612763522542325,0.19,5;19;25;44;46;50;51;55;68;73;76;77;81;85;86;91;93;94;99,100
A0ABX3RX86,0.0392156862745098,44;45,51,2.452666039466858,1.3306525646767546,0.37,2;9;13;17;19;21;22;23;27;30;32;35;38;40;43;47;48;52;54;57;60;62;64;70;76;77;78;80;81;82;85;86;87;90;91;95;99,100
A0ABX3SQI7,0.22807017543859648,1;4;5;6;10;17;35;38;48;50;52;53;57,57,2.141854813694954,1.2207690126858703,0.11,18;25;26;28;37;47;56;66;70;71;75,100
A0ABX3T0P8,0.45614035087719296,1;6;10;12;13;16;17;22;24;25;26;29;30;31;33;34;35;36;38;41;44;45;46;49;55;57,57,2.185449079871178,1.1781410286517513,0.41,3;4;7;10;12;13;15;17;19;20;23;24;25;27;32;33;34;35;38;41;42;44;51;56;60;63;67;70;71;73;75;80;83;85;86;87;91;92;94;95;98,100
A0ABX3T954,0.43548387096774194,5;6;7;10;11;15;17;18;20;22;24;25;28;31;35;36;38;40;42;43;44;45;47;51;53;59;62,62,2.107679061293602,1.3465822390678561,0.61,1;3;4;5;6;7;8;9;10;11;12;14;16;17;18;19;21;23;24;26;28;29;32;33;34;35;36;37;39;41;42;45;46;47;53;56;57;58;59;60;61;62;63;65;66;68;69;70;71;73;75;78;81;82;85;86;87;88;92;93;96,100
A0ABX3TLS6,0.35384615384615387,1;2;4;5;6;8;12;14;15;17;18;21;23;24;30;38;44;45;48;49;53;56;65,65,2.105744333267212,1.2047587904637316,0.25,7;11;12;13;17;20;32;34;35;38;46;47;53;56;57;61;63;69;71;73;76;82;89;98;99,100
A0ABX3VAQ3,0.6346153846153846,1;2;4;5;6;7;8;9;10;13;14;15;16;19;20;23;24;26;27;28;29;31;32;33;35;36;38;40;41;48;50;51;52,52,2.4054122841358185,1.2011961705958416,0.76,1;2;3;4;5;6;7;8;9;10;11;12;13;14;16;17;18;19;20;21;23;25;27;28;31;32;34;35;37;38;39;41;42;44;45;46;49;50;51;52;54;55;56;57;59;60;62;64;65;67;68;70;71;72;73;74;75;77;78;79;81;82;84;86;87;88;89;90;91;92;93;94;96;97;99;100,100
A0ABX3VJI1,0.34146341463414637,3;4;5;6;8;11;12;13;14;15;17;21;27;31,41,2.589215166568756,1.2709370239559865,0.27,3;5;13;16;20;24;25;27;29;34;48;49;50;52;55;56;57;59;69;74;77;81;82;83;89;98;100,100
A0ABX4V4X1,0.25925925925925924,2;3;4;6;9;11;13;15;16;22;28;30;53;54,54,2.2725484067201616,1.1373742887895417,0.12,2;9;28;32;40;42;46;62;77;86;89;95,100
A0ABX6HJR3,0.7580645161290323,1;2;4;5;6;7;9;10;12;14;15;17;19;21;22;23;24;26;27;28;29;30;32;35;36;37;38;39;40;41;42;43;44;45;46;47;48;49;50;51;52;53;54;55;56;60;61,62,2.1559618133306504,1.2744589752031148,0.91,1;2;3;4;5;6;7;8;10;11;12;13;14;15;16;17;19;20;21;22;23;25;26;27;28;29;30;31;32;33;34;35;36;37;38;39;40;41;42;43;45;46;47;48;49;51;52;53;54;55;56;58;59;60;61;62;63;64;65;66;67;68;69;70;71;72;73;74;75;76;77;78;79;80;81;82;84;85;86;87;88;89;90;91;93;94;95;96;97;98;100,100
A0ABX7RQ37,0.07317073170731707,8;9;15,41,2.447323650121689,1.1245061614767553,0.01,97,100
A0ABX8CHF2,0.5303030303030303,4;10;11;12;13;14;15;16;17;18;20;22;25;26;27;28;32;33;35;36;39;42;43;44;45;46;48;49;50;51;52;58;63;64;65,66,1.9278612393140793,1.2170548326183277,0.4,1;4;6;7;8;9;12;13;15;16;17;19;20;22;23;25;28;29;31;32;33;34;35;44;46;49;51;56;57;58;61;70;71;75;79;80;83;84;85;94,100
A0ABX8QPS0,0.09433962264150944,7;20;25;39;52,53,2.289764168858528,1.3096304574600695,0.03,11;25;85,100
A0ABX8REJ1,0.5932203389830508,1;2;3;4;5;6;7;8;9;11;13;15;17;18;19;24;27;28;29;30;31;34;35;38;39;41;42;43;46;47;48;49;50;51;55,59,2.116715776324272,1.1708319015307744,0.48,1;2;3;5;7;8;9;11;12;15;16;19;27;34;35;37;42;43;44;46;47;49;52;53;56;57;58;61;63;65;66;67;68;70;74;79;80;81;83;84;86;87;88;89;91;93;96;99,100
A0ABX8REM5,0.29850746268656714,7;9;24;25;26;29;30;32;33;39;43;48;49;51;57;60;64;65;66;67,67,2.0046505731344224,1.094127581953884,0.88,1;3;4;5;6;7;8;9;10;11;12;13;14;15;16;18;19;20;21;22;23;24;25;26;27;28;29;30;31;32;33;34;35;36;37;38;39;40;41;42;44;45;46;47;49;50;51;52;53;55;56;57;59;61;62;63;64;65;66;67;68;69;71;74;75;76;77;78;79;81;82;83;84;85;86;87;88;89;90;92;93;94;95;96;97;98;99;100,100
A0ABX8VN38,0.45098039215686275,2;3;4;7;8;13;14;16;18;19;20;22;25;26;29;33;34;35;40;45;47;49;51,51,2.1111573630571367,1.09793449733789,0.49,1;3;6;9;10;11;12;13;14;15;17;20;23;24;25;27;28;29;32;33;34;35;42;45;46;48;49;51;57;61;64;65;68;69;71;72;74;75;77;79;80;81;84;87;91;95;96;99;100,100
A0ABY2G9V5,0.22641509433962265,1;5;11;12;15;20;23;26;30;33;37;45,53,2.330515774488449,1.2174585760967116,0.47,4;9;11;12;15;17;18;23;24;27;28;29;31;36;43;44;45;46;49;52;58;60;61;62;64;65;68;69;70;71;73;74;75;76;78;79;81;82;85;86;88;93;95;96;97;98;100,100
A0ABY3TX45,0.13333333333333333,6;15;18;19;25;27;30;42,60,2.114653396606445,1.0513440583419245,0.28,1;6;9;10;12;14;25;27;32;37;43;48;49;50;52;56;60;66;68;69;74;78;81;82;90;93;99;100,100
A0ABY3TZG2,0.4909090909090909,1;2;3;4;5;6;7;8;12;14;19;20;21;23;27;29;30;31;32;33;34;35;36;38;40;42;46,55,2.317247520685196,1.2052937211349186,0.85,1;2;4;5;6;7;8;9;10;12;14;15;16;18;19;20;21;22;23;24;25;27;28;29;30;31;32;33;34;35;36;37;38;39;40;41;42;43;44;45;46;47;49;50;51;52;53;54;55;56;58;59;60;61;63;65;66;67;68;69;70;72;73;74;75;76;77;78;82;83;84;85;86;87;88;89;90;91;92;93;94;96;97;98;99,100
A0ABY3USZ0,0.6,1;2;3;4;5;6;7;9;10;11;13;16;18;21;23;24;25;27;28;31;32;35;38;40,40,2.7113901388645174,1.1879715301805205,0.96,1;2;3;5;6;8;9;10;11;12;13;14;15;16;17;18;19;20;21;22;23;24;25;26;27;28;29;30;31;32;33;34;35;36;37;38;39;40;41;42;43;44;45;46;47;48;49;50;51;52;53;54;55;56;57;58;59;60;61;62;63;64;65;66;67;68;69;70;71;72;73;74;75;77;78;79;80;81;82;83;84;85;86;87;88;89;90;91;92;93;94;95;96;97;98;100,100
A0ABY3UXN4,0.7058823529411765,2;3;4;5;6;7;8;9;10;11;12;13;14;16;18;19;21;23;24;25;29;31;32;33,34,2.687517147064209,1.0821936861404904,0.4,2;3;4;5;6;11;13;17;19;22;25;27;28;29;31;36;43;45;50;51;58;59;60;62;64;66;68;70;76;78;81;83;84;86;87;90;92;93;96;97,100
A0ABY3UYZ5,0.030303030303030304,6,33,2.7724180567264556,1.0955477560151048,0.0,,100
A0ABY3V8K0,0.047619047619047616,22;35;51,63,2.0174015730619432,1.2181756377142714,0.05,3;10;34;48;52,100
A0ABY3VE79,0.3157894736842105,2;5;6;10;17;18;20;25;27;30;32;33;35;37;40;42;43;45,57,2.256976998448372,1.2895279378861217,0.55,1;3;4;5;6;8;11;12;13;14;17;19;20;21;22;23;24;26;28;29;33;36;37;39;41;44;47;48;49;50;54;55;61;62;63;64;66;68;70;73;75;77;78;80;81;83;84;85;89;90;91;93;94;97;98,100
A0ABY3VMA4,0.3333333333333333,5;6;15;17;18;21;22;24;25;26;31;32;37;40;44,45,2.40661278963089,0.9371849878371056,0.68,1;3;5;6;7;8;11;12;13;14;16;18;19;20;21;22;25;28;29;30;31;33;36;37;38;39;41;42;43;44;45;46;47;48;49;50;51;53;54;55;56;57;59;63;64;66;67;68;69;71;72;73;74;76;80;82;83;86;89;90;91;92;94;95;96;97;98;100,100
A0ABY4M3X2,0.3695652173913043,1;5;11;16;19;20;23;25;26;28;29;32;34;37;38;44;46,46,2.3804984813928605,1.2638208227594347,0.53,2;4;5;6;8;9;15;16;17;20;21;22;24;27;28;29;32;37;38;39;41;43;44;49;51;53;54;57;59;60;61;62;68;69;70;72;73;74;75;80;81;82;83;86;87;91;92;94;95;96;97;98;100,100
A0ABY4QIH6,0.14893617021276595,2;30;31;35;38;41;42,47,2.578186000585556,1.173053817254199,0.44,1;5;8;9;10;12;13;14;20;27;28;29;34;35;37;38;39;41;42;44;46;47;49;51;52;58;60;62;64;65;68;70;71;72;73;74;75;78;79;82;85;86;89;94,100
A0ABY6RGT5,0.6923076923076923,3;4;5;6;7;9;11;12;13;14;16;18;19;22;23;24;25;26;27;28;30;31;32;35;37;38;39,39,2.7553084337711335,1.1469471516051375,0.75,1;2;4;5;6;7;8;10;11;12;14;16;17;18;20;21;22;24;25;26;27;28;30;31;32;34;36;37;39;40;41;42;43;44;45;46;47;49;50;51;52;53;55;57;58;61;62;63;64;65;66;67;69;70;71;73;75;76;77;78;80;81;82;84;85;86;87;88;89;90;91;92;93;94;96,100
A0ABY7PX64,0.4603174603174603,2;3;8;9;12;13;14;16;20;21;22;23;25;28;29;31;32;34;37;39;40;43;45;46;48;50;55;61;62,63,2.1563832527399063,1.0312635429554715,0.9,1;2;3;4;5;6;7;8;9;10;11;12;13;14;15;16;18;19;20;21;22;23;24;25;26;27;28;29;30;31;32;33;34;35;36;37;38;39;40;41;42;43;44;45;46;47;48;49;50;51;52;53;54;55;56;57;58;59;60;61;62;63;64;65;66;67;68;69;71;72;73;74;75;78;79;80;81;83;84;88;89;90;91;92;93;94;95;97;99;100,100
A0ABY8W257,0.2222222222222222,10;13;15;17;19;26;28;34;35;39,45,2.657169576883316,1.3603303293489153,0.25,2;3;4;14;21;27;28;30;35;36;39;49;51;57;62;63;70;72;74;85;86;87;94;96;97,100
A0ABY9FP74,0.3023255813953488,6;9;10;16;18;20;22;26;27;29;40;41;42,43,2.661752789020538,1.0791690782399184,0.15,17;20;34;38;43;46;57;59;62;68;78;80;92;96;98,100
A0ABY9HWL0,0.19672131147540983,10;11;17;18;19;26;33;43;45;46;55;57,61,2.147187056541443,1.036660250756084,0.2,1;3;4;5;10;12;22;26;27;33;40;49;52;55;63;65;89;90;93;100,100
A0ABY9WDG4,0.5365853658536586,4;6;8;9;10;12;13;15;17;19;20;21;23;26;29;30;31;33;34;35;36;39,41,2.7200843954086302,1.2515096552789118,0.9,1;2;3;4;5;6;7;8;10;11;12;13;14;15;16;17;18;19;20;21;22;23;24;25;26;27;28;29;30;31;33;34;35;36;37;39;40;41;42;43;44;45;46;47;48;49;50;51;52;53;54;55;56;57;59;60;61;62;65;66;69;70;71;72;74;75;76;77;78;79;80;81;82;83;84;86;87;88;89;90;91;92;93;94;95;96;97;98;99;100,100
A0ABZ1F9Z2,0.21568627450980393,2;4;10;12;16;27;36;38;40;44;48,51,2.5229079759120943,1.3829482706006822,0.06,36;38;43;55;81;87,100
A0ABZ1HYA1,0.4318181818181818,1;2;3;6;7;10;12;13;14;17;23;25;27;28;29;34;38;40;43,44,2.664023597240448,1.095863535140648,0.74,1;2;3;4;5;6;7;8;9;10;11;12;13;14;15;17;19;20;21;22;23;24;25;26;27;28;29;30;31;32;33;34;35;36;37;39;41;42;43;44;45;49;50;52;53;54;56;57;58;59;60;61;62;63;65;68;69;70;72;75;76;77;79;80;84;85;87;88;89;91;92;95;96;100,100
A0ABZ1N1W0,0.45098039215686275,2;3;4;6;13;14;15;17;21;22;24;25;27;31;32;33;34;41;42;43;44;47;49,51,2.4622228956222534,1.327198588799375,0.98,1;2;3;4;5;6;8;9;10;11;12;13;14;15;16;17;18;19;20;21;22;23;24;25;26;27;28;29;30;31;32;33;34;35;36;37;38;39;40;41;42;43;44;45;47;48;49;50;51;52;53;54;55;56;57;58;59;60;61;62;63;64;65;66;67;68;69;70;71;72;73;74;75;76;77;78;79;80;81;82;83;84;85;86;87;88;89;90;91;92;93;94;95;96;97;98;99;100,100
A0ABZ1VXB9,0.0,,57,2.3253276401758196,1.2562461813386931,0.0,,100
A0ABZ1YLN8,0.6470588235294118,4;5;6;7;8;9;10;11;12;13;14;15;20;21;22;24;25;28;29;31;33;34,34,2.657885299921036,0.9293341598016266,0.81,1;2;3;4;6;8;9;10;11;12;13;14;15;16;17;18;19;20;21;22;23;24;25;26;27;28;29;31;33;34;35;36;38;39;40;41;42;43;44;45;46;50;51;52;54;56;57;58;59;60;61;62;64;65;67;68;70;71;72;73;75;76;77;79;80;81;82;83;84;85;86;87;88;91;92;93;95;96;97;98;100,100
A0ABZ1YUC5,0.46551724137931033,3;4;5;6;10;13;15;18;19;21;22;23;25;27;29;30;31;32;33;37;39;41;48;50;52;53;55,58,2.1612326389551164,1.1960685936691955,0.7,2;4;8;9;12;13;14;15;16;17;18;19;22;23;24;25;26;27;28;29;30;33;34;35;37;38;42;43;44;45;46;48;50;51;52;53;55;56;57;58;59;60;61;62;63;64;65;68;70;74;75;78;79;80;83;84;86;87;88;89;90;91;92;93;94;95;97;98;99;100,100
A0ABZ2PCG2,0.24444444444444444,4;11;15;18;19;20;23;27;28;31;42,45,2.6240172600746154,1.1242437683945719,0.5,1;2;3;4;5;6;7;9;10;11;13;14;15;16;20;22;23;24;25;29;31;32;35;37;41;42;44;45;46;47;48;50;53;54;55;56;57;64;66;67;70;78;82;83;90;93;94;96;98;99,100
A0ACC6MKA3,0.0,,35,2.864846056699753,1.157162714435977,0.0,,100
A0ACD1FAL4,0.391304347826087,3;4;5;9;13;15;16;20;21,23,3.0646846151351927,1.086949092378874,0.24,9;17;20;21;24;29;32;33;34;37;39;41;48;49;54;55;65;71;77;81;86;90;93;98,100
A0ACD1FAN4,0.5370370370370371,1;2;5;6;8;11;12;13;16;17;18;19;20;21;22;23;24;27;28;31;34;35;36;38;40;41;47;49;52,54,2.3622143125534056,1.111098214421369,0.35,5;6;8;12;19;21;25;27;31;32;33;34;37;42;44;47;48;51;52;60;61;69;70;73;77;79;80;83;84;85;89;90;93;95;100,100
A0ACD2EK82,0.5681818181818182,2;3;4;5;6;7;8;11;13;15;16;17;18;22;24;28;31;32;33;34;35;36;38;40;41,44,2.7154732120037077,1.5140506762706758,0.69,1;2;3;4;5;7;8;10;11;12;13;15;16;17;19;20;21;22;23;24;27;28;33;34;35;36;37;39;40;41;42;44;46;47;48;49;52;53;56;57;58;59;62;65;66;67;68;69;70;72;73;74;75;77;78;80;81;82;83;85;86;87;91;92;93;94;96;98;99,100
A0ACD2ERW5,0.46808510638297873,6;7;8;13;14;15;21;22;25;28;29;30;31;32;33;34;35;36;42;43;45;47,47,2.326172993183136,0.8958658714382176,0.98,1;2;3;4;5;6;7;8;9;10;11;12;13;14;15;16;17;18;19;20;21;22;23;24;25;26;27;28;29;30;31;32;33;34;35;36;37;38;39;40;41;42;43;44;45;46;47;48;49;50;51;52;53;54;55;56;57;58;59;60;61;62;63;64;65;66;67;68;69;70;71;72;73;74;75;76;77;78;79;80;81;82;83;84;85;86;87;88;90;91;92;93;94;95;96;97;99;100,100
A0PPD8,0.21428571428571427,6;8;11;20;22;25;30;32;41,42,2.571510229110718,1.1442732522044867,0.12,2;9;12;17;20;31;39;44;58;62;64;90,100
A1T887,0.36363636363636365,1;2;5;7;8;11;12;16;18;19;23;28;31;32;40;44,44,2.4380270290374755,0.9962650534615728,0.24,6;7;15;18;24;26;34;38;39;42;43;44;45;58;60;62;64;65;75;79;80;88;94;98,100
A8M8D3,0.2549019607843137,3;7;9;21;22;26;32;33;35;38;40;41;49,51,2.2732038563489914,1.1386532067156314,0.09,15;25;40;56;60;61;64;66;95,100
B1VMZ4,0.391304347826087,1;6;7;9;13;15;18;19;20;23;25;26;29;33;34;40;42;45,46,2.5320525121688844,1.0574257722315348,0.59,1;2;3;4;5;6;7;8;9;13;14;17;19;21;22;24;26;27;28;30;32;34;35;36;38;40;45;47;50;51;52;53;54;55;57;58;59;61;62;65;66;70;71;74;75;77;81;82;83;84;86;87;89;91;92;93;94;95;98,100
B2HE95,0.2571428571428571,1;4;5;8;15;24;26;30;34,35,2.7056312596797945,1.1756872965558836,0.09,32;46;47;55;79;84;93;94;95,100
B2HN69,0.7058823529411765,3;6;9;10;11;12;14;15;16;17;18;19;20;21;22;24;25;26;27;28;29;30;31;34,34,2.7023269712924955,1.1734865276870614,1.0,1;2;3;4;5;6;7;8;9;10;11;12;13;14;15;16;17;18;19;20;21;22;23;24;25;26;27;28;29;30;31;32;33;34;35;36;37;38;39;40;41;42;43;44;45;46;47;48;49;50;51;52;53;54;55;56;57;58;59;60;61;62;63;64;65;66;67;68;69;70;71;72;73;74;75;76;77;78;79;80;81;82;83;84;85;86;87;88;89;90;91;92;93;94;95;96;97;98;99;100,100
D5PAD3,0.35,1;2;8;9;11;13;17;21;22;23;26;30;33;35;36;41;44;45;52;56;57,60,2.1543902361392977,1.1533134827442233,0.37,1;4;7;10;16;19;21;24;27;31;32;33;34;38;43;44;50;51;52;53;54;57;59;62;64;65;66;68;69;73;78;79;85;89;95;96;99,100
D5PI48,0.15384615384615385,1;2;5;9;13;17;23;24,52,2.362965844869614,1.2129566311055409,0.13,7;10;22;24;28;41;45;54;63;64;70;80;84,100
D6Z860,0.5970149253731343,6;7;14;15;18;19;21;25;26;27;28;29;30;31;32;34;35;36;37;38;40;41;42;44;46;47;48;49;50;52;53;55;56;57;58;60;61;63;65;66,67,1.9677736532688141,1.2316254341467987,1.0,1;2;3;4;5;6;7;8;9;10;11;12;13;14;15;16;17;18;19;20;21;22;23;24;25;26;27;28;29;30;31;32;33;34;35;36;37;38;39;40;41;42;43;44;45;46;47;48;49;50;51;52;53;54;55;56;57;58;59;60;61;62;63;64;65;66;67;68;69;70;71;72;73;74;75;76;77;78;79;80;81;82;83;84;85;86;87;88;89;90;91;92;93;94;95;96;97;98;99;100,100
D6ZDT1,0.11320754716981132,2;3;14;27;30;38,53,2.2794623309373856,1.168427447820606,0.06,56;78;86;87;94;100,100
E3J9G9,0.26666666666666666,8;9;10;11,15,3.135558292865753,0.9705720484685689,0.1,1;29;30;38;55;65;80;83;92;96,100
E5XP76,0.3,12;13;19;20;21;25;26;29;30;34;38;44;46;47;48;49;50;53,60,2.038459296822548,1.1324749258180553,0.51,4;7;9;12;14;16;17;20;21;23;25;26;28;30;31;33;34;35;36;37;38;39;40;42;45;46;48;51;53;54;55;56;58;59;61;62;64;67;69;72;73;79;80;81;83;85;91;93;94;95;98,100
E5XUS9,0.018518518518518517,20,54,2.2376889169216154,1.1697450588530967,0.0,,100
F5YUX6,0.4666666666666667,2;4;5;7;11;12;14;16;17;18;19;20;21;25;28;29;30;31;34;35;36;37;38;39;41;45;52;54,60,2.1779902452230453,1.4412855889394613,0.68,2;3;4;5;6;8;9;10;13;14;15;16;17;19;20;22;23;24;26;28;30;31;32;33;34;39;40;42;45;46;47;48;50;51;52;53;54;55;56;59;60;62;63;64;65;69;70;71;72;73;74;76;79;80;81;83;85;87;88;89;92;94;95;96;97;98;99;100,100
G8RIP0,0.20967741935483872,2;5;6;11;13;17;26;32;37;39;40;41;52,62,2.2117973691225052,1.2565776007464453,0.28,14;16;20;22;23;30;45;52;53;56;57;59;60;63;67;78;79;80;81;83;86;87;90;92;95;96;97;98,100
H5U1W4,0.5833333333333334,1;2;3;5;7;8;11;12;14;17;18;20;21;24;27;28;29;30;32;33;35;36;37;38;39;44;46;48,48,2.396750947237015,1.160362295297369,0.73,1;2;3;4;5;6;8;9;10;11;12;16;17;18;19;20;21;22;25;28;29;31;32;33;34;35;36;37;38;39;41;42;43;45;46;47;48;49;50;52;53;55;56;57;59;60;61;62;63;65;66;69;70;71;72;73;74;77;80;81;83;84;85;86;87;89;90;91;92;93;95;96;98,100
H6R914,0.21875,9;14;17;24;27;31;32;40;44;46;50;56;60;62,64,1.9789273023605347,1.1042596597820584,0.98,1;2;3;4;5;6;7;8;10;11;12;13;14;15;16;17;18;19;20;21;22;23;24;25;26;27;28;29;30;31;32;33;34;35;36;37;38;39;40;41;42;43;44;45;46;47;48;49;50;51;52;53;54;55;56;57;58;59;60;61;62;63;64;66;67;68;69;70;71;72;73;74;75;76;77;78;79;80;81;82;83;84;85;86;87;88;89;90;91;92;93;94;95;96;97;98;99;100,100
H8IJH7,0.6724137931034483,1;2;3;5;6;7;10;11;13;14;17;18;22;24;26;28;29;30;31;32;33;34;36;37;38;39;40;41;42;43;44;45;46;47;48;49;51;52;54,58,2.091324476003647,0.9728190086879603,0.83,1;2;3;4;5;6;8;9;11;12;13;17;18;19;20;21;22;23;24;25;26;27;28;29;30;31;32;33;34;35;36;37;38;39;40;41;42;43;44;45;46;47;48;49;50;52;53;55;56;57;58;59;61;63;64;65;66;67;69;70;71;72;74;75;77;78;81;82;83;84;86;87;88;89;90;91;92;94;95;97;98;99;100,100
H8ITF4,0.2786885245901639,3;4;6;9;10;11;13;18;26;31;34;35;37;46;49;53;61,61,2.2533251827955247,1.3027550426576069,0.41,4;6;10;11;14;18;21;26;28;31;32;34;36;38;39;40;47;49;50;52;53;55;58;59;62;64;70;72;74;75;78;80;82;87;88;89;90;91;93;94;100,100
H8IU56,0.0851063829787234,17;18;22;32,47,2.5641958528757094,1.3176576218362137,0.05,8;35;60;74;79,100
I4BIH7,0.21428571428571427,3;7;10;11;12;16;29;31;36;37;39;41,56,2.0990276730060575,1.0861143092034142,0.38,3;4;7;8;9;10;12;20;25;26;28;29;30;37;40;41;42;45;46;47;49;52;56;57;58;59;61;69;71;72;73;77;84;85;87;92;97;98,100
I7C367,0.07692307692307693,18;34;38,39,2.644843063354492,1.0526274220633431,0.28,1;5;7;8;10;11;16;25;27;31;32;34;36;37;39;49;52;53;59;67;72;82;83;89;90;92;96;98,100
I7GER2,0.1568627450980392,16;23;28;34;40;42;50;51,51,2.3844589412212374,1.0954322068253253,0.83,1;2;3;4;5;6;8;9;11;12;13;15;16;17;19;20;21;22;24;25;26;29;31;32;33;34;35;36;37;38;39;40;41;42;44;45;46;47;48;49;50;51;52;53;54;55;56;57;58;60;61;62;63;64;66;67;68;69;71;73;74;75;76;77;78;79;80;81;82;83;85;88;89;90;91;92;93;94;95;96;97;98;99,100
J5E0P6,0.17391304347826086,6;7;8;11,23,3.247991528511047,1.1512027378783043,0.17,6;14;19;31;35;39;40;42;44;46;59;65;70;84;90;92;96,100
J7U6E9,0.07462686567164178,3;25;42;43;67,67,2.064020023941994,1.0461299429639555,0.31,2;3;5;8;9;10;15;17;18;19;23;27;31;33;38;42;44;46;50;52;53;57;63;66;68;70;74;76;78;81;82,100
J9WJ93,0.05555555555555555,9;32;39,54,2.370884806513786,1.289033536783991,0.02,41;67,100
J9WJC3,0.5348837209302325,2;3;4;5;6;7;8;10;11;12;13;14;16;19;20;23;24;26;27;28;31;33;37,43,2.526705186367035,1.1809821850288822,0.59,8;9;11;12;13;15;16;17;21;23;24;25;27;28;31;33;34;35;36;38;40;43;45;49;50;51;52;53;56;57;58;60;61;62;63;64;67;68;69;70;71;73;74;77;78;79;80;81;82;84;86;87;88;89;91;92;95;96;98,100
J9WML3,0.4222222222222222,2;4;5;8;10;12;16;17;19;25;26;32;33;36;37;39;41;44;45,45,2.508660096526146,1.1797659469615875,0.9,1;2;3;4;5;7;8;9;10;11;12;13;14;15;16;17;18;19;20;21;22;23;24;25;26;27;28;29;30;31;32;33;34;35;36;38;39;40;41;42;43;44;45;46;47;50;51;52;53;54;55;57;58;59;60;62;63;64;65;66;67;69;70;71;72;73;74;75;76;77;79;80;81;82;83;85;86;87;88;89;91;92;93;94;95;96;97;98;99;100,100
K0EPZ9,0.02702702702702703,31,37,2.930242738723755,1.2206010046144806,0.01,69,100
K0EY54,0.2647058823529412,4;5;6;18;19;24;25;29;35;40;42;43;57;59;62;63;66;67,68,1.9430682116746902,1.0996208936479308,0.61,2;3;4;5;8;9;10;11;12;14;15;16;17;18;22;25;26;28;29;30;31;33;38;42;44;46;48;49;50;51;52;53;54;55;56;57;58;59;60;63;64;65;67;68;70;71;72;74;75;79;80;82;86;87;88;93;94;95;97;99;100,100
K0UL90,0.0975609756097561,15;21;23;41,41,2.772950586080551,1.1453190589846127,0.01,91,100
K0V6S4,0.7407407407407407,4;5;6;9;10;12;13;14;15;16;17;19;20;21;22;23;24;25;27;28;29;30;31;32;34;35;36;37;38;40;42;43;44;45;47;50;51;52;53;54,54,2.3783196711540224,1.102836997127934,0.41,2;4;5;6;8;10;11;12;16;17;18;19;22;23;24;26;27;28;32;34;37;38;41;46;52;53;54;59;60;64;67;69;73;79;84;89;90;94;95;98;99,100
K0V789,0.391304347826087,3;4;6;7;8;9;17;19;20;22;23;24;26;30;36;41;42;43,46,2.569767962694168,1.1708818744775036,0.54,1;2;3;4;6;7;8;10;11;13;14;16;17;19;27;28;29;30;32;34;37;38;40;43;45;46;47;48;49;54;55;57;58;59;62;63;68;69;70;71;72;73;74;79;84;85;87;90;91;92;93;95;96;97,100
K0VFF7,0.25,3;6;11;12;16;23;24;31;32;34;39;43;45;51,56,2.119297536611557,1.1344162215750686,0.37,1;4;8;9;21;22;23;25;31;33;37;38;39;40;41;42;44;51;52;58;65;66;68;69;70;72;73;75;76;77;81;89;91;94;95;98;99,100
L7V833,0.19047619047619047,1;6;7;12;15;25;29;41,42,2.6340153932571413,1.0571081829343019,0.09,21;26;51;71;76;86;88;92;99,100
L7V8G3,0.5128205128205128,2;7;8;9;10;13;14;16;17;20;21;23;26;27;29;30;32;34;35;38,39,2.6186242204904557,1.1064414216986795,0.74,1;2;3;4;6;7;9;10;11;13;15;16;17;18;19;21;22;24;26;27;28;29;30;31;32;34;35;36;37;38;39;40;41;42;43;44;45;46;47;49;52;53;56;57;58;59;60;62;65;66;69;70;72;73;75;77;78;79;80;82;83;84;85;86;87;88;89;90;91;94;95;96;99;100,100
O69484,0.21739130434782608,1;2;6;20;27;31;32;37;40;41,46,2.6238425874710085,1.2340375768640999,0.08,44;45;46;65;68;77;81;98,100
Q5YY80,0.018867924528301886,50,53,2.209333794116974,1.226235849152674,0.03,13;63;77,100
Q6RKB1,0.5614035087719298,1;3;4;6;7;8;10;12;16;17;18;19;21;22;23;24;25;31;33;35;36;38;40;41;44;45;46;47;48;49;51;55,57,2.1797474932670595,1.1043244082039803,0.42,1;2;4;6;8;11;12;13;15;16;18;24;25;26;28;29;32;37;42;44;45;52;56;57;58;62;68;69;71;73;74;78;79;80;83;86;91;93;94;95;99;100,100
Q741P9,0.6545454545454545,4;5;6;7;8;11;16;18;19;20;21;22;23;25;26;27;28;29;30;31;32;33;35;36;38;39;40;41;42;43;44;46;48;53;54;55,55,2.2830772376060486,1.2999167885189744,0.88,1;2;3;4;5;6;7;8;9;10;11;12;13;14;15;16;17;18;19;20;21;23;24;25;26;27;29;30;31;32;33;34;35;36;37;39;40;41;43;44;45;46;47;49;51;52;53;54;55;56;57;58;59;60;61;62;63;64;66;67;69;70;71;73;74;75;77;78;79;80;81;83;84;85;86;87;88;89;90;91;93;94;95;96;97;98;99;100,100
Q7D6X4,0.41304347826086957,2;3;5;7;11;12;16;18;23;24;26;28;29;31;39;40;43;45;46,46,2.5246161186695097,1.1527373280477426,0.42,3;6;7;10;14;16;19;20;25;26;27;29;32;34;39;40;44;45;48;49;52;53;54;58;59;62;64;69;70;73;76;81;83;86;87;88;90;92;93;95;96;100,100
U5ELY0,0.36538461538461536,6;7;8;9;13;16;19;22;23;27;28;29;31;39;41;45;46;47;48,52,2.4631466954946517,1.425306111387045,0.53,1;3;8;9;11;12;14;15;16;17;19;23;26;27;29;30;31;32;34;40;42;43;46;49;50;51;52;53;54;55;56;57;59;60;62;64;65;66;67;69;72;73;75;81;82;83;85;87;88;90;91;98;100,100
V5X749,0.2647058823529412,5;7;8;12;20;22;23;27;32,34,2.8036361920833586,1.1184605821468883,0.23,15;16;18;25;34;35;38;40;53;59;66;68;70;71;76;77;78;79;81;83;86;91;100,100
V5XIA1,0.627906976744186,1;2;3;4;5;8;9;10;11;12;13;15;16;18;19;20;21;24;25;27;29;31;32;34;36;37;38,43,2.431881887316704,1.3149662583677386,0.79,1;6;7;10;11;12;14;16;17;18;19;20;21;22;23;24;25;26;28;29;30;31;33;37;38;39;40;41;42;43;44;45;46;48;50;51;52;53;54;55;56;57;59;61;62;63;64;65;66;67;68;69;70;71;72;73;74;75;76;78;79;80;81;82;83;84;87;88;89;90;91;92;93;95;96;97;98;99;100,100
W5WC87,0.8076923076923077,1;2;3;4;5;6;7;8;9;10;11;12;13;14;15;16;17;18;19;20;21;22;23;24;25;26;27;30;31;33;34;37;38;39;40;41;42;43;44;45;46;52,52,2.2241425055265425,1.2533460255866427,0.9,1;2;3;4;5;6;7;8;9;10;11;12;13;14;15;16;17;18;19;20;21;22;23;24;25;27;28;29;30;31;32;33;34;36;37;38;39;40;41;42;43;44;45;46;47;48;49;50;51;52;53;54;55;56;57;58;59;60;62;63;64;65;66;68;69;70;71;72;74;75;76;77;78;79;80;81;82;84;85;86;87;88;89;91;92;94;96;98;99;100,100
W7J139,0.3,3;8;14;17;24;26;28;30;32;36;37;38;39;40;47;49;51;56,60,2.109611965417862,1.144617296318233,0.67,1;2;4;5;7;8;9;11;12;13;15;16;17;18;19;21;23;24;25;26;28;30;31;34;35;38;39;40;41;42;43;44;45;47;49;52;53;57;58;60;62;64;65;66;67;68;69;71;72;73;76;78;79;80;81;82;85;87;88;89;90;91;92;93;94;96;98,100
W9AKH0,0.37037037037037035,3;7;10;13;15;17;19;20;22;23;24;27;31;33;35;37;38;39;43;44,54,2.4034116768836977,1.0961054741686675,0.77,1;2;3;4;5;6;7;8;9;10;11;12;13;14;15;18;19;21;22;23;25;26;27;28;30;31;32;33;34;35;37;38;40;41;42;44;45;47;49;52;53;54;55;56;57;58;59;60;61;62;63;64;65;67;69;70;71;72;73;74;75;76;77;82;83;84;85;89;91;92;93;94;95;96;97;98;99,100
W9AZM3,0.21568627450980393,2;4;6;8;10;23;30;31;32;38;43,51,2.4021383821964264,1.421698606210919,0.49,2;4;6;7;9;10;12;13;14;18;19;20;21;22;26;28;29;30;31;38;40;41;42;43;44;46;48;52;53;58;62;63;68;69;74;76;77;78;79;80;82;83;86;87;89;91;94;99;100,100
W9B0J1,0.6086956521739131,1;2;4;5;9;10;12;14;15;17;19;21;22;23;26;27;28;29;30;31;32;34;36;37;40;41;43;46,46,2.631607440710068,1.1290406698982183,0.22,2;13;19;29;34;35;37;42;43;48;59;62;63;65;71;74;75;80;89;92;93;99,100
X0Q040,0.3,6;8;10,10,3.3245829975605012,0.9668089971379344,0.14,5;8;15;22;24;35;47;54;67;75;83;84;95;96,100
X8A9W7,0.12280701754385964,4;25;27;29;31;38;40,57,2.2244920271635054,1.251357245979997,0.06,47;50;57;58;67;97,100
X8CEN6,0.3541666666666667,1;2;3;4;7;14;15;16;20;23;26;34;36;37;38;46;48,48,2.3937693828344346,1.1861110951920582,0.63,1;2;3;4;5;6;7;8;10;13;14;15;16;17;18;19;20;22;24;25;26;27;29;30;31;33;34;35;36;37;39;41;42;45;47;48;49;50;51;52;53;55;56;57;58;59;61;62;63;65;67;68;74;76;82;86;88;90;91;92;95;98;99,100
X8DPU6,0.7857142857142857,2;3;5;6;7;8;10;11;12;13;14;15;16;17;18;19;20;21;22;23;24;25;26;27;28;29;30;31;32;33;36;38;39;40;41;42;43;44;45;49;51;52;54;56,56,2.334756506681442,1.19310842028414,0.88,1;2;3;4;5;6;7;8;9;10;11;12;13;14;15;16;17;18;19;20;21;22;23;24;25;26;27;28;29;30;32;33;34;35;36;37;38;39;40;41;42;43;44;45;46;47;48;49;50;52;53;54;55;56;57;58;59;61;64;65;66;67;68;70;71;72;74;75;76;78;79;81;82;83;84;85;86;88;89;90;91;92;94;95;96;97;98;100,100
X8DWH6,0.30357142857142855,4;7;11;13;17;18;25;31;32;34;36;37;38;41;43;50;51,56,2.242723127603531,1.23238739363837,0.96,1;2;3;4;5;6;7;8;9;10;11;12;13;14;15;16;17;18;19;20;21;22;23;24;25;26;27;28;29;30;31;32;33;35;36;37;38;39;40;41;42;43;44;45;46;47;48;49;50;51;52;53;54;55;56;57;58;59;60;61;62;63;64;65;66;67;69;70;71;72;73;74;75;76;77;78;79;80;81;82;83;84;85;86;87;88;89;90;91;92;93;94;95;97;98;100,100

